CapShape,CapSurface,CapColor,Bruises,Odor,GillAttachment,GillSpacing,GillSize,GillColor,StalkShape,StalkRoot,StalkSurfaceAboveRing,StalkSurfaceBelowRing,StalkColorAboveRing,StalkColorBelowRing,VeilType,VeilColor,RingNumber,RingType,SporeColor,Population,Habitat,Edible
b,s,n,t,n,d,w,b,r,t,?,k,s,w,w,p,w,o,n,n,s,m,0
x,y,r,b,f,n,d,n,u,b,z,y,k,b,b,u,y,n,l,o,t,g,0
k,g,u,t,a,d,d,b,e,t,r,f,k,b,e,p,n,t,l,u,n,w,0
b,f,u,b,f,a,w,b,n,b,?,k,k,g,w,p,n,n,c,h,t,u,0
s,y,n,b,c,d,w,n,r,t,u,s,f,w,p,u,o,t,z,h,n,u,0
k,y,c,b,l,d,c,b,g,b,?,k,k,p,n,p,o,t,s,o,v,l,0
f,f,e,t,a,n,d,b,k,b,z,f,s,c,n,p,w,t,e,b,n,d,0
b,f,w,t,l,d,d,n,p,t,r,s,s,g,c,p,n,o,e,n,v,d,0
f,s,p,t,l,f,c,n,p,b,z,f,y,o,c,u,w,t,e,u,t,l,0
b,s,r,b,y,a,w,b,w,b,r,f,k,p,b,u,o,n,f,r,t,m,0
b,g,b,t,s,d,c,n,p,b,?,f,s,c,e,u,w,n,e,y,n,d,0
c,s,b,b,a,d,d,n,e,t,u,s,f,n,p,u,w,o,f,o,a,l,0
c,s,y,b,a,d,c,b,u,t,u,k,s,c,n,p,n,n,c,u,n,u,0
k,g,g,b,f,d,c,n,o,t,?,k,k,o,c,p,w,n,e,w,c,m,0
f,g,n,t,l,n,w,b,g,t,c,f,s,b,b,u,n,o,s,k,n,d,0
c,y,y,t,a,a,d,b,r,t,c,y,k,o,b,p,y,n,l,u,s,d,0
x,f,g,b,n,n,c,n,p,t,c,k,y,b,y,u,w,o,s,o,s,u,0
f,s,y,b,s,d,d,n,b,t,?,s,y,b,b,u,y,n,c,y,t,u,0
x,s,b,b,m,n,w,b,n,b,?,s,s,c,b,u,n,o,p,u,t,w,0
f,y,w,b,p,d,d,n,o,t,e,f,k,w,g,u,o,o,f,r,s,g,0
k,y,p,t,p,a,d,b,p,b,r,k,s,e,p,p,o,o,n,k,v,m,0
c,y,y,b,l,a,w,n,e,t,c,s,y,o,g,p,y,o,f,u,c,m,0
x,s,p,b,l,n,d,n,p,t,e,k,k,y,y,p,o,o,z,n,v,u,0
k,s,b,b,l,n,c,b,b,t,?,f,f,g,y,u,o,o,p,k,t,g,0
x,f,c,b,n,a,d,n,u,b,?,s,f,y,n,p,n,o,c,n,n,u,0
s,g,y,b,f,a,c,b,y,t,r,s,k,y,b,u,o,t,l,k,s,l,0
x,g,e,b,f,n,d,b,o,t,e,f,s,e,p,u,n,t,l,o,v,m,0
x,g,r,t,l,f,w,b,b,b,e,s,k,b,b,p,y,t,e,w,t,g,0
x,s,p,b,n,n,c,n,n,t,z,k,f,n,c,p,o,t,s,n,v,l,0
f,f,w,b,s,f,c,n,p,t,z,s,f,e,g,p,n,o,e,o,v,u,0
k,f,r,t,y,n,d,n,n,t,e,f,s,o,w,p,n,n,f,b,t,m,0
b,y,c,t,f,n,w,n,w,b,e,y,y,o,g,u,o,t,z,y,v,u,0
c,f,u,t,a,d,w,b,u,b,?,y,k,o,e,u,o,o,z,w,t,m,0
s,g,g,b,m,a,w,b,n,t,b,y,y,w,p,p,y,o,e,k,t,p,0
f,s,p,t,m,n,d,n,g,b,e,f,s,p,y,u,w,n,f,o,a,d,0
b,f,c,b,a,f,c,n,w,t,e,s,k,n,y,u,w,t,c,o,s,l,0
c,y,u,b,p,n,d,n,h,t,c,s,f,y,y,u,y,n,e,b,v,g,0
x,y,r,t,p,d,w,n,o,b,z,y,k,g,p,p,o,n,f,w,c,w,0
f,f,g,t,m,a,w,b,o,b,b,y,k,o,y,p,o,n,z,k,a,w,0
s,y,w,b,p,a,c,b,p,t,?,f,s,p,o,p,o,o,f,h,s,g,0
k,s,p,t,a,n,w,b,p,t,r,f,k,e,g,u,w,n,s,h,t,m,0
s,y,e,t,y,d,d,n,e,t,b,y,y,o,e,p,n,o,s,r,a,m,0
b,s,g,t,p,d,d,b,b,b,b,s,k,y,g,u,o,n,n,u,t,m,0
b,s,b,t,m,n,c,n,y,t,b,k,s,n,w,p,y,n,f,h,n,g,0
x,s,u,t,s,a,d,b,h,t,c,s,s,o,o,u,n,t,z,o,v,g,0
k,g,g,b,p,a,w,n,y,t,u,f,k,b,g,p,o,n,s,h,c,g,0
b,g,c,b,p,n,c,n,n,t,?,y,k,o,y,u,n,t,c,n,a,m,0
x,y,b,t,p,a,d,n,r,t,r,y,f,y,p,p,n,o,p,u,v,u,0
b,s,r,t,s,n,d,n,b,b,b,f,s,e,w,u,o,o,s,o,s,m,0
b,y,r,t,y,d,c,b,w,t,r,k,y,p,o,u,w,o,p,u,c,d,0
c,s,c,t,y,n,d,b,y,t,e,y,y,g,o,u,y,t,l,n,v,l,0
s,g,c,t,s,a,c,n,u,t,c,s,k,g,p,u,y,t,c,w,s,p,0
s,y,p,b,c,f,w,n,n,b,e,k,s,b,o,u,y,t,c,b,t,d,0
f,y,y,b,f,f,c,b,b,t,c,s,s,o,y,u,y,o,f,h,v,m,0
b,f,r,t,s,n,c,n,w,b,b,k,f,w,g,u,o,t,e,r,s,w,0
b,s,e,b,c,n,d,n,w,b,u,f,k,n,c,u,y,n,n,o,a,w,0
x,s,b,t,m,a,c,b,n,b,r,y,y,y,e,p,w,n,f,o,c,g,0
s,y,r,b,y,a,d,n,g,t,e,f,y,e,g,p,w,t,s,o,v,u,0
f,y,p,b,f,d,c,n,h,t,b,k,f,g,b,p,n,n,n,r,a,p,0
b,g,p,t,y,a,c,b,g,t,u,s,s,b,p,p,o,o,s,u,a,l,0
k,s,n,b,l,f,c,b,g,b,u,f,k,c,o,p,w,o,n,w,t,d,0
f,f,p,b,y,a,w,n,g,t,r,k,f,p,b,u,n,t,n,b,c,l,0
c,y,p,t,p,f,w,n,h,t,c,y,y,e,w,u,n,n,l,r,v,w,0
s,y,r,b,f,d,d,b,h,t,c,y,k,n,n,p,n,n,c,y,n,p,0
k,s,n,b,c,a,w,n,r,b,z,f,s,w,c,u,w,n,p,h,c,p,0
f,f,u,b,f,n,d,n,y,t,u,s,f,n,y,u,n,t,z,n,a,l,0
c,y,e,t,p,n,d,b,p,b,e,y,s,e,y,u,y,t,f,r,n,w,0
c,s,g,t,c,n,c,b,w,t,?,s,y,e,y,u,o,n,s,r,t,w,0
c,s,u,t,l,a,d,b,h,t,r,y,f,y,y,p,y,n,l,y,n,d,0
b,s,y,t,a,n,d,n,o,t,r,y,f,b,w,u,o,o,n,n,c,l,0
x,g,b,b,a,d,c,b,w,b,?,k,f,w,e,p,o,n,p,h,t,g,0
x,f,b,t,s,n,w,n,b,b,?,k,y,b,g,u,y,n,p,y,v,m,0
f,s,c,t,s,a,d,b,o,b,c,s,s,p,n,p,y,t,s,u,n,d,0
b,g,c,t,c,d,w,n,e,t,e,s,k,p,n,u,o,t,n,b,a,d,0
c,f,c,t,s,n,d,b,w,b,c,f,y,b,b,u,w,o,p,h,c,u,0
x,f,p,t,l,f,w,n,p,b,b,k,y,c,y,u,n,n,s,h,v,p,0
x,f,u,b,l,a,w,b,p,b,r,s,f,w,y,p,n,n,n,w,c,g,0
f,s,g,b,f,d,d,b,o,t,u,k,f,o,g,p,w,n,l,k,c,p,0
k,s,e,b,c,d,d,n,n,t,z,y,y,p,c,p,w,o,c,y,t,d,0
k,g,y,t,n,d,c,n,u,t,r,y,y,c,p,u,o,o,s,k,s,u,0
s,s,y,b,c,d,c,n,u,b,c,y,y,y,c,u,o,t,z,u,a,u,0
f,s,y,t,s,n,d,n,e,b,z,k,y,w,e,p,o,n,f,k,v,g,0
b,y,y,t,n,d,d,b,e,b,c,y,s,o,e,u,y,t,z,r,t,g,0
s,s,c,b,a,n,c,b,k,t,b,s,f,y,b,u,n,t,n,r,t,m,0
s,s,b,b,y,n,w,n,e,t,b,y,y,y,c,u,o,n,e,o,v,g,0
x,y,p,b,l,d,d,b,r,b,?,f,f,p,p,p,n,t,n,u,v,w,0
c,f,b,t,y,n,w,b,h,b,b,k,f,e,p,p,o,o,f,u,s,g,0
f,g,g,t,a,n,d,n,u,t,c,k,s,p,e,p,o,o,s,n,n,l,0
b,g,w,b,l,a,d,b,n,b,b,f,f,n,e,u,o,o,c,b,t,m,0
s,g,b,t,f,a,w,n,p,t,?,y,f,b,w,u,o,t,e,w,s,p,0
f,y,n,t,m,d,d,b,o,t,e,s,s,o,n,p,w,n,s,r,a,d,0
f,g,g,b,y,a,c,n,k,b,e,y,y,e,p,u,w,t,z,h,c,g,0
s,y,c,b,m,a,w,b,o,t,?,f,y,o,c,p,n,n,e,b,c,l,0
b,g,y,b,c,d,c,n,o,t,r,k,y,b,g,p,w,t,z,k,a,p,0
x,g,w,b,a,f,w,b,b,t,b,s,k,w,p,u,n,t,s,y,n,l,0
b,g,u,t,l,f,d,n,r,b,c,y,y,g,o,p,y,n,l,h,a,w,0
f,g,r,b,a,d,w,n,e,b,?,k,f,g,w,u,o,t,f,r,c,w,0
x,f,g,t,c,f,d,n,h,t,z,y,k,y,y,u,w,n,f,n,n,d,0
k,s,p,b,l,n,c,n,b,b,e,y,f,b,e,p,o,t,e,u,v,d,0
x,s,y,b,s,d,w,b,r,t,z,s,k,y,b,p,w,t,e,b,a,u,0
k,s,n,b,c,d,w,b,g,b,?,k,k,y,w,p,n,o,e,k,a,d,0
s,g,u,b,l,f,c,n,g,t,e,k,y,n,y,u,o,t,p,b,c,l,0
b,y,e,t,n,n,c,b,y,t,r,s,y,e,y,p,y,t,e,b,v,l,0
k,g,e,t,c,n,c,n,r,b,?,f,s,n,c,u,o,t,f,y,a,w,0
s,g,e,b,l,f,w,b,b,b,b,y,s,g,c,p,y,n,z,o,s,p,0
f,g,w,b,f,d,w,b,e,b,?,y,y,w,w,p,w,o,p,u,a,w,0
s,y,w,b,c,a,w,n,r,b,u,k,y,c,c,u,n,o,c,u,t,d,0
f,s,u,t,p,f,w,b,u,t,z,f,f,w,y,p,o,t,z,w,v,m,0
c,y,r,t,m,n,d,n,k,b,r,s,k,n,n,p,w,n,n,o,v,m,0
s,f,n,b,a,d,w,n,u,b,e,f,f,y,n,p,o,t,p,n,a,p,0
b,g,b,b,s,n,d,b,h,t,u,f,y,n,n,u,w,n,n,y,c,w,0
f,g,n,t,p,f,w,b,r,b,c,f,f,c,b,u,o,t,p,o,s,p,0
b,g,g,t,m,n,c,b,w,t,b,k,s,w,g,p,y,n,p,u,t,p,0
k,s,g,b,y,a,c,b,w,b,z,s,k,n,g,p,n,o,e,w,n,m,0
b,g,w,b,l,n,w,b,y,b,r,k,f,e,e,u,w,t,e,o,s,l,0
s,s,r,b,p,d,w,b,w,b,e,f,k,e,p,p,w,n,s,r,a,p,0
c,f,n,b,m,a,w,b,n,t,c,k,f,w,e,p,n,n,s,u,v,w,0
x,y,e,t,n,n,d,n,u,t,r,y,y,g,n,u,y,n,f,k,t,u,0
s,s,n,b,f,d,w,b,e,b,b,k,k,y,p,u,y,t,e,n,n,u,0
b,s,n,b,m,d,d,b,y,b,c,y,y,n,w,u,y,o,f,b,t,d,0
k,y,r,t,p,f,c,b,u,b,z,k,y,e,e,p,n,n,s,h,a,g,0
k,y,y,b,f,f,d,b,b,b,u,s,f,b,c,u,y,o,c,u,s,l,0
s,g,u,b,l,a,d,b,h,t,r,k,s,p,p,u,o,n,f,o,v,p,0
c,s,e,b,f,f,w,b,k,t,b,s,s,b,e,u,n,t,z,k,v,m,0
x,f,y,b,f,n,w,b,h,b,e,y,s,n,e,p,o,n,c,n,c,w,0
b,y,g,t,c,d,c,b,w,t,c,k,f,o,n,u,w,t,z,n,v,u,0
s,g,c,t,p,n,d,b,u,b,u,f,f,g,e,p,o,o,c,n,s,g,0
c,f,p,t,a,d,w,b,u,t,r,k,f,w,p,p,y,n,z,k,v,g,0
f,g,n,t,m,d,w,b,e,t,e,f,y,y,b,p,n,n,c,u,c,g,0
b,y,u,t,l,d,w,n,y,b,u,k,s,w,y,u,y,o,n,w,c,w,0
c,s,w,b,c,f,w,b,o,t,c,f,k,b,o,p,y,t,c,w,a,m,0
f,g,u,t,p,n,c,n,n,b,e,s,s,e,e,u,y,t,s,w,n,w,0
c,s,c,t,n,f,c,n,w,t,e,y,k,p,p,p,o,n,f,o,v,p,0
k,y,g,t,l,a,d,n,w,t,b,k,f,c,w,p,o,o,n,u,a,l,0
k,s,p,b,l,f,d,b,r,b,?,y,s,c,n,p,n,t,z,b,s,w,0
f,y,r,t,y,n,w,n,w,b,?,k,k,p,g,p,o,o,z,k,n,l,0
x,s,p,t,f,n,w,n,o,b,e,y,y,o,g,p,n,n,e,h,t,d,0
c,g,r,b,c,f,w,b,r,b,e,f,y,p,n,u,n,t,p,u,t,m,0
b,s,n,b,m,n,d,n,h,t,r,y,f,y,w,p,o,o,e,o,a,w,0
k,y,p,b,m,f,w,n,o,b,r,s,f,b,b,u,w,n,n,k,t,m,0
s,y,n,t,f,a,w,n,b,t,?,f,f,o,p,p,y,o,e,w,t,p,0
f,g,b,b,c,a,c,b,k,t,z,s,k,c,b,p,o,o,p,r,a,l,0
c,y,y,t,c,d,w,n,k,b,b,y,s,g,g,p,w,n,c,h,a,p,0
f,y,g,t,p,d,d,b,w,t,u,s,f,b,w,p,w,o,z,k,t,m,0
s,g,w,t,n,d,c,n,o,b,c,y,f,g,e,p,n,o,e,u,t,u,0
s,s,p,t,y,f,c,n,h,t,e,s,f,w,g,u,w,n,f,u,a,g,0
b,g,u,b,n,f,c,n,o,t,?,s,y,o,p,p,n,t,z,b,n,p,0
b,g,r,t,f,a,w,n,p,b,e,f,f,n,o,p,o,t,c,o,n,d,0
f,s,c,t,f,f,c,b,n,t,e,s,k,n,n,u,w,n,p,y,s,p,0
b,y,p,t,p,d,c,n,r,b,z,s,f,c,c,p,y,o,p,n,c,p,0
k,f,p,t,l,d,d,n,r,t,b,s,k,y,e,u,o,n,n,o,n,l,0
x,s,y,t,f,a,w,b,u,b,u,f,f,c,g,u,o,t,f,n,a,g,0
f,s,p,b,c,f,c,b,u,b,?,k,f,w,o,p,o,n,p,w,c,m,0
f,f,w,b,l,a,w,n,g,b,r,s,f,c,o,u,n,n,n,n,c,l,0
x,y,u,t,l,a,d,n,n,b,r,y,s,n,b,u,o,t,p,r,c,u,0
k,y,n,b,n,n,d,n,n,t,?,s,s,b,n,u,y,t,l,w,v,w,0
s,s,e,b,s,n,w,n,u,t,c,y,s,n,o,u,y,t,p,y,s,l,0
s,g,y,b,m,f,c,n,w,t,c,f,f,w,y,u,n,n,e,o,a,w,0
x,s,b,b,y,n,w,n,p,t,b,f,y,w,e,p,w,o,l,r,v,w,0
c,g,p,t,c,a,c,b,n,t,c,f,k,e,y,p,y,o,e,u,c,w,0
b,y,r,t,f,n,w,n,p,t,e,y,s,w,b,u,w,o,e,w,n,u,0
b,s,c,t,p,a,w,b,h,t,c,k,k,n,e,u,y,t,f,h,t,g,0
c,s,p,t,s,f,c,n,e,t,z,y,s,p,b,u,w,t,f,u,v,p,0
c,y,r,b,c,f,d,n,h,t,c,k,k,e,c,u,o,o,c,b,n,m,0
k,f,b,t,m,a,c,n,b,t,?,y,k,y,o,u,y,o,s,o,a,u,0
s,f,u,b,a,a,c,n,k,t,r,s,y,p,w,p,w,o,s,k,c,m,0
b,f,u,b,l,a,c,b,y,b,c,y,f,c,g,u,n,t,c,k,v,m,0
x,g,w,b,a,f,d,n,r,b,?,y,s,p,p,u,y,o,n,h,c,d,0
b,s,c,t,n,f,c,b,k,b,b,y,f,e,c,p,o,t,e,k,a,u,0
s,y,g,t,m,n,d,b,r,t,b,y,k,b,c,p,o,n,p,y,a,d,0
s,y,e,t,p,n,c,b,h,t,c,s,y,w,o,u,w,t,n,r,n,u,0
f,y,c,b,f,n,w,n,w,t,?,f,k,g,w,u,w,n,e,b,t,m,0
s,s,g,t,f,f,c,n,y,t,e,s,y,n,b,p,o,t,c,r,a,l,0
f,y,r,t,p,f,w,n,g,t,u,y,f,n,w,p,n,n,s,k,t,g,0
s,g,r,b,m,f,d,b,o,t,u,k,s,c,p,u,y,n,p,w,s,m,0
f,y,u,b,m,f,d,b,r,b,r,y,f,b,w,p,o,n,c,w,v,m,0
f,f,e,t,s,d,d,b,e,b,r,k,y,o,o,u,w,n,p,y,v,d,0
s,s,y,b,m,f,d,b,o,t,r,s,k,w,o,p,n,n,l,y,s,l,0
b,s,r,b,a,f,d,n,u,b,c,f,k,n,b,u,o,n,e,w,c,g,0
x,s,b,b,y,f,w,n,w,t,z,k,s,p,y,p,n,t,l,y,c,m,0
c,f,u,b,p,n,d,n,u,t,c,y,k,b,b,p,w,n,f,u,v,w,0
s,s,w,t,l,f,w,b,p,b,z,k,k,e,y,u,n,o,l,o,v,d,0
c,g,c,t,l,a,w,b,p,t,e,y,y,e,y,p,w,n,s,y,s,g,0
s,y,w,t,a,d,d,b,u,t,e,y,f,b,o,u,o,n,e,y,a,l,0
k,f,b,t,f,n,w,n,h,b,b,f,s,g,y,u,y,n,e,o,s,u,0
f,g,p,t,s,a,c,n,k,t,b,f,k,g,p,u,y,t,z,r,v,u,0
f,y,w,b,f,n,w,b,k,t,?,s,k,w,n,u,w,o,n,o,c,m,0
c,f,e,b,c,n,c,n,n,b,c,k,k,e,c,p,y,o,e,h,a,u,0
k,g,n,b,p,a,w,b,g,t,b,y,f,p,b,u,w,o,s,o,n,m,0
c,f,r,t,y,a,w,n,p,b,b,k,f,e,n,u,w,o,e,r,n,u,0
b,g,y,t,y,n,d,n,r,t,u,s,s,b,p,p,o,o,f,w,s,u,0
s,y,c,b,l,f,c,n,p,b,c,y,s,c,c,u,o,t,p,b,n,w,0
s,y,g,b,f,d,d,n,y,b,e,k,y,o,e,u,w,t,z,b,c,w,0
f,g,u,b,c,n,w,b,w,t,c,s,k,p,n,p,w,t,f,y,s,l,0
x,y,p,t,f,n,d,n,y,b,z,y,f,n,e,p,y,o,f,n,t,m,0
k,f,c,b,a,n,c,b,n,b,u,k,f,p,e,p,y,t,c,n,n,p,0
c,g,b,t,n,d,d,b,p,b,b,y,y,g,e,u,o,n,l,y,s,u,0
b,f,u,b,l,n,w,n,b,t,c,f,y,o,o,u,o,o,f,h,t,d,0
x,y,g,b,p,f,d,n,y,t,u,s,f,y,w,u,o,t,c,w,c,l,0
k,s,y,b,c,a,d,n,e,t,r,f,f,c,n,p,o,o,e,o,s,u,0
k,s,b,b,y,f,c,n,u,b,e,s,f,e,e,p,w,n,p,n,c,w,0
f,s,c,t,c,f,w,n,w,t,b,s,k,b,g,u,w,n,e,n,a,p,0
f,s,y,t,c,d,d,b,h,t,?,f,f,y,p,p,n,o,f,u,a,p,0
k,g,n,t,p,f,w,b,y,t,?,k,y,e,c,u,y,t,e,u,n,l,0
c,g,p,t,l,a,d,n,o,b,z,k,s,b,w,u,o,n,c,n,t,l,0
s,f,e,t,s,f,w,n,e,b,?,s,k,c,g,u,o,n,f,h,c,w,0
k,y,e,b,s,a,c,b,y,b,u,y,f,o,g,u,w,o,f,k,v,g,0
s,s,n,b,p,d,d,n,p,t,?,s,f,e,e,p,w,o,n,k,v,l,0
b,g,b,t,a,a,d,n,o,b,b,s,k,g,o,p,y,t,s,y,t,p,0
b,f,u,b,f,a,d,b,g,t,z,k,f,n,b,u,y,t,n,u,c,l,0
k,s,g,b,f,f,d,n,p,b,r,k,s,c,w,p,o,o,n,o,s,p,0
f,y,e,b,y,f,w,n,e,b,c,k,k,b,n,u,n,o,z,w,a,m,0
b,f,u,t,y,a,w,n,k,b,?,y,y,o,p,u,y,o,f,u,c,l,0
b,f,y,b,l,d,w,b,p,b,z,s,s,e,p,p,n,t,f,k,t,p,0
s,g,g,t,s,d,c,b,g,b,b,y,f,n,o,p,n,o,f,y,s,u,0
x,g,u,t,l,n,d,n,h,b,r,f,k,o,o,p,n,n,p,w,n,l,0
f,f,u,b,a,d,c,n,g,b,e,s,s,b,g,u,o,n,s,o,s,l,0
b,g,n,b,p,f,w,n,h,b,z,y,y,p,o,u,o,t,p,w,a,d,0
s,f,p,t,y,d,w,b,b,t,u,s,s,p,g,p,o,t,e,o,c,p,0
k,y,n,b,a,f,d,b,e,t,r,s,f,y,n,u,n,n,f,r,v,p,0
x,f,y,t,a,a,c,n,e,t,c,f,y,o,b,u,w,t,p,u,c,m,0
c,s,w,t,a,a,d,n,h,t,c,k,k,o,b,p,w,t,z,u,a,w,0
b,s,p,t,s,d,c,n,h,b,e,s,f,c,e,p,o,n,l,u,t,p,0
k,f,r,b,n,n,w,b,o,b,c,y,y,p,y,u,w,o,z,u,a,u,0
c,f,p,t,m,a,c,b,r,b,b,k,s,p,b,u,w,n,l,k,n,u,0
k,g,c,t,y,d,w,b,k,b,b,k,k,g,c,u,y,t,p,r,v,u,0
c,y,n,t,n,d,d,b,e,t,e,k,f,o,p,p,y,n,s,w,c,l,0
k,g,b,b,m,f,c,b,y,b,c,s,f,w,y,p,n,t,f,r,t,w,0
k,s,e,t,a,f,d,b,o,t,b,y,k,y,n,p,n,n,s,k,s,g,0
x,f,w,b,a,a,w,b,r,t,z,s,s,e,c,p,o,t,p,o,n,u,0
c,f,e,t,c,d,d,n,w,b,z,y,k,n,g,p,y,n,c,y,a,p,0
s,y,b,b,s,d,d,n,n,t,c,s,s,e,g,u,o,o,c,k,v,d,0
x,s,g,b,y,n,d,n,h,t,r,y,s,n,e,p,o,n,c,o,v,d,0
s,g,n,b,l,d,c,b,g,b,u,s,f,w,n,p,w,n,c,k,c,u,0
b,s,n,b,c,n,d,b,u,t,c,s,y,c,p,p,n,o,f,o,c,u,0
c,f,y,b,y,d,d,n,b,b,z,f,k,e,n,p,y,t,n,h,v,g,0
x,g,g,b,y,f,c,n,k,b,?,f,f,b,w,u,w,t,c,k,a,u,0
f,g,w,t,a,f,d,n,w,t,?,k,k,p,o,p,w,o,p,o,a,m,0
c,y,c,t,f,f,w,b,r,t,e,f,f,n,y,u,w,o,e,u,s,w,0
b,s,n,t,p,a,c,b,p,b,u,f,y,e,w,p,n,t,l,o,a,d,0
x,s,u,t,c,n,w,b,p,b,e,f,s,o,c,p,o,t,c,h,v,w,0
k,f,g,b,y,d,w,n,k,b,u,f,y,b,y,p,n,t,s,o,v,d,0
f,g,b,t,c,f,w,b,n,t,r,s,f,w,g,p,w,n,c,u,t,l,0
f,f,c,b,s,d,w,b,h,t,?,s,y,c,p,u,n,o,f,w,s,d,0
b,y,y,b,f,f,d,n,g,b,u,y,y,g,g,u,n,n,f,h,t,d,0
x,y,g,b,f,d,c,n,p,t,z,y,s,w,e,u,w,n,f,b,v,l,0
x,g,b,t,y,f,w,b,w,t,e,s,k,g,p,u,o,t,l,k,s,m,0
x,f,w,t,n,a,d,n,u,t,c,k,k,e,e,u,y,n,z,n,n,d,0
b,f,c,b,m,a,d,n,k,t,e,k,f,p,g,u,w,n,c,n,c,d,0
f,y,u,t,f,f,d,n,h,b,c,k,f,e,p,p,o,n,n,y,n,m,0
s,g,b,t,a,n,c,n,g,b,c,y,y,e,c,p,w,n,n,y,c,l,0
k,y,r,t,m,d,d,b,r,t,b,y,k,c,g,p,n,t,f,h,t,u,0
f,f,n,t,n,n,w,n,g,b,u,f,y,y,e,p,n,o,f,n,s,u,0
s,y,u,t,p,d,d,b,p,b,c,y,f,g,b,u,n,o,l,h,s,m,0
k,f,p,b,f,f,c,n,b,t,r,k,f,c,c,u,o,n,e,k,c,u,0
f,y,b,t,m,n,d,n,e,t,b,f,f,c,g,p,o,o,s,u,v,g,0
c,y,p,b,y,a,d,b,y,b,b,k,y,p,c,p,w,o,l,k,t,w,0
b,g,w,t,p,f,w,n,y,b,?,s,k,y,e,p,o,o,f,o,t,l,0
f,f,y,b,a,d,c,n,w,t,c,y,k,y,e,u,o,n,l,h,s,d,0
x,f,n,b,y,d,d,b,r,t,c,k,y,b,b,p,y,n,f,o,s,m,0
f,y,p,b,m,n,c,b,g,b,e,s,y,e,p,u,n,t,z,w,c,u,0
k,f,g,b,m,a,d,b,k,b,u,y,f,e,e,p,n,n,c,r,v,p,0
c,f,y,t,s,d,c,n,w,t,c,k,f,p,b,u,w,n,e,b,a,p,0
f,s,u,t,f,f,c,n,k,t,b,k,k,g,e,u,y,o,p,r,v,w,0
f,s,e,b,f,f,w,b,b,t,?,s,s,c,b,u,w,n,c,o,s,d,0
c,s,g,t,s,f,d,b,b,t,e,y,y,n,n,p,n,o,c,u,t,p,0
b,g,w,t,s,a,c,n,k,b,z,k,k,c,y,u,n,t,c,u,a,m,0
f,f,n,b,n,a,w,n,r,t,u,y,k,c,y,u,n,t,e,r,v,d,0
x,s,p,b,l,f,w,n,b,b,r,f,y,n,w,p,o,n,n,w,v,l,0
s,g,p,t,n,d,w,n,r,t,e,y,f,w,y,u,y,o,n,w,v,p,0
f,f,b,b,n,d,c,b,w,b,r,k,s,y,y,p,y,t,n,o,c,m,0
f,f,g,t,m,a,c,n,n,t,z,s,y,g,n,p,w,o,e,n,v,u,0
c,g,w,b,y,n,c,n,k,t,z,k,k,p,n,p,o,o,p,w,v,g,0
k,y,r,b,y,f,w,b,e,b,u,f,k,o,c,u,y,n,e,w,v,p,0
x,g,c,t,y,d,d,b,g,t,u,f,f,c,g,u,n,t,s,b,v,p,0
f,s,r,t,a,n,c,n,y,t,z,f,y,n,c,u,n,o,l,o,a,p,0
f,s,n,b,n,d,c,b,p,b,b,s,s,g,b,u,o,t,z,h,n,p,0
s,f,y,t,p,d,d,b,e,t,c,y,f,w,g,u,o,o,p,b,v,g,0
c,s,y,b,m,d,c,b,k,b,b,s,s,y,b,u,w,n,l,h,s,u,0
b,g,y,t,p,f,c,n,e,t,b,s,y,c,o,u,o,t,f,w,v,l,0
x,s,y,b,l,n,w,b,y,b,e,f,s,w,b,p,w,n,e,n,v,g,0
b,f,b,b,p,a,c,b,n,b,r,s,s,c,c,p,y,t,l,o,t,m,0
k,g,y,b,n,d,c,n,o,b,e,f,k,b,e,u,y,n,p,o,t,l,0
c,f,p,t,s,a,d,n,w,t,r,k,f,n,p,u,y,o,f,w,v,d,0
x,g,w,b,p,n,w,b,k,t,b,f,y,y,w,p,n,n,c,o,a,w,0
s,s,g,t,a,n,d,b,o,t,u,y,k,w,o,u,w,o,p,n,n,p,0
s,g,u,t,l,d,c,b,y,b,u,f,s,o,c,u,o,n,f,b,n,l,0
f,s,b,b,y,d,c,n,b,b,r,k,f,y,c,u,w,t,e,u,a,d,0
f,f,w,b,s,f,c,n,u,t,b,s,y,y,g,u,o,n,p,w,t,p,0
s,g,e,t,f,n,w,b,w,t,u,k,f,g,c,u,w,o,p,o,v,d,0
b,f,u,t,f,f,d,n,n,t,?,k,f,n,p,p,o,o,z,b,t,p,0
c,y,c,t,f,f,d,b,g,t,r,s,y,g,c,p,n,n,c,b,s,p,0
k,y,r,t,f,f,c,n,y,t,u,k,s,e,b,p,w,o,s,w,c,m,0
c,g,p,t,f,d,d,n,p,t,b,k,k,p,w,p,o,n,c,y,s,w,0
f,g,r,t,n,a,c,n,p,t,b,f,s,o,n,p,w,n,e,b,v,p,0
s,f,n,b,c,d,w,n,y,b,z,s,s,g,c,p,y,t,s,w,a,l,0
x,s,p,t,p,f,w,b,n,t,?,y,k,o,g,u,n,t,p,y,a,d,0
k,g,w,b,s,n,d,b,p,t,b,f,y,o,o,u,o,n,c,n,s,d,0
b,g,p,b,s,n,d,n,h,t,z,s,y,w,e,u,w,n,c,w,v,g,0
b,f,w,t,p,a,w,n,y,b,r,s,y,w,b,u,w,o,l,o,v,g,0
b,f,g,b,f,f,d,n,y,b,z,s,s,g,p,p,o,o,c,y,t,l,0
b,f,g,t,f,n,d,b,h,b,b,y,y,n,n,u,n,o,l,b,n,w,0
s,y,b,b,s,d,w,n,b,b,u,s,f,p,b,p,w,t,n,n,v,m,0
c,g,p,b,s,f,w,n,g,t,b,s,k,b,y,p,y,t,e,y,s,w,0
b,y,n,b,f,f,d,b,b,b,e,y,y,c,g,p,y,o,e,o,t,u,0
b,g,r,t,a,f,c,b,o,t,b,k,f,p,b,u,o,n,p,w,a,g,0
k,y,p,b,m,d,c,b,n,t,r,y,f,c,p,u,w,t,c,o,s,w,0
c,y,g,t,f,d,c,n,o,b,c,k,s,e,c,p,n,t,n,o,v,l,0
c,s,r,b,c,a,c,b,y,t,r,y,y,w,o,u,w,n,n,n,s,l,0
c,f,c,b,a,d,c,n,h,t,u,k,k,y,n,p,o,o,z,w,t,u,0
x,g,w,t,m,d,w,n,p,b,e,y,y,w,y,u,n,o,z,b,s,d,0
s,y,c,t,a,n,w,b,y,b,b,y,k,p,e,u,n,n,p,b,c,d,0
s,y,b,t,s,a,d,b,y,t,b,f,s,g,n,p,o,n,f,b,v,l,0
c,y,w,b,m,n,c,b,n,b,b,s,f,o,p,u,w,o,p,u,c,u,0
s,s,n,b,a,f,c,b,y,t,c,k,y,y,n,u,y,t,n,b,s,w,0
b,s,b,t,m,d,c,n,y,b,?,k,y,e,p,p,o,t,f,r,a,d,0
k,g,g,b,m,n,c,b,o,t,u,f,y,w,b,p,w,t,n,n,v,u,0
s,f,p,b,p,n,d,n,u,t,e,f,f,w,y,p,w,t,f,h,v,m,0
k,y,w,t,s,n,w,n,b,t,z,y,f,w,y,u,o,o,s,y,s,g,0
k,f,w,t,a,n,c,b,h,b,z,f,f,w,p,u,w,o,z,k,c,l,0
c,f,n,t,f,n,d,n,k,t,?,k,s,c,e,p,n,t,z,u,n,l,0
x,g,g,t,s,n,w,n,r,t,b,f,y,w,y,p,n,o,c,u,t,p,0
b,g,r,b,f,n,w,b,k,b,b,s,f,b,y,u,o,o,p,o,n,g,0
b,y,u,b,f,a,d,n,w,b,b,k,k,o,e,u,n,o,p,u,t,w,0
c,f,y,b,p,a,w,n,h,t,c,f,f,c,y,p,y,t,c,n,t,g,0
c,g,w,t,n,f,d,n,b,b,e,s,k,p,n,u,w,o,f,y,n,u,0
s,s,b,b,f,a,c,n,n,t,z,k,k,e,p,u,y,o,z,k,v,g,0
s,s,u,b,y,a,c,b,p,b,?,s,y,y,c,p,o,t,p,b,t,u,0
c,g,p,t,y,n,d,b,o,b,r,s,f,y,p,u,w,n,e,b,n,p,0
x,y,u,t,f,f,d,b,w,b,?,y,y,g,o,u,w,t,n,u,c,g,0
c,f,p,b,y,d,d,b,h,t,e,s,y,e,p,p,n,n,p,b,v,g,0
s,g,y,b,l,d,d,b,o,b,?,s,s,c,g,u,n,t,l,b,t,w,0
s,s,n,t,n,f,c,b,h,t,r,f,k,y,n,u,n,n,c,w,v,d,0
c,y,p,t,m,d,d,b,u,b,?,y,y,b,p,u,o,o,n,b,t,w,0
b,f,n,t,m,n,d,n,o,t,e,s,s,o,y,p,w,o,c,y,n,u,0
c,y,e,b,m,f,d,b,o,t,?,k,s,o,o,u,n,t,f,h,t,g,0
x,f,p,t,m,a,d,n,o,b,?,y,f,p,g,p,w,t,s,b,v,w,0
s,g,r,t,a,n,d,n,y,b,c,y,f,c,g,p,n,t,z,y,c,p,0
c,s,u,b,m,d,d,n,g,t,e,k,f,b,e,p,n,t,n,u,t,g,0
b,g,r,b,s,a,d,b,w,b,z,y,k,w,o,u,w,n,z,o,s,l,0
f,y,b,b,l,f,w,b,r,b,b,y,y,o,p,p,w,o,s,n,n,w,0
k,g,e,t,n,d,d,b,w,t,e,s,y,g,c,p,y,n,p,w,n,p,0
c,f,y,b,p,f,c,b,b,b,b,k,k,c,b,u,o,n,l,b,c,d,0
x,f,r,t,a,n,d,n,h,b,e,f,s,g,b,u,y,n,c,r,v,l,0
s,y,n,t,l,a,c,n,g,t,u,y,y,o,o,u,o,n,l,b,c,g,0
f,f,e,b,m,a,w,b,o,t,?,k,y,g,g,u,n,t,p,y,a,w,0
c,f,g,b,y,n,d,b,u,t,b,f,f,e,b,p,n,t,c,y,n,m,0
s,y,b,t,n,d,d,b,g,t,?,s,f,b,y,p,o,o,s,h,v,m,0
s,g,b,t,l,f,d,n,y,t,c,s,k,b,e,u,n,n,p,y,a,m,0
c,y,b,b,l,a,d,b,r,t,r,k,y,c,w,u,n,t,n,u,s,p,0
x,f,u,b,f,f,c,n,b,t,?,y,f,e,e,u,y,o,e,h,t,d,0
f,s,u,t,a,n,d,b,n,b,c,k,y,w,w,u,y,t,s,o,v,p,0
f,y,n,t,y,f,w,n,u,b,r,s,s,o,y,u,n,n,c,w,c,l,0
s,g,g,b,p,f,c,b,b,b,r,s,f,b,b,u,w,t,z,u,t,d,0
s,f,g,b,p,d,c,b,n,b,b,k,f,c,c,p,w,t,c,o,c,d,0
b,s,w,b,c,a,w,n,r,t,r,f,y,e,p,p,w,n,c,w,v,u,0
b,s,y,b,f,f,c,n,b,b,e,f,f,g,c,u,w,t,n,y,s,l,0
c,f,u,t,m,a,w,n,p,t,c,k,y,e,p,u,w,n,c,r,a,u,0
k,f,n,b,n,a,w,n,u,b,z,f,f,n,p,u,y,n,c,k,v,m,0
s,f,w,t,s,n,d,b,b,b,?,y,f,y,e,p,n,o,s,w,a,d,0
k,y,e,t,a,a,w,b,g,b,?,s,s,p,e,u,w,t,e,r,c,g,0
s,s,u,b,l,a,c,b,n,b,r,k,k,c,g,p,w,t,z,r,c,m,0
k,f,g,b,a,n,d,b,u,t,?,y,s,n,g,u,o,t,f,n,c,d,0
c,f,w,b,l,n,w,b,k,t,z,s,k,b,c,p,y,n,n,u,n,d,0
x,y,y,b,n,n,c,b,h,t,e,y,s,o,w,u,y,t,c,r,c,g,0
c,y,c,b,n,d,w,b,h,b,e,y,s,e,n,u,w,o,l,h,c,g,0
s,f,r,b,l,n,d,n,p,b,u,s,f,n,c,u,y,n,l,w,a,m,0
b,f,r,b,s,a,w,n,n,t,c,y,y,e,b,u,n,t,l,b,v,g,0
f,y,w,t,m,a,c,b,n,t,c,k,k,w,y,p,n,n,c,b,t,p,0
x,y,p,b,y,d,w,b,r,t,e,s,s,c,o,u,y,t,e,n,t,l,0
f,f,w,b,p,a,d,b,r,b,c,f,y,e,c,u,w,n,z,n,a,u,0
f,y,e,b,p,f,d,b,k,t,e,k,f,y,w,p,y,o,n,r,n,d,0
s,g,r,b,f,f,w,b,k,t,u,k,f,w,o,u,o,t,z,h,c,g,0
b,g,y,b,l,d,d,n,w,b,u,s,f,y,p,p,y,t,c,b,a,m,0
x,g,w,b,p,a,d,b,p,t,r,s,y,n,y,p,y,t,n,k,t,w,0
s,s,c,b,n,n,w,n,b,t,c,f,k,n,y,u,n,o,c,w,t,d,0
x,s,p,b,s,d,c,n,o,b,c,f,s,o,y,p,y,n,z,n,c,w,0
b,y,c,t,n,n,c,n,w,b,u,k,f,w,g,p,o,n,p,n,n,d,0
x,g,c,t,f,f,c,n,o,b,z,y,s,n,o,p,n,t,c,o,a,m,0
x,s,b,b,l,f,c,b,h,b,c,y,s,e,o,u,y,n,c,o,c,g,0
k,s,w,b,m,n,w,b,o,t,?,f,k,e,o,p,o,t,e,r,a,l,0
c,y,c,t,y,f,w,n,k,t,e,k,y,c,w,u,n,o,s,w,t,l,0
f,s,e,b,p,d,d,b,p,b,z,s,s,g,e,p,o,n,p,w,s,w,0
s,g,r,b,l,f,c,n,e,t,c,s,k,g,n,u,n,t,z,w,n,u,0
b,f,c,b,y,d,w,n,y,b,u,y,s,e,n,u,w,o,l,u,c,p,0
c,f,g,t,p,d,w,b,h,t,b,y,s,e,g,p,y,t,p,u,s,g,0
x,g,c,t,y,f,w,b,u,b,c,f,y,p,w,p,w,t,l,h,a,l,0
c,s,g,b,c,a,w,n,h,b,u,f,y,p,g,u,y,t,c,b,v,p,0
f,g,e,t,p,d,c,b,n,b,z,f,f,c,g,p,o,n,p,o,n,m,0
s,g,p,b,p,a,w,n,o,t,u,y,f,p,b,u,y,n,c,y,v,p,0
f,f,u,b,m,n,w,n,r,t,b,k,f,n,n,u,y,o,n,w,v,d,0
f,y,n,b,s,a,d,n,b,t,c,k,y,y,e,p,o,o,s,h,c,w,0
s,f,g,b,p,f,d,n,g,t,u,k,k,c,p,u,w,o,s,o,t,l,0
f,y,r,b,a,f,d,n,e,b,?,y,y,p,w,u,y,o,n,k,n,p,0
b,f,p,t,c,f,d,n,n,b,?,y,f,y,n,u,n,n,f,n,c,m,0
b,g,n,b,n,a,d,b,k,t,z,k,s,o,n,u,n,n,c,o,v,l,0
c,g,n,t,p,f,d,n,n,b,r,k,s,c,b,u,o,t,s,n,s,w,0
f,g,n,b,n,f,c,b,w,b,r,f,y,b,c,u,w,t,p,u,v,g,0
k,s,e,t,m,n,d,b,g,t,r,s,y,o,g,p,y,n,n,w,v,u,0
k,y,e,t,c,f,d,n,g,t,b,f,k,c,w,u,w,t,s,h,n,m,0
k,s,w,b,y,d,d,b,w,b,u,k,k,o,g,u,n,n,p,u,a,p,0
s,f,w,t,n,d,d,b,u,b,u,y,y,o,c,u,n,o,f,o,n,m,0
s,f,n,b,n,d,d,n,p,b,b,k,s,c,n,u,n,n,s,u,v,p,0
x,s,c,t,y,f,c,n,p,t,u,f,y,w,p,p,o,t,p,y,v,u,0
b,y,r,b,c,d,w,n,k,b,c,y,y,n,p,p,y,o,f,r,c,u,0
s,s,b,b,c,n,w,n,h,b,u,s,y,p,b,p,y,o,p,n,t,g,0
b,s,u,b,p,d,d,b,n,b,z,k,f,b,w,u,o,t,f,o,a,g,0
x,f,c,t,a,a,d,n,k,b,z,k,y,g,g,u,n,n,f,k,a,l,0
k,y,p,b,l,a,w,n,w,t,?,s,k,n,w,p,n,t,f,k,t,l,0
s,s,e,t,c,n,d,n,w,b,b,k,k,y,y,p,w,t,c,r,a,w,0
c,s,c,b,f,f,c,b,g,b,r,k,s,p,g,u,w,o,n,k,n,l,0
b,y,e,b,m,d,d,n,h,b,u,f,y,e,n,u,o,o,p,k,c,g,0
c,g,u,b,y,a,c,b,y,t,b,s,k,g,c,u,n,t,s,u,s,l,0
s,s,p,t,c,f,c,b,e,b,?,s,f,n,e,p,w,o,n,n,v,u,0
b,s,w,t,a,d,c,n,h,t,z,s,k,n,b,p,o,o,p,k,t,w,0
c,s,w,t,n,d,c,n,h,t,c,k,f,w,y,p,w,o,z,r,t,l,0
x,f,b,t,y,a,w,b,u,b,u,s,f,e,g,p,w,t,z,h,t,w,0
f,s,w,b,f,d,c,b,p,t,b,k,k,e,b,p,y,o,c,h,s,w,0
b,s,n,t,f,f,w,n,g,b,b,f,y,e,b,p,w,o,l,y,t,d,0
k,s,c,t,n,d,c,b,b,t,c,k,s,c,y,p,y,o,f,r,v,p,0
s,f,y,b,c,f,c,n,u,b,c,f,y,o,w,u,n,n,z,o,s,l,0
s,f,n,t,s,f,c,n,o,b,?,y,f,g,e,u,w,t,e,u,v,g,0
s,s,b,t,y,a,w,b,u,b,c,k,y,p,p,p,n,n,f,b,s,m,0
f,y,g,b,m,n,d,b,u,t,r,y,s,p,n,u,w,t,z,u,t,w,0
k,f,c,t,n,f,w,n,y,t,r,s,s,b,y,p,y,t,f,r,v,g,0
k,s,p,b,p,f,d,b,g,t,c,f,s,p,n,p,o,o,n,w,c,w,0
c,g,u,b,m,d,d,n,e,b,u,f,s,n,c,p,n,n,c,n,v,l,0
k,g,c,b,y,f,w,b,h,b,c,s,y,w,n,p,y,o,s,n,v,w,0
s,s,w,t,n,a,c,n,g,t,z,k,y,c,e,p,y,n,e,r,a,l,0
k,f,y,b,f,a,d,n,e,t,z,f,k,w,o,p,n,o,c,r,v,p,0
s,y,y,t,a,n,c,b,w,t,b,f,s,e,b,p,y,o,f,o,c,u,0
k,f,y,t,n,a,c,n,b,b,c,k,y,b,n,p,o,n,f,n,a,l,0
k,f,w,b,n,a,c,b,o,b,?,s,y,n,p,u,o,t,s,o,n,g,0
x,g,p,t,l,f,c,n,n,t,r,s,f,e,b,p,y,o,n,w,s,l,0
c,f,c,t,y,f,w,n,n,b,r,y,k,c,n,p,y,o,c,y,n,m,0
b,s,e,t,f,f,d,b,h,b,z,f,s,y,w,u,y,o,p,o,a,g,0
c,f,p,b,y,d,c,n,b,t,?,f,k,w,b,u,n,o,e,y,a,p,0
f,f,p,t,n,a,d,b,u,b,b,s,y,y,o,p,y,t,f,h,t,d,0
b,f,p,t,l,n,w,b,k,t,?,s,s,n,o,u,n,t,n,h,c,w,0
c,f,g,t,p,f,c,n,k,b,z,s,s,p,o,u,w,n,n,k,c,g,0
x,f,e,t,c,a,w,n,e,t,z,y,s,p,c,u,n,n,z,h,t,u,0
f,s,w,b,n,a,c,n,u,t,e,k,y,o,p,p,y,n,z,r,a,u,0
k,y,e,t,a,n,c,b,k,b,c,y,s,b,e,p,w,o,n,r,t,w,0
c,s,g,b,f,d,c,n,o,b,b,k,s,w,y,p,y,n,p,w,a,p,0
s,f,r,b,f,n,w,n,k,t,?,k,f,y,w,p,w,t,z,n,s,l,0
f,f,b,b,m,a,d,n,n,b,?,s,y,w,g,u,o,n,z,b,t,m,0
f,s,n,t,a,a,c,n,n,t,u,y,s,g,b,p,y,n,n,h,a,l,0
f,g,w,b,f,a,w,b,p,b,r,k,f,p,y,u,o,n,l,o,v,l,0
f,s,g,b,p,f,w,n,p,t,z,s,f,p,p,u,o,o,c,w,a,w,0
x,f,w,t,y,a,c,b,b,t,c,k,s,n,e,u,o,n,c,k,c,m,0
s,s,p,b,l,d,w,n,h,b,r,y,k,n,o,p,n,t,f,o,s,m,0
x,f,e,b,p,a,w,b,y,t,c,k,f,e,b,p,w,o,c,u,v,l,0
s,g,w,b,l,f,w,n,w,b,?,f,f,e,y,u,o,n,p,u,a,u,0
c,f,g,t,a,a,w,b,p,b,r,f,y,e,p,p,y,t,n,u,s,m,0
f,g,g,t,c,n,w,n,n,t,?,k,s,n,b,u,y,o,e,h,c,g,0
s,s,w,b,n,d,d,b,u,b,r,f,s,b,g,u,n,t,l,r,s,l,0
k,y,b,t,l,f,c,b,h,t,b,s,k,w,w,p,w,o,e,u,a,l,0
f,g,c,t,a,d,w,n,w,b,?,f,k,e,y,u,n,o,f,n,c,m,0
f,f,r,b,s,d,c,b,w,t,c,k,f,g,y,u,o,o,c,y,t,m,0
c,g,w,t,m,n,d,n,u,t,u,y,s,g,b,u,w,o,z,h,c,g,0
x,g,c,t,l,f,w,n,y,b,u,s,f,b,b,p,y,n,n,n,c,p,0
c,s,u,b,f,a,d,b,o,t,u,f,k,w,e,u,y,n,l,h,s,d,0
c,g,e,b,m,d,d,n,r,t,?,k,k,o,n,p,n,o,c,y,c,u,0
s,f,w,t,m,n,d,b,k,b,u,f,y,b,o,u,y,n,e,o,s,w,0
s,f,u,t,f,d,d,n,g,t,b,k,k,e,e,u,w,t,s,k,s,g,0
b,y,p,t,c,f,c,b,u,b,r,k,f,b,o,p,y,n,s,r,n,d,0
k,g,y,b,m,n,c,n,o,t,?,f,y,n,g,u,y,t,z,w,n,d,0
k,g,p,b,s,a,d,n,n,t,z,y,y,e,e,p,n,n,e,b,s,d,0
b,s,u,b,s,f,c,b,e,b,u,s,k,p,b,u,y,n,s,w,s,l,0
k,g,g,b,m,n,w,n,o,t,z,s,s,e,e,u,o,t,l,n,a,g,0
b,f,y,t,a,n,w,b,r,t,c,k,s,b,c,p,o,n,c,u,n,g,0
x,y,r,t,c,f,w,n,b,b,u,y,k,n,b,u,o,o,p,w,c,g,0
x,f,u,b,m,f,d,b,o,t,?,y,k,c,b,u,y,t,f,w,c,l,0
s,s,e,b,l,n,c,n,n,b,c,k,f,o,w,u,o,o,z,u,a,p,0
f,f,c,t,f,n,d,n,p,b,r,s,f,n,p,u,y,n,z,k,a,d,0
f,f,w,t,f,n,w,n,o,t,z,y,s,y,g,p,w,n,f,r,s,d,0
c,g,p,b,p,d,d,n,g,t,e,y,s,o,n,p,o,n,p,r,c,d,0
f,s,u,b,m,d,d,b,n,t,z,f,y,y,o,u,w,t,p,n,s,w,0
x,g,n,t,s,f,d,b,k,b,b,k,y,b,b,u,y,o,z,h,a,w,0
b,f,e,b,y,d,d,b,r,t,?,s,s,w,n,u,o,o,p,h,v,m,0
f,s,b,t,m,a,d,n,g,t,c,k,k,b,n,u,w,n,s,w,t,l,0
k,y,w,b,l,f,d,n,k,t,r,s,f,w,e,p,n,o,p,r,s,g,0
k,g,w,t,n,f,c,n,b,b,u,k,k,g,c,u,y,t,s,o,n,m,0
c,g,e,b,l,f,d,b,u,t,b,s,f,b,b,p,n,o,n,k,c,w,0
c,f,w,b,s,a,d,b,r,b,?,k,y,g,e,u,o,n,e,n,n,m,0
s,s,p,t,f,d,w,b,p,t,b,f,f,b,y,u,n,t,e,h,s,m,0
c,f,b,b,m,n,c,b,e,t,c,f,y,n,y,u,y,n,c,w,s,w,0
s,y,e,b,f,a,w,n,r,b,e,f,s,w,e,u,n,n,e,u,t,d,0
k,s,g,b,m,d,d,n,n,t,c,f,y,g,o,u,n,n,s,n,n,p,0
k,s,c,b,m,f,w,b,b,b,z,s,f,y,o,u,n,o,n,h,v,p,0
c,f,w,b,p,a,w,n,y,b,r,f,f,e,y,u,w,n,s,r,c,w,0
k,y,g,t,n,n,w,b,r,t,c,s,s,n,n,u,w,o,n,r,s,g,0
x,f,p,b,m,a,d,b,k,t,r,y,k,w,c,p,n,t,l,b,a,d,0
s,y,e,t,l,a,c,n,b,t,e,f,y,c,w,p,o,t,c,y,n,d,0
b,g,y,t,y,n,c,b,y,b,r,k,f,o,n,p,w,t,e,w,s,p,0
c,y,w,t,p,a,w,b,u,t,e,f,f,c,g,p,n,o,p,h,v,p,0
s,y,b,t,n,n,c,n,e,t,r,k,y,y,o,u,o,t,s,u,a,p,0
b,f,e,t,m,n,d,n,g,b,z,s,s,p,y,p,n,t,n,b,n,w,0
b,s,r,t,m,f,w,n,b,b,?,k,s,w,b,u,o,o,n,o,a,m,0
x,g,g,t,n,n,w,b,p,b,b,s,y,y,p,u,n,n,z,w,c,w,0
b,y,n,b,p,f,w,b,h,t,u,y,k,y,g,p,y,n,p,n,s,d,0
b,g,r,b,l,n,c,b,y,t,r,s,s,e,n,p,y,o,p,u,n,m,0
k,f,u,b,y,d,d,n,b,b,?,k,s,p,b,u,y,o,n,o,t,l,0
k,f,b,t,p,f,w,b,n,t,z,y,f,n,p,u,y,n,z,h,s,m,0
b,g,r,t,m,a,c,b,k,t,c,f,f,g,w,u,n,n,p,h,v,m,0
k,g,c,t,m,n,w,b,r,t,e,k,s,p,n,u,n,n,s,o,c,m,0
b,g,u,b,l,n,w,n,y,b,b,s,f,n,b,p,n,n,f,b,n,u,0
s,s,b,t,l,f,w,b,w,t,?,s,y,g,c,p,w,t,c,o,c,g,0
f,s,n,t,l,d,d,b,u,t,u,k,y,e,p,p,y,o,c,r,a,p,0
f,g,c,b,f,d,w,b,k,t,b,y,y,e,g,u,o,n,e,k,n,p,0
b,s,r,b,n,a,c,b,n,b,?,y,y,o,b,p,o,o,z,n,n,p,0
x,s,n,t,a,d,w,n,o,t,z,k,f,n,n,u,n,o,c,o,n,l,0
c,y,e,t,p,a,d,b,u,b,z,y,k,o,o,p,y,o,e,o,v,d,0
c,s,e,b,c,a,w,b,k,t,c,f,k,p,c,p,y,t,l,r,c,p,0
k,g,y,b,c,f,d,n,y,t,z,y,k,g,w,u,n,o,s,k,n,u,0
x,s,c,t,c,a,c,b,b,t,c,k,s,n,n,p,w,n,e,w,v,d,0
f,f,e,t,n,d,d,b,y,b,?,y,f,e,g,p,y,o,c,n,n,p,0
f,f,y,b,c,n,w,b,o,b,c,f,f,n,o,u,y,o,e,y,c,d,0
f,s,b,t,c,n,c,n,e,b,u,y,s,w,e,u,w,t,z,o,n,p,0
x,g,u,b,m,a,w,b,r,b,r,y,s,b,n,p,y,t,f,w,c,u,0
s,y,b,b,a,n,w,n,k,b,c,s,f,y,p,u,w,o,c,n,c,p,0
f,g,b,b,n,f,c,n,b,b,r,f,f,e,w,u,w,o,z,k,c,g,0
k,g,n,t,y,d,c,b,o,b,e,f,s,o,w,u,y,t,f,b,n,l,0
b,y,y,t,a,a,c,b,y,b,z,y,f,w,w,u,n,n,c,k,s,w,0
f,s,g,b,c,f,c,n,p,b,c,y,y,b,g,p,o,n,z,h,c,p,0
k,s,r,t,m,n,w,b,h,t,z,y,s,b,p,p,n,t,p,y,a,p,0
f,y,c,b,s,f,w,b,e,t,u,y,f,n,p,p,w,t,p,b,v,w,0
x,s,r,b,a,a,c,n,g,b,r,k,s,e,b,u,w,t,c,r,a,w,0
s,s,r,t,c,f,d,n,n,b,c,y,f,y,e,p,n,t,z,r,t,p,0
s,y,e,b,m,f,d,b,o,t,u,k,f,g,g,u,o,t,e,n,a,p,0
s,g,b,b,f,a,w,b,e,t,r,k,y,b,p,p,n,n,s,r,t,m,0
k,y,n,t,m,a,c,n,g,b,e,y,k,b,y,p,o,n,l,o,c,p,0
c,y,g,t,f,n,w,b,k,t,r,s,y,b,w,u,o,o,e,b,c,d,0
c,y,n,t,f,n,w,n,p,t,?,s,f,y,o,p,y,n,f,o,t,u,0
c,g,e,b,s,d,c,b,p,b,e,s,s,g,c,p,n,t,f,u,a,m,0
b,y,w,b,y,f,d,b,n,t,b,s,k,p,p,u,o,n,z,n,s,m,0
f,g,c,b,l,f,c,b,w,t,z,s,y,c,w,p,y,o,c,k,c,l,0
x,s,y,b,a,f,c,n,g,b,b,f,y,w,n,u,w,o,z,k,s,g,0
c,g,w,t,l,a,w,b,u,t,e,s,y,c,n,p,y,n,f,h,s,u,0
x,s,c,t,s,d,d,b,e,t,z,k,k,g,w,p,w,t,p,u,t,l,0
b,s,r,b,y,f,w,b,g,t,c,s,f,e,p,u,o,t,e,u,t,p,0
s,y,y,b,m,n,w,n,r,b,u,f,f,e,c,p,o,o,n,u,c,d,0
s,y,n,t,p,f,c,n,b,t,?,k,f,c,y,p,w,o,z,n,v,g,0
x,s,w,b,m,a,d,b,p,t,r,f,f,g,e,u,n,o,e,w,s,g,0
k,s,n,t,p,f,c,b,e,b,e,s,k,p,o,u,w,t,c,h,c,p,0
x,f,p,t,s,a,w,n,h,b,e,y,k,o,c,u,n,n,n,b,t,w,0
x,y,u,t,y,f,d,b,g,b,b,s,k,e,n,u,y,t,e,y,a,u,0
b,f,w,t,f,f,w,b,p,b,z,f,y,w,b,p,w,o,p,k,v,u,0
x,y,w,b,l,a,d,b,h,b,u,y,s,y,c,p,y,n,s,w,v,m,0
s,f,w,b,p,n,c,n,n,t,r,f,s,o,e,u,w,t,e,w,t,m,0
c,y,u,b,f,n,c,b,r,t,r,f,k,c,w,u,y,t,e,w,n,p,0
c,y,w,t,p,a,d,b,r,t,c,f,s,b,c,u,y,t,n,u,a,u,0
s,s,g,t,a,a,c,b,r,t,?,y,f,e,b,p,o,n,n,b,c,p,0
c,y,w,t,s,a,c,n,k,b,b,k,f,e,w,p,y,t,s,y,c,l,0
f,s,c,b,m,f,c,b,n,b,b,s,f,c,g,u,y,n,c,o,s,u,0
x,f,c,t,y,a,d,b,e,b,u,f,k,p,n,u,n,o,s,n,t,w,0
k,s,w,t,l,n,d,b,n,t,z,k,k,o,e,u,w,o,p,b,n,d,0
k,f,r,b,c,n,w,b,o,t,r,y,k,o,e,p,y,t,c,o,v,w,0
x,s,y,t,s,a,w,n,y,t,?,s,y,e,g,p,y,n,f,w,c,g,0
f,f,y,b,p,a,c,n,p,t,b,k,k,y,e,u,w,t,z,r,v,m,0
f,g,y,b,f,f,c,b,r,b,z,s,y,n,p,p,n,n,p,o,n,l,0
s,s,w,b,l,n,d,n,h,t,c,s,k,e,b,p,y,o,c,o,n,m,0
k,s,b,t,y,f,d,b,o,b,b,s,y,p,y,p,o,t,e,o,a,l,0
k,s,b,t,c,d,c,n,o,b,c,y,y,o,n,u,y,n,f,n,n,w,0
b,s,e,t,s,d,d,n,g,t,r,s,y,n,p,p,o,o,e,r,v,d,0
x,y,w,t,l,n,c,b,k,b,?,k,s,y,y,u,n,t,f,y,s,g,0
x,f,r,t,l,n,d,b,n,b,?,f,k,w,e,u,o,t,z,k,c,d,0
c,g,p,t,m,a,c,n,h,t,?,f,k,e,b,u,w,t,s,k,t,p,0
c,s,y,b,f,a,w,n,b,b,b,y,s,w,c,u,o,t,c,y,a,w,0
f,g,g,t,c,a,d,n,o,t,r,y,s,y,p,u,o,o,l,k,c,m,0
c,g,e,t,s,f,w,n,r,t,r,f,k,b,e,p,n,o,s,b,s,l,0
b,y,n,t,s,a,w,b,e,b,e,f,y,n,w,u,o,n,s,n,t,l,0
s,f,p,t,f,a,w,b,y,t,e,k,s,g,n,p,w,n,n,y,a,m,0
x,g,w,b,y,a,c,n,p,b,?,s,y,c,b,u,n,o,z,w,c,m,0
b,s,g,b,s,a,w,b,g,b,?,k,y,w,y,p,y,o,f,k,c,m,0
c,y,y,t,l,f,c,b,o,t,r,y,s,o,o,p,o,o,l,o,a,l,0
b,f,w,b,s,a,c,b,o,t,c,s,y,g,p,p,y,t,c,k,a,m,0
c,s,y,t,l,n,c,n,h,b,u,k,k,c,y,u,y,t,p,w,s,p,0
b,y,y,t,p,d,c,b,h,b,e,k,k,p,b,u,w,n,p,n,a,l,0
s,y,p,t,n,d,d,b,g,t,r,k,y,c,w,u,y,t,s,y,v,u,0
x,f,g,b,s,n,w,b,e,t,b,y,f,b,y,p,n,t,l,r,c,u,0
x,y,n,b,a,a,w,b,e,t,b,f,s,e,b,p,o,n,n,w,t,l,0
k,g,c,b,p,d,c,b,n,b,e,s,k,b,n,p,o,t,e,w,a,l,0
f,y,y,t,f,a,w,n,o,b,z,s,y,g,p,u,y,n,s,o,n,p,0
f,y,b,t,y,f,c,b,p,b,?,y,y,e,y,u,y,n,n,w,s,g,0
c,s,b,t,l,d,c,n,g,b,u,k,k,e,p,u,n,n,c,u,n,u,0
x,g,c,b,f,d,c,b,r,t,u,y,k,p,y,p,o,n,s,y,t,d,0
s,g,c,b,a,d,d,n,g,t,c,f,s,o,o,u,o,o,s,r,a,w,0
c,g,c,t,f,d,w,b,w,t,e,y,k,o,p,u,w,o,p,b,n,l,0
s,f,r,t,f,n,w,n,n,b,z,s,f,w,c,p,n,n,e,y,a,w,0
b,y,p,b,s,f,d,n,n,t,b,f,s,c,w,u,o,o,c,b,s,p,0
x,y,y,t,l,a,d,b,r,b,u,s,y,w,w,u,w,o,s,b,n,l,0
x,y,r,b,f,f,d,b,e,b,r,y,y,b,p,u,n,t,f,u,s,l,0
c,f,r,t,f,d,d,b,k,t,b,f,y,e,y,u,w,t,p,b,t,d,0
f,g,u,t,c,n,w,b,w,b,e,f,s,c,b,p,w,n,f,o,n,w,0
k,y,g,t,s,f,w,n,n,b,c,f,s,p,e,u,n,o,z,h,v,m,0
b,s,u,b,a,n,c,b,n,b,u,s,k,w,e,u,y,t,f,r,t,m,0
f,g,w,b,n,f,c,b,o,t,?,f,f,e,p,p,w,n,n,u,s,p,0
b,g,b,b,l,d,c,b,b,b,z,f,s,p,g,p,w,n,s,h,s,w,0
f,g,w,t,f,a,w,b,w,t,e,s,s,b,y,u,w,o,p,k,t,u,0
x,f,c,t,p,f,w,n,e,t,r,s,y,g,n,u,y,n,n,b,n,w,0
x,f,e,t,s,d,w,n,g,t,e,f,f,b,y,p,n,o,e,u,n,u,0
f,f,p,t,s,f,w,b,y,b,b,k,y,c,o,p,w,n,z,n,s,m,0
s,s,b,t,c,d,d,b,g,b,e,k,y,p,e,p,y,t,s,y,s,w,0
b,g,e,b,f,a,c,b,g,t,z,y,k,o,b,u,w,o,f,o,s,w,0
f,f,n,b,c,n,w,b,b,b,e,s,y,o,n,u,w,o,f,k,v,w,0
s,s,p,t,c,a,w,n,u,t,c,k,y,o,o,p,w,t,l,o,n,m,0
f,y,w,t,l,f,w,n,y,b,b,k,f,w,p,p,y,n,l,b,t,l,0
c,g,g,b,l,f,d,n,u,t,u,y,k,e,g,u,o,o,e,y,a,d,0
k,y,b,t,s,n,w,n,k,b,z,f,y,y,w,u,o,t,n,w,a,u,0
b,s,n,b,l,a,c,n,u,t,u,s,y,p,w,u,n,t,s,h,a,u,0
f,f,n,b,p,a,w,b,e,b,e,s,s,y,o,u,n,t,n,o,s,p,0
k,y,b,b,a,d,d,b,w,b,e,f,y,o,o,p,o,n,s,r,n,m,0
b,f,g,b,l,n,c,b,k,t,b,y,f,b,n,p,n,n,n,u,a,p,0
b,s,g,t,f,d,d,b,o,b,z,f,s,g,w,p,o,t,n,k,n,w,0
k,g,w,b,c,a,c,b,o,t,u,s,s,w,e,p,y,t,s,w,c,d,0
x,g,b,t,p,f,c,n,o,b,c,k,s,o,c,p,w,t,n,b,t,u,0
b,s,y,t,a,f,c,n,n,t,?,k,s,c,e,p,w,o,s,u,s,d,0
c,g,u,t,c,a,w,n,b,t,?,s,y,g,o,u,o,t,n,y,t,p,0
f,f,n,t,l,n,d,b,o,t,z,k,s,p,y,u,y,n,l,y,t,p,0
x,g,e,t,l,f,w,n,g,b,u,f,f,g,c,p,w,n,s,u,t,m,0
s,s,r,t,n,n,d,n,r,t,c,k,f,o,b,p,o,t,e,k,a,w,0
c,y,n,t,y,f,w,b,u,b,r,s,s,w,c,u,o,o,e,r,n,m,0
x,g,c,t,y,f,d,n,n,t,?,y,k,c,e,u,w,n,f,u,c,p,0
b,y,u,b,m,n,c,n,k,b,c,s,k,y,g,p,o,o,l,b,s,p,0
b,f,n,t,l,a,w,b,p,t,u,s,s,o,b,p,w,n,n,r,s,g,0
c,f,g,b,p,a,d,n,h,t,z,y,f,o,g,u,w,t,f,w,n,l,0
x,f,n,t,s,d,d,b,w,b,b,s,s,n,p,p,y,n,n,n,n,l,0
b,s,c,t,y,a,w,n,k,b,u,s,s,g,g,p,o,n,s,y,a,g,0
s,f,g,b,a,a,c,b,w,t,c,k,y,b,e,p,w,o,z,y,a,u,0
x,s,u,t,l,f,d,n,b,b,b,y,k,w,g,p,o,n,z,u,a,w,0
c,f,e,b,m,n,c,n,o,t,u,f,f,c,w,u,o,t,z,b,n,w,0
c,y,g,b,a,d,d,b,w,t,z,s,s,p,e,u,n,o,z,r,v,d,0
k,s,g,b,f,n,w,n,p,b,r,y,y,y,w,u,o,o,f,b,s,m,0
b,s,u,t,f,n,d,n,o,t,r,f,s,e,y,p,w,n,p,n,n,d,0
x,g,w,b,p,f,d,n,k,b,r,f,y,o,b,u,y,n,n,o,s,w,0
f,s,p,t,f,d,c,b,e,t,z,f,k,y,y,p,n,o,f,w,c,u,0
c,y,g,t,a,n,c,n,g,b,?,s,s,w,p,u,w,o,f,y,n,d,0
c,f,r,t,p,f,d,b,n,t,b,f,s,w,p,p,w,t,z,h,n,p,0
b,y,b,b,p,a,c,b,k,t,?,s,y,c,g,u,n,t,f,u,n,p,0
b,g,u,t,p,f,c,n,y,b,e,y,f,b,y,u,o,n,e,h,a,u,0
f,y,w,t,l,f,d,n,r,t,u,s,k,y,e,p,w,t,e,o,n,g,0
k,g,c,t,c,n,d,n,k,b,u,f,f,y,c,u,o,t,n,n,a,d,0
s,s,c,b,f,f,d,b,y,b,u,s,f,o,e,u,o,t,p,h,s,p,0
c,s,c,t,m,n,d,n,h,b,u,y,y,g,b,p,w,t,z,k,c,w,0
s,f,n,b,f,d,d,b,r,t,c,f,f,n,g,u,o,t,f,r,n,g,0
s,g,y,b,c,d,d,b,o,b,z,y,k,y,n,u,w,o,e,h,t,u,0
c,g,p,b,n,f,w,n,n,b,r,k,k,n,o,p,o,o,l,o,v,w,0
c,g,g,t,c,a,d,b,h,b,b,s,s,g,y,p,y,n,p,h,a,d,0
b,y,w,b,a,a,c,b,y,b,?,f,k,n,y,p,y,t,f,h,v,l,0
s,y,p,b,n,d,w,n,h,b,b,f,y,c,n,u,o,n,e,u,c,l,0
c,y,p,b,s,f,d,b,n,t,c,s,y,p,o,u,w,o,e,h,n,m,0
x,f,b,t,p,a,w,n,p,b,z,k,y,o,y,u,w,t,f,r,n,u,0
b,g,n,t,c,a,d,n,b,b,b,s,y,p,n,p,w,t,s,w,s,d,0
x,y,e,b,f,f,c,n,e,b,r,k,f,b,o,u,o,o,l,h,t,g,0
x,s,n,t,m,d,c,n,b,b,b,s,f,b,g,p,n,t,n,u,s,m,0
s,y,c,t,m,d,w,n,k,t,c,s,f,g,e,u,w,n,z,u,n,m,0
k,f,n,t,y,f,w,n,b,t,c,f,f,b,y,p,y,n,c,h,t,w,0
c,f,e,t,n,d,c,n,u,t,r,s,f,g,g,u,o,t,p,r,v,l,0
x,s,c,b,n,d,d,n,g,b,r,s,y,p,g,p,y,t,z,o,v,g,0
s,f,c,b,f,f,w,n,u,t,u,y,s,n,e,u,n,n,e,b,s,g,0
x,s,e,t,f,f,d,n,o,t,?,f,f,o,c,p,y,o,l,k,n,m,0
s,y,g,t,s,f,w,b,b,b,r,f,f,p,c,p,o,t,p,b,v,g,0
k,g,e,t,f,a,c,b,h,b,?,f,k,y,w,p,n,n,c,k,c,w,0
x,s,r,t,y,n,c,n,w,b,z,y,k,n,y,p,y,t,e,r,t,m,0
s,g,r,b,c,d,d,b,e,t,b,f,s,g,p,u,n,t,p,h,n,l,0
k,s,n,t,c,n,w,n,b,b,z,s,s,b,b,p,o,o,p,n,t,m,0
b,g,p,b,f,f,c,n,o,t,z,s,y,b,y,u,w,t,c,h,v,w,0
k,f,b,t,m,n,d,n,y,t,r,y,f,b,g,u,n,n,s,k,s,d,0
f,y,e,b,y,n,w,b,r,b,b,y,y,b,c,p,o,o,f,y,s,m,0
b,f,n,b,l,n,c,b,g,b,e,k,y,e,p,p,y,o,n,k,n,d,0
s,s,r,b,n,a,d,b,k,t,r,s,s,g,o,p,n,t,s,w,s,u,0
s,y,g,b,s,a,c,b,p,b,u,k,f,y,b,u,w,t,c,o,t,m,0
s,g,y,t,s,a,w,b,b,t,u,y,f,g,c,p,o,o,s,o,v,g,0
f,f,e,b,m,d,c,b,w,t,c,k,f,n,n,p,o,n,p,n,a,d,0
f,g,g,b,s,a,w,n,w,t,r,y,f,y,p,u,n,t,c,w,n,p,0
b,s,e,t,p,d,w,b,n,b,r,s,f,p,w,u,y,t,z,h,t,p,0
b,g,w,t,m,f,w,b,b,b,?,k,f,g,g,u,w,t,n,o,v,m,0
b,g,p,b,n,a,w,n,w,t,u,s,k,o,c,u,w,t,f,h,n,l,0
s,f,b,t,p,d,d,b,g,b,z,y,k,e,c,p,n,t,p,r,n,g,0
s,f,w,t,p,d,w,b,g,b,e,k,y,o,y,p,y,t,c,h,n,d,0
x,g,g,t,p,a,w,b,n,t,z,k,y,e,e,u,n,t,p,o,s,u,0
k,g,u,t,s,n,c,b,o,b,b,y,k,e,b,u,y,o,n,y,n,g,0
k,f,n,b,s,d,w,b,k,b,r,y,k,e,g,p,o,t,s,o,c,m,0
b,g,y,t,y,n,c,b,e,t,r,f,s,b,g,u,y,o,n,w,t,m,0
s,s,r,t,c,a,d,b,p,b,r,y,y,p,g,u,n,n,f,n,s,p,0
s,s,y,t,s,a,d,b,n,b,r,s,f,w,p,p,y,t,s,b,t,g,0
b,y,w,b,a,d,d,n,g,b,z,s,f,c,e,u,n,n,z,r,v,u,0
b,g,g,t,c,f,d,b,y,t,u,k,f,n,c,p,y,n,n,n,c,u,0
f,s,r,t,l,n,c,n,k,b,u,f,k,n,b,u,w,n,s,n,n,g,0
f,f,g,t,a,n,w,n,w,b,r,k,y,b,w,p,n,o,p,b,c,g,0
k,g,e,t,y,f,w,b,w,b,z,f,f,b,g,u,y,n,z,o,c,u,0
x,y,b,t,y,a,c,b,o,t,c,k,k,n,y,p,o,t,p,b,n,p,0
s,y,w,b,a,f,c,b,w,t,e,s,s,y,b,p,n,t,s,b,v,p,0
x,s,u,b,a,d,c,b,k,t,z,y,s,n,g,p,o,o,s,n,t,m,0
f,f,y,t,n,d,w,n,b,t,e,k,y,g,e,u,y,n,n,h,a,g,0
b,s,e,t,m,a,d,b,k,b,u,f,f,y,b,u,w,n,c,y,a,p,0
s,f,n,t,s,f,d,n,w,b,z,f,k,o,b,u,o,n,f,o,t,l,0
f,f,r,b,a,d,d,b,g,b,e,k,f,g,b,u,o,t,n,o,c,l,0
f,y,e,b,s,n,w,n,y,t,b,f,f,g,n,p,n,o,n,y,v,m,0
f,g,e,b,c,n,d,b,g,b,r,y,y,n,c,u,n,n,f,w,c,w,0
s,f,n,b,c,a,c,n,w,t,b,k,y,c,c,u,y,t,e,w,t,g,0
b,s,w,t,a,d,c,n,o,t,z,y,f,n,e,u,w,o,l,o,a,w,0
s,s,g,b,m,d,c,n,n,b,c,k,y,n,b,p,o,n,c,k,s,m,0
b,y,e,b,p,a,c,b,r,t,e,s,f,e,o,u,y,o,e,n,a,u,0
x,s,c,b,s,f,c,b,k,t,c,y,y,p,c,u,y,n,e,u,v,l,0
b,s,r,t,s,n,c,b,o,b,u,s,s,e,y,p,o,n,e,n,s,u,0
b,f,g,t,p,a,d,b,g,t,?,k,k,n,n,p,o,n,e,o,t,d,0
x,f,u,b,y,n,c,n,u,b,z,k,s,p,c,p,y,t,e,r,s,w,0
x,y,p,b,s,f,d,n,y,t,e,f,k,p,n,u,o,t,e,u,n,w,0
k,s,y,b,c,f,d,b,k,t,c,k,k,g,p,p,w,n,p,b,a,m,0
x,f,y,b,y,a,c,b,o,b,c,f,f,n,g,u,o,n,p,y,s,u,0
k,s,e,b,p,d,d,n,e,b,r,s,s,c,n,u,n,o,f,o,a,g,0
s,y,e,b,a,n,d,b,n,t,z,s,y,g,g,u,y,o,s,o,n,d,0
x,g,r,t,y,f,w,b,e,b,b,f,f,n,w,u,y,n,z,u,v,w,0
x,g,g,b,p,a,c,b,r,t,b,y,s,o,c,u,w,n,l,k,t,d,0
s,f,y,b,s,n,d,n,g,t,z,s,y,n,w,u,y,n,z,r,n,d,0
b,f,e,b,f,n,c,b,k,b,r,f,f,n,b,u,w,n,c,k,s,d,0
k,g,n,b,s,f,w,n,h,b,u,f,y,e,n,u,n,o,e,o,n,d,0
k,g,r,b,s,d,c,b,n,t,c,y,y,p,p,p,w,t,z,o,n,w,0
b,f,p,t,a,f,c,b,y,b,c,y,f,n,w,p,y,o,s,y,a,d,0
x,g,p,b,c,f,w,b,n,t,c,k,k,g,o,u,n,o,p,y,c,g,0
b,s,p,b,p,n,c,b,w,t,?,k,y,p,b,p,n,n,f,r,t,m,0
b,f,n,b,p,a,d,n,n,b,b,k,y,p,o,p,n,t,c,r,v,l,0
f,g,g,b,n,f,w,b,r,t,b,k,k,b,o,u,w,t,n,k,s,m,0
x,f,r,t,c,d,d,n,n,t,z,s,f,e,o,u,o,t,c,r,v,p,0
s,g,p,b,s,d,c,n,b,b,b,y,k,b,g,p,o,t,f,h,s,u,0
b,s,e,t,s,n,c,b,b,b,r,s,y,e,c,p,n,o,l,h,s,u,0
s,s,r,t,m,d,c,b,y,t,r,f,k,g,c,p,n,n,l,k,s,u,0
k,f,u,b,l,f,w,n,p,t,?,f,f,e,o,p,n,n,p,o,t,d,0
x,g,w,t,p,n,w,n,h,b,e,y,s,o,w,u,n,o,e,w,a,p,0
k,f,p,t,n,d,d,b,w,t,?,y,f,e,p,u,y,n,n,r,s,p,0
x,g,n,b,n,f,c,b,g,t,e,f,k,w,e,p,y,o,p,r,a,d,0
f,g,w,t,p,d,w,b,k,t,b,f,y,p,c,p,o,t,z,w,s,m,0
k,g,b,b,n,n,c,b,y,b,z,y,y,c,e,p,o,n,e,h,c,d,0
s,f,g,t,f,n,d,n,e,t,u,s,f,w,y,p,w,o,e,k,v,d,0
k,g,y,t,c,a,d,n,w,b,e,y,k,e,p,u,y,n,p,o,s,u,0
f,g,b,t,y,f,d,n,k,b,r,k,f,p,o,u,y,n,p,u,s,p,0
c,s,w,b,p,n,w,b,n,b,?,y,k,p,b,u,n,o,n,r,v,l,0
c,y,y,b,p,d,w,b,k,b,?,y,f,n,w,u,w,t,e,r,t,g,0
f,g,w,t,s,d,w,n,n,t,?,k,s,w,n,p,n,n,f,u,a,m,0
c,y,c,b,p,d,d,n,u,t,z,k,y,g,p,u,n,t,c,h,n,u,0
x,s,c,b,c,f,c,n,o,t,b,f,f,p,c,u,n,n,n,u,t,w,0
f,f,r,b,y,a,d,b,g,t,r,f,f,b,b,p,y,o,c,u,c,p,0
x,y,p,t,n,f,d,b,p,b,r,k,k,g,p,u,n,t,c,h,a,d,0
c,g,n,t,s,f,d,n,r,b,b,s,k,n,y,u,w,t,s,w,t,l,0
c,s,g,b,m,d,c,n,n,b,c,k,s,n,o,u,o,o,l,y,c,l,0
x,y,b,t,n,f,w,n,r,b,e,y,y,b,c,p,n,n,c,h,a,m,0
s,y,w,b,m,f,d,n,g,t,z,k,y,o,e,u,y,n,p,u,n,w,0
f,g,u,b,f,a,c,b,b,t,z,s,f,e,c,u,n,t,c,b,s,l,0
s,g,y,t,f,f,d,b,h,b,z,s,k,n,p,u,n,o,s,h,c,m,0
k,s,p,t,p,f,c,b,y,b,?,k,s,b,e,u,o,n,e,h,t,l,0
f,g,p,t,l,a,c,b,n,b,?,k,f,b,c,p,n,o,c,n,v,m,0
s,y,r,b,m,a,d,b,w,t,e,k,s,g,c,p,y,n,c,y,s,w,0
c,y,c,b,s,d,d,b,r,t,b,f,y,e,c,u,y,o,c,r,a,p,0
s,g,w,t,y,n,d,b,p,b,c,f,s,p,e,p,w,o,f,k,c,w,0
k,f,g,t,c,a,d,n,u,b,c,k,f,c,g,u,y,n,e,o,t,p,0
x,s,c,t,s,d,w,b,k,b,r,s,f,b,c,u,n,t,e,k,c,g,0
f,s,y,b,l,f,c,n,k,t,r,f,s,c,e,p,n,n,c,r,a,m,0
b,y,u,b,m,a,w,n,o,t,u,y,y,n,b,p,n,o,n,r,c,u,0
s,g,c,b,a,a,w,n,r,b,e,f,s,c,p,p,o,t,p,y,t,p,0
b,g,r,t,l,n,d,b,p,b,u,k,f,o,w,u,o,o,c,n,v,g,0
s,y,b,b,a,d,c,n,n,b,r,f,s,g,p,u,w,n,f,w,v,p,0
x,g,g,b,c,d,c,n,b,t,c,y,y,y,g,p,n,n,f,n,c,d,0
x,y,b,b,p,f,c,b,o,b,c,s,k,p,b,p,w,t,c,y,s,l,0
s,g,u,t,m,n,w,b,p,t,u,y,f,o,p,u,y,t,f,h,v,p,0
b,s,y,t,n,d,c,n,o,t,r,f,f,n,o,p,w,o,p,o,t,m,0
f,f,b,b,p,a,c,b,u,b,u,y,y,e,o,p,n,n,l,n,c,w,0
k,g,u,t,s,a,d,n,r,b,b,y,s,y,y,p,o,o,z,u,s,w,0
b,f,c,t,s,n,c,b,e,t,?,s,y,n,b,u,w,o,z,y,t,m,0
c,s,c,b,m,a,c,n,k,t,e,k,f,p,b,u,n,t,n,o,a,g,0
b,s,w,t,y,a,d,b,o,b,e,s,k,c,y,u,w,n,f,n,c,l,0
c,y,y,b,f,d,w,b,o,t,e,f,s,g,c,u,o,o,p,h,s,g,0
s,g,r,b,c,n,d,n,h,t,b,s,y,c,w,u,n,n,n,u,c,m,0
b,f,w,b,a,d,w,n,w,b,z,y,y,b,c,p,n,t,l,b,a,u,0
s,s,b,b,f,f,c,b,h,b,?,y,k,y,n,p,y,t,l,u,v,u,0
b,s,e,t,p,d,c,n,r,b,c,s,k,c,y,u,o,t,l,b,n,l,0
x,f,c,b,a,f,d,b,b,t,e,s,k,o,c,p,w,o,f,b,s,g,0
s,y,r,b,p,a,c,n,k,b,?,k,k,o,y,u,o,t,f,r,s,w,0
s,g,e,t,c,a,w,b,w,t,r,f,f,w,e,u,w,t,f,w,a,d,0
f,s,e,b,f,f,d,b,h,b,u,f,y,b,c,u,n,n,l,y,a,p,0
c,y,n,b,p,n,d,n,y,t,z,s,f,y,e,u,o,t,s,w,a,u,0
s,s,e,b,a,n,c,b,w,b,u,y,k,y,e,u,y,t,e,w,v,g,0
x,y,y,t,m,a,w,b,b,b,u,s,k,p,c,p,o,t,n,h,a,d,0
s,y,n,b,l,f,w,n,o,t,z,s,k,n,e,p,o,n,l,h,n,u,0
f,g,r,b,y,f,d,b,u,b,z,y,f,g,p,u,o,o,l,r,s,w,0
k,s,y,t,f,d,w,b,p,b,z,y,f,y,b,u,o,n,c,h,t,d,0
s,s,c,b,y,d,d,n,e,t,e,y,f,b,y,p,y,o,f,w,s,l,0
s,s,r,b,n,d,c,b,u,b,z,f,k,p,o,u,n,o,c,u,n,g,0
x,f,g,b,m,a,w,n,y,b,r,f,y,c,n,p,n,o,f,w,s,d,0
x,s,c,t,m,n,w,n,h,b,u,k,k,n,y,u,y,t,s,h,n,p,0
x,y,g,b,l,n,c,b,b,b,z,f,y,c,g,p,n,o,f,k,n,g,0
s,y,y,b,l,d,c,b,b,t,u,y,f,p,b,p,y,o,c,o,v,w,0
s,y,y,t,m,f,d,b,n,b,u,k,y,y,b,u,o,n,z,h,n,g,0
c,f,c,t,l,a,c,n,o,b,?,f,s,p,e,p,n,o,p,n,n,p,0
f,g,e,b,a,d,d,n,b,t,b,s,f,p,b,u,o,o,f,n,a,g,0
s,f,p,t,s,n,w,n,g,b,e,y,s,o,b,u,w,o,e,o,t,w,0
x,s,e,t,n,n,w,b,y,t,r,y,k,p,e,p,o,o,z,u,c,g,0
s,g,n,t,p,a,w,n,w,t,u,f,f,b,w,p,n,o,l,h,v,l,0
f,s,b,b,p,f,d,b,r,b,z,s,s,b,w,p,n,n,c,k,v,g,0
k,f,r,b,a,a,w,b,y,t,e,y,f,o,g,p,n,n,z,o,n,p,0
f,s,n,t,f,n,c,b,e,t,e,f,s,y,o,p,y,t,s,k,t,l,0
k,s,e,b,l,a,w,b,o,b,z,s,s,y,w,u,y,n,e,w,c,m,0
c,f,u,b,f,d,d,b,n,b,?,k,s,o,p,u,w,t,c,h,s,l,0
c,y,b,t,f,a,c,b,n,b,u,k,k,w,b,u,w,t,f,n,c,d,0
s,s,r,t,p,a,w,b,h,b,z,k,s,g,b,u,o,t,f,o,c,l,0
f,s,r,t,y,a,c,n,r,t,z,s,f,c,n,p,y,n,l,n,n,d,0
s,s,n,b,f,d,w,n,g,b,b,k,s,e,w,p,w,t,p,o,n,m,0
f,f,c,t,n,n,d,n,b,t,u,y,s,n,n,p,w,t,p,u,c,m,0
x,g,c,b,c,n,c,n,e,b,b,s,s,y,w,u,w,t,l,n,c,u,0
k,f,u,b,l,a,c,b,y,b,c,y,s,n,w,p,o,t,f,o,v,p,0
x,y,y,t,s,f,c,n,e,b,b,s,y,w,p,u,y,n,c,w,s,g,0
s,g,g,t,a,n,d,n,g,b,e,s,s,n,e,u,o,o,p,w,s,u,0
f,s,g,t,l,n,w,b,n,t,e,f,f,y,g,p,y,t,z,b,v,g,0
c,s,w,b,f,n,d,b,y,t,c,y,k,o,p,p,w,o,f,w,n,l,0
x,f,e,t,a,a,w,b,h,b,b,f,y,y,o,u,y,t,c,n,t,u,0
f,f,w,b,m,f,c,b,o,b,c,y,f,w,o,u,w,t,p,w,t,p,0
c,y,b,t,p,n,w,b,h,t,b,y,f,c,e,p,o,o,c,n,a,g,0
f,g,e,t,s,d,w,n,o,b,u,y,f,b,p,u,w,o,l,w,c,g,0
f,f,y,b,a,a,d,b,h,t,e,k,f,w,c,u,w,t,s,h,v,w,0
b,y,p,b,s,f,w,b,g,b,b,k,k,y,y,p,w,o,c,o,c,w,0
c,f,c,b,m,f,d,b,w,t,e,k,s,o,y,u,w,n,s,h,v,g,0
c,f,n,t,l,d,d,b,u,b,r,y,s,g,n,u,o,o,l,w,a,g,0
b,y,w,b,n,a,w,n,y,b,z,k,s,p,y,u,y,o,p,o,v,p,0
b,s,w,t,y,a,c,b,n,t,c,k,k,g,b,p,o,o,n,r,c,l,0
k,s,n,t,f,d,c,b,g,t,u,k,s,p,n,u,y,t,s,o,n,g,0
k,g,c,t,c,f,c,n,e,t,b,s,y,w,g,p,o,o,c,k,a,u,0
k,y,b,b,s,f,w,n,w,b,u,k,f,c,p,u,w,o,c,r,s,g,0
x,f,e,b,y,d,w,b,b,b,c,f,k,y,n,u,y,t,c,w,s,w,0
f,g,y,b,f,f,d,b,o,b,e,f,y,c,b,u,y,t,e,h,n,d,0
x,f,n,t,y,a,d,b,k,t,?,y,s,n,p,p,y,o,p,b,n,p,0
c,f,b,b,c,f,d,b,r,b,z,k,f,p,p,u,n,n,e,r,s,l,0
b,y,g,b,n,d,w,n,k,t,b,f,s,n,o,u,o,o,s,h,a,d,0
f,y,p,b,y,d,c,b,n,t,b,s,k,g,b,p,n,o,n,y,n,p,0
x,f,g,b,p,d,d,n,h,t,u,y,f,c,y,p,w,o,z,w,c,g,0
x,y,e,t,n,d,d,b,e,t,b,y,s,y,c,u,w,n,c,w,s,d,0
s,s,u,t,y,d,d,n,u,b,?,f,s,y,w,u,o,o,s,k,a,w,0
k,f,n,b,m,n,d,n,e,t,?,y,k,b,e,u,n,t,l,r,v,g,0
x,g,r,t,a,a,w,n,o,b,e,s,f,n,o,u,w,t,z,k,n,u,0
s,y,r,b,c,a,d,n,g,t,r,k,s,c,g,u,w,n,z,u,c,m,0
c,f,e,b,a,f,c,n,u,t,z,s,f,b,o,p,o,t,c,n,n,w,0
b,s,b,t,n,a,d,b,e,b,e,f,f,g,o,p,o,n,s,w,n,m,0
b,s,w,b,s,d,d,b,g,t,r,y,s,o,p,p,y,n,e,y,n,p,0
k,f,w,t,c,d,d,n,k,t,z,k,f,y,y,u,y,n,c,n,t,m,0
f,s,u,t,c,a,d,n,y,t,b,k,k,o,p,u,o,n,f,y,c,d,0
f,s,u,b,s,a,c,b,w,b,c,f,k,y,p,u,y,n,p,y,s,g,0
f,s,e,b,f,n,c,n,g,t,b,s,s,n,o,u,w,n,e,w,a,d,0
b,f,e,t,y,f,c,b,p,t,b,s,s,n,o,p,y,t,e,n,n,w,0
b,g,c,b,p,d,c,n,n,b,r,s,f,y,p,p,o,n,s,u,s,d,0
x,f,c,t,l,a,w,n,p,b,z,s,y,c,e,u,w,o,l,k,n,m,0
k,g,e,b,c,f,d,n,w,t,?,f,k,g,y,u,n,t,l,w,s,m,0
k,f,e,t,p,n,c,b,k,b,?,f,s,o,p,u,n,t,s,w,c,m,0
x,g,r,t,l,a,w,b,n,b,?,f,y,c,e,p,w,o,e,h,c,g,0
b,g,y,t,n,d,c,n,k,b,u,f,y,y,o,p,w,n,f,w,t,g,0
b,g,b,b,c,a,c,b,w,b,e,k,k,c,y,p,w,n,z,k,t,p,0
f,s,g,b,s,a,w,n,b,t,b,s,s,p,c,p,o,o,s,w,t,d,0
s,f,p,t,p,d,d,b,g,t,e,y,y,w,o,u,n,n,c,h,s,w,0
k,g,y,b,s,f,d,n,b,t,c,y,f,p,e,u,w,t,n,k,v,g,0
x,y,g,t,s,d,w,b,e,b,?,f,f,g,o,p,w,t,f,w,n,m,0
x,f,c,b,n,f,c,n,k,b,e,k,k,w,w,u,w,n,z,w,t,l,0
c,s,g,b,s,d,w,n,o,t,u,f,y,n,w,p,n,t,z,o,v,w,0
x,g,c,t,p,f,w,b,y,b,u,s,f,e,w,p,w,o,z,k,n,u,0
b,s,c,t,f,a,w,b,b,b,?,f,f,n,p,p,y,t,f,k,a,u,0
k,y,e,t,n,n,c,b,o,b,c,s,s,p,o,p,y,o,f,o,n,p,0
s,y,y,b,c,f,w,b,b,t,?,s,k,o,y,u,w,n,s,y,c,l,0
k,y,c,t,c,d,w,b,b,b,c,s,y,g,g,p,y,n,e,h,c,u,0
s,g,r,b,a,a,c,n,p,t,e,s,f,n,b,p,n,n,e,n,a,p,0
f,f,u,t,n,a,w,n,k,t,r,y,s,n,n,u,w,t,l,b,a,m,0
c,g,u,t,m,a,c,b,g,b,c,f,s,p,b,p,n,n,p,h,s,u,0
b,s,n,b,m,n,c,n,k,t,e,k,k,c,c,u,w,t,z,k,s,d,0
k,y,e,b,f,f,c,n,w,b,r,k,k,o,g,u,o,o,z,h,t,u,0
f,s,e,b,y,a,c,b,y,b,c,y,s,b,p,u,o,o,p,u,c,m,0
k,f,p,b,s,f,w,n,o,b,z,k,s,p,y,p,w,t,z,r,a,d,0
x,f,p,b,n,f,d,b,w,t,z,s,k,p,b,u,y,n,c,o,a,w,0
b,f,p,t,a,d,w,n,w,t,u,y,k,y,g,u,y,o,z,h,a,d,0
k,y,u,t,y,d,c,n,r,t,u,f,f,o,e,u,n,o,n,w,t,w,0
b,g,b,t,s,f,w,n,h,b,e,k,k,n,b,p,y,n,l,y,c,g,0
x,f,e,t,m,n,w,n,e,b,e,f,k,y,b,p,o,t,p,n,a,w,0
k,s,u,b,p,n,d,b,u,t,c,s,f,b,b,u,n,o,n,h,t,w,0
c,y,r,t,l,a,d,n,u,b,z,k,k,p,y,u,o,n,n,r,v,w,0
k,y,e,b,l,f,w,b,b,t,e,k,y,b,g,u,o,t,l,o,a,p,0
c,y,y,b,y,f,w,n,y,b,b,k,k,y,w,p,n,t,n,o,s,d,0
x,g,w,t,a,f,d,n,o,b,c,f,s,b,y,u,w,t,f,b,v,p,0
b,s,b,t,c,f,d,n,r,t,c,k,s,w,p,u,y,o,e,w,a,w,0
b,y,e,t,y,a,d,n,g,b,c,s,y,e,b,p,w,t,n,y,t,p,0
c,s,b,t,c,d,d,n,g,b,b,s,y,o,g,p,n,t,z,o,s,m,0
f,s,p,t,y,f,d,n,p,t,z,y,s,b,w,u,n,o,s,y,v,m,0
x,s,c,t,y,f,w,n,k,b,r,s,y,c,o,u,w,t,z,h,s,u,0
b,y,y,t,n,n,c,n,h,t,c,s,y,w,n,u,y,o,f,h,n,g,0
f,s,b,t,n,f,c,b,g,b,u,s,y,b,p,u,n,t,e,h,t,m,0
c,f,n,b,f,n,c,b,n,t,r,k,k,c,y,u,y,t,p,k,c,l,0
b,g,p,t,f,n,d,n,e,b,b,y,k,b,g,p,n,n,s,y,v,l,0
s,f,n,b,s,a,w,b,b,b,e,y,s,e,y,p,o,t,n,k,t,d,0
k,y,p,t,l,n,w,n,y,b,b,y,f,w,o,p,o,n,s,b,a,m,0
s,f,n,t,f,d,c,b,h,t,b,f,k,g,o,u,y,n,s,w,c,p,0
s,s,e,t,f,f,d,n,w,b,?,k,k,w,c,u,o,o,s,h,t,d,0
x,s,w,b,l,d,d,b,h,t,c,y,s,n,n,p,w,t,l,k,n,p,0
k,s,c,t,y,a,w,n,e,t,b,f,f,e,n,p,w,o,z,o,v,d,0
b,g,c,b,y,f,c,b,g,t,u,k,f,w,y,p,o,t,e,b,t,p,0
b,y,p,b,y,a,w,b,b,t,z,k,y,n,y,p,y,o,f,y,v,d,0
k,s,n,t,f,a,w,b,g,t,u,s,k,n,n,p,n,n,s,k,a,w,0
s,f,e,b,c,a,d,n,p,b,?,s,f,g,w,u,n,n,n,n,n,l,0
b,g,r,b,c,d,d,n,w,b,?,s,s,g,e,u,y,t,s,u,v,d,0
b,f,g,b,s,f,d,n,p,t,z,y,y,o,n,u,y,n,n,r,s,u,0
f,f,e,t,a,f,c,b,e,b,?,y,k,c,e,p,n,n,e,h,n,m,0
x,s,n,b,f,n,d,n,r,t,b,f,s,g,e,p,y,t,f,y,n,l,0
s,y,y,b,m,d,c,b,k,t,r,k,f,p,p,p,n,n,f,n,t,p,0
b,s,w,t,f,n,w,n,r,t,b,y,f,e,e,u,w,n,e,o,n,g,0
s,g,y,b,s,n,d,b,p,b,e,y,y,e,o,u,y,o,n,h,v,w,0
x,y,g,b,y,f,d,b,w,t,?,f,s,o,p,u,o,t,l,w,a,p,0
k,g,e,t,a,a,w,b,b,b,b,k,s,w,p,p,n,o,e,r,n,d,0
f,f,c,t,f,n,w,b,h,b,c,f,y,g,n,p,n,n,l,k,c,l,0
s,y,p,t,n,a,c,b,e,b,?,f,s,n,w,u,o,n,z,b,a,w,0
b,s,r,t,a,a,w,n,b,b,r,f,s,g,o,p,y,o,l,k,c,m,0
x,y,y,b,n,d,d,b,y,b,?,f,f,c,o,p,y,o,e,h,n,d,0
x,s,e,t,p,d,c,b,u,t,u,y,f,n,p,u,n,o,z,w,a,g,0
b,f,u,t,m,f,c,b,n,t,c,f,f,w,n,p,y,o,c,o,n,u,0
f,y,g,t,n,n,c,n,g,t,e,f,y,o,e,u,o,n,l,b,s,g,0
x,f,n,t,a,d,c,b,w,t,c,f,k,b,g,u,n,t,l,n,s,p,0
x,s,y,b,l,d,w,n,w,t,z,y,s,b,w,u,o,o,p,h,a,d,0
c,f,r,b,m,d,c,n,e,b,u,s,f,y,y,p,y,n,n,n,v,g,0
k,y,g,b,m,a,d,n,o,b,?,y,k,y,e,u,n,o,s,r,v,l,0
f,f,w,t,n,n,w,n,u,b,z,k,y,n,b,p,y,t,s,r,c,l,0
x,g,b,b,n,n,w,b,b,t,b,k,s,o,w,p,n,n,p,o,c,l,0
x,s,g,t,f,f,d,b,o,b,r,f,s,c,p,u,y,t,p,h,c,l,0
k,y,e,b,a,d,w,b,g,t,r,k,f,e,y,u,y,o,n,u,c,l,0
f,g,e,b,y,f,d,b,h,b,u,y,s,y,g,u,o,o,n,o,c,g,0
s,s,r,t,s,d,d,b,h,t,z,s,y,w,n,p,w,n,c,b,v,l,0
c,s,p,b,a,d,c,n,w,t,?,s,y,g,o,u,o,t,c,k,s,m,0
f,f,r,t,f,f,w,n,b,b,z,s,f,b,g,u,y,t,c,w,n,d,0
k,y,y,b,c,f,d,n,o,b,b,y,k,e,g,u,n,n,n,o,n,w,0
s,y,n,t,l,n,w,n,o,t,?,y,k,b,n,u,o,o,c,u,v,w,0
s,s,e,b,a,f,c,b,g,b,e,s,f,w,y,u,w,o,l,w,v,u,0
s,f,g,t,y,f,c,b,w,t,u,k,f,p,c,p,o,o,s,k,t,m,0
f,f,p,b,y,d,d,b,g,b,b,s,f,n,y,p,w,t,p,h,t,m,0
f,s,c,t,m,a,w,b,r,t,u,y,k,n,y,p,o,t,p,o,t,d,0
s,f,g,t,p,d,c,b,h,b,u,s,f,p,b,p,n,n,l,y,c,l,0
x,y,u,b,y,a,w,b,b,t,?,y,f,n,n,p,n,n,z,h,t,w,0
k,s,y,t,m,f,c,b,g,b,b,s,y,y,o,u,w,t,s,b,a,p,0
b,y,y,t,a,n,c,n,n,b,b,y,s,n,b,p,w,t,z,y,c,m,0
f,s,w,b,a,d,w,n,g,t,e,s,f,c,o,p,n,o,l,k,a,d,0
x,s,u,b,m,n,c,b,p,t,c,f,f,p,y,u,y,o,p,o,t,d,0
b,g,r,t,y,a,w,b,b,t,b,f,k,n,g,u,o,o,p,u,s,p,0
f,g,w,b,m,a,w,n,k,b,?,s,k,p,g,u,w,t,n,k,n,p,0
k,f,g,b,p,d,d,n,p,t,?,k,y,b,e,u,o,o,n,n,c,g,0
f,f,e,t,y,f,w,n,h,t,u,y,f,o,b,u,y,t,z,o,v,m,0
f,f,e,t,l,d,w,n,y,t,z,y,f,y,g,u,y,o,e,h,s,g,0
f,f,p,b,c,d,w,n,b,t,b,s,y,o,e,u,n,o,f,o,s,g,0
s,g,w,b,l,d,w,n,n,b,c,y,k,c,e,u,n,n,e,y,v,l,0
f,f,y,b,l,a,c,n,n,t,b,s,y,e,o,p,y,n,z,n,s,g,0
c,s,p,b,f,f,w,b,o,b,e,k,f,p,b,u,n,n,z,o,v,w,0
f,y,r,b,f,n,d,b,k,t,e,s,y,o,c,u,y,n,z,k,n,u,0
k,s,w,t,s,f,w,b,o,t,b,k,f,b,o,u,y,o,e,n,a,u,0
x,f,n,t,a,d,d,b,r,t,?,k,y,g,w,u,w,t,c,w,c,m,0
c,f,e,t,l,n,c,n,g,b,?,s,f,p,n,p,n,t,z,u,t,u,0
s,y,n,t,s,f,c,n,u,b,?,k,s,g,b,p,n,t,l,r,v,w,0
c,y,y,b,a,a,c,b,u,t,e,k,f,o,n,p,n,n,f,b,a,d,0
s,g,c,b,l,d,c,n,g,b,?,k,f,o,n,u,y,t,z,o,c,w,0
k,s,w,t,m,a,w,b,g,t,r,f,s,w,y,p,n,t,z,n,c,l,0
k,f,c,b,s,a,w,n,p,t,?,y,k,b,n,u,o,t,p,h,a,d,0
k,s,b,t,p,f,w,b,k,b,c,s,k,g,y,u,o,t,c,w,n,d,0
s,f,p,b,s,a,c,n,b,t,z,k,f,o,g,p,w,o,p,y,v,w,0
b,y,b,t,f,f,d,b,k,b,z,s,s,o,p,p,w,o,p,r,n,l,0
k,s,b,t,n,a,w,b,n,t,e,y,f,n,e,u,o,n,f,n,c,g,0
f,f,b,t,c,n,w,b,b,t,u,f,f,g,o,u,o,n,c,o,t,g,0
b,f,c,b,s,d,c,n,k,t,e,y,s,n,c,p,n,t,c,u,s,d,0
k,y,u,b,f,n,w,n,n,b,c,f,f,e,o,p,w,n,p,k,a,g,0
b,f,w,t,m,n,c,b,p,b,r,y,y,o,g,u,y,o,f,n,t,w,0
c,g,u,t,m,a,d,b,e,b,e,s,y,g,b,u,o,t,n,o,n,w,0
s,y,n,b,p,d,c,b,u,b,z,y,f,n,y,u,o,t,f,w,a,l,0
k,y,y,b,p,n,d,n,e,t,u,k,s,e,n,p,y,n,f,n,a,w,0
k,f,g,b,s,n,w,n,w,b,b,s,s,e,g,u,n,n,n,r,a,m,0
k,y,r,b,p,n,d,b,n,b,?,k,y,y,o,u,w,o,n,b,n,g,0
f,y,g,t,y,a,d,b,w,t,e,k,s,c,w,u,o,o,l,n,n,d,0
c,s,r,b,n,f,w,n,n,b,z,y,s,p,y,u,y,t,s,n,a,d,0
f,s,c,b,m,d,w,n,n,t,?,s,s,b,y,u,o,n,p,h,t,p,0
k,y,r,t,m,n,c,b,y,b,z,y,y,e,c,p,w,t,s,h,t,w,0
b,s,u,t,a,d,d,n,o,b,u,y,f,w,c,p,n,n,z,u,t,g,0
b,f,n,b,m,f,c,b,n,t,e,k,y,b,o,p,w,t,l,w,a,l,0
f,y,p,b,f,d,d,b,u,b,b,k,k,n,e,u,w,o,f,w,t,u,0
k,f,c,t,c,f,w,b,p,b,c,k,s,c,y,p,o,o,p,b,n,p,0
b,y,w,b,m,d,w,b,h,t,?,f,y,c,w,p,o,o,z,b,s,u,0
x,s,y,t,s,f,d,b,w,b,r,s,s,g,p,u,y,o,f,n,s,w,0
b,y,c,t,n,n,w,b,b,b,z,k,k,g,p,p,n,t,c,h,a,l,0
s,s,e,b,n,a,c,n,p,b,z,f,f,g,e,p,o,n,f,y,v,m,0
f,g,w,b,m,f,w,b,w,t,?,k,y,p,o,p,w,o,s,n,n,d,0
c,f,u,t,l,f,w,n,b,b,z,s,f,p,p,p,w,n,l,b,v,w,0
s,s,n,b,n,n,c,n,n,t,z,k,f,w,b,p,w,n,e,h,v,u,0
x,g,b,t,l,f,w,n,w,b,e,f,s,y,b,p,n,t,l,h,v,w,0
c,g,u,t,m,n,c,b,w,t,?,y,k,n,y,p,y,n,e,w,t,g,0
s,f,r,b,s,a,c,n,e,t,?,k,f,p,b,u,n,o,p,b,a,w,0
b,g,c,b,f,n,d,n,h,b,z,y,y,n,o,u,w,o,n,u,v,m,0
f,g,r,t,m,n,c,n,h,t,r,y,k,c,g,u,n,n,z,b,c,u,0
x,y,n,b,n,d,c,b,p,b,?,k,s,w,w,p,o,t,c,h,s,m,0
k,g,g,t,y,f,w,b,n,t,u,s,s,p,b,u,o,o,f,n,n,l,0
f,s,u,b,l,a,w,b,r,b,b,y,k,g,b,u,n,o,c,u,s,w,0
x,f,b,t,n,n,d,b,e,t,z,s,s,n,p,p,w,o,z,u,n,p,0
x,s,e,t,a,d,d,b,o,t,u,f,s,n,g,p,w,t,l,y,a,l,0
x,g,g,t,n,n,w,b,r,t,b,s,f,g,n,p,o,o,n,r,a,p,0
c,s,g,t,a,f,c,b,y,b,c,f,f,e,w,p,w,n,l,r,c,u,0
f,y,u,b,c,f,w,n,n,b,z,f,y,g,e,u,w,o,c,k,s,g,0
k,s,w,b,p,d,w,b,r,b,c,y,s,n,g,p,o,n,z,w,c,d,0
x,f,b,b,n,a,c,n,n,t,r,y,s,w,e,p,n,n,z,h,t,l,0
c,y,c,t,c,n,w,n,n,b,?,f,f,w,g,p,y,n,z,u,s,l,0
f,s,r,t,s,a,w,n,k,b,b,k,s,o,n,p,o,t,p,r,s,m,0
x,y,e,b,l,d,w,b,r,t,z,f,k,b,w,p,y,t,l,h,t,l,0
b,f,c,t,n,f,w,n,n,t,b,k,s,c,e,p,w,n,f,u,c,p,0
k,g,p,b,m,a,w,n,r,t,e,k,f,b,g,p,o,t,l,o,c,l,0
b,s,c,t,l,n,w,n,g,b,u,s,y,g,c,u,n,n,c,n,s,g,0
x,f,p,t,s,d,w,n,u,t,c,k,y,n,b,p,y,t,f,h,s,l,0
f,g,c,t,n,f,c,n,u,t,b,y,k,w,n,p,o,n,l,r,a,d,0
k,s,b,b,l,f,w,n,y,b,?,f,s,e,p,p,n,n,f,y,v,u,0
b,g,w,t,a,d,w,b,k,b,r,y,s,e,y,p,o,t,c,u,n,m,0
b,y,e,b,m,a,w,n,p,b,r,y,y,w,b,p,n,n,l,o,c,l,0
c,f,b,b,f,d,c,b,e,b,u,k,y,y,p,p,n,n,n,r,s,l,0
f,g,r,b,y,a,d,n,r,t,b,k,y,n,c,p,o,o,l,n,t,g,0
k,y,e,b,l,a,w,b,n,t,e,f,f,g,p,p,w,n,e,y,s,l,0
x,f,p,t,m,f,d,n,r,t,?,s,k,b,c,p,o,t,n,n,n,u,0
x,s,u,t,p,a,c,b,b,t,e,f,k,w,c,u,o,o,l,u,c,d,0
s,y,w,t,f,n,c,b,r,b,u,s,f,n,n,u,n,o,p,b,v,l,0
k,s,y,t,c,a,w,n,r,b,u,y,s,p,w,u,o,t,f,b,n,m,0
x,y,g,b,s,d,c,b,g,b,r,y,f,p,e,p,n,o,c,r,v,m,0
b,s,b,t,p,a,w,n,w,b,e,y,f,g,n,u,o,t,f,k,n,w,0
c,y,b,t,p,a,c,n,h,b,r,f,f,y,e,u,n,o,p,n,a,w,0
b,g,r,b,y,f,c,n,w,t,u,s,y,n,e,u,o,t,s,u,c,w,0
b,f,r,b,y,n,c,n,e,t,?,f,f,b,n,p,n,o,f,r,s,g,0
k,y,n,b,n,f,w,n,g,b,c,f,f,p,n,p,o,t,n,n,a,w,0
b,y,c,b,c,n,w,b,y,t,b,y,k,b,n,u,w,t,f,r,c,g,0
c,s,n,t,n,f,w,b,p,b,z,y,s,g,w,u,w,t,n,k,t,m,0
s,s,g,b,l,n,d,n,r,t,z,y,y,b,c,u,o,t,c,r,c,p,0
x,s,n,t,n,n,c,n,b,t,b,y,s,e,e,u,o,o,z,h,s,l,0
k,g,w,b,l,f,c,b,k,b,?,y,k,b,e,p,n,n,e,w,a,m,0
k,g,e,t,p,n,w,b,n,b,r,s,y,w,o,p,y,t,p,u,c,w,0
f,s,w,t,l,n,w,b,n,b,c,y,s,o,b,p,o,n,f,k,s,w,0
f,g,c,t,n,a,d,b,b,b,z,y,s,n,p,u,w,o,z,y,n,w,0
f,s,b,t,f,f,d,n,b,t,r,f,s,c,c,u,n,n,z,u,t,m,0
k,g,b,t,s,d,w,b,g,t,e,y,f,y,b,p,n,n,c,b,c,g,0
x,f,g,t,f,d,w,n,u,t,c,f,y,b,p,u,y,n,f,b,a,l,0
b,y,r,b,y,n,w,b,g,t,z,s,s,w,p,u,o,n,s,h,t,m,0
c,f,u,t,a,n,w,b,n,b,r,s,s,o,o,u,y,o,z,n,c,d,0
c,f,e,t,f,n,c,b,g,b,r,f,y,y,w,u,y,o,p,u,c,g,0
k,g,w,t,y,d,c,n,e,b,r,f,f,e,b,p,y,n,l,b,c,w,0
f,f,w,t,n,f,c,b,p,b,u,y,k,o,c,p,w,o,s,b,n,l,0
b,g,n,t,m,a,c,n,h,t,c,s,s,p,p,u,y,t,p,r,c,m,0
s,f,b,b,a,a,w,b,b,t,e,k,k,g,w,u,n,o,s,o,v,l,0
b,s,g,b,m,f,w,b,h,t,?,f,f,e,c,p,o,o,n,h,s,w,0
c,y,c,b,f,a,d,b,b,b,c,s,s,b,o,p,n,n,p,r,c,g,0
f,y,r,t,f,a,w,b,y,b,b,y,k,c,y,u,n,o,l,u,n,u,0
x,y,c,t,c,n,d,b,k,b,c,f,s,g,b,u,n,t,l,u,t,g,0
c,y,e,t,f,d,c,b,b,t,?,s,y,b,b,u,n,t,l,r,a,p,0
f,y,b,b,n,a,c,b,r,t,e,k,k,n,b,p,n,o,l,o,a,u,0
b,y,n,t,f,n,w,b,u,t,r,s,f,g,o,p,y,t,c,b,v,d,0
f,g,g,t,y,a,w,n,u,b,c,y,y,y,e,u,n,n,l,w,s,g,0
b,f,c,t,n,d,d,n,h,b,e,s,f,c,g,p,w,t,e,n,a,p,0
c,f,r,b,a,d,d,n,e,b,z,s,y,p,b,u,y,n,e,k,c,d,0
b,g,g,t,l,a,w,b,o,b,z,k,y,p,c,p,o,n,p,k,t,m,0
k,y,e,b,y,n,w,b,p,b,c,f,y,c,c,u,n,o,l,u,n,m,0
b,y,u,b,f,n,w,b,n,t,u,y,f,b,n,u,n,n,l,y,s,l,0
f,g,e,t,m,a,c,n,p,t,c,k,k,y,e,p,n,n,f,n,s,m,0
s,g,b,t,c,n,w,n,o,t,e,f,f,p,p,p,y,n,f,u,t,d,0
s,y,p,b,c,f,d,b,r,t,e,k,y,c,p,p,y,n,s,y,c,p,0
x,s,r,t,l,n,w,n,g,b,u,y,s,w,y,u,w,t,e,u,n,u,0
c,g,w,t,p,f,d,n,w,b,?,k,y,n,n,u,o,n,e,h,c,p,0
k,f,g,b,n,n,d,n,k,t,r,y,s,e,y,p,n,t,f,n,a,w,0
b,s,g,b,y,a,w,n,w,b,b,y,s,e,y,p,y,t,c,k,s,g,0
k,s,y,b,c,d,c,b,e,b,u,f,s,c,g,p,y,o,p,h,a,d,0
f,f,y,t,a,a,w,n,u,t,z,s,y,b,c,u,w,o,p,u,t,d,0
x,g,c,t,m,a,c,b,k,b,u,k,k,y,w,u,n,o,z,o,c,l,0
f,g,g,b,c,d,d,n,b,b,r,k,k,c,w,p,w,t,n,b,v,w,0
x,g,c,t,f,a,w,b,u,b,r,k,s,o,n,u,y,n,l,w,s,d,0
k,s,b,t,s,f,d,n,p,b,r,f,f,o,g,p,n,n,c,u,c,w,0
x,g,u,b,f,f,w,b,y,b,z,k,f,c,p,u,n,n,f,r,t,g,0
f,g,b,t,m,n,w,n,p,b,?,k,k,c,g,u,n,n,c,n,v,u,0
x,g,u,b,c,n,c,b,w,b,?,f,y,y,n,u,y,n,p,b,s,l,0
c,y,y,b,p,f,w,b,e,t,b,y,y,b,g,p,o,t,e,o,a,u,0
k,f,r,t,m,f,c,n,w,b,b,k,s,n,c,u,y,o,e,y,v,g,0
c,g,y,b,p,d,w,n,y,t,e,s,s,n,o,p,n,n,s,u,t,u,0
f,s,e,b,n,f,w,b,k,b,r,y,k,o,p,p,o,t,l,k,a,l,0
f,f,y,b,f,n,w,n,k,b,b,k,s,o,e,p,w,t,e,u,t,m,0
s,f,n,t,c,n,w,n,b,t,u,k,y,n,b,p,w,n,l,u,a,p,0
k,f,y,t,l,f,c,n,g,b,e,s,s,o,o,u,w,t,s,r,a,p,0
k,y,u,t,c,d,c,b,h,t,b,k,f,y,y,u,o,o,p,b,v,d,0
c,s,e,t,c,f,d,n,r,b,r,s,f,b,n,p,o,o,n,h,v,g,0
b,g,b,t,m,f,c,n,u,b,c,s,k,y,e,u,w,o,z,h,v,u,0
k,s,b,b,f,f,w,n,g,t,?,y,k,g,g,u,o,n,f,w,n,p,0
c,f,b,t,s,f,d,n,o,b,u,y,s,w,c,p,w,o,n,o,t,g,0
k,f,g,t,m,d,c,b,u,b,c,k,k,n,g,u,y,t,p,b,s,g,0
b,f,y,b,a,f,d,n,u,t,r,f,k,b,n,p,n,t,e,n,a,m,0
x,y,c,b,y,d,w,b,r,b,b,k,k,b,g,u,w,n,f,r,s,m,0
f,y,g,b,c,d,c,n,y,t,e,s,k,w,c,u,w,t,s,y,t,w,0
c,f,e,t,m,a,d,n,b,t,?,s,f,y,b,p,n,t,p,h,c,d,0
k,g,u,b,f,d,d,n,n,b,c,s,s,c,w,p,n,t,e,h,c,w,0
k,g,w,b,y,f,c,n,b,b,z,y,s,e,e,u,w,o,n,h,s,u,0
s,s,u,b,n,d,d,n,g,t,e,y,s,p,b,u,y,o,c,o,t,l,0
s,g,g,b,c,f,d,n,b,t,z,f,f,b,n,u,o,t,f,w,s,d,0
f,s,g,b,p,a,c,n,o,b,z,y,k,n,g,u,n,n,s,b,s,m,0
f,f,c,b,y,f,c,n,r,b,?,f,f,y,n,u,o,t,z,r,s,m,0
s,f,r,t,f,f,w,n,p,t,c,s,f,w,g,p,y,o,c,r,s,u,0
s,g,y,t,f,n,w,n,g,b,u,k,k,e,y,p,o,t,s,b,t,m,0
s,g,r,t,f,f,c,b,o,b,z,k,y,b,o,u,y,o,p,o,v,u,0
x,g,r,t,p,a,c,n,u,t,b,f,s,n,y,p,w,n,p,n,n,w,0
b,s,n,b,f,f,w,b,n,b,z,f,s,b,e,p,n,t,s,h,t,p,0
b,s,n,b,c,f,w,n,k,b,b,s,s,y,y,p,w,n,l,o,s,m,0
x,s,n,b,a,f,d,b,u,t,c,f,s,e,e,u,w,t,e,r,s,l,0
b,f,c,b,l,n,c,b,r,b,e,y,s,y,g,u,o,o,c,h,c,w,0
f,g,y,t,c,f,d,n,g,t,u,y,y,n,c,u,n,t,n,k,s,l,0
c,y,c,b,l,f,w,n,u,b,r,k,f,g,w,p,w,o,z,h,t,g,0
x,g,y,b,p,d,w,b,k,b,z,y,s,o,w,p,y,o,f,n,v,g,0
s,s,e,b,f,d,w,b,p,b,c,y,y,b,w,u,n,o,f,u,n,p,0
b,f,w,t,p,d,c,b,p,t,b,f,k,c,b,p,n,o,s,k,a,m,0
k,y,w,t,y,f,c,b,k,t,z,k,k,w,p,p,n,n,e,h,s,l,0
b,f,u,t,y,a,d,n,o,b,b,f,f,y,w,u,n,n,f,k,n,l,0
b,y,c,t,m,a,w,b,u,b,?,k,k,p,e,u,w,t,e,w,v,p,0
s,s,c,t,f,n,c,n,p,b,u,k,k,n,g,u,n,o,e,n,n,p,0
f,y,w,b,s,a,w,b,e,t,z,s,f,g,o,u,y,n,f,u,s,l,0
s,y,b,b,y,n,d,b,k,t,e,s,k,o,w,u,y,o,p,h,a,u,0
s,f,b,t,y,d,d,n,o,t,z,y,s,w,n,u,o,t,c,n,v,g,0
c,g,r,t,a,f,w,n,w,b,z,s,f,o,y,p,n,t,n,o,t,l,0
k,s,y,t,f,d,d,n,u,t,b,k,f,y,e,u,o,t,s,y,a,l,0
s,y,u,b,l,n,c,b,w,t,?,y,s,y,n,p,y,n,l,y,c,l,0
b,y,p,b,f,n,d,b,r,b,z,k,y,w,y,p,y,t,e,y,n,u,0
k,g,w,t,c,a,c,n,e,t,z,k,k,o,n,p,o,t,c,k,c,u,0
k,g,r,b,f,n,d,n,g,b,z,y,y,p,g,p,w,t,e,u,t,g,0
s,s,u,b,f,a,d,n,u,t,e,k,k,b,c,u,o,o,l,u,t,g,0
f,g,b,b,s,d,w,b,w,t,r,f,f,c,c,u,n,t,z,b,c,g,0
k,s,c,t,c,f,d,b,y,b,?,f,k,c,w,p,o,t,n,k,c,p,0
c,g,u,b,l,n,w,n,b,b,?,s,s,b,e,p,o,t,c,r,t,m,0
x,s,n,b,s,a,d,b,k,t,b,f,f,p,g,p,n,n,z,u,s,w,0
s,s,g,b,y,d,d,b,o,b,b,f,k,e,g,p,o,n,p,y,c,l,0
b,s,c,t,c,n,w,n,b,t,b,s,f,o,y,u,w,o,l,b,a,d,0
c,f,c,t,y,n,d,n,o,b,?,s,s,g,b,u,n,n,n,n,n,l,0
c,g,b,t,p,a,c,n,h,b,z,y,s,n,w,p,n,o,e,k,t,g,0
c,f,e,t,y,f,d,b,e,t,z,f,f,c,b,u,n,o,e,h,s,d,0
c,g,w,b,m,f,c,b,k,t,u,f,y,b,b,u,o,t,p,n,n,l,0
x,s,c,b,f,f,d,b,g,t,u,k,s,y,b,u,y,t,z,b,v,d,0
x,s,w,b,p,n,d,b,b,b,b,k,s,e,w,p,n,o,p,w,c,u,0
x,y,u,b,y,d,d,n,g,t,e,k,k,c,p,p,o,n,l,u,t,u,0
s,s,w,b,p,n,c,n,p,t,z,y,y,b,b,u,n,o,e,b,c,g,0
k,s,w,b,a,f,c,b,o,t,e,y,f,b,g,u,o,n,l,r,n,m,0
c,f,c,b,l,d,c,b,p,t,c,f,k,o,o,u,w,o,c,n,t,m,0
b,f,p,t,m,f,w,b,g,t,u,k,y,c,c,u,o,o,p,w,a,g,0
b,y,y,t,y,f,w,b,n,t,r,s,f,w,p,p,n,t,n,y,s,m,0
c,g,e,t,n,f,d,n,e,b,e,f,s,o,b,p,o,o,n,b,c,m,0
k,s,g,t,s,a,w,b,k,t,b,s,y,c,b,u,o,t,z,b,n,m,0
f,f,n,t,y,a,w,n,y,t,c,f,y,p,p,u,w,t,s,y,t,m,0
x,y,y,t,y,a,c,b,b,b,b,y,k,g,e,p,w,o,c,h,t,d,0
b,f,r,t,l,a,d,n,u,b,r,s,k,y,n,p,o,t,e,u,c,g,0
f,f,y,b,c,n,c,b,p,t,b,y,k,w,n,p,y,n,p,w,n,p,0
s,g,b,b,y,n,c,n,n,t,u,k,f,e,y,u,n,o,s,w,a,m,0
b,s,c,t,p,a,w,n,b,b,?,y,k,g,n,u,o,o,p,n,n,g,0
x,g,p,t,l,d,c,b,b,b,b,f,s,w,b,p,o,t,f,h,a,u,0
x,s,c,t,n,n,c,n,g,b,r,k,f,n,w,p,o,n,p,k,v,d,0
x,g,e,b,l,n,c,b,y,b,u,f,y,n,g,u,y,t,z,b,v,l,0
k,f,p,t,n,f,w,n,y,b,u,y,s,y,b,p,n,n,z,n,t,u,0
b,f,p,t,a,d,d,n,b,t,u,f,y,p,e,p,o,t,p,k,v,l,0
f,g,c,b,f,d,d,b,b,t,z,k,f,b,c,u,w,o,l,y,s,g,0
f,f,c,b,a,a,d,n,w,b,u,s,y,p,y,p,y,o,p,b,a,p,0
b,y,u,t,a,n,d,b,u,t,r,k,y,p,y,u,w,o,p,y,a,u,0
c,f,p,b,f,n,d,n,r,t,?,f,s,n,w,u,o,t,n,r,n,d,0
x,y,g,t,y,a,c,n,w,b,z,f,f,p,g,p,o,n,e,r,t,p,0
b,s,e,t,a,n,c,n,g,t,c,y,f,g,y,p,n,n,e,w,v,p,0
k,f,g,t,a,f,c,b,p,t,c,s,k,o,y,u,y,o,s,k,v,l,0
c,g,p,t,p,n,c,b,b,b,r,f,f,y,p,u,y,o,p,o,c,w,0
x,f,g,t,p,f,c,n,h,b,c,f,k,e,c,u,o,n,c,o,v,d,0
k,f,w,t,m,a,d,b,p,t,?,f,k,e,e,u,w,t,z,r,c,l,0
k,y,y,t,l,d,c,n,w,b,e,y,f,e,b,p,y,o,s,n,s,w,0
c,f,u,t,l,f,d,n,p,t,c,k,y,g,b,u,n,o,e,y,t,w,0
b,y,g,b,l,a,d,n,p,t,r,k,k,b,c,u,n,n,p,u,c,m,0
c,s,r,t,y,a,w,b,p,b,b,f,y,y,w,u,o,t,z,w,a,p,0
c,y,r,b,a,f,d,n,u,t,z,f,k,e,g,p,w,t,s,u,a,g,0
k,y,y,t,c,d,w,b,u,b,r,s,k,g,b,u,o,t,n,u,s,w,0
s,f,u,b,f,f,w,n,p,t,?,f,s,c,b,u,n,t,f,n,n,w,0
c,s,g,t,l,f,w,b,p,t,r,f,k,e,p,p,o,n,n,k,v,p,0
c,s,w,b,s,f,d,n,o,t,u,y,k,n,w,p,w,o,e,r,n,m,0
c,s,u,b,p,d,c,n,e,t,?,s,f,y,o,p,n,o,n,o,v,p,0
b,g,n,t,a,a,w,n,g,t,u,k,k,e,e,u,w,t,f,r,s,l,0
c,s,w,b,y,f,c,n,k,t,?,y,k,b,o,p,o,o,s,k,c,u,0
b,y,r,t,n,d,c,n,u,t,?,f,f,c,b,u,w,t,l,h,s,g,0
f,f,r,t,p,f,w,b,r,b,c,f,s,o,b,u,o,n,e,n,c,w,0
k,f,g,b,f,n,c,n,r,b,?,f,y,y,g,u,y,t,n,w,t,p,0
c,s,u,t,n,d,w,b,n,b,z,y,k,e,o,p,n,t,c,y,c,p,0
b,y,u,b,f,f,d,n,g,b,u,k,y,g,n,p,w,n,p,u,t,l,0
c,y,c,b,m,n,c,n,p,b,e,y,s,p,g,p,o,n,p,k,a,m,0
c,s,p,t,y,d,w,n,w,b,?,s,k,n,b,u,n,n,z,y,c,m,0
s,y,e,b,y,f,c,b,r,b,z,k,s,n,p,p,n,o,f,n,v,l,0
f,f,p,t,l,n,w,b,y,t,b,s,f,y,c,u,y,t,l,h,a,p,0
f,s,u,t,f,d,d,b,b,b,?,y,f,n,b,p,o,t,p,n,t,l,0
x,g,w,t,n,d,w,b,w,t,e,f,f,p,n,u,o,n,c,u,s,d,0
s,f,c,b,y,f,d,n,b,t,z,f,y,n,c,u,w,o,p,k,c,l,0
f,y,p,b,s,a,d,b,u,t,?,k,k,n,n,u,n,o,c,w,s,m,0
f,f,r,t,s,f,w,n,y,b,c,f,y,w,y,p,n,n,z,k,a,d,0
x,s,p,b,l,d,w,b,o,t,e,k,s,n,o,u,o,t,p,n,a,m,0
f,y,n,t,p,a,w,n,o,t,u,s,y,g,c,p,w,n,c,u,v,u,0
b,y,g,t,s,n,d,n,e,b,r,s,k,w,c,u,o,o,p,o,n,p,0
x,g,u,t,f,a,d,b,p,b,r,s,k,c,b,u,n,t,p,h,s,p,0
k,y,b,t,f,a,d,b,g,b,r,y,s,p,o,u,w,t,e,k,a,u,0
s,s,b,t,f,f,w,b,r,b,u,s,y,n,w,p,o,n,s,u,c,m,0
x,f,b,b,y,a,w,n,u,b,?,y,f,b,y,u,y,o,p,n,s,m,0
b,y,e,t,m,f,d,n,k,t,u,k,y,y,y,p,y,t,z,w,t,g,0
c,s,e,t,y,f,c,b,u,t,b,f,f,y,w,u,w,o,n,y,v,p,0
x,y,e,b,y,a,w,b,k,t,b,k,s,y,n,u,w,t,z,b,t,m,0
c,y,r,t,f,f,d,n,u,t,u,y,s,o,w,u,o,o,f,n,s,l,0
f,s,g,b,y,f,d,b,e,t,e,y,f,p,n,p,n,n,l,w,s,m,0
k,s,e,t,f,f,w,b,y,b,b,y,y,b,c,p,y,o,p,b,s,p,0
c,s,b,t,f,n,d,n,b,b,b,s,f,g,w,u,w,t,p,u,t,w,0
f,y,y,b,l,n,d,n,u,b,e,k,s,e,p,u,n,n,p,h,n,m,0
f,g,w,b,l,n,d,n,o,t,r,k,s,g,y,p,w,o,e,n,v,w,0
c,f,n,t,l,n,w,n,p,b,b,k,y,c,c,u,y,n,s,o,v,w,0
s,s,b,t,l,a,d,b,r,b,r,f,k,b,e,p,n,o,f,u,s,l,0
c,s,w,b,y,n,c,n,n,t,c,y,k,b,p,p,o,o,f,b,c,w,0
x,y,r,b,p,d,w,n,e,t,e,k,y,g,o,p,n,n,l,b,t,w,0
s,g,u,t,s,d,c,b,w,t,e,y,f,w,p,u,w,n,z,b,t,l,0
f,g,p,b,y,f,w,b,g,t,?,s,f,e,e,u,y,t,l,u,a,u,0
s,g,r,b,c,f,c,b,u,b,c,s,y,c,w,u,w,t,n,u,a,w,0
c,f,y,t,p,n,d,b,u,t,?,y,s,e,y,p,o,t,s,k,c,l,0
f,f,w,t,c,a,w,b,n,b,e,f,y,y,g,p,w,n,p,o,c,u,0
x,y,n,b,c,d,c,b,w,t,?,f,f,y,y,u,w,o,s,y,t,l,0
s,f,r,t,l,d,c,n,w,b,e,k,y,p,o,p,n,o,c,h,v,m,0
k,f,u,b,y,a,d,b,y,t,?,k,s,o,e,u,y,t,l,k,s,l,0
x,f,e,b,m,f,d,n,b,t,e,y,k,y,e,p,n,o,f,n,v,m,0
c,y,u,t,y,n,c,n,y,t,u,f,y,g,w,p,y,t,e,k,n,u,0
b,g,e,t,m,a,c,n,h,t,?,s,s,c,n,u,w,o,e,y,c,w,0
c,y,e,t,p,a,d,b,e,t,z,s,s,p,e,u,n,n,z,b,t,p,0
f,s,y,b,l,a,w,n,e,b,r,k,k,e,w,p,y,o,n,b,v,d,0
s,y,e,t,p,a,d,b,u,b,b,k,y,o,y,u,n,o,e,w,s,m,0
f,f,y,t,s,d,c,b,o,b,e,y,f,n,w,u,w,o,n,k,c,p,0
f,y,p,t,s,f,d,n,r,b,b,f,k,c,w,u,y,n,c,b,t,p,0
x,s,y,t,l,n,w,n,k,t,b,s,y,y,w,u,y,o,l,n,s,l,0
b,f,c,b,n,d,w,b,n,b,?,s,f,o,e,u,n,o,c,k,a,d,0
k,f,c,b,a,n,w,b,y,t,c,y,k,c,p,u,n,n,l,r,t,m,0
x,s,p,t,l,n,w,n,o,t,?,k,s,p,o,p,y,t,c,y,n,m,0
s,g,w,b,f,d,d,b,g,t,?,y,s,p,c,p,y,o,s,h,t,d,0
b,s,w,t,l,a,w,b,g,b,z,s,f,o,y,u,w,n,l,w,a,w,0
b,f,c,b,y,a,w,b,e,t,u,f,f,y,p,u,o,t,n,h,t,u,0
x,y,u,t,n,a,d,b,n,t,c,s,y,n,g,p,w,n,c,k,a,l,0
k,g,p,t,m,n,w,n,r,b,u,f,f,o,o,p,o,t,c,u,t,m,0
c,g,e,b,a,a,c,b,y,b,u,k,s,y,w,u,y,o,s,y,t,m,0
x,s,b,b,m,a,d,n,g,t,b,s,f,o,c,u,o,n,e,w,n,m,0
s,f,r,t,y,n,c,n,p,t,u,k,s,n,w,p,w,o,n,h,c,m,0
c,y,w,t,c,d,w,n,r,b,u,y,s,w,c,p,n,o,f,w,t,d,0
k,f,u,t,f,n,w,b,o,b,?,y,s,g,e,p,y,t,z,y,v,g,0
b,f,g,t,c,n,d,b,p,t,r,y,s,b,p,u,n,t,s,w,s,m,0
s,g,r,b,s,a,d,n,k,t,z,y,f,c,p,u,n,n,p,o,n,p,0
b,s,w,t,l,a,c,n,h,b,z,y,y,g,g,p,o,o,p,y,c,u,0
k,g,r,b,p,f,d,b,e,t,?,k,f,p,e,p,o,o,l,b,c,l,0
f,y,p,b,y,a,c,n,r,t,u,y,y,g,c,u,w,o,s,u,s,d,0
s,f,g,t,n,n,d,b,y,b,b,k,k,e,o,p,y,t,s,y,s,l,0
k,g,r,t,s,f,w,n,e,b,c,s,s,g,w,p,y,n,l,o,a,g,0
k,g,g,b,n,f,d,n,w,t,b,s,s,c,c,u,w,o,e,b,c,l,0
s,y,e,t,a,a,w,b,u,t,z,k,f,n,w,u,o,t,n,w,c,w,0
c,f,b,t,c,a,c,n,o,t,u,k,s,p,y,p,w,o,f,h,n,l,0
b,y,n,t,m,n,c,n,n,t,u,k,s,n,g,p,y,o,l,u,t,m,0
c,g,g,b,s,d,d,b,h,t,r,y,k,o,p,p,w,n,n,k,s,u,0
s,y,e,t,f,d,c,n,n,t,e,y,k,n,e,u,y,o,p,y,n,l,0
s,f,c,t,f,d,c,n,w,b,c,s,s,n,c,u,n,n,p,u,t,w,0
f,g,y,t,f,f,c,b,h,t,r,s,s,w,y,u,n,o,n,u,s,w,0
f,s,u,t,c,f,c,n,o,b,u,s,y,p,b,p,y,o,f,n,n,l,0
s,f,u,t,y,f,d,n,r,t,r,f,f,w,c,u,w,n,s,r,c,d,0
c,s,y,t,s,d,c,b,n,b,r,f,y,g,e,p,w,o,e,u,c,l,0
c,f,c,b,f,f,d,b,w,b,e,f,s,o,e,p,o,o,n,b,t,l,0
k,f,p,t,a,n,d,n,g,b,c,s,s,w,w,u,y,t,z,k,s,l,0
c,s,y,b,l,a,c,n,b,t,u,y,f,g,y,p,y,t,l,y,s,w,0
c,g,u,t,n,f,d,n,r,t,?,k,f,o,p,p,w,n,l,k,n,p,0
f,f,p,b,y,d,d,n,e,b,?,k,f,w,w,u,o,o,z,y,t,u,0
f,g,g,t,p,n,w,n,b,t,u,f,s,b,b,p,y,n,p,h,c,g,0
s,s,r,t,a,f,c,n,b,b,b,s,k,o,g,p,n,n,n,b,t,u,0
c,y,p,b,c,f,c,b,h,t,e,f,s,n,g,u,w,n,l,u,n,g,0
b,g,c,b,l,d,c,b,k,t,c,f,y,n,w,u,n,n,e,o,a,m,0
k,y,g,t,a,d,w,n,k,t,e,y,y,g,g,p,o,o,e,b,v,u,0
s,f,n,t,s,a,w,b,w,t,?,f,y,y,p,u,o,n,l,n,s,d,0
k,s,b,t,n,d,d,b,o,b,e,y,y,g,w,u,o,t,l,h,v,w,0
f,s,g,b,y,a,w,b,y,b,u,s,y,o,p,p,o,t,l,u,s,g,0
k,f,p,b,s,f,d,n,o,t,r,s,k,w,b,u,w,t,z,n,n,d,0
x,y,e,b,c,a,c,b,p,t,u,f,y,e,w,u,y,t,p,k,s,w,0
s,y,y,b,c,d,w,b,w,t,b,k,y,e,o,u,y,o,l,r,a,w,0
x,g,w,b,m,a,d,b,e,t,r,k,y,y,n,p,w,t,z,y,c,m,0
c,y,r,t,m,f,d,b,g,b,e,k,y,o,b,u,o,t,c,w,v,w,0
k,f,r,b,m,a,d,n,p,b,?,y,k,c,w,u,y,o,l,o,s,g,0
b,g,r,t,n,n,w,n,w,b,c,k,k,c,b,p,w,t,c,k,v,d,0
c,s,w,t,a,f,c,n,r,t,z,s,k,y,g,p,y,t,p,h,v,u,0
b,f,y,t,f,f,w,b,o,b,r,f,f,b,g,u,o,n,c,r,v,u,0
b,s,n,t,n,f,w,b,b,t,r,f,s,g,o,u,n,n,f,h,c,l,0
s,s,r,t,n,n,w,b,u,t,?,y,s,n,y,u,o,n,n,n,c,g,0
c,s,e,b,p,a,d,b,u,t,b,f,f,n,e,u,w,t,n,n,s,l,0
f,g,n,b,s,d,d,b,w,b,b,k,y,y,e,p,n,n,f,w,c,d,0
s,g,g,t,y,d,d,n,n,b,r,y,s,n,o,p,o,n,z,k,t,u,0
b,f,g,b,p,f,w,n,y,t,c,s,k,g,y,u,o,o,l,o,c,w,0
f,f,u,b,s,n,c,n,u,t,e,f,y,p,g,u,w,t,f,h,v,l,0
s,g,e,b,l,f,w,n,k,t,r,f,s,w,b,u,o,t,l,b,v,w,0
f,f,e,t,l,d,w,n,o,t,r,k,f,e,o,u,w,n,p,h,t,u,0
c,g,u,b,f,a,w,b,h,t,z,f,k,e,g,p,o,o,n,b,n,m,0
b,s,y,t,m,n,w,n,k,b,z,f,y,g,o,u,n,o,p,h,t,d,0
b,f,c,b,s,f,c,n,b,b,e,y,f,n,p,p,o,t,e,n,a,u,0
b,s,r,b,s,d,c,b,o,b,e,y,k,p,c,p,n,n,e,n,v,u,0
s,s,w,t,p,d,d,b,y,b,u,k,k,n,y,p,o,n,p,h,a,d,0
b,g,e,t,a,a,w,n,e,t,c,k,f,p,c,p,w,n,p,n,t,p,0
f,f,w,t,a,a,w,n,r,b,u,s,y,n,y,p,y,t,c,k,v,u,0
k,s,n,b,l,d,c,n,u,b,r,f,y,c,y,u,o,t,c,o,t,d,0
k,s,n,b,a,n,d,b,k,t,e,y,f,w,w,u,n,o,l,y,c,l,0
s,s,e,b,m,d,w,b,p,t,u,y,f,y,g,p,n,t,p,y,c,p,0
x,f,r,t,n,n,c,n,y,t,z,f,f,g,c,u,n,n,e,n,c,p,0
b,s,p,b,y,f,w,b,k,t,z,k,f,y,c,u,w,t,l,b,v,m,0
c,g,b,t,f,f,c,n,b,t,z,k,y,w,y,p,y,o,z,y,s,w,0
f,f,w,b,a,d,c,n,b,t,e,y,k,w,b,p,y,o,e,h,t,l,0
x,g,c,b,p,a,c,n,b,b,z,f,k,y,o,u,w,t,l,w,v,u,0
k,g,u,b,s,d,c,b,h,t,?,f,f,p,b,u,n,o,s,k,t,p,0
x,s,w,t,l,f,w,b,y,t,u,k,k,o,p,p,n,n,p,n,a,w,0
s,s,b,b,y,n,d,b,k,b,c,f,s,g,w,p,w,o,e,h,c,l,0
c,g,e,t,l,n,w,b,r,t,?,s,k,p,g,u,n,o,l,w,s,l,0
c,f,c,t,l,f,d,b,o,t,b,s,y,e,w,p,w,t,n,r,n,w,0
f,y,b,t,l,n,c,b,o,b,b,s,y,g,p,p,n,o,n,w,c,d,0
x,g,n,b,n,f,d,b,k,t,?,f,f,p,c,p,o,t,f,h,s,w,0
k,f,c,t,m,a,c,n,r,b,b,y,f,c,w,p,y,o,z,u,c,p,0
x,s,n,t,f,n,d,n,n,t,c,f,y,e,c,u,y,n,n,b,v,m,0
c,g,u,t,s,f,d,b,k,b,e,k,y,n,e,u,y,n,s,k,n,w,0
k,g,g,b,n,n,d,b,o,b,?,s,k,o,y,u,y,o,p,w,t,d,0
c,y,b,t,y,n,w,n,n,t,b,f,f,b,y,p,n,t,e,r,t,u,0
k,s,p,b,p,a,d,b,e,b,z,s,f,b,b,u,y,t,s,y,a,d,0
s,g,n,t,l,f,w,b,o,t,r,s,s,g,o,u,o,o,z,h,s,g,0
s,s,r,t,p,f,c,b,o,t,r,k,k,p,b,u,y,t,l,b,n,w,0
b,g,b,t,a,n,d,b,g,b,b,f,k,y,c,p,o,o,n,b,v,l,0
f,g,y,b,p,f,d,b,p,t,b,k,s,b,c,p,o,o,e,h,v,m,0
k,g,r,b,s,n,d,n,o,t,z,f,f,c,y,u,n,o,l,w,c,u,0
c,g,g,b,s,a,c,b,g,b,u,s,s,g,y,u,n,n,s,r,t,m,0
c,f,g,b,m,a,w,b,o,b,b,f,k,n,w,u,n,t,p,y,s,p,0
s,y,g,b,n,n,c,n,n,t,b,f,k,e,e,u,o,n,n,k,v,u,0
s,g,g,t,p,d,d,n,h,b,b,y,f,w,g,p,y,n,f,u,c,g,0
k,f,e,b,n,n,c,n,y,t,e,k,f,n,p,u,o,n,e,b,s,m,0
c,y,u,b,s,n,d,n,g,t,r,f,y,o,p,p,n,n,n,r,c,p,0
f,g,y,t,a,d,d,n,u,b,u,y,s,g,n,p,w,o,c,n,t,d,0
x,f,n,t,n,n,w,n,w,b,?,f,f,o,g,p,o,n,z,u,a,p,0
c,f,c,b,n,a,d,b,o,t,c,s,k,p,p,u,y,n,p,u,t,p,0
c,g,c,t,s,f,w,b,y,t,u,f,f,g,g,p,w,o,z,h,c,g,0
c,g,b,t,p,n,d,n,k,t,?,y,f,y,y,u,y,n,z,u,n,w,0
k,y,r,b,s,f,c,n,b,b,z,y,s,w,w,u,n,t,p,w,s,m,0
k,f,b,t,p,f,w,n,g,t,?,s,f,w,b,u,o,n,c,n,s,l,0
x,f,w,t,n,f,c,n,e,b,b,f,f,c,e,p,o,n,p,n,v,m,0
s,y,c,b,p,n,d,n,y,b,e,s,y,g,n,p,n,t,e,r,t,m,0
b,y,e,t,m,d,d,b,r,t,z,k,s,g,o,u,n,t,c,w,n,w,0
b,g,n,b,s,f,w,b,g,b,u,s,f,g,b,p,o,n,c,o,n,m,0
x,f,g,t,c,n,w,b,g,b,r,s,k,y,g,u,n,o,c,h,t,p,0
s,s,p,t,s,n,w,n,b,t,e,k,y,w,n,u,y,n,p,k,s,d,0
s,s,u,b,a,f,w,b,k,b,b,y,f,e,c,p,w,t,e,o,t,u,0
k,s,y,t,s,d,w,b,n,t,r,s,f,w,c,p,w,o,s,r,s,l,0
b,s,e,t,s,f,d,b,b,b,r,f,s,c,y,p,n,o,l,w,n,d,0
c,g,r,t,l,f,w,b,p,t,?,s,y,g,n,u,y,n,l,n,a,d,0
x,f,b,t,s,d,d,b,w,t,?,s,y,y,b,u,n,n,n,o,t,w,0
c,y,n,b,y,f,c,n,k,t,u,f,k,b,b,u,o,o,f,h,s,l,0
b,s,c,b,y,n,d,b,g,t,c,f,k,o,o,p,o,o,s,b,v,w,0
k,s,y,b,n,n,d,n,y,t,r,y,y,y,p,u,n,t,p,y,c,d,0
x,s,p,b,l,n,w,b,p,b,b,f,s,c,y,p,n,o,l,y,c,g,0
c,g,p,b,c,n,c,n,p,b,b,f,k,n,b,p,w,t,f,k,t,d,0
c,f,p,t,a,f,w,n,r,b,r,f,s,e,y,u,w,n,c,k,a,m,0
x,f,y,t,y,d,w,n,r,b,r,s,y,b,p,u,o,o,l,k,v,d,0
s,f,w,b,s,f,c,n,p,t,b,s,s,y,c,u,o,o,l,o,s,l,0
b,g,w,b,l,a,d,n,o,t,e,f,k,b,n,p,w,t,f,k,n,w,0
b,g,r,b,m,n,w,b,e,t,u,s,f,w,p,u,n,t,c,o,a,d,0
b,y,w,t,y,a,d,b,r,t,c,y,y,p,w,p,o,t,l,o,n,d,0
k,s,y,b,a,n,c,n,p,t,b,y,y,o,o,p,w,n,z,o,c,l,0
k,f,w,b,a,f,d,n,o,t,c,y,k,c,w,p,y,o,f,h,t,l,0
c,s,c,b,a,n,c,b,g,t,?,f,y,o,b,p,n,n,s,b,c,m,0
x,f,w,t,p,n,d,b,h,b,u,k,y,n,b,p,y,o,l,w,a,u,0
c,y,b,b,m,n,w,n,w,b,e,y,y,c,o,u,w,n,z,n,n,m,0
b,f,b,t,l,d,w,n,g,b,r,s,k,e,o,p,n,o,z,k,a,l,0
b,g,n,b,c,n,d,b,r,b,c,y,y,b,y,u,n,o,e,w,s,g,0
x,y,b,t,y,a,c,n,w,b,c,y,y,b,o,u,o,t,e,h,v,u,0
s,s,g,t,p,f,c,b,o,t,?,s,k,c,b,p,w,t,c,w,s,g,0
f,f,r,t,c,d,d,n,n,t,c,k,y,e,e,u,o,o,c,y,v,w,0
k,y,y,b,m,f,w,n,h,b,z,s,f,g,b,p,w,t,p,u,s,l,0
x,f,b,b,n,n,w,b,e,t,u,y,s,g,y,p,o,n,s,o,v,p,0
f,f,w,t,l,d,d,n,r,t,r,f,f,y,e,u,y,t,s,b,a,l,0
s,s,g,t,y,f,w,b,r,t,b,f,y,w,g,u,o,o,c,y,n,w,0
b,f,y,t,p,d,w,b,n,t,r,s,s,n,g,u,o,n,n,w,s,p,0
x,s,g,b,c,d,c,b,y,t,u,s,f,b,n,p,y,n,s,r,a,u,0
x,g,c,t,n,f,d,n,u,b,b,y,f,e,c,p,o,o,z,h,v,m,0
f,s,r,t,n,d,d,n,u,b,r,s,s,o,c,p,y,n,l,u,n,g,0
b,g,p,t,p,a,w,n,g,b,e,k,k,n,o,u,n,o,s,u,c,d,0
c,s,w,t,p,n,c,n,y,t,?,y,y,e,p,p,n,n,p,u,a,p,0
f,f,c,t,a,a,w,b,w,t,e,k,y,w,p,u,y,o,z,o,a,u,0
b,s,n,t,l,f,w,b,u,b,u,s,s,n,p,p,w,o,c,k,a,u,0
s,s,e,t,l,a,w,n,e,t,r,k,s,y,p,u,n,t,s,o,a,p,0
k,y,e,b,f,a,w,b,w,t,e,y,s,e,o,u,y,o,n,y,t,u,0
c,y,w,t,m,a,w,n,k,t,u,y,y,p,b,p,n,t,n,u,a,g,0
k,f,b,t,n,n,c,n,o,b,u,s,f,e,n,p,n,n,s,h,v,d,0
s,s,y,b,f,a,w,n,w,t,r,f,y,y,o,p,o,o,s,y,c,w,0
f,f,b,b,a,a,w,n,p,b,r,f,y,e,c,u,w,t,f,h,t,l,0
f,f,y,b,l,f,d,n,r,b,u,y,y,w,y,p,n,n,z,u,n,g,0
f,s,c,b,l,a,d,n,n,b,b,y,k,o,b,u,w,t,s,u,n,u,0
s,s,r,b,c,f,w,n,w,t,b,s,y,g,w,u,w,t,f,w,s,w,0
c,y,g,t,a,n,w,b,k,t,c,s,s,p,c,u,n,t,z,k,n,g,0
c,s,u,t,y,a,c,n,e,b,u,k,s,e,g,p,o,n,z,u,s,m,0
s,g,p,b,l,d,w,b,b,b,z,k,y,p,b,p,n,n,z,b,v,p,0
b,g,p,b,s,f,c,b,r,b,?,y,f,c,b,u,n,n,l,h,a,u,0
f,y,g,t,p,n,w,b,o,b,r,y,f,n,y,p,w,n,n,w,n,d,0
b,s,n,b,y,f,w,n,h,b,?,k,y,o,y,u,n,t,f,b,v,w,0
b,f,n,t,n,f,d,b,u,t,c,s,s,c,w,p,o,t,f,r,s,u,0
k,g,p,t,a,d,d,n,k,b,z,s,y,n,p,p,w,n,s,n,s,p,0
f,f,b,b,s,d,w,b,g,t,r,y,f,e,c,p,y,t,p,h,v,w,0
b,s,u,t,p,d,c,n,e,t,?,k,y,c,b,p,n,o,c,r,a,p,0
b,y,u,t,n,d,d,b,y,b,c,f,f,e,y,u,n,t,z,y,a,l,0
x,f,c,t,c,f,c,b,n,b,c,k,y,n,g,u,o,o,s,u,n,p,0
k,s,c,t,y,a,d,b,n,t,?,s,s,w,w,p,y,t,z,h,a,l,0
b,g,p,t,s,a,w,b,b,b,u,k,f,w,e,p,w,n,l,y,c,m,0
f,f,n,t,m,a,d,n,g,b,e,k,s,e,y,u,o,o,s,r,v,m,0
c,y,p,t,f,f,w,n,g,b,?,y,k,w,o,u,o,n,e,u,a,p,0
s,f,p,t,m,f,c,b,h,b,z,k,y,b,b,p,o,o,e,u,v,m,0
b,y,p,t,m,a,w,n,p,b,z,f,k,g,n,u,n,t,c,r,a,g,0
f,f,c,t,y,n,d,b,n,b,?,y,k,y,b,u,y,t,l,y,s,u,0
c,y,r,t,a,d,c,b,k,t,?,s,f,w,b,u,o,t,p,o,c,l,0
b,s,p,t,n,a,c,n,h,t,b,k,s,w,n,u,w,o,f,w,a,l,0
x,f,r,t,a,d,w,n,o,b,?,s,y,e,w,p,w,n,l,n,t,p,0
s,g,b,t,a,d,c,b,w,t,b,f,s,b,p,p,n,n,p,n,a,m,0
s,y,b,b,p,n,c,n,r,t,c,f,k,p,g,p,y,o,z,k,t,m,0
f,s,b,b,l,f,d,b,h,t,b,s,s,c,n,u,n,t,s,k,v,w,0
x,g,c,b,c,n,w,b,b,b,?,f,y,o,c,p,y,n,e,r,c,l,0
f,f,b,t,a,n,w,b,y,b,r,k,k,n,o,u,y,o,e,w,s,g,0
c,f,b,t,c,d,d,n,r,t,b,s,k,w,y,u,n,o,z,y,t,p,0
f,g,y,t,s,n,w,b,e,t,b,y,k,g,p,p,y,t,p,b,v,l,0
f,s,b,t,n,n,w,b,w,b,c,k,s,n,o,u,w,n,l,k,t,g,0
b,f,g,t,a,d,w,b,e,b,b,f,s,b,w,u,o,o,e,u,a,u,0
b,y,p,b,p,d,c,b,h,b,c,s,k,e,b,p,y,t,c,u,s,d,0
k,s,r,b,p,f,d,b,g,t,?,s,y,o,g,u,y,n,s,o,a,m,0
f,s,u,b,p,d,c,b,n,b,c,k,f,p,o,p,w,o,z,u,n,w,0
k,y,c,t,y,f,c,n,e,b,e,f,k,c,w,u,y,t,c,r,t,w,0
c,s,y,t,p,n,d,n,u,b,e,f,f,n,n,p,y,n,e,b,t,g,0
k,g,u,t,m,d,c,n,g,b,?,k,f,g,p,u,o,o,n,o,t,g,0
k,s,u,b,m,f,d,b,r,t,e,s,y,w,g,p,y,o,n,r,v,w,0
k,g,n,t,p,d,c,n,g,t,e,k,f,n,w,u,n,o,e,y,c,d,0
c,s,u,t,f,n,w,b,p,t,?,s,s,g,p,u,o,t,f,n,c,d,0
c,g,r,b,y,a,d,n,r,b,e,f,f,c,p,u,o,t,l,w,c,u,0
c,g,c,b,p,f,d,b,h,b,?,y,f,y,o,p,y,t,s,u,v,u,0
f,g,e,t,y,n,c,b,k,t,?,f,f,o,e,p,n,t,l,h,v,d,0
k,f,y,b,y,n,w,b,n,b,c,f,k,e,g,p,o,t,p,n,c,l,0
c,g,c,t,p,a,d,n,o,b,b,k,k,e,b,p,n,t,s,h,n,u,0
x,s,e,b,y,d,c,b,k,t,u,k,y,n,b,p,n,t,e,b,c,g,0
s,f,u,t,a,d,d,b,b,b,c,k,k,o,g,u,y,o,f,b,v,l,0
x,s,n,t,l,a,w,n,o,t,b,k,y,e,b,p,w,n,s,b,a,g,0
k,f,p,b,p,a,d,n,k,t,u,y,y,e,g,p,o,t,z,h,c,d,0
s,y,n,t,l,d,w,b,g,b,u,y,k,e,p,p,y,t,p,n,v,l,0
f,f,w,t,s,a,d,b,p,t,u,f,f,o,w,p,n,t,c,y,t,l,0
c,y,b,t,f,a,w,b,e,b,z,f,k,e,c,p,y,t,f,u,n,p,0
b,f,g,b,a,d,c,b,e,t,c,f,y,y,y,u,o,o,p,r,a,g,0
k,y,u,b,l,f,c,n,h,b,?,s,y,p,y,u,o,n,l,n,n,d,0
k,y,p,b,s,f,d,b,k,b,u,s,k,g,p,p,n,o,p,k,n,m,0
k,g,u,t,p,a,w,b,y,b,u,y,s,o,b,u,y,n,z,o,a,l,0
s,y,n,t,l,n,w,b,y,b,e,f,s,o,w,p,n,o,l,u,a,p,0
f,s,b,b,p,f,w,n,y,b,u,f,f,e,e,p,w,o,z,n,t,g,0
x,s,p,b,p,n,c,n,e,t,u,y,f,y,y,p,n,o,s,k,t,g,0
c,s,y,b,p,n,d,b,b,b,z,y,s,y,g,p,o,t,s,h,t,l,0
k,s,p,b,p,a,d,b,h,b,r,k,f,g,g,u,w,o,z,n,s,w,0
b,g,c,b,f,f,w,b,n,b,b,k,s,b,o,p,y,t,z,u,a,w,0
k,g,p,t,m,d,w,n,p,b,?,k,k,g,e,p,o,t,s,h,s,d,0
c,g,g,t,y,d,d,n,b,b,c,k,k,g,w,u,y,o,p,u,c,g,0
b,g,c,b,l,f,d,b,h,t,r,k,k,y,c,u,y,o,e,n,a,d,0
c,y,b,t,m,f,d,n,o,b,r,k,k,y,p,u,n,o,n,h,n,u,0
b,s,c,t,m,d,w,n,p,t,u,y,k,p,n,u,n,t,e,r,n,g,0
f,f,r,b,c,a,c,b,r,b,b,k,k,y,g,u,o,n,f,k,v,m,0
b,f,g,t,s,a,c,n,b,t,e,f,y,o,y,u,n,n,f,o,a,w,0
k,y,y,t,c,d,w,b,r,t,e,f,k,w,g,u,w,t,f,y,v,m,0
x,y,b,t,f,f,d,b,b,t,z,f,k,b,n,p,y,o,e,y,c,l,0
k,s,g,b,y,f,d,b,k,b,c,k,f,y,g,u,y,o,s,n,n,m,0
c,f,p,b,a,d,w,n,r,b,u,y,k,y,y,p,n,t,s,k,s,g,0
k,y,y,t,s,d,c,n,r,b,u,y,f,g,o,p,w,t,n,o,a,d,0
f,y,e,b,l,d,w,n,g,b,c,y,k,o,c,p,w,n,p,w,t,g,0
b,g,y,b,s,f,c,b,h,b,e,y,f,g,y,u,n,n,c,h,c,u,0
k,g,n,b,f,d,c,b,k,b,r,y,s,n,c,u,n,o,n,w,s,u,0
c,s,r,t,m,f,c,n,b,b,u,s,f,e,e,p,n,o,n,h,s,d,0
x,g,g,t,f,n,d,n,w,t,c,f,y,y,g,u,y,t,e,o,t,p,0
x,g,w,b,s,n,w,b,e,t,e,s,f,b,o,u,n,t,p,h,s,d,0
s,f,e,t,l,a,w,n,w,t,b,f,k,c,p,u,w,t,f,h,v,w,0
s,s,y,t,n,f,w,b,n,t,b,y,k,p,g,p,y,o,s,k,v,u,0
x,s,u,b,l,n,c,b,b,t,b,f,s,y,g,u,o,n,z,u,n,m,0
c,g,r,b,s,n,d,n,k,b,c,k,f,b,w,p,o,t,p,u,c,p,0
k,s,e,t,c,n,c,n,n,t,?,s,s,e,c,u,n,o,n,r,n,d,0
x,s,w,t,a,n,c,b,h,t,?,y,k,b,y,u,w,t,e,o,a,p,0
f,f,e,t,c,n,c,b,y,t,b,k,f,y,w,p,o,o,s,w,s,w,0
s,s,p,b,f,a,c,n,y,t,r,y,k,p,o,u,o,t,c,o,s,w,0
x,y,y,t,p,n,d,n,u,b,b,s,k,y,y,u,n,o,n,r,v,g,0
c,f,r,b,s,a,c,n,k,t,e,s,k,b,e,p,o,o,e,o,v,u,0
b,y,w,t,p,f,c,n,u,t,e,k,s,g,e,p,o,t,e,n,n,d,0
s,s,b,t,l,f,d,b,h,b,?,s,f,e,g,p,w,o,f,h,a,u,0
b,s,r,b,m,d,w,b,o,t,u,f,f,g,b,p,w,o,z,o,t,m,0
k,y,g,t,s,a,c,b,e,b,u,k,y,w,o,u,y,n,n,y,a,w,0
b,g,w,t,s,f,c,n,u,t,e,f,f,b,p,p,w,t,e,r,t,p,0
c,f,b,t,p,a,c,b,e,t,b,f,s,b,o,p,w,o,n,r,a,p,0
s,y,p,b,n,n,w,n,y,t,e,y,y,b,g,u,w,t,n,u,a,w,0
s,y,g,t,y,n,d,n,n,b,?,f,s,e,y,u,o,o,s,o,s,l,0
x,y,w,b,s,d,c,b,h,t,?,f,k,b,c,u,n,t,f,h,s,l,0
b,y,e,t,p,d,c,b,o,t,z,s,f,g,g,u,w,t,f,k,s,w,0
b,s,n,b,c,n,c,n,n,b,b,y,y,p,w,u,y,o,f,n,v,l,0
s,s,g,t,y,d,d,n,k,b,r,f,s,p,b,u,w,n,l,y,t,l,0
k,y,r,t,m,d,c,n,r,b,c,f,s,n,c,u,n,o,p,u,a,l,0
c,f,g,t,p,a,c,b,e,b,u,f,s,y,e,p,w,t,c,k,c,m,0
b,s,r,t,m,d,w,b,o,t,u,s,y,n,b,p,w,o,c,y,v,d,0
x,g,w,b,y,n,c,b,g,t,r,s,s,g,c,u,n,t,p,u,a,w,0
c,s,g,t,l,d,d,b,h,b,?,f,k,g,g,u,w,o,z,n,s,m,0
c,y,p,t,p,n,c,b,y,t,z,s,k,p,o,p,o,t,n,r,s,p,0
x,f,p,t,m,a,c,b,e,t,?,k,s,o,b,u,y,o,e,b,t,w,0
b,g,w,t,m,a,w,b,h,t,r,k,y,n,n,u,o,o,s,o,a,m,0
s,f,b,t,f,a,c,n,y,b,?,f,y,p,e,u,o,t,e,b,s,u,0
f,f,b,t,m,a,w,b,b,b,b,k,f,y,g,p,w,n,z,o,n,m,0
x,y,n,t,a,a,w,b,y,t,u,f,f,e,b,p,o,n,z,b,t,l,0
s,y,y,b,l,n,w,n,w,t,?,k,s,e,e,p,o,o,c,k,v,p,0
s,s,u,t,l,d,w,n,h,t,?,y,y,w,b,u,n,o,e,k,v,g,0
s,s,n,b,n,d,w,n,b,b,z,k,f,o,w,u,y,n,e,b,t,p,0
s,s,w,t,y,f,d,b,w,t,?,y,f,c,e,p,w,o,z,y,s,m,0
c,f,y,t,m,n,w,b,e,b,c,y,s,n,w,p,n,n,z,k,s,u,0
b,y,y,b,s,n,d,b,r,t,e,s,s,e,o,p,w,n,s,n,t,u,0
k,s,b,t,a,d,c,b,g,b,e,s,f,o,o,u,n,n,l,b,a,p,0
x,g,u,b,c,n,d,n,r,t,b,s,y,g,p,u,n,t,f,w,t,l,0
s,g,b,t,p,d,c,n,u,b,b,y,y,y,b,p,y,o,n,w,s,w,0
c,y,w,t,c,d,d,n,h,t,b,s,f,e,w,u,y,t,c,r,c,u,0
s,y,w,b,c,d,w,n,b,t,c,f,f,c,b,u,y,n,s,w,a,p,0
k,g,g,b,n,n,c,b,r,t,b,s,f,g,c,u,w,o,z,w,t,g,0
k,f,u,b,l,a,d,n,r,b,b,k,k,n,p,p,w,n,c,u,c,d,0
b,s,y,t,c,f,w,n,n,t,?,y,y,e,e,u,w,n,p,o,v,g,0
x,y,n,b,c,a,c,n,n,t,?,f,k,w,c,p,o,o,p,w,t,w,0
b,s,r,b,a,a,w,b,n,b,c,s,s,n,o,u,o,o,e,b,c,d,0
c,y,g,b,y,n,w,n,o,t,r,y,k,g,o,u,w,n,f,y,v,u,0
c,g,p,b,s,f,d,n,w,t,r,f,k,o,b,u,w,n,c,b,v,l,0
x,s,e,b,s,n,w,b,k,t,c,s,k,g,o,p,n,t,l,r,a,p,0
s,y,g,b,l,n,d,b,b,t,e,k,f,b,g,u,w,o,e,n,s,d,0
x,y,e,b,a,d,w,b,e,t,c,k,k,e,w,p,n,o,n,n,n,m,0
b,s,b,t,n,a,d,n,r,t,r,s,k,e,b,p,n,t,z,r,c,u,0
c,g,e,b,c,f,d,b,e,t,b,f,f,n,b,u,o,n,p,w,c,w,0
x,g,y,t,l,n,d,n,o,t,z,f,k,n,p,u,y,n,f,h,n,d,0
b,s,r,b,y,a,c,n,k,b,r,s,k,w,g,u,o,t,l,o,c,w,0
k,f,g,t,a,f,w,b,k,b,?,f,f,g,o,p,w,t,p,y,c,u,0
f,g,u,b,c,d,w,n,y,t,b,y,s,p,o,p,o,o,f,h,t,w,0
s,s,w,b,y,d,c,n,w,t,c,k,y,o,n,p,y,t,n,w,c,p,0
x,g,g,b,f,f,c,b,w,b,u,s,k,g,o,p,w,o,f,u,n,g,0
k,f,y,b,m,n,c,n,h,b,?,k,k,n,e,p,y,o,e,r,t,g,0
k,g,u,b,n,d,c,n,h,t,r,k,s,o,o,u,n,n,e,u,a,u,0
x,g,n,t,l,f,d,n,n,t,b,y,y,c,w,u,n,n,z,k,c,l,0
c,g,n,b,p,a,d,b,o,t,c,f,f,e,o,p,o,o,e,u,c,w,0
x,g,u,b,s,a,w,n,u,t,?,k,y,w,g,p,y,t,f,o,v,u,0
c,s,r,t,p,d,w,n,p,b,z,y,f,p,p,u,w,o,l,y,v,d,0
f,y,b,b,c,f,c,b,n,b,r,y,k,w,w,p,w,o,f,o,t,u,0
s,y,b,t,l,n,d,n,b,t,b,k,y,n,g,u,n,n,c,b,a,d,0
k,g,g,t,n,d,d,n,p,b,?,f,y,p,n,p,n,o,n,b,a,w,0
x,y,b,t,a,n,c,b,e,t,u,k,k,b,c,u,n,n,n,o,c,w,0
b,g,y,b,m,d,w,b,n,b,?,y,f,e,e,u,n,t,e,y,s,m,0
s,g,p,t,s,d,d,b,r,t,z,k,s,w,y,u,n,n,e,u,a,d,0
k,g,y,t,p,f,c,b,e,t,c,s,f,g,n,p,n,t,s,y,s,d,0
k,f,n,t,y,f,w,b,k,b,r,y,y,p,w,p,n,o,f,r,a,w,0
s,y,r,t,m,a,d,b,u,b,b,s,f,b,o,u,y,t,n,k,v,l,0
s,y,e,t,s,f,d,n,y,b,e,f,f,n,y,p,y,o,p,k,n,u,0
s,f,w,t,s,f,w,b,e,t,?,k,y,y,y,u,n,n,p,k,t,l,0
b,s,g,b,a,n,c,b,y,t,r,f,y,c,y,p,o,t,n,n,t,d,0
b,y,r,b,s,f,w,b,e,t,z,y,s,c,g,u,n,t,s,b,v,w,0
f,f,c,b,m,a,w,b,g,b,e,k,k,o,o,u,y,o,c,u,n,g,0
k,y,e,t,s,n,w,n,g,t,r,k,f,g,y,p,y,o,p,b,s,m,0
f,y,c,b,m,n,c,n,n,t,r,f,y,b,y,p,o,n,p,y,c,g,0
c,g,w,t,a,a,c,n,h,t,u,s,k,e,p,p,o,t,l,b,a,g,0
s,y,y,b,s,n,w,b,y,b,b,s,k,o,o,u,o,n,p,w,c,g,0
f,y,p,b,a,n,w,n,y,b,z,k,y,g,n,u,n,t,c,u,c,u,0
s,f,e,b,y,n,c,b,o,b,r,y,y,g,g,p,w,o,f,n,c,l,0
x,g,e,b,n,n,d,b,h,t,b,s,f,y,b,p,y,o,n,h,a,l,0
k,y,r,b,f,a,c,b,w,b,c,k,y,g,o,p,n,o,z,h,c,d,0
s,g,w,t,l,d,w,b,g,b,b,s,s,w,b,p,w,o,s,o,a,w,0
c,s,g,b,a,n,c,b,g,b,e,k,k,n,e,p,o,o,s,u,t,g,0
b,f,c,t,p,d,w,b,e,b,e,s,s,g,n,p,n,o,n,h,s,d,0
b,g,g,t,s,f,c,b,y,b,z,k,s,n,n,u,n,n,l,h,c,d,0
f,f,p,t,f,n,w,n,e,t,e,s,y,c,b,u,y,n,l,w,n,m,0
c,y,p,t,l,n,d,b,g,t,r,y,k,b,g,u,w,t,l,y,a,u,0
c,s,w,t,n,f,w,b,n,b,u,y,k,n,n,u,o,o,n,o,a,l,0
s,y,u,b,f,f,w,n,p,t,c,y,k,c,e,p,o,t,z,r,c,l,0
f,y,y,t,a,d,w,n,o,b,z,y,y,e,y,p,y,o,f,y,a,w,0
s,g,b,t,f,n,w,n,r,b,r,k,s,w,b,p,y,t,c,n,s,u,0
b,g,c,t,f,a,d,b,p,b,b,y,s,b,e,p,y,o,n,y,c,g,0
s,g,w,b,y,n,d,b,h,b,?,s,f,e,e,p,n,o,p,u,a,m,0
b,y,n,b,a,d,w,n,o,b,?,f,s,g,g,p,n,o,p,o,c,p,0
f,y,w,t,a,n,w,b,h,t,u,k,y,w,o,u,o,o,e,u,n,l,0
k,y,b,t,a,d,w,n,u,t,r,k,k,w,c,p,o,t,l,w,c,w,0
b,f,e,b,l,d,w,b,y,t,b,f,y,b,e,u,w,n,n,b,n,p,0
x,s,b,t,f,n,c,b,w,t,z,f,y,n,y,u,o,n,z,n,v,m,0
s,g,n,t,y,d,c,n,b,b,c,y,s,o,o,u,w,n,p,r,a,w,0
b,g,y,b,c,n,c,n,w,b,?,k,k,c,e,p,o,n,n,o,a,g,0
f,f,p,t,m,a,d,b,p,b,r,s,s,e,y,p,w,t,f,b,n,d,0
c,g,y,b,c,a,d,n,r,t,b,y,f,c,w,u,n,n,z,h,s,w,0
c,s,p,b,c,n,d,n,h,b,r,y,k,e,c,u,o,t,e,n,n,p,0
b,g,r,t,n,f,d,n,o,t,?,y,s,c,p,p,w,n,l,y,s,l,0
b,g,e,t,f,a,c,n,k,t,r,k,k,c,e,u,w,t,s,w,a,d,0
b,s,u,t,c,f,c,b,e,t,z,k,f,g,n,u,w,n,s,u,v,w,0
f,g,b,b,f,d,w,n,k,b,?,k,k,n,b,u,y,n,e,y,s,m,0
b,g,p,b,m,f,c,n,w,b,?,f,s,o,p,p,y,n,p,n,v,m,0
b,s,e,t,p,f,c,n,w,t,c,s,y,b,b,u,o,t,p,n,v,p,0
k,s,u,b,s,f,w,n,h,t,b,s,k,o,c,u,n,t,p,h,t,u,0
k,y,e,b,a,a,c,b,y,t,e,s,f,w,c,p,y,o,l,w,t,u,0
f,g,n,b,p,f,c,b,g,b,?,k,k,w,o,u,n,t,c,o,c,g,0
x,f,g,t,a,a,w,n,h,t,z,s,s,c,p,p,n,o,c,y,v,m,0
k,g,b,b,l,n,w,n,r,t,c,y,y,n,w,u,w,o,z,k,v,u,0
x,g,g,b,f,f,d,n,o,t,u,f,k,p,e,u,y,o,p,u,c,d,0
s,g,u,b,n,a,c,b,b,t,?,f,y,b,n,p,w,o,c,k,v,g,0
b,s,e,b,a,a,d,b,y,t,b,s,y,o,g,u,y,t,p,r,a,u,0
c,f,c,b,a,f,w,n,b,t,u,y,s,y,e,u,n,o,n,o,s,w,0
x,s,n,b,c,d,d,n,r,t,b,f,s,b,w,p,n,n,f,y,a,u,0
k,g,b,b,c,n,w,b,u,t,?,k,s,c,g,p,o,t,c,r,v,w,0
s,y,w,t,l,n,c,n,u,t,e,f,k,g,n,u,o,t,p,n,a,u,0
s,y,y,t,y,f,c,n,k,t,c,s,f,p,e,u,n,o,s,h,v,p,0
s,s,u,t,s,f,d,n,e,b,c,y,f,e,e,p,o,n,p,r,t,d,0
b,g,c,t,c,d,c,b,o,t,z,f,s,y,g,u,n,n,s,b,a,p,0
s,f,b,t,y,f,c,b,p,t,?,k,f,e,e,u,n,n,l,o,v,m,0
k,s,p,b,l,a,c,n,y,b,?,s,f,e,o,u,y,t,c,u,v,m,0
c,g,r,b,y,f,d,n,k,b,r,s,s,y,o,u,n,t,l,b,t,l,0
s,y,r,b,m,d,w,n,o,t,b,k,k,y,g,u,o,n,p,w,a,g,0
c,g,u,b,p,f,w,n,y,t,r,k,k,b,w,u,y,o,s,h,v,l,0
c,s,g,t,l,n,c,b,y,t,c,k,y,c,o,p,y,o,p,o,t,p,0
s,s,g,b,n,f,d,b,h,t,u,f,k,p,e,u,o,o,p,b,a,m,0
f,f,n,b,m,f,w,b,y,t,c,f,f,p,e,u,w,o,p,r,t,u,0
x,y,g,b,f,a,w,n,n,b,b,f,y,g,c,p,y,n,s,o,t,p,0
b,g,r,b,m,a,d,n,u,t,c,f,k,n,p,p,y,n,l,h,a,u,0
x,s,n,t,a,n,c,b,e,t,c,y,y,o,p,p,n,n,f,k,v,m,0
k,y,u,b,p,d,d,b,h,b,u,y,y,y,p,p,n,t,e,w,s,d,0
f,f,y,b,f,n,w,n,g,t,z,k,f,y,b,u,n,t,c,b,c,l,0
c,y,r,b,f,f,c,b,u,t,c,f,y,n,o,u,n,t,c,b,n,u,0
s,s,e,b,p,n,w,n,y,b,b,y,y,w,e,u,n,t,e,u,a,m,0
c,f,y,b,a,a,c,n,g,t,b,k,f,b,w,p,y,n,c,r,n,p,0
b,y,w,t,a,a,w,n,o,t,u,y,s,b,c,u,w,o,n,b,n,l,0
c,y,c,b,f,f,c,n,h,t,r,y,y,c,c,p,w,n,f,o,a,u,0
b,y,u,b,y,d,w,n,y,t,?,y,f,e,e,u,w,t,l,r,s,w,0
f,y,p,t,p,f,c,b,e,t,z,s,k,c,o,p,y,n,s,w,c,g,0
b,s,b,t,f,a,c,b,r,b,r,y,s,b,e,u,o,n,l,r,n,g,0
k,f,n,b,p,f,c,n,g,b,z,s,k,g,n,p,w,t,e,n,c,l,0
b,f,g,t,m,d,c,b,r,b,e,f,s,n,w,p,y,t,e,r,c,p,0
s,s,c,b,f,d,d,n,p,b,r,s,k,g,c,p,o,t,f,w,a,w,0
s,y,g,t,m,f,w,b,y,b,?,y,f,n,g,p,o,o,p,y,v,g,0
b,s,r,b,s,n,d,n,o,t,b,k,y,p,b,p,y,o,n,y,n,u,0
s,y,g,b,m,a,d,b,h,t,u,s,f,n,b,u,w,t,c,h,t,g,0
k,f,c,t,c,f,d,b,k,t,?,f,s,o,y,p,w,n,f,b,c,u,0
b,f,e,b,c,d,w,n,n,t,z,y,s,g,y,u,y,o,p,w,v,p,0
s,f,y,t,s,n,c,n,p,t,z,y,k,b,p,u,o,o,l,w,n,m,0
b,g,n,t,f,d,c,b,w,b,r,y,s,y,p,u,w,n,s,y,v,l,0
s,y,g,t,p,n,c,b,g,t,e,k,f,o,n,p,n,t,z,k,v,u,0
x,s,u,b,l,f,c,n,b,b,u,k,k,e,e,u,y,o,s,b,c,w,0
s,f,r,b,s,d,d,b,b,b,b,y,y,e,e,u,n,n,n,h,c,m,0
f,f,w,b,a,n,w,n,h,b,?,k,y,w,w,u,n,t,l,y,n,u,0
x,y,u,b,f,a,c,b,e,b,?,k,k,w,n,p,o,t,f,k,n,d,0
f,g,r,b,m,f,w,b,w,b,z,y,k,y,y,u,w,t,c,r,n,d,0
x,y,n,t,m,a,d,n,y,b,c,y,s,w,e,p,y,t,l,r,v,l,0
c,f,c,t,y,a,w,b,r,b,r,k,f,c,n,u,w,o,e,y,n,p,0
b,y,b,t,n,f,c,n,g,b,z,f,f,b,w,u,n,n,p,r,v,l,0
f,y,b,b,m,n,w,b,h,t,b,y,k,b,w,p,n,o,s,b,a,u,0
k,f,b,b,p,a,c,n,w,t,z,f,f,c,g,u,o,n,n,b,c,m,0
x,s,u,t,p,f,d,b,n,t,b,s,k,e,c,u,w,t,s,y,s,p,0
x,f,u,b,y,n,w,n,h,t,z,f,y,o,b,u,y,n,e,h,a,u,0
k,y,r,b,f,n,d,n,e,b,u,f,s,n,o,p,n,t,e,b,v,m,0
s,g,u,t,f,n,d,b,h,t,c,s,k,p,c,u,w,n,c,h,a,g,0
b,s,c,t,p,a,c,b,n,t,e,s,s,p,o,u,n,n,e,u,s,w,0
x,s,c,b,c,a,d,n,b,b,c,s,k,w,c,p,y,n,p,w,s,l,0
f,y,g,b,y,f,d,n,n,t,u,k,s,w,o,u,w,t,f,r,c,u,0
c,y,n,b,y,f,w,n,n,t,b,y,y,b,w,u,w,n,l,k,c,w,0
f,f,g,t,m,a,w,n,n,t,c,y,k,p,n,p,n,o,z,h,v,d,0
f,y,p,b,f,d,d,b,b,t,r,f,s,g,c,u,n,o,p,w,c,w,0
b,y,u,b,p,a,d,n,k,t,r,k,k,o,n,u,o,o,e,n,n,p,0
x,f,r,t,c,f,d,n,r,t,u,k,f,w,w,u,o,o,z,u,a,l,0
k,y,p,t,s,a,c,b,g,t,b,k,k,g,c,p,n,n,c,n,t,g,0
b,s,r,t,a,a,d,n,r,b,e,f,f,b,y,u,n,t,n,h,a,p,0
k,y,g,t,a,a,d,n,y,b,?,y,s,w,y,u,y,o,n,r,v,l,0
f,f,r,t,p,a,d,b,k,t,e,y,y,c,y,p,n,t,s,b,t,l,0
b,y,c,b,p,d,w,b,p,b,e,y,s,e,b,u,o,t,n,h,v,w,0
c,y,p,b,y,f,c,n,g,b,r,y,f,p,g,p,n,n,c,n,n,p,0
k,s,c,b,n,d,d,b,u,b,c,k,y,o,n,p,o,n,z,y,s,m,0
k,f,c,t,s,a,d,n,e,b,e,k,f,o,o,u,y,n,z,r,v,l,0
c,s,g,t,f,a,w,n,e,b,b,y,k,c,b,p,w,n,z,y,n,w,0
b,f,w,b,a,d,c,b,k,b,?,y,s,o,g,u,y,t,p,k,t,g,0
x,s,c,t,p,a,c,b,n,t,?,f,k,n,c,p,y,o,n,b,a,l,0
x,f,b,b,c,d,d,b,y,t,b,y,s,c,g,u,n,t,n,y,s,w,0
b,f,r,b,s,n,c,n,r,b,?,f,s,w,p,p,n,t,p,n,s,w,0
f,g,b,b,f,a,d,b,r,t,?,f,y,o,b,u,y,t,c,w,n,l,0
f,y,r,b,l,f,w,b,u,t,e,y,f,b,n,p,o,t,n,k,t,g,0
k,y,n,t,f,n,w,b,o,t,u,k,s,p,b,u,n,t,c,r,c,l,0
k,s,e,t,l,f,c,n,y,b,b,k,f,w,e,p,y,o,f,k,n,d,0
k,f,e,t,a,f,c,n,w,t,b,f,k,c,b,u,y,n,p,k,n,u,0
s,f,n,b,l,n,c,b,o,b,z,k,f,o,p,p,n,n,p,r,t,w,0
s,f,e,b,n,n,w,n,w,t,r,y,y,p,w,p,y,t,l,n,t,d,0
b,s,n,b,c,f,c,n,k,t,c,k,f,p,e,u,n,o,f,y,c,d,0
f,s,n,t,a,f,d,n,g,t,u,k,f,y,n,p,w,o,z,n,v,l,0
k,f,r,b,c,n,w,n,k,t,r,y,f,y,w,u,y,n,p,u,c,m,0
s,s,u,b,m,f,d,n,p,b,z,s,k,e,p,p,o,o,n,h,a,m,0
b,f,n,b,m,n,w,b,r,b,e,f,k,p,p,u,o,t,z,k,s,g,0
b,g,y,b,l,a,w,n,e,t,z,f,k,p,w,u,y,n,p,w,a,d,0
k,f,w,b,m,d,d,b,g,t,?,s,f,c,b,p,y,t,f,w,c,p,0
k,g,r,b,c,a,c,b,r,t,b,f,s,p,b,u,y,n,s,k,n,d,0
b,f,w,b,m,a,d,b,y,t,u,f,s,w,b,u,n,t,p,b,a,w,0
k,g,e,b,a,d,w,b,e,t,c,k,y,c,e,u,w,o,s,w,v,w,0
s,g,u,b,a,a,d,b,g,t,r,k,k,g,g,u,y,t,s,y,n,g,0
x,y,n,b,f,a,w,b,u,t,?,s,k,p,o,p,n,o,p,o,a,w,0
s,g,p,b,f,n,c,b,g,t,z,y,s,b,y,p,y,t,z,k,a,u,0
x,s,g,b,c,n,d,n,g,b,?,k,s,g,g,p,o,t,n,h,a,g,0
b,f,p,b,f,n,w,b,y,b,u,y,y,b,w,u,y,o,z,u,t,d,0
x,g,r,t,l,f,w,n,o,t,e,y,f,b,c,u,n,t,l,o,c,w,0
x,y,y,b,f,f,c,b,w,t,e,s,s,p,n,u,o,n,e,o,a,p,0
s,y,e,b,c,n,c,n,o,b,z,s,s,o,c,u,y,o,f,n,s,l,0
x,y,g,b,p,n,w,n,b,b,?,s,s,c,e,u,n,n,z,k,c,d,0
x,f,y,t,f,d,c,b,k,t,b,f,s,b,w,u,w,n,e,r,v,d,0
x,y,g,t,l,n,c,b,r,b,u,f,y,w,p,u,y,t,e,y,c,p,0
k,y,p,t,c,n,w,n,r,t,c,y,s,b,e,p,n,n,f,k,v,w,0
c,y,b,t,y,n,d,n,u,t,?,y,s,p,o,u,w,o,p,o,s,p,0
k,y,g,t,p,f,c,b,e,b,u,f,f,p,b,u,n,n,n,u,c,g,0
c,s,e,t,f,a,d,n,o,b,e,y,s,b,p,u,y,n,n,w,c,l,0
b,s,w,b,f,n,c,b,w,t,b,y,k,w,o,u,n,o,p,n,s,d,0
s,s,b,b,l,a,w,b,g,b,?,s,f,w,g,u,n,o,p,o,n,u,0
c,g,c,t,s,n,w,n,b,b,?,f,k,c,o,p,w,n,c,y,t,w,0
c,y,c,b,c,a,d,b,r,t,z,s,f,e,b,p,y,n,f,o,t,u,0
c,y,b,b,f,n,d,n,b,t,r,y,k,y,c,p,y,t,s,k,t,d,0
f,g,w,b,m,a,w,b,g,b,r,s,s,w,e,p,n,t,s,u,n,w,0
c,f,n,t,p,d,w,b,g,b,c,y,f,p,c,u,n,n,l,o,c,l,0
c,y,n,t,a,n,c,n,g,t,e,y,k,c,o,p,n,o,e,k,s,g,0
k,f,c,t,a,n,d,n,g,b,z,s,f,p,c,p,o,t,p,b,t,u,0
x,g,p,t,n,n,d,b,g,t,u,f,f,y,p,p,o,t,s,o,v,p,0
x,y,r,t,c,n,d,b,u,b,b,f,y,n,c,u,y,o,c,h,v,p,0
s,y,b,t,s,a,w,b,y,b,c,k,y,p,c,p,w,t,z,b,a,g,0
x,s,b,b,a,a,d,n,e,t,z,f,y,g,n,p,y,n,s,y,s,w,0
c,s,u,b,m,a,w,b,w,t,b,s,s,c,e,u,w,o,n,k,s,w,0
f,f,w,b,n,d,d,b,n,b,z,y,k,o,p,p,n,t,c,h,s,l,0
s,y,w,t,l,n,d,n,n,b,b,k,f,g,c,p,o,o,e,o,s,w,0
k,f,e,b,l,f,w,n,y,b,r,f,y,b,g,p,w,t,s,u,t,m,0
c,y,p,b,s,f,d,b,p,b,u,s,k,y,b,p,w,n,f,h,t,m,0
k,f,n,t,p,n,d,n,n,t,e,k,s,y,c,p,w,t,n,r,s,w,0
c,g,c,t,a,d,d,b,b,t,r,y,k,b,b,p,w,n,n,n,t,p,0
x,y,n,t,p,a,d,n,e,b,?,f,s,n,w,u,n,t,e,o,c,u,0
x,s,p,t,a,d,w,b,n,b,e,s,s,y,c,p,w,t,l,o,v,l,0
f,s,e,b,s,d,w,n,h,t,r,f,f,o,p,p,w,t,n,w,n,l,0
k,s,p,b,m,a,c,b,r,t,c,y,f,n,y,u,w,t,n,h,n,g,0
f,s,u,b,y,d,c,n,k,b,e,y,y,e,c,u,w,o,s,r,s,l,0
k,y,w,t,f,f,w,n,n,b,u,y,s,g,e,p,n,n,f,u,a,l,0
f,g,n,b,a,n,c,n,o,b,c,f,k,o,o,p,o,o,z,b,s,g,0
k,f,e,b,m,n,c,n,w,t,b,k,k,o,c,p,w,n,f,r,c,g,0
x,g,e,t,f,n,d,n,g,t,z,y,f,y,n,u,w,t,c,w,v,g,0
s,y,y,t,c,d,d,n,n,t,?,y,y,p,w,p,w,o,s,o,a,l,0
x,s,g,t,y,d,d,b,o,t,e,y,y,p,e,u,y,o,f,n,v,l,0
k,f,p,b,m,f,d,b,h,b,z,k,s,b,g,u,w,n,z,u,v,w,0
c,f,w,t,s,f,w,b,g,b,r,f,k,y,o,u,y,n,c,n,s,g,0
c,g,r,t,s,a,w,n,k,t,b,f,k,y,g,p,o,n,f,h,n,m,0
f,y,e,t,s,a,d,b,r,t,e,k,k,e,n,p,o,t,l,r,v,p,0
c,g,b,b,p,n,c,b,o,b,c,f,f,o,b,p,o,o,e,h,c,p,0
s,s,b,b,m,n,w,n,p,t,b,k,k,e,p,p,w,t,c,h,s,m,0
x,g,e,t,a,d,c,n,w,t,e,f,y,p,o,u,w,n,e,h,c,l,0
b,s,w,b,y,n,d,n,e,b,e,s,f,g,o,u,o,t,p,r,s,u,0
b,f,w,b,s,a,c,n,y,b,u,f,s,g,b,p,o,n,p,w,c,g,0
c,y,n,b,m,n,w,n,k,b,c,y,s,p,p,p,y,t,f,y,a,m,0
k,s,e,b,y,n,w,b,b,t,c,f,y,y,p,u,n,t,c,b,v,w,0
x,g,c,t,f,n,c,n,y,b,u,s,k,n,y,u,n,n,c,k,v,u,0
c,f,b,t,n,n,c,b,e,b,b,f,y,b,e,u,o,n,s,b,c,d,0
k,y,n,t,a,f,c,n,h,t,u,y,k,g,p,p,y,n,z,y,s,m,0
f,s,g,b,y,f,w,b,u,b,e,f,f,e,g,u,y,t,s,b,a,m,0
s,s,e,t,f,d,w,n,r,t,?,f,s,e,o,u,o,t,n,h,n,w,0
b,y,b,t,l,d,d,b,h,t,r,s,f,p,b,p,w,o,e,u,a,m,0
b,s,r,b,f,d,d,n,p,b,e,s,s,w,y,u,w,n,p,w,c,d,0
c,y,n,t,y,a,w,b,u,b,c,k,k,p,w,p,o,o,p,r,a,d,0
k,f,y,t,f,f,w,n,o,b,u,k,f,n,c,p,y,o,p,n,v,m,0
b,g,y,t,s,f,d,b,h,b,?,y,s,y,n,u,w,n,s,k,s,m,0
b,y,p,t,p,d,c,b,h,b,?,y,s,o,b,u,o,t,l,w,a,d,0
f,g,c,t,s,a,d,b,u,b,r,y,s,w,c,u,w,n,c,n,a,p,0
x,y,r,b,a,a,c,n,e,t,?,y,y,o,w,p,n,o,z,k,t,m,0
c,f,e,t,a,f,c,n,g,b,u,s,f,w,w,p,w,o,p,o,c,g,0
s,g,w,t,c,a,w,b,n,b,r,s,s,w,g,p,w,n,l,w,n,l,0
s,s,r,b,s,d,d,b,u,b,e,f,f,p,g,u,n,n,l,r,c,u,0
k,y,y,t,f,n,w,b,w,b,u,s,k,e,y,p,n,t,l,r,s,m,0
s,f,b,t,y,n,w,b,r,t,c,k,f,e,y,u,n,o,l,w,c,g,0
b,f,w,t,s,f,w,n,o,b,e,f,y,y,p,p,y,n,c,y,c,p,0
b,s,r,b,y,a,d,n,k,b,b,f,y,n,o,u,y,o,s,h,v,p,0
k,g,p,b,y,n,c,b,w,b,z,f,k,o,p,p,o,n,p,r,n,l,0
x,s,g,b,p,n,d,n,e,t,b,y,k,c,b,u,o,n,p,o,s,u,0
b,g,y,b,y,d,d,n,o,b,r,k,y,g,b,p,y,n,e,h,n,m,0
b,y,e,t,a,d,w,b,g,b,c,f,f,c,y,u,o,o,z,n,s,u,0
s,g,w,t,a,f,d,b,n,b,r,f,s,e,w,u,o,o,z,b,t,l,0
x,g,r,b,s,d,c,n,b,t,?,s,y,e,p,p,w,o,s,k,c,l,0
f,y,c,t,c,f,w,n,b,b,b,f,f,w,g,p,y,t,e,y,t,m,0
f,f,b,t,c,n,c,b,b,t,r,f,k,n,b,p,n,n,f,b,v,u,0
x,y,e,t,c,f,d,n,h,b,r,s,s,p,o,u,n,n,z,o,s,m,0
c,f,e,t,n,a,d,n,k,t,b,y,y,n,g,p,w,n,e,b,a,g,0
c,g,c,b,n,f,w,b,w,b,e,s,f,y,b,u,y,n,z,b,c,w,0
b,g,r,b,y,f,d,b,k,b,?,y,s,c,g,p,y,o,z,k,t,p,0
b,g,g,t,m,a,c,n,r,t,z,k,k,n,g,p,o,t,z,n,n,w,0
x,f,p,t,s,d,d,b,n,t,u,y,y,y,o,u,n,n,z,o,v,u,0
b,g,b,t,c,f,w,b,r,b,e,k,k,p,e,p,o,n,s,n,v,u,0
k,g,n,t,p,n,c,b,r,b,u,f,k,n,n,u,o,n,n,b,v,w,0
b,s,y,t,n,f,w,n,u,t,b,f,k,g,e,p,y,o,f,u,s,d,0
f,s,u,t,a,a,c,n,r,t,b,s,y,g,b,p,y,o,f,n,v,u,0
c,y,r,t,m,n,d,n,p,b,e,k,s,o,w,u,w,t,p,u,v,l,0
k,y,r,b,m,a,d,n,n,t,c,y,k,w,c,u,y,o,z,r,v,p,0
c,y,c,t,s,n,c,n,r,t,r,k,f,n,g,u,y,t,f,k,n,w,0
x,s,c,b,s,a,w,n,b,t,?,k,f,n,y,u,w,n,z,k,a,g,0
b,f,p,t,l,a,d,n,h,b,z,f,k,b,y,u,y,o,p,h,n,m,0
f,g,r,t,p,a,d,n,u,b,b,f,s,n,c,p,n,t,f,y,c,w,0
f,y,w,b,y,a,d,n,y,b,u,y,f,e,o,p,y,t,s,b,n,d,0
x,y,u,b,c,d,d,n,w,t,e,y,y,g,p,u,n,o,f,o,c,g,0
b,s,n,t,m,a,c,b,r,b,u,s,f,o,b,p,w,o,p,o,v,g,0
c,g,w,b,f,d,c,b,r,b,z,s,y,g,p,p,w,t,s,y,s,l,0
x,f,b,b,f,a,d,b,h,t,u,f,y,o,b,p,o,n,n,b,a,u,0
k,s,y,t,m,d,w,n,e,t,e,f,k,c,b,u,n,o,n,r,a,p,0
b,y,e,t,c,f,d,n,k,t,c,s,f,o,p,u,o,o,e,w,c,g,0
x,y,u,t,y,d,c,n,u,b,?,f,s,p,n,u,y,t,f,b,v,d,0
k,g,c,b,n,d,c,n,u,b,u,f,k,e,b,p,o,n,s,u,n,p,0
c,g,b,t,n,n,w,b,y,b,r,s,s,w,g,p,o,n,s,b,a,p,0
f,g,w,t,c,f,w,n,w,t,b,f,y,o,e,p,w,t,l,n,a,m,0
k,s,c,t,c,n,c,b,g,b,?,k,f,w,y,p,n,n,c,u,n,w,0
k,y,c,b,f,f,w,n,r,b,r,k,y,y,c,u,o,n,e,r,v,d,0
s,g,g,t,f,f,d,b,b,t,e,s,f,o,y,p,o,n,f,y,n,p,0
s,y,e,b,y,f,c,n,p,b,e,f,s,b,e,p,o,t,p,n,a,m,0
f,s,w,t,c,d,w,n,w,t,e,f,y,o,y,p,w,n,z,k,n,w,0
b,y,c,t,c,f,c,b,u,t,r,y,y,e,e,p,n,t,e,n,n,w,0
b,f,r,b,p,a,d,n,y,b,e,f,k,o,n,p,w,t,e,r,n,w,0
b,g,c,t,p,d,d,n,u,t,z,s,y,e,g,u,y,o,n,w,s,w,0
x,f,b,b,y,f,c,n,y,b,u,f,s,o,b,u,w,o,c,r,c,g,0
x,s,b,t,a,d,d,n,b,t,z,f,f,p,b,u,y,o,n,o,v,m,0
x,f,e,t,m,d,w,n,r,t,?,s,s,c,w,u,w,t,z,o,n,l,0
b,g,c,t,l,n,c,n,w,t,z,f,y,o,n,p,y,t,s,o,v,u,0
b,g,y,t,f,d,c,n,y,t,c,f,k,c,y,u,y,n,s,w,s,u,0
c,y,e,t,m,d,w,n,n,t,u,y,s,w,w,u,y,n,c,u,v,p,0
f,g,w,t,y,a,w,n,p,t,c,k,k,c,p,p,y,n,n,o,v,l,0
s,g,y,b,c,n,c,n,g,b,b,s,y,p,c,u,o,t,f,r,t,w,0
c,s,b,t,f,a,w,b,o,b,?,y,k,n,b,u,y,n,s,b,v,l,0
x,y,n,t,n,n,w,n,g,b,e,y,k,y,e,p,o,n,c,y,c,w,0
x,y,w,b,m,n,d,b,k,t,?,s,f,g,o,u,n,n,e,u,n,m,0
x,y,n,t,n,f,c,n,y,t,?,y,y,y,p,u,n,o,n,y,s,d,0
b,s,p,b,p,f,d,b,b,t,e,y,s,y,n,p,y,n,f,r,c,u,0
b,f,r,b,c,d,w,n,o,t,c,k,y,w,o,p,w,n,s,o,n,m,0
s,f,n,t,m,d,d,n,y,b,?,y,f,o,p,p,w,o,f,k,a,p,0
k,y,u,b,n,a,d,n,r,t,z,f,k,o,b,u,n,t,z,n,s,l,0
x,g,e,b,l,d,c,b,p,t,b,f,k,p,p,p,n,n,p,y,c,w,0
s,s,y,t,f,n,w,b,y,t,c,s,k,w,b,p,w,o,s,n,n,l,0
x,s,b,b,n,n,d,b,g,b,z,k,k,y,c,u,o,n,l,o,s,l,0
s,g,b,b,y,d,c,n,r,t,?,f,f,c,w,u,n,n,p,r,n,w,0
x,s,w,b,l,f,w,n,w,t,c,y,k,c,b,u,n,n,s,r,c,l,0
c,f,w,b,a,d,w,n,p,t,b,y,y,e,w,p,w,t,c,y,s,w,0
f,f,e,t,n,d,d,n,g,b,e,s,k,e,o,u,o,t,f,k,v,u,0
c,g,e,t,s,f,w,n,k,t,u,f,k,b,y,u,o,t,p,u,s,u,0
x,y,y,t,p,d,w,n,b,b,e,f,f,c,w,u,o,o,l,k,v,w,0
c,f,y,b,a,d,w,b,k,b,r,y,y,w,o,u,y,t,n,w,t,p,0
s,s,w,b,n,a,d,b,y,t,c,k,k,b,w,u,y,n,z,o,a,g,0
c,g,g,b,p,d,d,n,o,t,c,y,k,p,e,u,y,t,c,h,v,u,0
x,s,p,t,n,a,w,n,k,b,u,s,k,p,g,u,o,t,z,r,s,m,0
x,g,p,t,n,f,d,n,u,t,?,f,y,c,y,p,o,o,s,w,c,d,0
x,f,e,t,c,a,d,n,o,t,b,s,f,g,b,u,w,o,l,o,t,g,0
f,y,y,b,c,d,c,n,y,b,c,y,f,p,w,p,y,o,z,r,v,d,0
f,g,p,b,f,d,c,n,p,t,z,k,f,c,c,u,y,t,e,b,t,d,0
f,s,u,t,f,d,c,b,w,b,r,k,f,g,n,u,w,o,p,k,a,g,0
c,g,p,b,p,n,w,n,p,t,z,k,k,o,p,p,n,t,c,h,c,p,0
f,y,y,t,p,n,c,n,p,t,z,s,y,n,p,p,y,n,s,o,a,l,0
f,y,y,t,p,a,w,n,u,t,b,s,f,e,g,u,n,o,n,b,a,l,0
x,g,y,b,s,n,w,b,h,b,u,f,y,g,n,p,n,t,n,y,s,l,0
k,y,c,t,n,n,c,n,n,t,r,k,f,n,y,u,y,t,e,h,n,m,0
s,f,c,b,p,n,w,n,o,t,r,s,f,p,p,u,o,n,f,w,c,p,0
k,f,b,b,c,a,w,n,u,b,?,k,f,b,n,p,w,t,f,o,t,l,0
x,g,g,t,y,n,c,n,w,b,u,f,k,b,c,p,w,t,z,n,s,g,0
f,y,p,t,y,d,d,b,e,t,b,k,y,n,p,u,o,o,f,o,v,u,0
b,f,y,t,s,n,w,b,g,t,e,k,f,y,b,p,y,t,p,h,t,l,0
c,y,b,t,p,n,d,b,h,t,b,k,y,p,g,u,o,n,p,r,v,p,0
f,y,r,t,f,n,d,n,y,t,r,s,y,n,b,p,o,n,n,h,n,g,0
s,s,c,t,y,d,w,b,y,b,r,y,y,p,p,u,w,o,e,n,a,u,0
k,s,w,t,f,a,w,b,k,b,u,y,s,g,p,u,o,o,c,r,n,m,0
x,s,w,b,a,f,w,n,o,b,b,f,y,c,b,u,n,o,f,n,n,d,0
x,g,r,t,s,n,w,b,r,t,r,y,k,c,y,u,o,t,n,r,c,w,0
c,y,r,b,l,d,c,b,g,b,z,y,y,n,b,p,y,n,f,y,v,d,0
b,s,c,t,l,d,d,n,k,b,e,s,s,y,p,u,o,t,e,r,c,u,0
c,y,n,b,m,d,d,b,b,t,?,y,y,b,c,p,w,n,n,y,s,g,0
f,f,r,t,n,f,w,b,k,b,u,f,k,o,n,p,y,t,l,h,n,p,0
x,s,w,b,a,n,d,b,e,t,?,k,s,o,p,u,n,o,f,y,n,l,0
k,f,b,b,l,f,d,b,p,t,e,s,y,c,o,u,n,t,n,n,s,p,0
k,y,w,b,s,d,d,b,y,t,r,s,f,g,b,p,o,t,e,o,s,u,0
s,f,w,t,n,a,w,n,n,b,z,k,y,w,e,p,y,t,l,u,t,g,0
s,y,r,t,s,f,c,b,y,t,c,f,y,g,w,u,w,n,l,w,s,m,0
k,s,r,t,y,n,c,b,k,t,c,s,k,o,y,u,o,n,l,u,t,u,0
x,y,r,b,m,a,c,n,r,t,b,s,k,c,y,p,n,t,e,r,v,l,0
f,g,n,t,a,f,d,n,e,b,r,f,s,b,g,p,o,n,n,n,n,g,0
s,y,g,b,m,d,c,b,p,b,z,f,s,n,n,u,y,o,f,o,n,l,0
f,s,b,t,p,f,w,b,k,t,z,k,f,c,e,p,y,o,s,b,n,w,0
x,g,b,t,m,n,d,b,o,b,u,s,k,g,o,p,o,n,s,n,t,g,0
c,s,n,b,y,d,d,n,k,b,r,s,f,g,y,p,n,n,n,b,v,m,0
s,y,c,t,f,f,c,n,k,b,b,f,f,c,y,u,o,o,l,u,t,l,0
x,s,u,t,c,f,w,b,k,b,z,k,k,g,o,u,o,n,p,r,s,m,0
f,y,w,t,m,f,c,n,k,b,?,k,s,p,g,p,n,o,f,w,t,d,0
x,f,p,t,m,d,d,n,u,t,c,y,s,p,n,u,n,t,l,k,c,w,0
k,y,p,t,m,n,c,b,y,b,u,k,s,o,c,p,w,t,s,b,s,p,0
b,s,p,t,p,f,w,n,r,t,c,s,f,n,p,u,o,t,c,o,t,d,0
x,y,c,t,c,f,d,b,h,t,u,f,y,o,y,p,y,t,p,o,s,m,0
f,f,y,t,f,n,w,b,k,t,b,s,f,n,e,p,y,n,c,b,c,m,0
b,s,y,b,a,f,c,b,w,b,c,f,s,e,o,u,o,o,s,r,n,u,0
b,g,p,b,a,a,c,n,u,b,?,y,y,b,y,u,o,o,c,r,c,p,0
s,y,b,b,c,d,d,n,o,t,?,k,k,n,w,p,n,n,l,o,a,p,0
c,s,p,t,m,f,d,n,k,b,u,k,f,g,b,u,n,n,p,k,v,u,0
k,f,g,b,s,a,c,b,h,b,r,y,f,g,g,p,n,t,n,h,v,g,0
f,g,n,t,m,a,c,n,u,b,r,f,k,n,e,p,w,n,e,n,c,m,0
s,s,n,t,f,f,w,n,g,b,u,y,f,w,p,u,w,t,e,o,a,p,0
k,y,n,t,m,n,c,b,n,b,r,f,f,o,y,u,w,o,s,w,a,p,0
b,g,w,t,n,d,w,n,g,t,?,y,s,e,b,p,y,t,n,w,n,m,0
c,g,p,b,f,a,d,n,n,b,u,y,s,g,c,p,y,n,z,n,c,m,0
f,s,n,t,n,d,c,n,w,t,u,f,y,w,w,u,n,t,e,k,t,l,0
k,s,w,b,c,a,w,n,u,b,e,y,y,n,e,p,w,o,s,r,n,w,0
x,s,b,b,s,f,d,b,b,t,b,s,s,p,y,p,y,o,f,n,a,g,0
x,y,u,t,l,a,d,n,p,b,u,k,s,g,g,p,n,t,f,y,s,w,0
f,g,u,t,l,d,w,n,k,b,c,s,s,w,b,p,w,n,p,y,c,w,0
c,g,g,b,p,a,c,n,e,b,?,y,s,w,n,p,w,n,z,u,s,d,0
k,g,u,t,a,f,c,b,o,t,b,y,s,g,g,p,w,t,e,o,n,m,0
b,f,c,t,f,a,c,b,g,t,u,k,y,c,y,u,n,o,s,b,v,g,0
s,s,c,b,n,a,w,b,e,t,u,k,k,o,c,p,o,t,c,h,t,u,0
c,f,n,t,c,a,d,n,o,b,u,y,s,w,w,u,w,o,z,w,n,u,0
s,g,w,b,p,n,w,n,b,b,e,s,k,b,y,u,o,o,z,h,t,w,0
c,s,n,b,l,f,c,n,r,t,?,s,y,p,o,u,w,t,s,w,s,l,0
c,y,g,t,p,n,d,n,h,b,b,f,k,g,p,u,n,n,l,r,t,g,0
b,s,u,t,y,a,w,b,y,b,?,k,y,e,w,u,n,n,f,h,t,g,0
c,y,b,t,y,a,d,n,u,b,b,s,f,e,p,u,w,n,s,h,t,w,0
f,f,g,t,l,d,w,b,w,t,b,y,f,p,c,u,w,t,l,w,a,u,0
c,s,u,b,y,d,c,n,h,t,r,k,k,y,y,u,o,n,s,u,c,d,0
x,f,e,t,p,a,c,b,e,b,z,s,s,o,n,p,o,n,l,o,v,l,0
f,f,y,t,m,n,c,b,y,t,e,f,y,o,g,p,y,n,s,b,s,l,0
c,s,b,b,p,n,w,b,b,b,b,f,f,y,n,u,w,n,n,b,n,l,0
s,g,p,t,n,a,d,n,u,t,?,k,s,n,y,p,y,t,c,o,n,w,0
f,s,u,t,l,n,w,n,y,b,c,k,k,b,g,p,n,o,e,y,c,l,0
k,g,w,b,n,n,c,b,y,b,z,f,y,p,w,p,n,n,f,r,t,l,0
f,g,y,t,a,f,d,n,h,b,z,s,s,e,c,p,n,t,z,u,c,w,0
c,f,r,t,y,d,w,b,y,t,b,y,s,e,n,p,n,n,z,y,t,u,0
f,y,n,b,c,n,w,b,u,b,u,k,k,w,n,p,w,t,z,b,c,g,0
x,f,n,t,c,a,d,b,k,t,u,y,k,w,w,u,y,t,p,b,c,d,0
k,g,y,b,s,n,d,b,e,b,r,k,y,o,c,u,w,n,p,h,s,w,0
f,s,r,t,m,d,c,n,o,b,b,k,k,w,e,p,w,o,l,k,t,l,0
b,g,u,t,p,a,c,b,b,t,?,k,s,e,y,u,o,n,l,k,v,m,0
c,y,p,b,s,f,d,b,w,t,c,f,y,y,g,u,o,o,z,r,c,m,0
s,f,b,b,n,d,d,b,u,t,z,k,k,y,e,u,y,t,z,r,s,p,0
c,f,w,b,m,d,w,b,y,t,?,f,f,g,y,u,w,t,p,r,t,u,0
s,y,r,b,y,d,c,n,h,t,u,f,k,g,p,p,w,n,s,b,c,p,0
c,g,r,b,n,f,c,b,k,t,e,f,y,c,o,u,y,o,f,w,s,d,0
c,g,n,b,a,a,w,b,g,t,r,k,f,g,c,p,o,n,l,n,v,d,0
k,g,c,b,s,a,c,n,e,t,?,k,k,e,e,p,n,n,l,y,c,d,0
x,g,g,t,p,d,w,n,p,t,e,s,y,w,o,p,n,t,n,u,t,u,0
s,s,b,t,c,n,w,n,g,b,b,s,y,g,n,p,o,t,z,b,s,m,0
f,s,w,t,c,n,w,n,e,b,z,y,f,e,n,u,o,t,n,u,s,u,0
f,f,b,b,c,f,w,n,g,b,b,k,y,e,c,u,y,n,n,w,v,w,0
x,s,r,t,y,d,d,n,g,b,e,s,k,b,n,u,y,o,f,r,s,m,0
f,s,u,b,c,f,d,n,n,t,u,k,s,b,y,u,w,n,c,o,c,p,0
c,y,y,t,l,d,d,n,g,b,u,s,k,b,o,p,n,t,n,y,v,p,0
k,g,e,b,f,a,c,n,p,t,?,s,s,y,g,u,n,n,e,h,v,l,0
c,s,u,t,n,n,w,n,h,t,c,k,s,n,o,u,w,o,s,w,n,l,0
f,y,g,b,f,f,d,b,r,t,z,f,k,o,c,u,w,t,p,k,a,l,0
b,f,g,t,a,f,c,n,r,t,z,f,s,w,g,p,w,t,p,u,s,l,0
c,g,w,t,c,n,w,n,e,t,u,k,y,n,o,u,y,o,e,w,n,m,0
b,g,p,b,a,a,d,b,y,t,u,s,y,c,g,u,w,t,p,n,c,w,0
x,g,w,t,m,d,d,n,y,t,u,f,y,g,c,u,n,n,c,w,a,w,0
s,s,e,b,l,d,c,n,k,b,?,f,s,p,b,p,y,n,c,u,t,p,0
k,y,p,t,l,a,c,n,k,b,u,k,s,y,p,p,w,o,z,w,a,d,0
b,s,w,t,n,a,c,n,g,t,r,f,s,g,g,u,n,t,n,k,n,l,0
s,y,e,b,p,d,d,n,w,t,?,k,y,g,n,u,n,o,s,b,n,w,0
c,y,e,b,m,n,c,n,u,t,u,k,s,g,n,p,y,t,e,n,a,u,0
f,y,b,b,l,n,w,b,y,t,c,k,s,g,e,p,n,t,n,n,t,g,0
k,y,n,b,a,a,w,b,g,b,c,y,f,y,o,p,w,o,l,k,a,m,0
c,s,b,t,s,d,c,b,p,t,c,k,k,p,p,p,w,t,s,k,s,l,0
b,f,c,b,p,a,w,n,k,t,z,f,k,o,b,p,y,n,l,r,a,w,0
f,f,r,b,m,n,c,b,b,t,c,k,f,c,o,p,w,t,p,n,a,g,0
c,g,u,t,f,d,d,b,e,t,e,f,y,n,b,u,w,o,n,h,t,m,0
b,g,w,t,l,d,c,b,g,b,z,f,y,p,g,p,y,n,p,r,s,w,0
x,s,r,t,c,n,w,n,r,t,r,y,k,p,c,p,w,o,c,r,a,m,0
k,g,p,t,n,n,c,b,h,t,b,f,f,w,e,u,y,o,z,k,a,p,0
b,f,y,t,y,f,d,b,g,b,e,s,f,o,b,u,n,t,e,r,n,m,0
c,y,u,t,p,n,c,b,u,t,u,s,k,w,w,u,w,t,e,b,s,g,0
k,s,r,t,m,f,c,b,n,b,e,y,k,e,p,u,w,o,n,o,v,p,0
k,s,r,t,p,a,w,n,h,b,u,y,y,b,n,p,y,n,p,h,a,l,0
k,g,g,b,n,a,w,n,o,t,c,y,s,w,n,p,o,n,c,u,s,d,0
s,g,p,t,p,a,c,n,b,b,z,f,f,y,o,p,y,t,s,k,s,u,0
b,g,b,t,f,a,c,b,b,t,c,f,f,n,w,p,y,o,p,y,s,p,0
k,f,g,t,m,f,w,b,o,t,e,s,s,e,w,u,o,o,z,k,v,w,0
c,g,n,t,s,d,w,n,w,b,z,f,f,y,w,u,w,n,f,h,t,u,0
b,g,g,b,p,n,d,n,e,t,?,k,k,c,n,u,o,o,e,b,a,l,0
f,g,g,t,y,f,d,b,e,t,b,s,s,n,b,p,w,o,e,b,s,p,0
s,f,p,b,p,n,d,n,e,b,b,f,y,n,g,p,w,o,c,o,n,u,0
b,g,y,b,p,f,w,b,w,t,r,f,y,b,o,p,o,t,c,u,s,p,0
k,f,y,t,n,a,c,b,n,t,b,k,y,g,w,p,w,n,l,o,s,p,0
c,s,c,t,y,a,d,b,r,t,u,f,y,o,b,u,n,n,z,y,t,l,0
b,y,g,b,m,a,w,b,p,t,z,f,y,g,o,p,y,o,n,y,t,w,0
f,y,n,t,c,d,c,b,w,b,e,f,y,c,c,p,y,o,f,b,t,d,0
b,y,y,t,m,a,c,n,y,t,z,s,s,w,w,p,o,o,e,r,c,d,0
b,y,e,b,a,d,c,b,k,b,r,f,k,g,y,u,w,o,p,b,n,d,0
c,s,p,t,f,a,c,n,u,b,c,f,s,n,b,u,n,t,z,k,c,u,0
f,g,u,b,a,n,w,b,h,t,r,f,y,p,n,p,o,t,f,r,t,p,0
c,f,g,t,c,f,d,b,h,b,?,k,y,o,y,p,o,n,s,n,v,g,0
k,g,g,t,n,n,w,n,o,t,b,f,s,w,g,u,o,n,e,h,c,u,0
s,f,b,b,f,d,c,n,b,t,c,y,y,w,p,p,y,o,s,w,t,d,0
c,f,b,t,l,a,c,b,u,b,e,f,f,o,b,u,o,n,p,u,t,l,0
c,f,b,t,p,a,d,b,w,b,z,k,y,c,b,u,y,o,l,h,c,p,0
c,s,c,t,m,d,d,b,y,b,?,y,y,b,g,u,o,t,p,r,t,p,0
c,g,c,b,s,f,d,n,e,t,c,k,s,c,n,p,o,n,n,n,t,g,0
x,y,y,b,n,d,w,b,b,b,b,f,k,w,y,p,o,t,z,y,n,d,0
b,g,w,b,p,d,c,b,h,b,c,s,y,p,c,u,o,n,c,u,v,g,0
x,g,c,b,n,d,d,b,o,b,u,f,s,p,y,p,o,t,z,b,s,m,0
f,s,u,b,a,f,d,n,h,b,c,s,f,y,o,u,n,n,l,r,a,w,0
c,s,p,t,l,a,w,n,w,t,c,f,f,b,p,p,y,n,c,b,v,g,0
b,y,w,b,y,a,d,n,b,b,c,f,y,b,y,p,w,t,n,y,c,w,0
c,s,g,t,a,n,w,b,g,t,c,y,s,g,w,u,n,o,z,y,c,d,0
k,s,b,t,c,d,d,n,r,t,e,s,f,g,g,u,w,n,c,h,s,p,0
k,s,c,t,a,n,w,b,b,t,z,f,k,c,g,u,w,t,e,n,a,p,0
s,f,e,t,a,f,c,n,r,b,r,y,k,y,y,u,n,t,e,r,a,g,0
b,f,p,t,l,f,d,b,k,b,z,k,s,y,e,p,n,n,s,w,a,w,0
k,s,p,t,y,f,w,b,w,t,r,s,y,e,n,u,o,o,l,y,n,m,0
c,g,n,t,p,a,w,n,k,t,c,y,f,n,y,p,y,t,s,n,a,g,0
f,s,n,b,a,n,c,n,y,t,e,f,f,c,c,u,y,t,c,u,s,u,0
f,y,u,t,s,n,d,b,n,b,b,y,f,b,p,u,w,o,z,h,v,l,0
x,y,y,b,l,d,w,b,n,b,c,k,f,p,b,p,n,t,n,n,v,m,0
b,y,w,b,s,f,w,n,w,b,u,f,y,y,p,p,o,n,l,n,v,p,0
b,s,b,b,a,a,c,b,o,b,e,f,y,n,g,u,y,n,f,w,n,g,0
x,f,y,b,f,n,c,b,n,t,z,y,s,c,y,p,w,o,f,w,c,w,0
k,f,u,t,l,n,c,n,w,t,u,k,f,e,g,u,o,o,e,u,n,d,0
f,y,p,b,c,f,w,n,h,t,c,y,k,w,o,u,o,t,c,b,c,w,0
k,f,g,t,n,d,c,n,e,b,b,k,k,w,c,p,y,t,z,r,c,g,0
f,f,g,b,c,n,c,n,w,t,?,f,y,o,c,u,o,n,n,o,t,p,0
k,s,g,b,y,a,c,b,e,t,r,k,y,n,w,u,n,t,e,o,n,m,0
b,y,b,t,f,d,w,n,e,b,c,y,s,n,g,u,o,o,s,u,v,g,0
b,s,r,t,m,d,d,n,p,b,e,f,y,o,c,u,n,n,s,u,v,d,0
b,g,p,t,y,f,d,n,k,t,r,s,k,g,b,u,o,o,s,b,t,u,0
f,f,p,b,m,a,d,b,u,t,b,s,y,c,y,u,n,o,z,w,a,w,0
c,g,e,b,c,d,c,n,y,t,e,y,y,n,g,u,o,o,z,h,a,m,0
c,g,n,b,f,f,c,b,r,b,?,k,y,n,e,u,y,o,s,r,a,m,0
f,g,e,t,y,f,d,b,o,t,c,k,f,w,b,p,y,o,p,w,v,d,0
c,s,c,b,l,f,c,b,r,b,u,y,k,p,y,p,o,o,n,w,s,w,0
b,f,p,b,l,n,d,n,n,t,r,f,k,g,y,p,o,t,n,y,c,d,0
f,y,g,t,f,a,w,n,n,b,b,k,s,w,o,p,w,n,e,o,s,g,0
b,y,r,t,c,a,c,b,w,t,c,y,f,e,c,p,w,o,z,r,a,l,0
k,s,u,b,m,d,w,b,w,t,e,y,f,b,b,u,n,n,s,w,a,w,0
x,y,u,b,f,a,c,n,h,b,r,s,s,c,n,p,n,o,n,h,t,d,0
f,s,e,b,m,f,c,b,y,t,b,s,y,y,n,p,o,o,l,b,n,l,0
x,y,w,b,c,a,d,n,y,b,?,y,s,b,w,p,y,o,s,n,t,d,0
b,y,p,t,m,a,w,n,y,t,e,f,k,p,g,p,w,n,f,h,c,w,0
c,f,b,b,y,d,c,b,r,b,u,s,f,y,c,p,w,n,f,o,v,p,0
x,s,n,b,a,n,d,b,w,t,c,y,y,e,n,p,w,o,p,n,v,u,0
s,f,b,b,m,n,w,n,e,b,u,k,f,c,y,u,w,n,s,w,a,d,0
c,g,e,b,y,f,d,b,p,t,u,s,f,p,p,p,w,n,e,r,v,w,0
s,s,c,t,l,f,c,b,y,b,?,y,k,p,o,u,n,n,z,r,s,d,0
c,y,e,b,m,a,d,b,u,b,b,s,k,y,g,p,y,n,s,o,c,g,0
k,f,e,b,c,n,d,b,k,t,u,y,s,y,e,p,w,t,f,o,t,g,0
b,y,g,b,p,a,c,n,w,t,e,y,s,w,n,u,n,o,e,k,a,g,0
x,y,w,t,p,d,c,n,h,b,c,s,f,w,p,u,y,t,s,u,n,p,0
c,f,r,t,m,f,d,b,p,b,u,y,k,y,c,u,y,n,f,o,n,l,0
c,s,r,t,p,d,d,n,b,b,z,f,f,w,e,u,o,t,c,r,t,u,0
x,y,e,t,n,d,w,b,u,b,c,s,k,b,b,p,n,n,p,u,a,w,0
x,y,y,b,l,n,d,b,p,t,b,k,s,b,p,u,n,n,f,r,n,p,0
k,f,g,b,f,a,d,n,g,t,b,k,f,p,o,u,w,o,f,y,t,m,0
f,f,n,b,a,a,w,b,o,b,r,y,y,e,e,u,w,n,l,y,n,m,0
b,s,e,t,c,n,d,n,p,t,e,y,s,c,c,u,o,t,f,n,a,l,0
c,g,r,b,l,n,c,n,h,b,r,s,s,p,c,u,w,o,l,o,c,g,0
b,s,g,t,f,n,d,b,y,t,?,f,s,c,g,u,y,n,e,r,n,g,0
b,s,p,b,f,a,c,n,h,b,?,s,s,p,p,p,o,o,z,y,t,m,0
k,f,r,b,n,n,w,b,p,t,?,s,s,g,p,u,w,t,c,o,c,m,0
c,f,p,b,l,a,d,n,w,t,e,s,s,o,b,p,o,n,c,o,a,d,0
b,y,p,b,m,a,w,n,r,t,u,k,y,c,o,p,y,n,l,r,a,m,0
b,y,c,b,a,d,w,b,b,t,z,k,s,c,c,p,y,t,l,b,s,l,0
c,f,r,b,m,d,w,b,h,b,?,k,y,c,g,p,n,t,l,w,s,l,0
x,s,r,b,a,d,d,n,n,b,r,s,s,b,g,u,y,n,n,n,c,p,0
b,f,g,b,p,d,w,n,y,b,c,f,f,p,e,u,n,t,e,u,n,g,0
s,g,p,b,c,a,d,n,u,t,z,y,f,b,n,u,y,o,s,k,a,g,0
c,y,u,t,l,a,c,b,p,b,e,y,s,o,p,u,o,n,c,r,v,u,0
c,y,e,b,f,n,w,n,p,b,r,s,k,w,n,p,y,o,z,u,n,g,0
b,g,w,t,s,a,d,n,u,t,e,y,y,e,g,p,n,t,n,h,v,g,0
b,s,e,t,l,a,w,b,n,b,u,f,s,y,y,u,n,o,z,w,c,u,0
b,g,w,b,f,a,d,b,o,t,?,k,y,n,c,u,w,o,z,w,a,u,0
c,y,u,t,c,n,c,b,u,t,e,y,s,w,c,u,o,t,n,r,n,p,0
b,y,w,t,s,d,d,n,e,b,b,k,s,e,p,u,o,n,n,b,v,p,0
x,s,e,b,y,d,d,n,k,b,b,k,k,g,w,u,n,n,f,y,c,g,0
k,g,c,t,y,a,c,n,w,t,r,f,k,b,e,p,y,o,z,n,t,u,0
k,y,r,t,s,n,w,n,h,b,c,y,y,w,c,u,y,o,f,h,n,d,0
k,s,w,b,a,f,d,n,h,t,?,k,f,c,w,p,n,n,f,b,a,p,0
s,y,n,t,m,a,w,b,k,b,b,f,s,p,g,u,n,t,f,o,v,l,0
b,y,y,t,l,n,d,n,g,b,u,k,s,g,n,p,y,t,p,r,s,w,0
s,s,p,b,p,f,w,n,y,b,c,k,k,e,b,p,o,t,p,w,v,g,0
f,s,y,b,y,n,w,n,u,b,e,y,k,y,o,p,o,n,f,u,a,d,0
s,y,u,t,a,f,d,b,k,t,z,s,y,n,w,p,o,t,p,n,a,w,0
s,s,y,t,f,n,c,b,b,b,?,s,y,b,b,p,y,t,c,h,c,p,0
k,s,w,t,a,d,w,n,k,b,c,s,s,o,e,p,y,o,p,h,t,g,0
s,g,e,b,y,a,c,b,p,t,c,f,s,o,y,p,w,t,z,h,t,w,0
f,y,e,b,l,d,c,n,p,b,z,s,k,p,p,u,w,t,c,o,n,g,0
b,y,n,t,m,f,c,b,n,t,c,s,y,c,n,p,n,t,n,w,t,g,0
b,f,w,t,n,a,c,n,n,t,u,k,y,e,g,u,o,t,s,h,a,p,0
b,g,b,t,y,n,c,n,p,b,u,s,f,y,g,u,n,n,f,u,v,d,0
x,f,g,t,y,a,d,b,b,b,z,s,y,e,w,u,n,n,e,u,s,l,0
x,g,b,b,n,n,c,n,h,b,e,f,f,g,w,p,y,t,c,r,c,u,0
x,g,g,b,n,a,w,n,u,b,b,k,y,e,n,p,o,o,l,h,a,w,0
k,y,r,b,f,d,w,n,u,t,?,y,k,b,p,u,y,t,z,k,a,g,0
f,f,e,b,n,a,w,b,u,b,b,k,k,c,o,u,y,n,c,k,s,g,0
x,g,c,t,c,f,d,n,n,b,z,y,s,p,w,u,y,t,c,w,a,w,0
x,y,c,b,f,a,w,n,k,b,r,y,s,o,c,u,y,n,c,h,a,w,0
f,s,g,b,y,f,w,n,r,t,u,f,k,n,e,p,n,o,n,k,s,g,0
x,g,y,b,f,a,d,b,b,t,u,k,f,e,g,p,n,o,f,o,v,p,0
c,g,c,b,c,a,c,b,n,b,c,y,k,w,b,u,w,n,c,u,c,u,0
f,g,w,b,c,a,d,b,w,t,c,y,f,c,e,u,o,n,e,k,v,g,0
s,f,p,t,c,a,w,b,g,b,c,s,y,g,y,p,n,t,z,w,t,d,0
c,s,w,t,s,f,d,n,g,t,b,y,s,g,y,u,y,o,c,y,a,d,0
b,g,u,b,p,a,d,n,h,b,z,k,k,g,w,p,w,o,e,n,n,p,0
c,s,r,t,c,a,d,n,b,b,u,k,k,p,y,p,y,o,l,b,t,d,0
f,f,w,t,s,n,d,n,b,b,r,s,k,o,o,u,y,n,n,r,v,d,0
x,s,r,t,y,d,w,n,w,b,u,k,s,o,y,u,n,t,l,y,v,d,0
s,y,g,b,p,f,c,n,o,b,e,y,k,n,g,u,o,t,p,n,a,g,0
x,f,u,b,y,f,w,b,g,b,u,f,y,n,p,p,w,o,z,n,c,w,0
s,f,u,t,y,f,d,n,b,b,z,s,f,b,y,p,n,o,n,u,n,m,0
s,f,b,b,y,a,c,n,o,t,?,y,s,y,y,u,n,n,s,o,a,p,0
s,y,u,b,p,a,d,b,w,b,r,f,y,o,w,p,y,t,s,b,a,g,0
b,y,w,b,m,n,w,b,n,t,u,f,s,y,p,u,y,o,e,h,v,d,0
x,y,y,b,c,d,w,n,k,t,c,s,s,w,c,p,n,n,c,w,s,g,0
x,y,e,t,f,f,d,b,k,t,?,s,f,w,o,p,n,o,l,b,a,g,0
c,f,c,b,a,f,w,b,b,b,z,k,f,b,g,p,o,n,p,r,a,l,0
x,y,g,b,n,f,w,b,n,b,b,y,k,o,e,p,w,o,l,u,t,p,0
c,y,w,t,a,f,w,n,w,t,z,f,y,c,c,p,o,o,f,b,c,w,0
k,s,y,b,y,n,d,b,k,t,b,f,y,c,c,p,o,t,e,k,v,g,0
c,y,b,t,y,a,d,n,p,b,c,f,f,e,c,u,y,t,l,o,v,w,0
k,s,n,t,s,a,w,b,n,b,r,k,y,b,b,p,y,n,e,o,v,m,0
k,f,b,t,p,n,c,b,o,t,z,y,k,b,n,p,w,t,f,k,n,m,0
b,s,p,t,c,f,w,b,y,b,c,f,y,y,y,p,w,n,z,k,a,d,0
x,s,w,b,f,f,d,b,h,b,u,y,s,e,e,u,y,n,e,n,s,g,0
f,f,u,b,y,f,c,b,y,b,e,s,k,e,e,p,o,n,e,r,s,m,0
x,f,u,b,c,a,c,n,y,b,b,k,s,c,c,u,w,t,s,y,a,w,0
b,y,p,t,a,d,d,b,w,t,u,s,k,c,b,u,n,o,c,w,c,g,0
s,f,y,b,a,f,d,b,g,b,?,f,s,w,g,p,y,n,z,b,v,w,0
x,s,w,b,a,f,c,n,h,b,r,k,y,e,c,u,y,n,l,r,n,d,0
f,f,e,b,m,f,w,b,p,b,?,s,s,o,w,u,w,o,c,w,s,d,0
s,g,g,b,s,d,d,n,h,b,c,s,k,o,w,p,y,o,c,w,v,m,0
f,s,w,t,s,n,c,n,w,t,u,s,f,g,w,u,w,o,z,y,s,l,0
f,f,r,t,m,a,c,b,e,t,c,k,f,c,e,u,n,t,f,k,c,d,0
b,s,e,b,p,a,w,n,h,t,u,k,f,o,b,u,o,n,f,y,c,p,0
x,y,p,t,m,f,w,n,y,b,u,f,f,p,o,u,y,o,n,w,t,u,0
s,s,y,b,l,f,c,n,b,t,c,s,s,g,g,u,n,o,f,n,c,u,0
f,y,w,b,p,a,c,n,p,t,z,s,k,e,g,p,w,n,e,u,c,m,0
c,s,r,b,p,d,w,n,o,t,e,y,y,p,c,p,w,t,s,h,v,w,0
f,f,p,t,c,n,c,b,g,b,u,y,y,e,e,p,o,o,z,u,c,l,0
b,f,c,b,p,a,c,n,k,b,u,y,s,b,e,u,o,t,z,u,t,g,0
k,y,e,b,s,n,w,b,e,b,b,y,s,w,n,u,o,o,c,b,c,u,0
k,s,w,b,a,a,c,b,w,b,u,s,k,b,c,p,n,t,c,o,n,u,0
k,s,c,t,l,a,c,b,e,t,z,k,s,c,p,p,o,t,e,k,n,l,0
s,y,e,b,y,n,d,b,y,b,u,f,k,o,c,p,n,n,e,y,a,l,0
k,y,y,t,f,f,d,n,u,b,u,k,f,n,g,u,o,o,f,u,c,u,0
f,y,g,b,c,n,c,n,h,t,?,f,y,w,y,u,w,t,n,y,c,l,0
f,y,w,t,l,f,c,n,e,t,z,f,f,g,n,p,n,o,p,k,v,g,0
f,f,p,t,y,f,w,b,p,b,u,y,s,e,o,u,o,t,n,n,c,p,0
f,y,b,b,f,n,w,b,r,t,?,k,s,b,p,u,o,n,n,h,a,d,0
s,y,n,b,c,a,w,b,r,b,u,s,f,b,c,u,o,t,p,k,n,d,0
f,s,e,b,p,f,c,b,e,b,u,k,s,c,n,p,y,t,e,u,n,l,0
f,y,e,b,s,d,w,b,e,t,e,k,s,w,n,u,n,t,c,b,a,m,0
s,g,e,b,y,a,w,n,p,b,b,k,k,y,e,p,w,t,f,w,v,l,0
c,g,n,b,p,d,c,n,b,t,b,y,s,g,y,p,w,n,l,h,n,d,0
f,g,c,t,f,d,w,b,y,b,c,k,s,p,w,p,w,n,p,r,n,g,0
b,f,e,b,s,f,c,b,u,t,z,y,y,w,o,u,w,n,s,h,t,u,0
c,g,w,t,l,a,c,b,e,b,r,f,f,p,o,p,y,t,s,u,t,u,0
s,g,b,b,y,n,c,n,u,b,?,y,f,g,w,u,o,t,f,w,v,l,0
c,s,w,t,y,a,w,b,h,b,?,s,f,o,w,u,y,n,f,n,s,p,0
f,s,y,b,y,d,w,n,r,t,c,y,f,p,o,u,y,n,s,b,t,l,0
f,f,w,b,a,n,c,n,g,t,c,y,f,b,g,u,n,t,f,r,n,u,0
b,f,n,t,p,d,w,n,o,b,z,s,k,w,y,u,n,n,n,k,c,p,0
x,s,w,t,l,a,c,b,k,b,r,k,y,p,o,u,w,t,n,r,a,p,0
k,g,u,b,s,a,d,n,p,b,c,y,f,p,g,p,n,t,c,u,t,d,0
x,f,y,t,l,n,d,n,p,t,c,s,s,g,c,u,y,n,c,b,a,g,0
s,s,c,b,m,n,d,n,k,b,e,k,y,p,g,u,o,t,e,y,a,w,0
s,f,r,b,y,n,w,n,w,b,b,y,k,o,o,p,w,n,n,n,t,g,0
x,f,b,b,a,f,d,n,w,b,e,k,k,p,o,u,n,n,n,r,v,u,0
x,f,r,b,l,f,d,n,e,b,z,k,y,e,e,p,o,t,c,u,v,l,0
f,s,w,b,n,n,w,b,u,b,?,y,s,g,y,p,y,t,n,w,v,m,0
f,g,u,b,m,d,w,n,k,b,u,y,s,c,p,u,o,n,e,h,a,d,0
x,y,b,b,y,d,d,n,y,b,?,f,f,y,c,p,w,n,l,o,c,p,0
k,y,b,t,c,f,c,n,y,t,u,k,k,w,y,u,o,n,c,o,s,m,0
f,y,g,t,f,f,w,b,r,b,b,s,f,p,o,u,w,n,f,y,v,d,0
x,s,u,b,y,d,d,n,e,t,r,f,k,g,p,p,w,n,e,y,n,l,0
b,s,r,b,m,n,w,b,w,t,e,f,y,g,p,u,y,n,l,y,c,m,0
f,f,u,b,n,a,d,b,r,t,c,k,s,p,w,u,o,n,e,h,n,p,0
s,g,y,t,f,f,w,b,h,b,?,f,s,e,n,u,w,o,f,h,n,p,0
f,f,w,t,a,f,d,b,n,t,e,k,s,p,n,u,n,t,z,y,a,p,0
f,y,e,t,f,d,w,b,b,t,e,s,y,o,n,p,n,n,c,o,a,u,0
b,g,w,t,y,n,w,n,w,t,e,s,y,n,b,u,w,t,s,w,v,d,0
x,y,p,t,l,f,c,b,p,t,u,y,k,n,g,p,o,n,z,u,s,u,0
b,g,b,b,c,d,w,b,y,b,e,y,f,c,n,p,y,o,z,u,t,g,0
c,s,p,b,s,d,w,n,e,b,c,f,f,p,g,p,o,o,e,y,s,l,0
x,f,b,b,y,a,c,b,y,t,u,y,k,n,c,p,w,t,f,b,v,p,0
s,s,p,b,p,d,d,n,o,t,u,y,f,n,c,u,n,t,z,o,t,g,0
b,f,y,t,f,d,c,n,w,b,e,y,k,o,o,p,n,o,z,y,n,m,0
x,y,u,t,a,n,w,n,g,t,e,k,f,e,b,p,n,o,c,k,a,u,0
c,g,r,t,l,d,c,n,u,b,c,s,s,b,y,u,y,t,l,o,n,g,0
k,y,w,t,f,f,c,b,b,t,e,k,y,n,o,p,o,o,f,o,t,d,0
k,s,p,b,m,n,w,b,e,t,b,y,y,p,y,p,n,n,p,b,n,m,0
k,y,b,t,l,d,w,n,n,b,b,f,k,b,p,u,n,o,n,k,t,l,0
c,s,w,b,a,f,c,n,b,t,?,f,s,p,w,u,y,t,l,y,t,d,0
b,s,p,t,a,f,c,n,e,b,c,f,k,b,g,u,y,n,f,r,t,g,0
s,y,u,b,p,n,d,b,k,t,e,s,s,b,y,u,w,t,z,o,v,w,0
f,s,g,b,l,f,w,b,y,t,e,f,y,b,p,p,w,t,z,y,n,g,0
b,f,c,t,y,d,d,n,w,b,c,f,y,e,o,u,y,o,l,o,a,p,0
k,s,p,t,y,n,c,n,g,t,u,s,k,y,e,p,w,o,c,h,n,m,0
s,f,e,b,s,d,w,n,y,b,r,s,s,y,o,p,o,t,p,u,a,w,0
b,g,p,t,c,n,w,n,k,b,b,k,k,y,g,p,w,n,c,n,s,d,0
b,f,p,t,m,a,w,n,r,b,z,k,s,y,y,p,y,n,l,h,s,p,0
c,y,p,t,l,d,w,b,w,t,b,s,y,g,o,u,w,n,c,o,n,u,0
b,g,u,t,s,d,c,b,y,b,?,f,f,g,o,p,n,o,c,n,a,w,0
k,y,w,b,f,a,d,b,b,t,r,f,y,c,o,u,o,t,p,o,n,p,0
f,g,b,b,p,d,d,n,e,t,r,k,f,w,w,p,n,o,p,b,s,l,0
f,g,r,t,c,f,c,n,b,b,?,s,k,g,p,u,y,n,c,w,c,l,0
c,f,r,b,m,n,w,n,b,t,b,s,s,c,n,p,w,o,p,h,n,g,0
k,g,e,b,l,a,d,n,o,t,z,k,k,o,b,p,n,t,f,o,t,w,0
k,s,b,t,p,f,w,b,r,t,c,k,s,c,b,u,n,t,f,y,c,p,0
f,g,e,t,p,d,c,n,h,b,?,f,s,n,y,p,n,o,c,r,a,u,0
k,f,u,b,m,a,c,n,w,b,z,k,k,c,n,u,n,o,n,w,v,u,0
b,f,n,b,m,f,c,b,r,t,u,f,k,o,b,p,y,t,l,h,n,l,0
b,g,e,t,f,n,d,n,o,b,z,f,k,g,g,u,n,n,p,u,v,m,0
k,s,n,b,a,f,c,n,n,b,c,s,y,n,b,u,o,n,p,o,s,w,0
c,s,n,b,p,d,c,n,g,t,c,f,y,g,c,u,o,t,f,y,n,d,0
s,y,p,t,l,d,d,n,w,b,b,f,k,g,e,p,y,o,s,u,v,m,0
c,y,w,b,m,f,d,n,n,t,?,f,f,c,b,u,n,o,f,w,a,m,0
f,g,g,b,p,a,d,n,u,b,e,f,k,c,b,u,y,t,z,r,v,u,0
s,y,n,t,a,a,c,n,y,t,u,s,s,g,p,u,o,t,f,y,t,p,0
c,s,y,t,l,n,d,n,h,t,z,f,k,c,c,p,w,n,l,u,c,p,0
k,g,e,b,l,a,c,b,w,t,e,f,s,b,b,u,n,n,e,b,s,w,0
k,y,b,b,s,a,d,n,w,t,b,k,s,c,b,p,w,o,p,w,c,u,0
c,f,w,b,c,n,w,n,o,b,r,s,s,y,b,u,y,n,e,n,n,p,0
s,s,b,t,p,a,w,n,u,b,e,y,s,c,n,p,y,o,p,w,s,u,0
c,g,u,t,a,n,c,b,k,t,b,k,y,w,y,p,n,n,z,o,a,m,0
k,g,p,b,m,n,d,n,o,b,b,k,k,n,b,u,y,t,n,y,a,m,0
k,s,e,b,l,n,d,n,o,b,e,f,k,g,w,u,n,o,c,r,a,u,0
c,s,g,b,y,a,w,b,r,t,b,y,f,e,y,p,y,n,f,k,a,m,0
k,y,c,b,f,f,d,b,o,t,c,s,f,e,n,p,w,n,c,o,a,m,0
k,s,p,b,n,d,c,b,k,t,b,s,y,g,b,p,y,o,s,r,c,u,0
x,y,u,t,y,n,w,n,r,t,z,s,y,o,w,u,y,o,n,k,s,w,0
f,y,r,b,a,a,d,b,b,b,z,f,y,b,g,p,o,n,l,k,a,g,0
c,y,g,t,m,d,d,n,w,b,c,s,y,n,b,p,o,t,l,w,n,p,0
k,s,c,b,n,d,c,n,p,t,b,s,s,w,b,p,y,o,s,r,t,g,0
f,s,p,t,f,f,w,b,o,b,b,s,y,c,w,p,o,n,l,n,a,m,0
b,f,c,t,p,n,w,b,h,b,r,s,f,w,g,u,o,t,c,w,c,m,0
b,y,y,t,c,f,c,n,b,t,b,y,s,n,y,u,w,n,z,y,a,g,0
b,y,b,t,a,n,w,n,p,t,b,s,y,g,w,u,n,t,p,h,c,m,0
b,g,g,t,f,d,c,n,y,t,u,s,k,c,n,u,n,t,z,n,c,m,0
x,s,c,b,n,f,w,b,g,t,e,f,y,e,b,p,o,n,e,u,c,w,0
k,f,r,t,l,d,d,n,r,b,r,k,y,g,w,p,w,o,p,o,t,d,0
s,g,y,t,m,f,c,b,u,t,b,k,s,n,w,p,y,o,e,k,c,l,0
b,y,c,t,m,f,w,b,y,b,u,k,f,y,g,p,w,o,e,w,s,m,0
c,f,p,b,y,a,w,b,p,b,z,f,y,e,y,p,y,n,c,u,a,p,0
c,f,r,b,a,f,c,b,k,b,u,k,s,o,e,u,n,n,l,h,c,d,0
x,f,w,t,y,n,c,b,y,b,u,y,s,e,c,u,w,n,c,h,v,m,0
k,s,n,b,s,f,d,b,h,b,z,k,y,n,p,p,o,t,f,k,v,g,0
f,y,c,t,y,f,d,n,h,t,c,s,y,o,o,u,n,n,p,h,n,l,0
k,s,p,t,n,n,c,n,p,b,b,y,s,w,w,p,w,n,z,k,c,g,0
k,g,y,t,l,a,d,b,p,t,u,s,s,p,g,p,y,o,n,y,n,p,0
b,g,p,b,a,f,d,n,k,t,c,y,f,p,b,p,o,n,c,w,c,g,0
s,y,u,t,y,f,w,b,b,t,u,k,y,b,e,p,o,o,p,o,n,p,0
k,f,e,t,l,d,w,n,r,t,?,k,s,b,c,u,y,o,l,h,n,d,0
x,g,e,t,l,d,d,n,n,t,u,f,k,w,b,p,w,o,n,w,v,u,0
f,s,n,b,p,n,w,b,h,t,e,k,k,w,c,u,w,t,c,w,c,p,0
b,s,w,t,l,d,c,n,g,b,c,y,k,c,n,u,y,n,p,k,s,d,0
k,f,n,b,p,d,w,n,k,t,z,f,f,p,p,p,y,n,f,h,s,p,0
c,g,y,b,y,d,d,b,k,t,r,s,s,p,g,u,o,o,f,n,t,w,0
x,g,r,b,s,n,w,n,g,b,z,f,y,b,b,p,y,n,p,u,t,u,0
b,g,e,t,m,f,w,n,p,t,c,y,f,y,b,u,y,o,p,n,n,l,0
c,g,u,t,p,f,w,n,p,b,b,f,f,e,c,p,w,t,p,y,c,m,0
b,g,g,t,n,f,d,n,o,t,z,s,s,e,o,u,n,o,f,h,t,u,0
s,g,e,b,s,f,c,n,e,b,u,s,y,y,e,p,n,o,n,w,s,l,0
s,s,e,t,s,d,d,b,b,b,r,k,f,b,c,p,y,n,f,h,t,m,0
k,y,y,t,f,a,w,n,u,b,?,y,k,w,p,p,w,n,p,o,n,d,0
f,f,u,b,m,f,w,n,h,t,u,f,s,g,w,p,y,n,c,k,a,d,0
x,s,y,b,y,a,d,b,b,b,c,y,k,o,n,u,y,t,n,k,v,w,0
c,f,u,b,f,n,c,n,y,t,r,s,f,n,b,u,y,t,e,r,t,d,0
b,g,g,b,f,n,w,n,w,t,?,s,s,o,w,u,n,t,e,r,s,u,0
b,f,r,t,y,n,c,n,e,t,c,f,s,g,n,u,y,o,l,o,s,m,0
x,g,y,b,s,a,c,b,u,b,c,k,y,n,w,u,n,o,c,u,t,m,0
k,g,b,b,s,d,c,n,u,b,c,y,y,p,o,p,w,t,n,n,s,m,0
f,s,p,t,p,a,c,n,h,t,?,y,s,w,y,p,w,n,n,o,a,p,0
k,g,w,t,c,f,d,b,p,b,u,s,f,o,b,p,n,o,e,r,a,w,0
f,g,e,t,m,a,d,n,p,b,u,f,f,p,c,u,w,t,z,y,n,d,0
x,g,y,t,n,d,w,n,w,t,b,f,f,e,b,u,y,o,z,k,a,w,0
f,g,c,t,a,d,d,b,b,t,?,k,s,c,c,p,n,n,s,r,c,w,0
b,g,c,b,c,a,w,b,w,b,u,k,y,y,p,u,y,o,c,o,v,d,0
x,f,p,t,m,f,w,b,n,t,c,y,f,g,e,u,y,n,e,k,a,g,0
x,s,p,t,y,d,c,b,k,t,c,y,s,g,w,p,w,o,f,h,s,p,0
s,y,w,b,a,d,c,n,p,b,?,y,f,p,b,u,n,n,s,b,s,m,0
b,y,c,t,f,f,d,n,o,b,e,k,y,n,w,u,n,n,c,o,s,w,0
c,g,p,t,n,a,c,b,h,b,r,s,s,g,w,u,o,o,z,y,s,m,0
k,g,g,b,p,n,c,b,e,t,r,k,s,e,c,p,o,o,c,h,v,w,0
x,s,r,b,s,a,c,b,w,b,z,y,f,g,w,u,w,n,n,u,s,d,0
b,y,p,t,l,a,c,b,w,t,e,y,k,p,p,u,y,n,z,w,a,l,0
c,f,y,t,s,d,d,n,b,t,r,k,y,y,g,u,n,n,p,o,n,l,0
c,s,c,t,c,a,d,n,y,b,b,f,f,y,o,u,o,t,s,u,a,p,0
c,g,y,b,p,f,w,n,k,t,r,k,y,n,y,u,w,n,c,w,t,u,0
s,f,b,t,c,d,d,n,e,b,u,f,f,w,c,u,w,o,z,r,v,p,0
x,s,b,t,s,d,c,n,e,t,b,f,y,b,e,p,y,t,s,h,v,m,0
c,g,w,t,a,d,c,b,b,b,b,k,y,e,g,p,n,n,l,o,t,p,0
k,s,n,t,n,a,w,b,k,t,?,s,s,g,p,u,w,t,e,w,v,m,0
f,s,b,b,p,a,w,b,b,b,b,f,f,c,o,p,w,n,s,b,s,g,0
k,y,r,b,n,d,w,b,e,b,?,s,k,n,e,p,y,n,l,h,v,m,0
k,g,u,t,y,n,w,b,y,t,c,y,k,c,c,u,y,o,e,o,a,m,0
c,s,p,b,n,f,w,n,k,b,r,k,s,w,y,p,o,n,f,n,t,p,0
s,y,g,t,n,d,w,b,o,b,r,f,s,c,p,p,w,o,f,u,s,u,0
x,s,p,b,a,a,w,b,w,t,?,k,y,g,c,p,n,n,e,n,t,m,0
b,f,u,t,m,f,c,b,n,t,?,f,s,g,o,u,o,n,l,k,t,l,0
c,f,u,b,a,n,w,b,b,b,u,f,f,o,y,u,o,o,e,u,v,l,0
c,s,b,t,m,a,c,b,k,b,?,y,y,p,w,p,n,n,c,r,v,m,0
s,y,b,t,f,f,c,n,n,b,c,k,y,g,b,u,n,o,f,k,c,g,0
s,f,y,t,l,d,d,n,p,b,e,f,k,o,b,p,w,o,n,o,a,m,0
c,g,e,b,s,n,w,n,h,b,u,s,f,w,w,p,w,n,e,n,c,u,0
s,y,p,b,p,d,d,n,k,t,r,s,y,b,p,u,y,n,l,u,v,u,0
s,s,w,t,s,d,w,n,e,b,u,s,f,n,o,u,o,o,p,r,n,d,0
f,g,p,b,c,d,c,n,r,b,z,y,f,g,n,u,n,t,f,b,n,u,0
f,g,r,t,n,f,c,b,g,t,z,k,k,c,e,p,y,n,n,n,a,w,0
c,g,r,b,m,d,c,b,k,t,u,s,k,y,b,p,o,t,z,n,t,w,0
f,s,n,b,s,d,w,n,y,t,e,k,y,w,b,u,w,n,z,r,t,w,0
b,y,u,b,c,d,w,n,g,t,e,f,s,w,y,p,o,o,z,h,s,l,0
c,s,u,t,c,f,w,b,o,t,c,k,f,g,b,p,w,n,c,b,n,w,0
f,s,p,b,s,f,c,n,n,t,u,k,f,b,c,p,o,n,n,b,a,m,0
s,y,n,t,m,f,c,b,g,t,?,k,s,y,e,u,y,o,e,k,v,w,0
s,y,p,t,f,a,c,b,g,b,r,k,s,w,b,u,w,n,e,w,c,d,0
b,s,u,t,y,d,w,b,g,t,z,s,k,b,e,u,n,o,p,r,s,l,0
b,s,w,b,f,a,d,b,k,b,b,k,f,g,b,p,w,t,s,w,n,g,0
s,y,n,t,l,n,d,n,p,t,b,y,k,g,c,p,y,n,e,o,s,l,0
x,g,r,t,a,a,w,n,o,b,e,f,y,e,o,p,n,n,l,w,s,d,0
x,s,c,t,l,n,w,b,y,b,u,s,k,b,w,u,n,n,n,o,n,g,0
f,g,u,b,f,f,c,b,b,b,b,s,k,y,p,p,n,t,e,u,c,w,0
s,f,e,b,y,f,w,n,h,b,r,s,f,g,e,u,y,o,n,y,s,p,0
c,y,u,t,n,a,d,n,o,b,r,k,s,y,e,u,w,n,n,n,a,u,0
c,y,p,b,n,a,w,b,y,t,e,k,y,n,o,p,y,t,z,n,n,l,0
k,y,r,b,y,a,w,b,w,t,r,k,f,p,b,p,y,n,p,w,t,g,0
c,g,e,t,f,f,d,n,e,t,e,y,s,e,y,p,y,o,l,o,c,l,0
c,f,y,b,a,a,w,b,n,b,r,s,y,w,n,p,w,t,f,r,t,g,0
f,f,c,t,m,n,c,b,e,b,u,f,s,c,e,p,w,t,e,n,s,p,0
b,s,y,t,l,n,c,n,p,t,r,s,f,n,c,p,w,t,c,n,v,d,0
c,f,n,t,s,a,d,b,p,b,?,s,f,e,g,p,w,n,p,b,s,d,0
f,f,y,b,l,a,c,n,b,t,u,y,s,g,w,p,y,o,z,o,a,d,0
k,g,u,b,p,f,c,n,u,t,c,y,y,p,o,u,n,n,c,h,t,m,0
k,g,c,b,y,f,d,n,k,b,e,k,y,c,g,u,n,n,f,b,a,u,0
k,s,g,b,l,n,w,b,b,b,b,s,k,w,e,u,n,t,c,w,a,d,0
s,y,n,t,s,f,w,b,p,t,u,s,k,n,e,u,w,n,l,o,s,u,0
b,y,g,b,n,f,c,b,b,b,u,k,y,b,p,u,n,o,p,b,t,w,0
f,y,y,b,f,d,c,n,e,t,?,s,s,p,c,p,o,t,f,u,v,m,0
s,y,e,t,s,f,w,n,n,t,c,y,y,g,w,p,w,o,l,k,v,u,0
c,y,p,t,y,n,c,b,e,t,c,y,s,w,g,p,w,t,f,y,a,w,0
k,s,r,b,a,a,d,b,b,t,e,s,s,y,g,p,w,o,n,y,c,p,0
s,s,n,b,m,a,w,b,k,t,r,s,y,e,b,u,y,n,p,y,t,w,0
x,f,r,b,f,d,w,b,n,t,e,s,y,p,b,p,y,n,c,o,n,g,0
f,y,r,b,f,f,w,n,y,t,e,y,f,g,p,u,y,n,l,y,t,p,0
c,y,c,t,y,f,d,n,u,t,z,k,y,b,n,u,w,n,l,b,n,w,0
s,f,r,b,a,d,w,b,u,t,r,y,s,n,o,u,y,o,n,o,v,w,0
x,s,b,t,n,n,d,n,u,t,r,s,s,o,c,p,o,n,s,r,a,m,0
f,s,r,b,c,a,w,b,p,t,r,f,k,n,g,p,y,n,p,r,a,d,0
k,y,n,b,a,a,w,n,r,t,e,s,f,e,o,p,o,n,z,w,v,g,0
c,g,u,b,f,a,w,b,k,t,?,y,y,p,b,p,o,t,e,b,s,g,0
k,g,b,t,n,d,c,n,y,b,c,f,y,c,p,p,n,o,s,o,t,g,0
c,s,p,t,s,f,d,n,w,t,r,f,f,w,n,p,o,o,f,r,a,p,0
s,g,e,t,c,a,w,b,g,t,r,y,y,o,o,p,y,n,s,o,n,m,0
f,y,w,t,y,f,c,n,u,b,e,k,f,y,n,p,y,t,e,h,a,p,0
c,f,n,t,y,f,d,n,w,t,z,k,f,n,y,p,n,o,e,h,a,w,0
s,f,g,t,s,f,c,n,u,b,c,y,y,w,n,u,o,n,z,n,v,w,0
x,f,w,b,y,f,d,b,y,t,u,s,k,n,p,u,o,t,e,k,c,d,0
c,y,n,b,n,a,w,n,u,t,e,f,k,g,b,u,o,t,z,o,v,w,0
c,f,c,b,s,n,d,b,w,t,e,f,s,p,g,p,w,o,z,n,v,w,0
f,f,n,t,l,a,w,n,e,b,b,k,y,g,p,u,w,t,f,w,v,p,0
x,f,w,b,c,n,c,n,n,t,c,f,k,o,y,u,n,n,p,r,t,d,0
k,g,c,t,y,f,w,b,b,b,?,f,s,b,c,p,y,n,n,b,v,u,0
c,y,n,t,y,n,w,n,u,t,z,s,k,n,b,p,w,n,l,b,a,m,0
k,s,y,b,l,n,d,n,u,t,b,f,s,o,g,p,w,n,e,y,t,p,0
x,y,p,b,m,n,c,n,u,t,?,s,f,g,o,u,y,t,n,y,v,d,0
s,f,y,b,c,a,d,n,n,t,b,f,y,w,o,p,o,o,f,y,v,d,0
x,s,w,t,a,f,d,b,e,t,b,f,s,y,g,u,y,o,z,b,s,m,0
f,s,n,b,m,a,w,n,u,b,u,k,y,w,y,p,o,o,e,n,v,l,0
c,s,y,b,f,d,d,n,e,b,z,k,s,o,g,u,y,n,l,h,t,m,0
f,y,n,t,n,f,w,b,b,b,c,s,k,y,w,p,y,n,s,b,t,m,0
b,g,c,b,n,a,w,b,k,t,z,y,s,y,o,p,w,t,f,u,v,d,0
s,g,n,t,c,a,d,n,r,b,b,s,f,e,y,u,w,n,n,y,a,u,0
f,g,n,b,n,f,d,b,k,b,b,k,k,p,g,u,o,n,n,k,t,l,0
x,s,g,t,l,a,d,n,e,b,c,s,s,g,b,p,y,t,n,k,a,p,0
b,f,r,b,n,a,d,n,w,b,r,s,f,p,w,p,y,n,l,k,a,l,0
b,s,w,t,m,f,w,b,w,t,c,s,s,o,y,u,w,o,c,u,a,u,0
b,y,n,b,n,f,d,n,u,t,c,y,f,o,b,u,n,o,c,b,c,m,0
x,f,p,t,n,d,w,b,u,b,e,k,s,n,n,u,w,t,l,y,t,l,0
k,s,b,t,n,d,w,b,y,b,e,s,y,o,n,p,y,o,e,r,n,g,0
x,f,e,b,f,a,c,b,b,b,c,f,s,g,o,u,w,o,l,y,t,d,0
x,s,n,t,y,d,c,b,g,t,?,y,k,p,c,u,n,o,z,n,c,u,0
f,g,e,t,a,a,w,b,w,t,u,f,f,g,y,u,n,n,p,r,v,m,0
b,f,n,t,f,n,d,b,w,t,?,s,s,g,w,u,y,t,s,n,c,m,0
s,g,u,t,y,a,d,n,n,b,b,f,y,y,g,p,y,o,f,k,s,d,0
s,f,p,t,f,n,w,n,r,t,?,y,k,o,o,p,o,n,c,h,s,d,0
x,g,r,t,f,a,c,n,h,t,r,y,k,g,g,p,y,o,s,b,n,u,0
b,g,b,t,c,d,w,n,o,t,c,f,f,y,b,p,o,t,e,b,t,u,0
k,g,n,b,p,a,c,n,r,b,r,s,s,y,g,p,y,n,f,y,n,d,0
b,s,y,t,s,f,d,b,p,b,?,k,y,g,n,u,w,t,e,h,v,l,0
c,g,g,t,y,n,c,b,p,t,c,k,k,o,y,u,n,o,e,k,c,l,0
b,s,r,t,n,d,d,n,p,t,c,f,k,b,o,u,w,n,z,u,s,w,0
k,f,c,t,m,d,c,n,o,t,?,k,y,p,o,p,o,t,l,b,c,u,0
s,g,w,t,n,d,c,n,g,b,r,s,k,c,c,p,n,o,l,n,s,u,0
f,g,y,t,s,f,c,n,r,t,b,f,s,b,y,p,w,n,f,o,n,w,0
c,s,c,t,p,a,w,b,e,t,u,s,s,p,n,u,o,t,n,o,v,g,0
f,g,e,t,n,n,d,b,p,b,u,y,f,c,n,u,n,o,c,w,c,g,0
c,f,p,b,p,d,w,n,o,t,r,f,k,y,w,u,w,n,z,o,a,w,0
x,f,c,t,s,n,w,n,p,t,z,f,f,y,e,u,o,t,e,y,s,w,0
k,f,c,b,a,d,d,n,n,b,c,s,y,p,c,u,y,o,p,n,c,g,0
f,s,e,t,c,d,c,n,u,t,b,f,f,e,y,p,n,t,f,b,n,m,0
b,f,w,b,p,d,c,b,u,b,e,s,f,n,n,p,y,o,f,w,v,p,0
x,g,p,b,n,a,d,b,y,t,u,k,k,c,e,u,o,o,z,k,s,p,0
b,f,y,t,y,f,w,n,b,t,?,s,y,e,g,p,o,t,e,n,a,w,0
b,y,c,b,n,n,w,n,h,t,u,f,k,o,c,p,w,o,f,o,n,l,0
x,f,y,t,p,f,d,b,y,b,?,s,f,w,g,u,o,t,e,k,s,w,0
s,g,c,t,y,n,w,n,r,b,?,f,s,b,n,u,n,o,f,y,v,w,0
f,f,w,t,s,n,w,n,y,b,r,f,s,o,n,p,o,t,z,b,t,g,0
f,y,e,t,l,d,d,n,o,t,c,s,k,o,w,p,o,t,f,b,v,d,0
c,f,n,b,a,f,c,n,w,t,c,y,f,y,y,u,w,o,z,b,v,p,0
k,s,u,b,m,a,c,n,n,t,b,s,y,o,b,u,w,o,e,y,t,d,0
x,s,g,t,l,f,d,n,y,t,?,f,s,n,y,p,w,n,n,o,t,w,0
c,s,p,b,f,f,c,b,y,b,z,k,s,w,b,p,n,t,f,u,v,l,0
c,g,g,t,y,f,c,b,y,t,e,k,y,p,p,u,y,t,p,b,n,g,0
c,y,u,b,p,f,w,n,y,t,b,s,s,n,o,p,n,n,p,h,n,u,0
k,y,u,b,y,f,w,b,b,b,c,k,k,b,n,u,w,o,z,k,n,u,0
f,g,r,t,f,n,c,b,k,t,u,k,s,c,y,p,w,t,p,r,c,m,0
s,s,p,b,c,f,c,b,y,b,?,y,y,y,e,u,n,n,s,h,a,d,0
b,g,c,b,m,d,w,b,n,b,r,f,y,p,o,p,w,n,f,y,v,d,0
f,y,r,t,f,n,d,n,b,b,?,f,k,g,g,p,n,o,e,h,c,l,0
k,g,w,t,n,d,w,n,g,t,b,k,s,y,o,p,w,n,z,r,c,g,0
b,g,e,b,l,f,d,n,u,b,e,y,k,c,w,p,o,o,l,b,c,d,0
k,g,c,b,s,n,w,b,w,b,b,y,k,c,e,p,y,t,f,r,c,g,0
f,y,w,t,a,n,c,b,r,t,c,s,k,b,o,p,y,n,c,h,v,m,0
b,f,c,t,p,n,c,b,r,t,e,f,s,y,o,u,n,t,n,w,s,g,0
b,f,g,t,n,f,w,n,o,t,z,k,s,e,g,p,w,t,p,r,t,d,0
f,y,n,t,a,n,d,b,y,b,c,y,y,g,g,p,y,o,p,k,t,l,0
b,f,r,t,m,n,c,b,k,b,e,y,k,n,y,u,n,n,z,r,t,p,0
b,s,r,t,p,a,c,n,h,b,c,f,f,y,c,p,y,o,f,o,t,g,0
s,s,g,t,a,d,d,n,r,b,?,f,y,p,o,p,o,o,s,u,t,l,0
c,f,b,b,f,f,d,b,b,b,c,s,y,p,n,p,w,t,n,o,v,u,0
b,f,e,t,s,f,c,b,y,b,u,k,k,e,c,p,w,n,z,o,a,p,0
c,f,b,t,s,f,c,n,w,t,?,s,y,y,b,u,w,n,p,h,t,g,0
f,f,r,t,f,f,w,n,h,t,z,s,k,e,c,u,y,t,l,w,v,w,0
k,s,y,b,y,n,d,n,h,b,?,f,k,y,g,p,n,t,p,k,v,d,0
s,y,w,b,s,f,c,n,y,b,r,s,f,p,c,p,n,n,e,w,n,p,0
s,y,r,t,f,a,c,n,k,t,z,y,y,c,e,u,n,t,s,y,t,p,0
b,f,w,t,n,f,w,n,n,b,e,k,k,o,e,u,w,n,e,n,v,g,0
s,g,b,t,n,d,d,n,e,b,e,y,s,b,y,u,y,o,s,u,n,p,0
s,y,b,t,p,a,d,n,p,t,z,s,k,y,y,u,w,n,c,n,t,p,0
x,s,p,b,l,a,c,n,h,b,b,s,y,y,o,p,n,n,z,y,v,g,0
s,y,y,b,a,n,c,n,p,b,b,y,y,p,o,u,n,o,s,h,n,d,0
f,s,e,b,p,f,w,n,e,t,r,s,f,b,p,p,y,n,n,u,n,u,0
f,s,g,b,a,d,c,b,p,t,?,f,f,e,p,u,w,n,e,b,c,u,0
f,f,p,t,l,n,c,b,b,b,b,f,k,o,o,p,n,o,c,h,c,p,0
x,f,b,b,c,a,w,b,o,t,c,y,f,n,c,u,w,n,c,n,t,m,0
s,s,y,b,c,f,d,n,g,t,?,k,y,e,o,u,w,t,s,b,n,u,0
c,y,b,t,m,d,w,n,b,t,?,s,f,w,c,p,y,t,c,b,t,d,0
x,y,y,t,f,d,c,b,r,t,?,k,y,y,c,p,w,n,l,k,v,w,0
s,s,y,b,s,d,w,n,y,b,r,s,f,e,n,p,o,n,l,n,a,l,0
s,s,w,t,n,n,c,n,y,t,b,f,k,o,o,p,n,t,e,k,v,u,0
x,y,w,t,l,f,d,b,b,b,c,k,f,c,y,p,o,n,n,n,s,p,0
s,y,p,b,f,a,d,n,y,t,c,s,y,c,y,p,o,n,f,n,v,w,0
f,s,w,b,f,a,d,b,g,b,r,f,s,w,n,p,y,o,c,y,c,g,0
f,s,u,b,p,a,w,b,w,t,?,f,k,b,b,p,o,t,z,n,v,d,0
s,g,y,t,f,a,d,n,e,t,b,f,y,o,c,u,y,t,z,w,n,w,0
f,s,n,t,n,a,d,n,g,t,c,y,y,c,b,p,w,n,n,n,n,m,0
b,s,r,b,a,n,d,n,b,t,r,f,s,e,p,u,n,o,p,o,n,u,0
k,g,r,t,s,a,c,b,k,t,e,k,y,c,g,p,o,o,n,w,s,g,0
x,g,n,t,n,f,c,n,y,b,c,y,f,c,w,p,w,n,e,w,t,p,0
k,s,e,b,f,n,c,b,r,t,r,y,k,b,g,u,w,n,l,y,s,g,0
k,g,c,b,l,d,c,n,w,t,r,y,f,y,n,u,w,o,c,n,n,u,0
s,y,p,b,p,d,w,b,p,b,e,s,s,w,w,u,o,n,s,h,n,w,0
c,y,p,b,n,d,w,n,y,t,?,s,s,g,w,u,w,t,c,y,t,w,0
k,g,g,t,p,d,w,n,b,t,c,f,k,e,p,u,o,t,e,u,c,g,0
b,f,e,t,a,f,c,n,e,b,r,f,s,c,w,u,n,t,f,w,n,w,0
c,g,g,t,l,a,d,b,k,b,z,y,k,w,b,u,o,n,c,k,a,g,0
c,y,r,t,f,f,d,n,e,t,u,s,y,y,b,u,n,n,n,r,t,u,0
k,g,p,b,m,a,c,n,r,t,z,k,k,g,e,u,y,t,c,b,v,p,0
s,f,c,b,m,a,d,n,o,t,b,y,f,p,g,u,w,t,s,o,c,l,0
c,y,p,t,c,d,w,n,e,t,u,f,k,g,p,u,o,t,p,o,s,p,0
f,f,c,b,a,a,d,b,e,b,c,y,y,n,n,u,y,t,c,o,v,d,0
c,y,g,b,m,f,w,n,r,t,c,k,s,e,c,p,n,t,c,k,n,g,0
f,f,w,t,l,d,w,b,u,t,r,s,f,c,c,p,w,n,e,h,v,g,0
c,f,r,b,a,f,d,n,b,b,u,y,k,b,o,p,w,o,z,b,t,p,0
x,s,y,t,n,f,c,b,r,b,u,f,y,p,c,p,w,n,l,n,s,d,0
f,g,w,b,m,f,w,b,h,b,c,y,s,o,g,u,y,n,n,r,v,m,0
c,y,e,b,n,f,c,n,u,t,z,k,y,c,b,u,n,t,s,k,s,u,0
b,f,y,t,c,a,w,n,u,t,u,f,s,p,o,u,y,t,z,h,c,p,0
c,s,n,t,l,a,c,b,w,b,r,y,k,y,e,u,n,o,p,r,n,l,0
f,y,w,t,n,a,c,n,r,b,?,k,f,c,y,u,n,t,c,b,n,u,0
c,y,g,b,s,n,d,b,h,t,e,y,f,w,p,u,o,n,s,k,c,w,0
s,g,r,b,m,n,d,n,w,t,?,k,s,c,g,p,y,t,s,b,v,w,0
b,f,b,t,y,a,c,n,p,t,u,k,y,p,b,p,n,n,l,u,v,p,0
b,y,r,b,p,f,w,b,h,t,e,f,k,p,y,p,y,o,l,w,n,d,0
b,f,c,b,c,a,d,n,r,t,r,f,s,p,b,u,n,o,l,r,s,p,0
f,f,y,b,c,f,c,b,h,b,z,f,k,e,c,u,y,t,f,h,n,u,0
f,s,r,t,a,d,d,n,y,t,z,k,y,e,b,u,w,t,n,u,s,l,0
b,s,r,t,f,d,w,b,w,b,e,k,k,e,y,u,y,o,p,y,a,u,0
s,g,p,t,n,a,c,n,r,t,b,y,k,c,e,u,w,o,z,r,s,p,0
b,g,b,t,n,n,w,n,n,b,b,f,k,p,b,p,n,t,f,r,c,w,0
k,g,c,b,s,n,w,n,u,b,b,f,s,c,w,u,n,n,n,n,t,m,0
c,f,r,b,n,n,c,n,o,b,z,y,f,c,n,p,n,t,l,h,s,w,0
f,y,w,t,c,n,w,n,h,b,z,k,y,e,n,p,y,o,s,y,n,g,0
c,y,n,t,l,f,w,b,w,t,r,y,y,e,g,p,o,n,z,r,s,g,0
b,f,g,t,y,n,w,b,r,t,r,f,k,n,y,u,o,n,s,w,v,w,0
k,s,p,b,y,d,c,n,o,t,b,s,f,n,c,p,y,o,s,k,t,m,0
c,y,y,t,m,d,d,b,p,b,?,f,f,c,y,u,w,n,n,w,c,w,0
b,g,n,b,c,a,d,n,p,t,e,f,f,o,y,u,n,o,z,u,c,l,0
b,f,n,t,s,n,d,n,g,t,?,s,s,o,o,u,y,o,z,o,c,u,0
s,y,b,b,f,d,w,b,b,b,?,k,f,b,e,u,w,t,n,n,a,g,0
s,f,r,t,y,a,w,n,y,t,b,y,y,y,o,p,o,t,l,h,n,l,0
s,s,b,b,a,d,c,n,y,t,c,k,y,e,o,p,y,n,z,k,v,w,0
k,y,r,t,s,f,w,n,k,b,c,f,s,g,e,u,w,t,s,y,c,u,0
x,g,g,t,f,a,w,n,b,t,z,s,s,c,n,p,y,n,c,k,a,p,0
s,g,n,t,l,d,c,n,k,t,z,y,f,o,c,u,n,o,l,n,a,l,0
x,s,n,t,l,a,c,b,r,b,u,f,s,e,b,p,y,n,e,h,a,m,0
k,y,u,b,c,f,d,n,u,b,u,s,k,o,n,p,w,o,p,o,s,g,0
c,s,e,t,y,n,d,b,k,b,u,k,s,w,c,p,n,n,e,b,c,p,0
k,s,u,b,f,f,d,n,k,t,e,s,s,c,c,p,w,t,s,y,v,m,0
s,y,r,b,y,d,d,n,e,b,u,k,s,w,w,p,y,o,e,k,v,p,0
k,y,b,b,a,f,c,b,k,t,r,s,s,o,w,u,y,n,p,r,n,w,0
x,g,p,b,c,n,w,n,b,t,c,y,s,y,g,p,o,n,p,r,t,p,0
x,g,u,b,y,a,c,b,g,t,r,f,s,p,g,p,w,o,s,w,c,d,0
x,f,r,b,p,a,c,n,u,t,z,s,y,c,g,u,w,t,c,n,n,u,0
f,f,u,t,y,a,d,n,g,b,z,k,k,o,o,u,y,t,n,o,a,m,0
s,s,w,b,p,n,c,n,o,t,e,k,y,w,o,p,o,n,e,o,c,u,0
f,g,c,t,f,n,d,n,g,b,u,y,y,y,g,u,y,t,e,y,a,u,0
s,f,e,t,n,a,w,b,u,t,u,f,s,g,b,u,o,t,z,n,c,d,0
f,s,n,b,c,n,c,b,o,t,c,k,s,w,g,u,o,o,s,y,s,p,0
b,f,p,t,s,a,w,n,k,t,c,s,k,p,e,u,w,o,f,n,s,u,0
b,s,b,b,y,n,d,b,w,b,u,f,s,g,o,p,o,t,e,o,s,p,0
x,y,n,b,f,a,w,b,o,b,u,y,k,b,p,p,y,t,s,b,v,p,0
f,f,e,t,f,f,d,b,p,t,e,y,k,e,p,u,y,n,l,b,s,p,0
b,s,y,b,c,f,w,b,e,t,?,s,y,g,n,u,w,o,z,h,v,p,0
s,g,e,b,l,n,c,b,p,t,e,k,f,p,e,u,w,t,f,y,s,p,0
x,f,n,b,p,f,w,b,o,t,z,k,k,o,e,p,n,t,c,b,c,d,0
x,s,p,t,l,n,c,b,g,t,?,f,s,c,b,p,w,t,f,u,n,l,0
f,s,e,b,c,d,c,b,u,b,r,k,y,w,g,u,w,t,z,n,v,p,0
k,s,r,b,s,d,c,b,o,t,e,y,f,o,e,u,w,n,e,n,v,w,0
x,f,w,b,n,d,w,n,k,b,r,s,k,b,n,u,n,t,s,b,t,m,0
c,s,g,b,n,f,c,n,n,t,r,s,y,n,b,p,w,n,f,b,v,l,0
x,s,u,b,s,n,c,n,g,b,z,y,s,p,e,u,w,t,s,y,a,m,0
f,s,e,b,f,n,c,n,e,t,z,y,y,y,g,p,w,t,s,o,t,p,0
f,y,e,t,l,f,d,b,n,t,r,k,y,n,c,p,o,o,p,y,c,m,0
b,f,p,b,n,a,c,b,k,t,c,f,k,n,y,p,y,t,c,k,s,g,0
f,s,y,t,p,a,c,b,e,t,r,s,f,y,y,p,w,n,z,h,n,p,0
b,y,b,b,n,n,w,n,e,b,z,y,y,p,b,u,w,o,n,n,n,m,0
x,s,u,b,n,f,w,b,o,b,b,k,f,y,w,u,n,n,c,r,t,l,0
c,y,c,b,c,n,c,b,b,t,u,f,f,g,e,u,w,n,e,b,c,l,0
s,s,c,b,p,f,c,n,y,t,e,k,k,e,o,p,n,t,z,u,a,l,0
f,s,e,b,y,f,w,b,y,t,z,s,s,e,g,p,n,t,f,n,a,m,0
c,f,g,t,c,f,w,b,g,b,b,s,f,w,e,u,y,t,f,y,a,p,0
k,g,p,t,s,d,c,n,e,t,r,f,f,p,y,u,n,t,c,r,n,g,0
f,f,p,t,f,d,c,n,b,t,z,y,y,b,y,p,o,t,p,n,n,u,0
s,s,b,t,l,a,c,b,u,t,?,s,s,w,w,u,y,n,s,u,t,g,0
x,s,c,b,n,f,c,b,u,t,e,k,y,n,b,u,n,t,s,r,s,g,0
x,f,y,t,a,a,w,b,r,t,e,k,f,w,y,u,n,n,z,r,n,d,0
b,y,w,b,n,d,w,n,w,b,z,k,y,w,p,p,w,n,c,r,n,m,0
f,s,u,t,l,a,c,b,r,t,?,k,s,c,g,p,n,n,s,r,n,l,0
f,f,p,t,p,d,c,b,k,b,e,k,s,g,p,p,o,t,l,u,c,w,0
s,y,g,b,m,d,w,n,u,t,u,s,k,n,g,p,n,t,s,k,n,p,0
x,f,b,t,c,f,c,n,o,t,b,y,f,y,b,u,o,n,c,u,v,m,0
k,g,w,t,f,a,d,b,g,b,e,y,f,y,o,u,o,n,l,b,n,l,0
f,g,w,t,a,f,w,n,w,b,r,f,f,w,c,p,o,n,f,w,a,u,0
c,g,r,t,s,n,c,b,e,t,u,k,f,p,c,p,n,o,p,u,a,p,0
c,s,p,b,c,f,w,n,o,t,e,k,k,y,y,p,w,t,f,n,s,m,0
s,y,b,b,n,f,w,n,b,b,z,s,f,o,b,p,n,t,c,n,a,p,0
k,y,b,b,f,n,d,b,r,b,c,s,y,p,p,u,w,n,e,o,s,p,0
f,f,u,b,n,d,w,b,k,t,c,k,f,y,b,p,y,o,z,h,n,l,0
k,g,c,t,c,a,c,b,k,t,u,y,s,n,g,p,n,n,n,h,a,g,0
x,s,b,b,f,a,w,b,w,t,z,f,k,y,w,p,n,n,z,k,c,d,0
b,f,b,b,f,a,d,b,u,b,z,s,k,g,w,u,y,o,p,h,a,m,0
c,f,g,b,p,n,c,n,o,b,c,y,f,c,y,u,o,t,l,n,t,d,0
k,g,n,t,f,f,d,n,n,b,u,k,s,y,g,u,y,t,n,y,a,d,0
s,f,r,b,l,a,c,n,k,b,?,k,s,y,o,p,y,o,n,u,n,g,0
k,f,w,t,p,a,w,n,y,t,u,y,k,p,w,u,o,n,s,b,n,w,0
x,g,b,t,n,f,c,b,e,b,u,k,s,w,p,p,n,t,e,o,c,g,0
c,y,y,b,y,d,d,b,p,b,?,k,s,e,e,p,o,n,c,w,s,p,0
x,f,e,t,y,f,w,b,h,b,r,k,f,e,g,u,w,t,e,r,v,g,0
b,g,u,t,c,d,w,b,y,t,?,k,k,b,b,u,y,n,n,w,n,p,0
b,f,w,b,a,d,w,b,g,b,b,f,s,e,n,p,o,n,n,u,n,l,0
b,g,e,b,y,n,c,b,g,b,r,k,k,n,c,u,y,n,s,w,c,p,0
c,y,r,t,y,n,d,b,w,t,c,f,f,o,w,p,y,n,p,o,t,d,0
c,g,n,b,l,d,c,b,u,t,?,s,f,y,p,p,y,n,p,r,a,d,0
x,s,u,b,n,n,d,b,o,b,r,s,k,y,o,p,w,t,e,h,s,u,0
k,g,b,b,n,n,d,b,h,b,b,y,s,b,e,u,y,n,e,k,a,d,0
s,f,b,b,p,f,c,b,o,b,u,f,k,p,w,u,y,t,z,o,s,w,0
k,y,c,b,p,a,w,n,n,t,b,y,s,e,n,p,n,n,c,k,t,p,0
c,f,b,t,n,n,d,n,r,t,e,k,s,o,b,u,n,o,c,w,t,g,0
k,y,y,b,l,f,d,n,u,t,u,k,f,b,p,u,w,t,s,y,n,u,0
s,g,y,t,l,a,d,b,b,b,u,k,s,n,o,u,w,o,c,w,a,l,0
c,g,g,t,y,n,c,n,p,b,e,y,y,o,y,p,o,o,l,y,a,l,0
b,f,r,t,f,f,w,b,g,b,?,k,s,n,n,p,w,o,p,w,v,g,0
f,g,n,b,p,a,c,b,n,b,r,k,f,c,w,u,n,n,f,o,n,l,0
c,s,c,t,f,a,c,b,k,t,r,y,f,g,c,u,y,t,n,b,t,m,0
b,s,n,b,f,n,c,n,k,b,c,f,s,c,e,p,n,n,p,r,n,p,0
x,y,r,t,l,n,w,n,e,b,r,k,k,g,y,p,y,t,s,y,a,d,0
x,f,g,t,n,a,d,b,g,b,u,s,y,b,p,p,n,o,e,r,a,g,0
x,y,c,b,y,n,c,n,k,t,c,s,y,p,e,p,o,t,n,n,v,g,0
x,s,y,t,p,a,d,b,k,t,z,s,y,w,p,p,y,o,s,w,c,m,0
x,f,c,t,y,n,d,n,y,t,c,k,s,g,n,u,o,t,n,n,a,w,0
s,s,e,b,c,a,c,b,w,t,u,y,y,e,e,u,o,o,l,b,a,w,0
s,g,e,b,y,f,d,b,y,b,r,f,s,w,c,u,y,o,s,h,t,u,0
s,s,e,b,a,d,c,b,e,t,u,y,f,w,w,u,y,o,l,b,t,u,0
b,s,e,t,a,f,c,n,e,b,b,s,k,p,e,u,o,t,n,w,v,g,0
f,y,y,t,f,n,c,b,h,b,?,y,k,c,e,u,o,n,c,h,c,g,0
s,y,y,b,p,f,c,b,u,b,c,f,k,g,o,u,y,n,f,w,a,l,0
k,f,g,b,a,d,c,b,p,b,r,y,y,e,o,u,y,o,p,h,n,l,0
b,s,y,t,y,f,w,n,k,t,r,k,y,b,p,u,o,t,z,o,t,l,0
x,f,g,t,a,f,d,b,b,t,e,f,y,g,y,p,o,o,l,n,c,d,0
f,f,p,b,s,n,w,b,u,t,r,s,y,c,c,p,y,t,p,o,a,d,0
b,y,r,b,l,n,w,b,y,b,r,f,f,p,o,p,n,n,f,o,t,l,0
x,s,p,t,s,n,c,b,p,b,e,s,y,e,e,u,n,n,z,u,c,w,0
s,s,w,t,y,a,d,b,h,b,c,s,s,g,c,u,n,o,f,k,s,l,0
s,s,p,b,m,d,d,b,o,t,e,s,k,y,n,p,o,t,p,r,c,w,0
s,y,p,b,s,f,c,b,e,t,c,k,y,p,c,u,o,o,f,r,v,w,0
k,f,n,t,n,d,d,n,b,t,?,y,y,o,n,u,w,o,p,b,s,w,0
k,g,r,t,p,n,w,b,o,t,b,k,y,y,e,p,y,n,s,k,n,p,0
c,s,y,b,l,f,d,b,p,t,e,f,s,e,c,u,y,t,l,k,v,p,0
x,g,p,t,s,a,c,b,k,t,c,k,f,c,n,p,y,t,n,h,s,l,0
c,g,y,t,y,d,w,n,n,b,c,f,s,c,w,u,n,n,f,b,n,w,0
b,g,b,t,p,a,w,b,o,b,?,s,y,o,w,u,w,t,e,n,n,p,0
c,s,y,t,a,a,d,n,n,t,b,y,y,p,e,p,o,o,e,w,v,p,0
f,f,c,b,a,n,d,n,y,t,?,k,y,n,c,u,w,n,s,b,n,g,0
b,s,g,t,s,n,c,b,g,t,?,s,s,c,p,p,n,n,z,b,a,w,0
f,y,r,t,l,f,c,n,h,b,r,s,y,e,y,u,o,t,s,n,s,u,0
b,g,y,b,a,a,c,n,o,t,c,y,y,g,y,u,w,o,z,r,c,g,0
c,s,b,b,n,f,w,n,k,b,b,k,y,o,c,u,y,t,f,b,s,g,0
x,s,b,b,s,n,d,n,n,b,z,y,k,n,c,u,o,n,f,h,s,p,0
k,f,n,t,s,n,w,n,w,t,u,k,f,o,w,u,o,n,n,o,a,l,0
c,y,g,b,n,a,c,n,o,b,u,y,s,o,g,p,w,n,e,n,c,u,0
k,g,e,t,s,n,w,b,r,b,b,f,y,b,c,u,o,o,p,n,c,d,0
c,s,g,b,a,n,c,b,h,b,r,f,y,p,n,p,y,n,z,u,t,w,0
f,f,y,t,l,f,w,b,r,t,?,f,f,b,o,u,y,o,c,o,n,d,0
b,s,p,t,y,d,d,b,p,t,z,f,y,e,c,u,w,t,f,o,c,p,0
c,s,r,b,f,f,d,n,g,t,c,y,k,e,o,p,y,t,l,w,c,d,0
c,y,p,b,y,n,w,b,e,t,r,k,s,c,n,u,n,n,p,n,n,m,0
c,y,c,t,m,d,d,n,w,t,?,y,k,b,o,p,n,o,f,h,v,m,0
b,f,c,b,y,a,c,n,k,t,?,f,f,p,n,u,n,n,c,y,a,l,0
f,y,r,b,s,a,d,n,u,t,?,y,y,y,n,u,w,n,z,h,s,w,0
k,f,c,b,n,d,c,b,r,t,e,k,f,y,o,p,y,t,f,y,c,p,0
s,f,c,b,a,a,c,b,u,t,?,y,y,o,b,p,w,n,n,w,s,w,0
b,y,y,t,s,a,c,b,p,t,c,f,k,o,n,p,o,n,s,r,s,w,0
f,s,c,b,c,a,c,b,k,b,e,s,y,w,p,p,y,o,s,w,t,p,0
s,f,n,t,p,n,w,b,n,b,e,y,k,n,n,u,y,t,n,y,v,p,0
k,f,p,b,a,n,d,b,y,b,u,f,s,b,e,u,n,n,f,w,v,g,0
k,s,w,t,f,d,c,b,k,b,b,k,y,e,y,p,o,n,c,k,t,p,0
f,y,e,b,f,f,d,n,y,t,?,f,s,y,b,u,o,t,p,u,c,l,0
k,s,n,t,c,d,c,n,k,b,u,s,f,o,o,p,y,n,p,n,s,w,0
s,f,p,b,p,f,d,n,u,t,r,y,y,y,p,u,o,n,p,y,n,m,0
x,g,b,b,f,f,w,n,e,b,e,k,f,o,p,p,w,t,p,b,c,p,0
k,g,n,t,c,d,w,n,p,t,?,f,k,e,o,u,n,t,e,w,s,g,0
b,y,c,b,y,f,w,n,k,b,z,y,f,w,e,u,n,n,s,w,s,g,0
b,g,c,t,a,a,w,b,y,t,?,y,k,y,w,u,n,o,n,k,a,g,0
x,s,b,b,s,n,w,b,b,b,c,s,f,b,w,u,w,n,e,o,a,m,0
b,f,y,b,n,f,c,n,g,b,u,k,k,o,b,u,y,n,e,o,a,m,0
x,f,r,b,c,d,w,n,h,t,b,s,s,c,w,p,o,o,z,y,t,u,0
x,g,w,t,m,n,w,b,n,t,c,s,k,o,y,u,w,o,n,k,a,u,0
f,s,e,b,c,f,w,b,y,t,b,k,k,c,o,u,w,n,f,u,a,p,0
x,y,p,t,c,a,d,b,u,t,c,s,f,c,o,p,w,n,c,u,s,g,0
x,y,e,t,l,f,d,b,w,b,r,y,s,n,e,p,n,o,c,b,c,u,0
c,s,w,t,l,d,c,n,b,t,z,f,y,g,b,p,o,n,f,n,t,m,0
x,f,r,b,m,a,w,n,u,t,e,y,y,o,c,u,n,n,f,y,a,d,0
b,s,b,t,p,a,d,n,p,t,b,f,k,e,o,u,w,n,z,w,s,u,0
f,s,e,b,c,a,d,b,y,t,b,y,f,w,g,u,o,n,z,u,n,d,0
x,s,b,b,m,f,w,n,r,b,e,y,k,p,y,u,w,o,e,r,s,d,0
s,y,n,t,a,f,w,n,b,t,z,k,k,c,y,u,o,n,e,n,v,g,0
c,y,y,t,a,a,d,n,e,b,z,y,k,n,b,p,w,n,l,k,t,m,0
x,g,g,t,m,f,w,n,k,t,u,s,k,b,p,p,n,n,s,y,t,w,0
c,s,c,b,a,d,d,b,g,t,e,y,k,e,o,p,y,o,c,b,v,l,0
x,y,e,b,y,a,c,b,u,b,e,y,s,w,w,p,w,n,f,b,a,p,0
x,y,y,b,m,f,w,b,k,t,r,f,y,n,b,p,y,n,s,k,s,d,0
c,g,r,t,m,d,c,b,u,t,z,y,y,y,b,u,n,t,l,y,n,u,0
k,g,e,b,c,d,w,n,e,t,e,y,y,p,b,u,y,o,l,n,c,u,0
k,s,g,b,n,a,d,n,u,b,r,k,s,c,c,u,y,n,z,y,v,g,0
b,s,c,b,c,n,d,n,r,b,r,k,k,y,o,p,n,n,n,r,n,u,0
x,g,r,t,m,f,c,b,u,t,b,y,s,w,b,u,y,t,n,r,a,w,0
f,s,r,t,a,d,c,n,g,b,z,k,k,c,y,u,n,n,l,w,n,w,0
b,f,u,t,m,a,c,b,p,b,z,y,f,e,g,u,o,o,s,y,v,p,0
f,g,r,t,s,a,c,n,h,b,z,k,f,e,y,p,o,n,p,y,t,w,0
x,y,r,b,f,d,c,b,n,b,c,k,f,b,n,u,w,t,s,r,v,m,0
f,g,n,b,s,f,d,n,h,t,?,y,f,e,w,u,o,o,l,b,t,g,0
f,g,y,t,p,n,c,n,u,t,?,f,s,g,p,p,w,o,c,u,s,l,0
x,s,w,t,a,d,w,n,g,t,z,y,k,w,e,u,y,t,p,w,n,l,0
x,g,e,t,l,n,c,b,b,t,r,k,y,w,c,u,w,o,f,o,s,u,0
x,g,e,t,l,d,w,n,r,t,u,s,s,y,w,p,n,n,s,k,c,p,0
x,y,r,b,n,n,w,n,e,t,r,s,y,o,n,u,y,n,l,n,n,w,0
s,f,c,t,l,f,d,b,b,t,e,k,s,b,c,p,o,n,z,u,s,m,0
k,s,r,b,p,f,d,b,b,b,e,f,f,p,p,u,y,t,c,o,s,d,0
x,s,g,t,m,d,w,n,n,b,e,f,y,p,c,p,o,t,z,n,a,g,0
c,y,n,b,c,d,d,n,e,b,z,s,f,g,b,u,w,n,z,r,v,m,0
k,g,c,t,s,f,c,b,n,b,c,y,s,b,y,p,o,o,z,w,c,m,0
f,g,g,b,l,d,c,n,o,t,u,f,s,e,o,u,w,o,n,r,t,p,0
s,g,y,b,l,n,d,n,k,b,z,k,y,p,y,u,n,n,e,y,s,g,0
x,g,b,b,y,f,d,n,b,t,r,k,y,b,e,u,w,n,p,y,c,g,0
k,y,y,b,p,n,c,b,o,t,b,k,y,o,e,u,o,t,n,n,v,m,0
x,y,c,b,c,d,c,b,n,t,e,k,k,y,w,u,n,t,p,b,t,g,0
f,f,g,b,c,a,w,b,k,t,z,f,s,c,c,u,n,o,n,w,c,d,0
f,s,r,t,c,f,c,b,y,b,r,s,f,g,e,p,w,t,z,r,s,d,0
c,s,r,b,y,n,c,b,e,t,u,f,s,w,n,p,n,t,z,h,c,d,0
k,y,r,t,y,d,c,b,n,t,e,k,s,o,n,u,y,t,p,w,n,w,0
k,f,r,t,c,f,w,n,g,b,e,s,k,y,c,u,o,t,s,h,c,l,0
s,g,w,t,a,d,c,b,y,t,b,y,y,g,c,p,n,t,f,o,c,g,0
b,y,r,b,l,a,c,b,n,b,c,k,k,p,n,p,o,n,e,n,n,u,0
c,g,r,t,y,d,w,n,p,b,z,f,s,c,g,p,o,o,p,w,v,d,0
x,y,y,b,p,d,w,n,n,t,c,k,f,o,g,u,o,o,n,n,t,u,0
c,g,e,t,n,d,w,b,k,b,e,f,s,e,o,p,n,n,p,k,a,w,0
f,s,b,b,s,f,d,b,p,t,z,f,f,n,n,u,y,t,s,u,a,w,0
k,s,w,b,n,a,w,n,y,b,?,y,f,n,e,u,y,o,s,u,v,p,0
c,y,c,t,a,f,d,b,e,b,z,s,s,w,b,u,w,o,n,y,s,m,0
b,y,u,t,a,f,c,n,u,b,?,k,s,e,p,p,y,t,z,r,t,m,0
c,g,b,b,l,d,d,b,b,b,u,k,y,y,b,u,y,o,f,r,v,u,0
s,s,c,b,l,a,w,b,r,t,u,k,s,w,y,p,n,n,n,w,s,m,0
k,y,b,b,a,a,d,n,k,b,u,s,y,c,b,u,y,n,n,n,c,g,0
x,f,y,b,s,n,w,b,u,b,z,y,s,n,w,p,y,o,s,y,n,w,0
s,g,b,b,c,a,w,b,o,b,r,k,s,w,g,p,w,o,s,u,a,m,0
f,g,e,t,p,d,d,b,e,t,c,s,f,n,o,p,w,n,c,w,a,m,0
s,g,n,t,a,a,d,n,n,b,r,f,f,n,y,p,o,n,f,b,n,u,0
b,s,y,t,s,a,d,n,n,t,c,k,f,n,c,u,y,t,c,b,s,m,0
s,y,b,b,l,n,c,n,p,b,r,y,f,y,b,p,n,t,c,b,n,l,0
s,f,p,t,a,a,d,b,w,t,b,f,f,o,g,p,w,o,s,u,c,p,0
s,g,e,b,a,d,w,b,w,t,c,s,s,g,y,u,w,t,n,k,n,m,0
f,y,e,t,l,f,c,n,g,t,z,f,k,o,o,p,y,n,l,n,c,p,0
c,f,y,b,l,f,w,n,p,t,b,s,k,o,p,u,w,o,n,b,v,g,0
f,y,g,t,y,d,w,b,e,b,?,k,y,g,w,u,n,o,c,n,c,w,0
x,y,w,t,p,f,c,n,e,t,?,f,k,b,g,u,w,o,f,n,a,l,0
c,y,c,t,f,n,c,n,n,t,z,y,k,c,p,u,y,o,l,o,a,p,0
f,s,r,t,p,n,w,n,u,b,?,f,y,y,w,p,y,n,z,o,a,u,0
f,s,e,b,a,d,d,n,g,b,?,s,s,e,w,p,n,t,z,b,n,u,0
s,y,p,t,c,d,c,b,b,b,z,s,k,p,y,p,w,o,l,y,s,w,0
k,y,g,t,s,n,d,b,r,t,r,f,k,n,b,p,n,n,z,n,v,g,0
s,g,y,b,l,d,c,b,g,t,b,f,k,b,c,p,w,o,l,u,c,g,0
f,f,y,b,f,d,d,b,u,t,c,k,s,o,e,p,n,n,e,y,a,u,0
k,f,e,b,f,d,c,n,u,b,?,f,s,y,b,u,n,o,n,k,v,p,0
k,g,g,b,y,d,c,b,u,b,?,f,y,w,p,p,o,o,p,o,a,g,0
k,g,r,t,s,d,d,b,k,t,?,f,f,e,p,p,n,n,z,y,s,l,0
x,g,g,t,c,a,d,n,g,b,?,y,s,y,e,u,y,o,l,h,v,l,0
f,y,w,t,l,d,d,n,n,b,b,k,k,b,y,u,y,t,n,u,v,p,0
k,y,e,b,m,f,c,b,h,b,u,f,y,e,n,u,n,t,z,h,n,w,0
b,g,u,t,y,f,w,n,o,b,u,f,f,p,y,p,o,o,f,o,a,u,0
c,s,y,b,l,d,d,b,p,b,r,f,s,e,g,p,y,t,e,u,t,d,0
c,y,p,b,c,n,d,b,n,b,c,f,f,g,p,p,y,n,l,b,a,g,0
x,f,c,b,s,d,d,b,w,t,?,y,s,e,c,p,n,o,p,o,c,w,0
c,y,p,b,s,a,c,n,b,t,z,f,s,p,e,u,n,n,z,h,s,g,0
s,s,e,b,n,a,c,b,k,b,u,s,f,g,w,p,n,t,z,n,c,d,0
s,f,y,t,m,n,w,b,h,b,r,s,s,p,o,u,w,n,e,w,c,d,0
f,g,w,b,y,n,d,n,b,t,z,k,y,n,b,u,w,o,c,k,a,w,0
f,s,g,b,a,a,c,n,w,b,z,y,f,y,e,u,o,t,n,b,n,l,0
k,y,c,b,s,a,c,b,k,b,u,f,y,c,p,u,o,n,f,n,t,d,0
f,y,n,b,n,a,c,b,w,t,r,k,y,p,w,u,y,t,e,n,t,p,0
k,s,b,b,m,n,w,b,p,t,e,k,k,p,p,p,n,o,z,h,c,g,0
s,y,r,b,m,f,d,b,y,b,?,k,k,p,p,p,y,o,z,b,t,m,0
k,y,p,b,a,a,d,b,y,t,b,y,s,o,y,p,n,t,z,o,a,w,0
x,g,e,b,f,n,w,n,o,b,r,f,f,o,p,p,o,n,f,u,c,w,0
k,s,n,t,n,n,d,b,p,t,b,s,f,o,b,p,o,o,n,r,s,w,0
f,y,w,t,f,n,c,n,r,b,z,s,s,o,p,p,w,o,f,u,c,w,0
f,s,c,b,m,d,w,b,k,t,?,f,k,g,o,p,n,t,z,r,t,u,0
c,y,p,t,a,f,d,b,n,b,z,f,f,w,g,u,n,n,f,y,n,m,0
f,y,c,t,p,d,w,b,o,b,c,f,f,y,o,p,n,t,s,o,n,g,0
s,g,u,t,n,d,c,n,w,b,r,s,k,c,b,u,o,o,s,r,c,w,0
x,f,n,t,y,a,c,b,k,t,c,f,f,p,w,u,n,n,c,r,a,w,0
k,g,r,b,a,n,d,n,o,t,u,s,s,o,y,p,o,o,l,u,a,w,0
x,f,y,t,l,d,w,n,w,b,b,k,k,g,o,u,n,o,s,w,c,u,0
x,s,g,t,m,d,w,b,k,t,r,f,y,w,y,p,w,o,n,k,a,g,0
s,s,n,t,l,a,w,n,p,t,r,y,k,n,e,u,y,n,s,w,c,d,0
f,y,p,t,c,a,d,n,p,b,?,k,f,c,y,p,o,o,z,n,c,l,0
c,g,y,t,a,f,c,n,b,b,r,f,f,w,c,p,y,t,f,r,c,p,0
x,f,e,b,c,n,c,n,u,t,b,y,s,b,g,p,n,n,p,r,c,m,0
k,y,b,t,n,a,d,n,r,t,z,y,k,b,b,u,o,n,c,o,t,d,0
k,s,p,t,l,d,c,b,r,b,e,s,y,n,y,p,y,t,s,w,n,d,0
k,y,y,t,c,a,c,b,k,t,u,k,y,n,o,p,y,o,f,k,a,g,0
f,y,r,b,m,f,d,n,u,t,z,k,f,y,b,u,y,o,f,b,n,d,0
f,y,e,b,a,d,d,n,h,b,b,s,s,b,g,u,o,n,l,n,a,l,0
c,s,p,t,l,d,d,b,h,t,c,k,k,n,g,u,y,n,p,y,c,p,0
x,f,b,t,f,f,d,b,b,b,u,f,y,o,y,p,o,o,n,u,c,p,0
f,s,b,b,s,n,w,n,e,b,r,k,s,c,y,u,w,t,z,k,v,p,0
k,s,y,b,p,d,c,b,e,t,z,s,k,w,b,u,y,n,n,w,c,u,0
c,g,p,b,c,d,w,n,r,t,e,f,f,w,n,u,y,t,z,r,v,d,0
s,g,r,t,m,d,d,b,w,t,u,y,k,y,g,p,n,n,l,r,v,u,0
x,y,r,t,y,n,w,n,b,b,b,k,y,c,w,u,o,n,s,b,a,m,0
f,g,p,b,l,f,c,n,u,b,b,k,k,c,b,p,n,t,n,r,s,u,0
b,f,u,t,a,f,c,b,e,b,z,f,k,n,n,u,n,t,z,n,v,w,0
b,g,c,t,n,f,d,n,u,t,c,y,k,o,p,u,w,n,z,w,c,g,0
b,y,r,b,a,d,d,b,e,t,e,y,f,e,w,p,o,t,s,o,n,d,0
f,g,y,t,a,d,d,b,o,b,b,y,k,n,n,p,n,n,s,n,v,u,0
c,g,p,t,n,f,d,n,y,b,u,k,s,c,e,p,y,t,e,r,n,p,0
s,f,w,t,f,f,d,n,p,b,z,y,y,n,p,p,w,n,s,u,s,d,0
x,g,u,b,f,f,c,n,w,b,r,f,f,n,n,p,o,t,p,u,n,w,0
c,y,e,b,s,a,w,n,y,t,e,s,s,o,e,p,n,t,c,u,c,w,0
k,y,b,t,m,a,d,b,r,b,z,y,y,g,e,u,y,o,e,o,n,p,0
k,f,p,t,m,d,d,n,h,b,c,y,k,o,b,u,n,n,z,n,t,d,0
k,g,u,t,f,n,c,b,g,t,c,f,s,c,p,u,y,o,s,w,v,p,0
b,y,g,t,m,n,d,n,o,t,u,k,k,g,e,p,o,o,e,n,a,u,0
b,f,n,b,l,a,c,b,b,b,?,y,y,w,o,p,o,n,f,h,c,p,0
k,y,n,t,y,d,d,n,n,t,?,y,f,n,w,u,n,n,f,b,s,p,0
f,f,n,t,a,a,c,b,y,b,z,y,f,b,g,u,n,t,f,h,a,d,0
x,s,w,b,f,a,d,n,e,b,r,k,f,n,p,u,w,t,p,w,t,g,0
c,y,r,t,p,n,d,b,w,t,c,y,f,o,n,p,y,t,n,b,a,w,0
k,f,w,t,c,a,w,b,k,b,z,f,y,b,e,u,y,t,n,h,n,l,0
b,s,c,b,n,a,d,b,r,b,z,s,s,p,p,u,o,o,f,o,n,d,0
x,f,u,t,p,d,w,b,b,t,z,k,k,n,g,p,o,t,l,o,a,p,0
x,f,c,b,y,a,d,b,u,t,r,k,f,y,b,u,n,o,f,n,s,p,0
x,s,y,t,y,a,c,n,n,t,r,f,f,y,n,p,o,n,n,k,v,p,0
s,y,g,b,n,a,d,n,w,b,r,k,y,g,o,u,o,t,p,k,n,l,0
k,g,p,b,y,f,d,n,p,b,z,s,f,y,g,p,y,t,s,b,n,u,0
b,g,u,b,a,f,d,n,n,t,b,k,k,y,n,p,y,t,c,b,n,p,0
s,f,n,b,m,a,c,b,e,b,z,k,y,b,p,p,n,t,f,u,v,w,0
x,y,w,t,f,d,d,n,w,b,e,k,f,e,g,p,o,n,s,u,t,g,0
x,s,n,t,y,n,c,n,o,b,?,k,y,y,e,p,w,n,n,n,c,u,0
c,s,u,t,l,d,d,b,b,b,c,s,s,g,o,p,o,n,z,r,n,w,0
k,f,c,t,c,n,c,b,n,b,b,k,s,y,g,u,o,n,l,n,s,l,0
k,s,r,b,n,n,c,n,k,b,u,f,s,n,c,p,n,n,p,h,c,u,0
b,s,g,b,f,a,w,b,k,b,c,k,k,w,b,p,o,n,p,b,a,p,0
f,s,c,b,c,n,w,n,h,t,b,s,f,n,o,p,o,n,n,w,s,d,0
f,s,c,b,l,n,w,n,e,b,r,k,k,g,p,p,w,n,z,h,c,u,0
s,g,u,t,f,a,c,b,r,t,e,k,s,c,c,u,y,t,e,w,c,p,0
x,y,r,b,m,f,d,b,p,b,?,y,f,y,y,p,n,t,f,w,c,m,0
s,s,c,t,f,n,w,b,w,t,?,s,s,p,g,p,w,t,f,w,v,g,0
x,y,r,t,p,n,d,n,o,t,?,s,y,y,n,p,n,t,p,b,v,p,0
x,s,n,b,f,a,d,n,u,b,r,k,k,w,c,p,o,n,s,h,a,u,0
x,y,n,b,p,f,c,b,p,b,z,f,y,n,b,u,y,t,z,n,c,g,0
b,s,e,b,m,n,d,n,o,b,e,s,s,o,c,p,y,n,p,u,a,m,0
s,y,p,b,l,n,d,b,n,b,e,f,k,p,b,p,o,n,e,b,c,u,0
f,y,r,t,l,f,d,b,r,b,u,f,f,n,e,p,n,t,e,w,t,u,0
f,f,r,t,y,n,w,b,n,t,b,y,f,c,e,p,n,n,e,o,c,g,0
f,g,n,t,s,f,d,n,h,b,r,f,y,y,w,u,w,o,z,r,t,w,0
f,g,g,b,c,f,w,n,w,b,b,s,s,o,c,u,n,o,z,b,t,d,0
f,y,n,t,m,f,d,b,r,b,r,y,s,e,e,p,y,o,c,k,n,w,0
x,f,u,t,c,n,d,n,n,b,r,s,y,b,w,p,n,o,s,w,c,u,0
c,y,b,b,p,f,d,b,h,b,u,s,s,b,o,p,n,n,e,n,s,l,0
x,s,n,t,s,n,d,b,y,t,e,s,f,p,b,p,y,o,s,k,n,u,0
s,f,r,t,s,n,c,n,e,b,z,k,k,p,e,p,y,o,l,h,v,u,0
f,y,g,t,y,n,c,b,u,t,z,f,y,y,c,p,w,n,n,r,c,g,0
k,f,y,t,a,d,c,b,r,t,c,k,y,p,w,p,n,n,s,b,c,d,0
x,g,g,b,s,d,w,n,b,b,z,k,s,n,w,p,w,n,p,o,v,d,0
c,y,c,b,y,f,w,b,k,b,u,s,s,g,g,p,w,n,s,u,n,d,0
k,y,n,b,l,f,d,b,y,b,c,f,k,w,n,u,n,o,z,y,n,m,0
x,f,p,b,n,n,w,n,b,t,?,s,f,p,w,p,o,o,l,k,a,u,0
b,g,r,b,p,f,w,n,e,b,b,y,f,n,w,p,n,n,s,o,v,m,0
k,s,u,t,y,d,d,b,g,t,u,y,y,y,b,p,o,o,n,r,s,p,0
f,s,r,b,c,n,w,b,w,t,u,f,f,y,p,u,y,n,c,y,v,w,0
k,s,c,b,s,d,c,b,n,b,b,k,f,c,w,p,w,n,z,w,n,g,0
x,g,g,t,a,d,w,b,b,t,r,k,k,o,y,p,o,t,p,b,a,l,0
k,f,w,b,n,f,w,b,o,t,c,y,y,b,n,u,n,o,p,n,n,p,0
f,f,r,b,m,a,c,b,g,t,e,f,y,c,w,p,y,o,z,y,c,p,0
x,g,g,b,s,a,c,b,o,b,c,k,k,n,p,u,n,o,f,n,c,m,0
s,s,w,t,y,a,c,b,g,t,?,k,s,c,n,p,o,t,f,o,v,w,0
f,s,p,t,m,a,c,n,k,b,z,s,s,g,n,u,n,o,f,b,v,u,0
c,f,y,t,f,a,d,n,e,t,z,y,s,e,o,p,w,n,s,b,c,d,0
c,s,n,b,s,a,d,b,w,b,z,k,k,n,e,u,n,t,c,h,v,w,0
c,g,g,b,s,a,c,b,b,t,e,k,k,p,p,p,w,o,c,o,s,w,0
c,g,e,t,a,n,w,n,w,t,u,f,f,g,w,p,w,o,n,u,s,m,0
k,y,n,t,p,a,c,b,k,t,c,k,f,n,w,p,w,o,c,b,n,p,0
k,g,w,t,p,a,w,b,g,b,z,y,y,o,w,u,y,t,l,b,v,u,0
s,y,r,t,y,a,w,b,k,b,r,y,s,g,c,u,n,n,p,u,v,m,0
c,f,b,b,n,d,c,n,g,t,e,f,f,y,n,p,n,n,n,u,t,m,0
b,g,w,b,f,n,c,b,e,t,r,k,f,b,g,p,y,t,c,k,a,p,0
x,y,r,t,c,n,w,n,g,b,z,k,f,b,p,p,o,n,c,u,c,m,0
b,s,n,t,c,n,w,b,o,b,r,y,s,b,b,p,n,o,p,u,v,w,0
f,g,u,t,c,n,c,n,p,b,u,s,f,y,b,u,o,t,f,o,a,l,0
x,g,n,b,f,d,w,n,g,b,r,f,k,p,n,u,o,n,s,w,a,w,0
b,f,g,b,a,f,d,n,w,b,?,y,f,p,o,u,o,t,f,r,v,w,0
k,f,b,t,f,f,w,n,e,t,b,s,s,w,n,u,o,o,n,w,t,w,0
c,g,u,t,n,a,c,n,g,b,z,k,y,n,y,u,w,t,e,o,n,u,0
f,y,y,t,p,a,d,n,b,t,r,k,f,w,o,p,w,o,p,w,s,d,0
s,g,n,b,c,f,c,n,r,t,?,f,k,e,c,p,o,t,l,h,n,m,0
k,g,r,t,p,n,w,b,e,b,b,f,s,y,o,p,w,o,c,r,a,l,0
k,g,r,t,n,d,w,n,r,t,?,f,y,e,o,p,n,t,n,h,c,l,0
k,y,c,b,m,a,c,n,o,b,?,f,k,p,b,p,w,t,n,n,a,d,0
b,y,r,b,l,n,w,n,w,t,e,s,y,n,n,u,y,o,z,h,v,g,0
s,y,u,b,m,a,c,b,w,b,u,y,s,e,g,u,n,n,p,o,v,d,0
x,s,p,b,y,n,w,n,h,b,b,k,k,o,g,u,y,n,c,w,s,p,0
b,f,b,b,y,n,w,n,p,t,?,f,k,c,o,p,o,t,l,b,a,g,0
c,s,n,b,s,f,d,b,g,t,z,s,f,p,n,u,n,t,n,k,v,g,0
k,f,w,b,y,d,d,n,r,t,c,y,k,g,c,u,y,t,n,o,a,u,0
x,f,w,t,s,n,c,b,r,t,r,s,k,p,o,u,y,t,l,n,t,p,0
f,f,w,t,y,f,d,b,o,b,e,k,s,c,b,p,o,o,l,n,s,p,0
c,s,n,t,s,d,c,n,r,t,?,k,f,y,c,p,o,o,f,o,t,g,0
c,s,c,t,c,n,w,b,u,b,b,f,y,c,p,u,n,n,l,b,n,w,0
s,s,g,b,y,d,w,n,r,t,e,y,k,y,o,u,w,t,e,w,t,g,0
b,f,p,b,a,n,c,n,u,b,r,y,y,n,n,p,y,t,p,h,c,d,0
f,y,e,b,f,d,w,b,k,t,b,f,y,b,y,u,o,o,f,y,v,l,0
x,f,p,b,a,n,w,b,n,b,e,f,s,n,p,p,n,t,e,b,s,g,0
f,g,y,t,n,a,d,n,g,t,b,s,f,g,b,u,o,o,n,o,c,g,0
f,f,y,b,y,f,c,b,p,b,z,s,f,p,p,p,w,t,n,k,n,u,0
f,y,r,t,a,a,c,b,u,t,b,f,k,n,b,p,w,o,f,n,a,g,0
x,f,n,b,n,f,c,b,w,t,u,y,f,n,b,p,y,n,z,n,s,u,0
x,g,e,b,f,n,d,b,e,b,r,y,y,o,o,u,y,o,p,w,a,p,0
f,f,y,t,a,n,w,b,o,b,?,f,f,g,g,u,y,o,s,n,c,u,0
f,y,u,t,l,f,w,b,h,b,c,k,y,y,b,u,n,t,s,w,s,u,0
c,g,g,b,l,n,c,n,e,t,z,y,y,y,n,p,w,t,l,n,v,m,0
b,f,w,t,c,d,d,n,n,b,?,s,f,g,e,p,o,o,z,y,n,m,0
f,s,b,b,y,n,w,n,o,b,b,k,y,p,e,p,w,t,z,b,t,u,0
k,y,p,t,y,n,c,n,y,b,c,y,y,y,p,p,n,o,l,r,t,w,0
b,s,b,b,y,n,w,b,w,b,r,f,f,c,o,p,o,o,c,h,n,g,0
b,f,p,b,p,a,c,n,r,t,e,s,s,y,c,p,o,o,n,y,s,g,0
c,g,y,b,y,n,d,n,b,b,u,k,k,c,b,u,w,n,c,w,t,w,0
k,y,u,b,s,d,w,n,r,t,u,k,s,g,o,p,n,n,f,n,c,l,0
x,y,g,t,y,a,w,b,b,b,c,f,f,n,p,u,n,o,z,k,t,d,0
s,f,g,t,n,f,c,b,u,b,r,k,s,c,b,u,y,t,z,y,a,w,0
s,g,e,b,n,f,d,b,p,t,b,s,f,o,g,p,o,t,z,w,t,m,0
b,s,c,b,l,a,c,b,k,b,?,s,k,y,y,p,o,o,l,w,a,g,0
f,f,w,b,y,d,w,n,e,t,r,y,f,b,w,p,w,t,l,o,a,w,0
f,s,e,t,n,a,w,b,g,b,b,k,y,b,e,p,w,o,p,w,t,p,0
c,y,n,b,y,f,w,b,g,b,e,k,s,y,g,u,y,t,z,o,v,l,0
c,y,r,t,c,a,d,n,o,t,b,y,y,w,y,p,y,o,n,n,s,g,0
k,g,p,b,f,a,d,b,e,t,r,y,s,o,n,u,y,o,s,y,c,u,0
s,g,c,b,c,a,d,b,g,b,z,f,k,p,w,u,y,o,l,o,t,g,0
k,y,g,t,l,d,d,n,w,b,u,s,y,o,y,u,o,o,z,u,s,u,0
s,f,u,t,f,f,d,n,o,b,e,y,s,n,e,p,w,n,p,u,c,m,0
f,y,g,t,n,n,c,n,g,b,z,y,s,p,o,u,n,n,s,h,a,u,0
f,s,g,t,c,f,d,n,b,b,u,k,s,p,c,p,y,t,l,w,t,m,0
k,f,e,t,m,a,d,b,u,b,u,k,f,w,y,u,w,o,s,o,n,d,0
k,y,c,b,s,f,w,n,n,b,e,s,f,p,c,p,o,n,s,w,a,d,0
b,s,e,t,s,d,w,b,k,t,e,s,k,y,p,p,w,n,c,b,n,p,0
b,y,c,t,a,n,d,n,k,b,u,k,k,g,n,p,w,o,n,k,c,u,0
s,y,p,b,s,d,w,b,r,b,e,k,s,y,p,p,n,o,p,h,t,g,0
c,g,p,b,y,d,c,n,u,t,?,k,k,w,b,p,w,t,z,y,c,p,0
s,s,w,t,c,d,c,b,b,b,e,f,k,g,c,u,w,t,e,n,a,d,0
b,s,y,t,s,d,c,b,h,b,b,y,y,y,e,p,o,t,s,b,a,g,0
c,y,g,t,p,a,w,b,u,b,r,k,k,o,p,u,y,o,c,n,n,l,0
f,f,y,b,n,n,w,b,u,t,?,f,y,n,w,u,w,o,n,u,v,p,0
c,g,r,b,f,a,w,n,h,t,?,f,y,e,y,u,w,n,n,o,n,m,0
c,f,b,b,a,n,c,n,h,b,c,k,y,e,c,u,o,n,p,h,v,g,0
x,g,b,b,f,f,w,n,k,b,r,f,k,n,b,u,n,t,f,w,v,m,0
c,y,r,b,m,f,d,b,u,b,e,y,s,o,p,u,y,o,f,o,n,p,0
s,f,r,b,a,a,c,n,u,t,u,f,y,c,e,u,w,t,c,w,a,l,0
x,f,p,b,y,n,d,n,k,b,z,f,k,b,w,u,n,t,f,o,c,d,0
s,f,c,b,l,n,d,n,g,b,e,y,k,p,o,p,y,n,n,n,v,m,0
f,g,g,t,n,a,d,b,w,t,u,s,s,e,e,p,o,o,f,u,v,g,0
c,y,b,t,c,n,w,b,p,b,r,f,k,p,n,u,o,o,f,b,c,u,0
f,s,w,t,f,a,c,n,y,t,z,s,f,w,g,p,w,t,f,w,n,w,0
c,f,y,b,f,a,d,n,r,b,e,y,f,p,n,u,n,o,p,r,v,w,0
k,y,u,b,m,a,c,n,b,b,u,y,y,p,o,u,w,t,f,w,s,m,0
s,g,p,t,m,n,d,b,y,t,c,s,y,c,e,p,o,o,c,k,s,w,0
k,f,r,t,c,a,c,n,r,b,z,y,y,b,c,p,y,n,f,h,s,d,0
k,s,g,b,c,d,d,n,h,t,?,y,y,w,c,u,n,n,z,h,t,u,0
x,g,w,b,m,a,d,n,k,t,z,k,f,w,y,p,w,n,e,n,c,d,0
f,g,e,b,p,a,w,b,n,t,?,s,k,e,g,p,o,t,z,u,n,g,0
k,f,p,t,p,n,c,n,o,b,b,k,y,y,b,u,y,n,z,u,n,u,0
x,y,w,b,y,f,w,n,w,t,e,f,s,n,e,u,y,n,n,n,n,m,0
x,g,y,b,l,a,d,n,o,b,c,y,k,o,w,u,w,n,c,n,t,p,0
x,f,y,b,p,n,c,n,e,b,u,y,y,n,n,u,o,n,l,y,s,g,0
c,f,p,t,s,f,w,n,y,t,u,f,k,c,b,u,w,o,s,u,n,m,0
f,y,r,b,n,a,c,b,h,t,b,s,k,o,g,p,y,t,l,u,n,u,0
k,f,u,b,y,f,c,n,o,b,b,y,s,g,b,u,w,t,p,u,c,g,0
s,g,g,t,n,f,c,n,o,t,c,s,s,p,e,u,o,o,p,u,t,p,0
f,f,u,t,y,d,c,n,b,b,b,k,f,o,g,p,w,n,s,n,a,g,0
b,g,c,b,f,a,d,b,o,t,r,f,s,p,o,p,n,n,e,u,v,w,0
b,s,p,t,s,a,d,b,y,t,z,y,k,e,n,u,y,t,l,y,v,g,0
c,s,y,b,n,a,c,n,u,b,e,k,k,o,n,u,w,o,n,h,v,g,0
b,g,e,t,f,a,w,b,b,t,r,y,y,c,p,u,w,o,n,y,s,p,0
c,s,c,t,c,f,c,n,o,b,z,y,f,y,n,u,y,o,e,r,n,u,0
f,g,g,b,m,f,c,n,y,b,r,k,s,g,c,p,o,o,e,b,c,m,0
c,y,n,b,c,f,d,b,e,b,r,f,f,e,g,p,n,o,f,o,v,u,0
s,g,w,b,f,n,d,b,h,b,b,f,k,y,g,u,w,t,e,y,c,l,0
s,y,r,t,l,n,w,n,w,b,r,k,s,e,p,p,o,o,c,u,a,m,0
f,y,r,b,p,d,d,n,p,t,c,s,f,b,c,u,y,t,n,y,s,p,0
k,g,e,b,f,d,w,b,n,b,b,k,s,p,e,u,n,t,c,h,t,l,0
x,y,p,t,p,n,w,n,g,b,e,y,k,c,w,u,w,t,f,b,a,w,0
f,y,n,b,l,n,c,b,k,b,e,k,k,p,o,u,n,n,c,b,t,u,0
c,y,p,b,n,n,d,b,u,t,z,f,s,b,g,p,o,o,p,w,s,d,0
s,f,g,b,l,f,d,n,n,t,?,k,s,o,n,p,n,t,n,o,n,u,0
f,s,y,t,a,a,c,n,u,b,b,s,s,y,e,u,w,n,c,b,s,w,0
k,y,y,t,a,d,w,n,o,t,c,s,f,c,n,p,o,t,p,y,s,g,0
c,s,w,t,p,n,w,b,h,b,b,s,s,w,n,u,y,o,e,u,t,l,0
s,s,y,t,m,a,w,b,g,t,u,k,k,g,g,p,o,t,f,n,c,g,0
b,s,w,b,f,d,d,n,y,t,r,f,s,b,b,p,w,n,l,b,n,m,0
s,s,c,b,c,n,d,n,h,t,?,k,f,p,n,u,o,o,s,u,n,p,0
f,f,c,b,y,f,c,b,o,b,u,y,s,w,c,p,o,o,p,y,n,p,0
x,s,e,t,n,d,w,b,n,t,u,s,k,p,o,p,w,o,n,h,s,p,0
x,y,c,b,m,n,w,n,p,b,?,y,y,b,n,p,y,n,p,h,t,g,0
f,s,r,b,f,f,w,n,n,t,e,f,f,b,g,p,w,o,p,u,v,g,0
b,y,e,t,f,a,w,b,e,t,r,s,k,c,g,p,o,t,e,o,v,l,0
x,s,g,b,l,n,c,b,u,b,?,k,k,g,n,u,y,t,c,k,c,l,0
c,g,c,t,y,a,w,n,e,b,c,k,y,g,n,u,y,t,z,y,s,m,0
c,g,g,b,l,a,w,n,n,t,u,f,f,c,p,p,o,n,p,o,t,u,0
k,y,c,b,m,n,w,b,n,b,?,s,f,p,b,p,n,n,n,w,a,d,0
s,y,c,b,p,f,d,n,n,b,b,f,f,g,e,u,w,o,z,h,t,d,0
s,f,g,b,a,f,w,b,e,b,c,s,y,o,w,u,y,o,f,y,c,m,0
k,g,r,b,m,n,c,b,p,t,e,y,y,b,w,p,o,o,z,w,a,d,0
c,f,n,b,p,a,w,n,e,t,c,y,y,o,c,p,o,n,c,y,t,d,0
b,g,e,b,s,d,c,b,b,b,?,s,f,y,y,u,y,o,z,w,v,w,0
f,y,c,b,c,d,c,b,g,b,b,k,k,c,o,p,n,t,e,u,n,l,0
k,y,r,b,f,n,w,b,r,t,r,f,k,o,c,u,n,n,c,y,t,d,0
k,y,y,b,l,a,c,n,r,b,r,k,f,y,c,p,n,o,s,b,t,g,0
x,s,c,t,n,f,d,b,n,b,?,k,y,p,y,u,w,n,e,n,a,p,0
s,s,y,b,l,f,w,n,y,t,u,k,k,b,g,p,o,n,c,n,n,g,0
c,s,g,b,n,n,d,n,n,t,e,f,k,p,e,u,w,t,z,w,a,g,0
s,g,g,b,y,a,d,n,o,b,?,s,f,g,e,p,n,o,l,w,t,d,0
b,f,p,b,a,f,w,n,b,b,?,f,f,y,w,p,y,t,l,y,t,w,0
f,f,p,t,c,d,d,n,r,t,?,f,k,c,b,p,o,n,e,w,a,m,0
f,g,w,b,p,d,c,n,k,b,e,y,f,g,b,u,y,o,c,y,s,p,0
k,f,p,t,a,f,d,b,g,t,c,y,y,n,w,p,o,t,e,y,v,w,0
b,y,c,b,l,d,w,n,p,b,?,k,y,o,y,u,n,t,z,u,c,l,0
c,y,b,t,a,f,w,n,u,b,r,k,f,g,n,p,w,t,z,k,v,u,0
b,s,b,b,f,f,w,n,h,t,c,y,k,y,n,p,y,o,l,o,c,m,0
c,y,u,b,a,a,w,n,h,b,?,f,f,n,y,u,n,o,c,h,a,g,0
s,g,c,t,n,n,w,n,w,b,c,k,f,b,p,p,y,n,l,r,a,l,0
f,s,c,t,m,d,w,b,r,t,c,y,s,o,w,p,n,n,f,k,n,u,0
f,s,g,b,l,f,w,b,g,b,c,f,y,y,c,u,o,n,f,w,v,w,0
c,g,c,t,l,n,c,b,p,b,c,s,s,o,e,u,w,t,f,y,t,l,0
b,y,e,t,n,f,d,b,g,b,b,f,k,b,o,u,n,o,z,b,c,g,0
c,s,u,t,f,d,d,n,o,t,b,f,y,g,g,u,n,n,e,w,n,m,0
c,s,u,t,l,a,c,n,y,t,z,y,f,c,n,u,w,o,l,o,a,u,0
f,f,p,b,s,n,d,n,b,t,r,y,y,e,o,u,w,o,n,k,s,g,0
c,f,n,b,y,a,w,n,e,t,b,s,k,y,y,u,n,o,l,r,n,p,0
s,f,b,t,s,d,d,b,o,b,c,y,y,b,w,p,y,o,e,k,t,g,0
s,g,p,t,l,n,d,b,y,b,c,f,f,b,g,u,y,t,l,o,a,m,0
x,f,r,b,m,d,w,b,h,b,r,k,y,n,y,p,o,n,z,n,t,d,0
c,f,c,t,l,d,c,n,w,b,z,s,k,o,c,p,o,t,e,y,a,w,0
b,g,n,t,m,f,w,b,h,b,?,f,s,p,n,u,n,o,s,b,s,l,0
x,s,e,b,m,a,w,b,k,t,c,f,s,b,w,u,n,n,n,b,v,u,0
c,y,u,b,s,n,d,n,k,b,c,f,s,e,b,p,w,t,n,w,n,g,0
b,y,r,t,s,n,w,n,b,b,e,k,y,p,c,p,y,t,n,w,a,m,0
b,s,e,t,f,a,w,n,g,b,z,s,y,b,e,p,n,t,n,n,t,d,0
k,f,y,b,s,f,c,n,p,t,c,f,f,w,e,u,n,o,l,h,t,p,0
b,g,n,b,y,n,d,n,e,t,e,s,k,o,y,u,o,t,s,b,v,g,0
k,s,b,b,a,d,d,b,e,b,e,s,y,n,w,u,w,t,c,o,a,g,0
c,y,c,t,p,d,w,b,r,b,z,f,k,w,p,p,y,t,p,k,a,p,0
x,y,u,t,s,d,d,n,r,b,u,y,y,c,g,p,n,n,s,o,n,u,0
b,g,w,b,l,a,w,b,u,t,b,k,f,w,w,p,y,o,z,r,v,p,0
k,s,b,t,m,n,w,b,u,t,r,f,f,w,y,u,n,t,z,h,s,p,0
c,s,u,t,m,n,w,b,y,t,b,s,y,p,c,u,y,t,l,y,t,d,0
k,y,r,b,f,n,c,b,n,t,?,s,f,w,w,u,w,n,n,w,n,d,0
s,s,e,t,a,a,c,b,w,b,b,y,f,n,c,p,n,n,e,o,t,u,0
s,f,g,b,y,d,w,b,e,b,?,f,f,e,p,p,n,o,f,r,a,l,0
x,y,e,b,c,f,d,b,e,b,c,s,f,g,e,u,n,t,l,u,c,d,0
c,f,b,t,n,f,c,n,n,b,r,f,y,g,g,u,o,t,n,u,s,d,0
k,f,b,b,s,n,d,n,h,b,b,f,y,g,g,p,y,o,f,y,n,g,0
f,f,c,b,n,a,w,b,b,b,r,y,k,e,o,u,y,o,n,w,n,p,0
c,y,y,t,f,d,w,b,p,t,u,f,y,e,e,u,w,n,e,n,t,m,0
k,g,c,t,p,a,w,n,p,b,b,y,f,c,w,p,y,n,p,w,t,w,0
x,y,n,t,s,d,w,n,n,b,r,k,y,b,b,u,n,o,f,y,c,p,0
x,f,p,t,y,f,c,n,g,t,b,y,f,o,b,u,y,t,s,n,t,p,0
f,g,c,t,f,d,c,n,g,t,b,s,k,y,n,p,y,n,n,b,a,w,0
k,f,g,b,a,d,w,b,b,b,?,y,s,b,g,u,n,t,n,u,t,g,0
f,g,c,t,l,f,w,n,n,b,?,k,s,w,p,p,n,t,e,w,t,g,0
b,g,u,t,n,f,c,b,p,t,u,s,k,b,y,u,o,n,l,h,s,m,0
x,y,g,b,y,d,c,b,r,t,c,s,k,o,c,p,n,t,z,b,t,m,0
c,y,g,b,n,a,d,n,h,b,z,k,f,o,b,u,y,o,f,k,c,p,0
s,s,w,b,p,f,w,n,o,b,u,k,s,b,o,u,n,n,l,b,c,p,0
s,f,u,t,y,a,c,b,k,b,b,s,k,n,n,u,y,t,p,b,s,w,0
b,y,r,t,l,f,w,n,p,t,?,f,k,y,c,p,o,t,e,n,a,p,0
c,f,g,t,s,a,c,n,u,b,u,k,k,g,p,p,w,o,p,n,v,l,0
b,s,y,t,a,d,c,n,y,t,z,s,s,b,g,u,n,t,c,u,n,u,0
k,g,y,t,p,n,d,b,e,t,c,s,f,b,b,u,n,o,l,k,n,d,0
c,f,c,b,y,d,w,b,u,b,u,y,k,b,y,u,o,t,e,o,n,p,0
c,g,e,b,a,f,d,b,o,t,e,s,y,p,y,p,y,o,p,h,t,m,0
f,g,y,t,n,n,d,b,b,t,z,k,k,o,e,u,w,o,e,k,a,p,0
k,f,y,b,m,n,w,b,g,b,c,y,y,c,b,p,o,o,z,u,n,d,0
c,g,y,b,s,d,d,n,g,t,e,s,s,n,w,p,n,o,z,n,a,d,0
b,y,n,t,f,n,d,n,g,t,u,y,s,o,p,u,n,n,c,n,a,d,0
f,y,p,t,s,d,d,n,y,b,c,s,f,e,b,u,y,t,n,h,a,m,0
s,g,c,t,p,d,d,b,n,t,b,y,y,o,c,u,y,o,f,k,v,p,0
c,s,e,t,s,d,c,b,o,t,?,f,f,o,n,p,o,n,n,k,c,g,0
c,s,e,b,y,f,w,n,n,b,e,y,k,e,p,u,n,o,p,b,c,l,0
b,g,u,t,a,f,d,b,o,t,e,y,f,o,c,u,n,o,p,u,n,u,0
c,s,e,b,f,f,d,n,k,t,z,f,s,e,g,u,y,n,z,k,v,m,0
c,g,n,b,y,d,w,n,u,b,c,f,s,o,b,p,o,t,n,y,n,g,0
c,y,c,b,n,a,d,b,w,b,z,y,f,p,o,u,o,n,p,b,n,p,0
k,s,y,t,n,a,d,b,w,b,r,s,k,e,c,p,n,t,s,r,c,u,0
k,g,u,t,c,n,d,b,k,t,b,k,k,o,o,u,n,o,n,w,t,p,0
x,y,c,t,c,n,w,n,o,t,?,f,k,y,e,p,y,n,n,o,c,w,0
b,s,y,b,f,d,w,b,r,b,u,y,y,n,o,p,y,n,e,h,v,u,0
k,s,w,t,m,n,c,n,n,t,r,y,f,e,y,u,y,t,p,o,s,w,0
b,f,r,b,a,f,w,b,u,t,c,s,f,c,n,u,y,t,f,r,s,p,0
c,f,y,t,a,a,d,b,n,b,?,y,k,b,y,u,o,n,e,h,v,g,0
b,s,c,b,c,f,d,n,b,b,b,s,s,y,g,u,o,n,n,k,a,d,0
c,g,n,t,a,d,w,n,k,t,r,y,f,c,b,p,o,t,l,n,n,w,0
f,y,r,b,p,a,c,n,u,t,b,f,s,w,g,p,o,o,l,y,s,u,0
x,s,g,t,s,a,c,n,w,b,r,s,f,e,g,u,w,n,n,n,a,d,0
f,g,p,t,n,n,w,b,r,t,?,f,y,c,e,u,o,n,c,w,c,d,0
x,y,p,b,c,n,w,n,b,b,e,f,y,g,p,u,o,o,z,k,s,u,0
k,g,w,t,p,n,c,b,y,t,?,f,f,p,e,u,o,n,e,y,a,w,0
c,g,p,b,l,d,w,n,y,t,r,f,y,c,p,u,o,t,s,k,t,p,0
x,g,g,b,p,f,d,n,y,b,b,k,f,c,e,p,y,n,n,n,v,g,0
s,s,e,b,c,f,w,n,r,t,e,k,f,w,y,u,o,t,e,k,a,d,0
c,g,n,b,f,f,c,b,n,b,c,k,k,y,e,p,y,o,n,w,s,m,0
k,y,n,b,m,f,w,b,w,b,c,k,k,n,b,u,n,o,f,o,c,g,0
c,g,r,t,y,a,d,n,g,b,c,f,k,c,y,u,y,t,f,o,t,l,0
f,f,u,t,y,d,w,b,y,t,?,s,k,b,p,u,n,o,f,k,s,p,0
c,f,y,b,m,d,w,n,h,b,r,y,k,o,p,u,y,n,e,u,v,p,0
x,s,g,b,n,d,w,n,p,t,b,f,f,o,b,u,o,n,s,u,s,g,0
f,s,w,t,c,a,d,n,g,t,r,f,f,o,b,p,n,o,e,y,t,w,0
k,g,u,t,n,n,w,b,o,b,z,y,f,p,o,u,o,n,p,k,t,p,0
s,y,c,b,c,d,w,n,r,t,u,y,f,y,w,u,n,o,f,w,v,m,0
k,y,g,b,s,d,w,b,y,t,?,f,y,b,e,p,o,o,s,u,t,w,0
c,s,g,b,n,d,c,b,g,t,z,y,k,e,g,p,y,o,e,h,t,m,0
k,s,n,t,n,n,d,b,p,b,z,f,s,g,c,u,y,n,z,h,v,d,0
c,y,c,t,l,d,c,n,o,t,z,y,k,y,p,u,w,n,n,n,v,u,0
s,y,p,t,l,d,d,n,k,t,r,y,y,g,b,u,o,t,p,h,a,p,0
c,f,n,t,a,a,w,n,h,b,z,k,s,e,b,u,n,t,n,b,n,w,0
c,s,r,b,c,n,d,n,u,b,b,f,y,g,e,p,n,o,p,b,c,d,0
f,s,y,b,p,f,d,b,g,b,u,s,s,b,y,u,n,t,s,r,n,p,0
k,y,b,t,l,d,c,b,y,b,z,s,y,n,g,u,o,t,s,y,a,u,0
c,s,p,b,f,a,d,n,y,t,z,s,y,b,b,u,o,n,f,o,s,m,0
c,f,n,b,s,f,w,n,b,b,u,y,s,e,c,u,y,t,c,o,s,p,0
x,f,u,b,l,f,w,n,r,b,c,k,k,n,e,u,o,o,z,o,s,u,0
k,y,e,t,f,d,w,b,o,t,u,y,s,o,e,u,n,n,l,b,n,m,0
c,y,y,t,f,a,w,n,r,b,?,y,k,o,c,u,n,n,f,b,n,l,0
x,g,w,b,c,f,d,n,y,t,u,k,k,y,b,u,o,o,s,n,c,w,0
c,f,r,t,n,a,w,n,p,t,r,s,y,e,g,p,y,o,e,u,c,g,0
b,s,w,b,p,n,c,n,h,t,e,s,y,n,b,p,n,t,f,w,v,p,0
b,f,g,b,l,f,w,n,o,b,r,k,s,y,y,u,o,n,p,r,v,d,0
s,f,r,b,a,a,d,n,p,t,e,f,s,o,y,p,w,n,s,b,t,u,0
b,y,c,t,a,n,c,b,e,t,b,k,s,e,g,u,n,n,f,o,a,g,0
f,y,g,b,a,d,w,n,w,b,b,f,k,c,c,p,o,n,p,b,a,w,0
s,s,b,b,a,d,c,n,y,b,e,f,s,c,c,u,o,n,f,b,a,m,0
k,y,y,t,s,f,c,b,h,b,e,k,k,e,y,p,w,t,z,u,v,w,0
x,g,g,b,c,a,c,b,b,b,c,y,s,n,p,p,o,o,l,b,v,l,0
f,f,c,t,n,f,d,b,g,t,c,y,y,e,b,u,w,n,s,n,a,d,0
b,s,r,b,s,f,d,n,h,b,e,s,y,b,n,u,o,o,f,h,t,g,0
k,y,w,b,m,d,w,n,y,b,r,y,f,o,e,p,w,o,n,y,c,d,0
c,s,w,b,m,d,w,n,u,b,r,f,k,w,p,p,y,o,f,y,a,w,0
s,g,y,t,l,d,w,n,u,b,b,k,y,g,g,p,y,o,c,r,a,p,0
x,f,g,t,a,a,w,n,o,t,z,f,f,g,c,p,y,t,p,w,v,g,0
c,g,e,t,l,a,w,n,e,b,c,f,f,p,c,p,n,o,c,n,v,l,0
x,y,u,t,m,n,c,b,w,b,c,f,k,o,g,u,y,o,n,r,t,d,0
c,g,c,t,f,d,c,n,y,t,r,f,f,w,e,p,o,n,n,k,a,p,0
s,y,b,t,a,f,c,b,o,t,u,k,s,e,c,p,y,n,c,o,a,w,0
c,s,u,b,s,a,d,n,k,b,?,k,k,w,c,p,o,n,f,y,v,g,0
b,g,y,t,c,a,w,b,w,t,b,y,s,n,y,u,o,o,z,n,n,w,0
k,y,w,b,f,a,w,b,b,t,b,f,k,y,p,u,n,n,f,w,s,g,0
f,f,y,b,m,n,w,n,o,t,e,s,k,c,w,u,w,o,l,r,a,m,0
c,g,p,t,f,n,w,b,h,t,r,y,f,w,b,p,n,o,s,o,t,w,0
f,s,w,t,y,d,c,n,e,b,e,y,s,y,p,p,w,t,l,y,n,g,0
x,g,y,b,n,f,d,b,p,b,e,s,k,o,o,p,y,o,c,n,a,d,0
x,y,c,b,c,f,w,b,b,t,z,s,k,c,y,p,o,n,n,h,a,u,0
f,g,u,b,n,f,c,n,n,b,b,k,k,c,y,u,w,n,l,w,a,u,0
b,s,c,t,f,a,d,n,y,t,b,k,s,c,w,u,n,t,s,u,v,g,0
k,s,w,b,a,n,d,n,e,t,u,k,k,o,e,p,y,n,c,r,t,g,0
s,g,n,b,m,f,w,n,r,b,r,k,f,b,e,u,y,t,e,b,a,g,0
k,y,p,b,y,a,w,b,w,t,z,k,f,p,p,p,n,t,p,w,v,m,0
c,g,y,t,a,n,w,n,e,b,c,k,k,g,g,p,n,o,c,n,v,d,0
b,y,g,b,a,f,c,n,n,b,?,k,y,b,c,p,o,o,c,r,n,p,0
b,s,r,b,m,n,w,n,k,b,z,y,s,p,n,p,w,n,c,u,c,p,0
k,s,g,b,s,a,w,b,b,t,z,k,s,w,o,u,w,o,n,h,v,l,0
k,y,y,b,s,a,d,n,b,b,c,y,f,b,g,u,o,t,c,h,v,u,0
s,f,b,t,l,d,w,n,g,b,r,k,k,b,p,u,o,n,z,u,n,d,0
k,g,y,b,p,f,w,b,o,b,z,k,k,n,e,u,w,o,s,k,a,l,0
b,s,e,b,l,d,c,b,r,t,r,y,y,p,p,u,w,t,l,w,a,p,0
b,g,y,b,a,f,d,b,h,b,?,f,k,n,y,u,y,o,e,b,t,w,0
k,g,g,t,c,n,c,b,h,t,b,f,s,e,p,u,w,t,l,o,a,p,0
b,s,r,t,s,n,d,b,n,b,e,f,s,e,b,p,n,o,n,h,v,m,0
x,y,e,b,m,a,w,b,h,b,b,y,s,p,n,u,o,t,f,o,s,l,0
k,f,p,b,f,n,c,n,u,b,u,k,y,g,w,u,w,n,c,k,n,p,0
x,s,y,t,f,n,c,b,n,t,e,k,f,w,o,u,n,n,z,y,n,d,0
k,f,c,b,p,d,c,n,g,b,c,k,s,n,c,u,n,n,z,o,c,p,0
k,g,g,t,f,n,w,n,k,b,z,f,f,p,b,u,o,o,f,w,a,l,0
x,f,p,t,y,n,d,n,h,t,r,f,f,e,e,u,o,n,l,w,c,d,0
f,y,c,b,s,f,d,b,n,t,?,k,s,p,w,p,w,o,p,y,v,d,0
x,f,w,b,s,f,d,n,b,b,?,f,k,c,y,u,y,o,f,w,a,d,0
s,s,b,t,m,n,w,n,h,t,u,f,s,b,b,p,y,n,n,n,c,p,0
c,g,b,t,l,a,w,b,w,t,u,f,s,y,p,u,y,t,c,o,n,m,0
c,y,c,b,l,a,w,b,r,t,u,f,s,b,e,p,y,n,z,b,n,g,0
x,s,p,b,f,d,d,b,b,t,?,y,s,c,e,p,o,n,c,y,a,g,0
x,y,n,b,p,f,w,n,k,b,b,y,f,g,e,p,y,n,f,h,a,u,0
k,f,w,b,s,a,d,b,u,b,z,f,y,p,g,u,o,t,c,u,v,u,0
x,f,g,t,f,n,c,b,g,b,b,f,y,o,c,p,n,n,f,y,c,l,0
b,s,w,t,a,f,c,b,k,b,?,k,f,g,o,u,n,o,l,w,t,p,0
s,g,g,t,s,n,c,b,k,t,z,f,s,e,p,u,n,t,e,y,t,l,0
x,y,c,b,f,d,d,n,g,t,c,f,y,c,c,p,w,n,p,u,c,l,0
x,g,w,t,c,f,d,b,k,b,r,f,s,b,n,u,y,n,f,k,s,g,0
s,y,e,b,m,n,d,n,b,t,u,s,f,n,y,p,y,t,f,u,v,d,0
s,f,c,t,c,a,d,b,p,b,u,k,f,w,n,p,n,o,s,k,t,l,0
x,y,g,b,s,d,w,n,k,t,e,y,k,c,n,u,n,n,c,b,s,m,0
b,f,e,b,a,d,w,n,k,b,e,k,s,w,w,p,n,t,e,b,v,w,0
x,s,c,b,l,a,w,b,o,b,?,y,y,e,e,p,y,n,s,n,c,p,0
c,s,u,b,a,f,d,n,y,t,r,y,s,b,c,u,y,t,c,k,c,g,0
k,g,n,t,l,d,c,b,o,b,r,y,f,e,g,p,y,t,l,k,v,g,0
f,s,e,t,l,d,c,n,r,t,b,f,f,g,n,u,o,t,n,b,n,l,0
f,s,n,t,c,a,c,n,h,b,?,s,s,c,c,p,o,t,e,h,c,g,0
x,y,w,t,s,a,w,b,k,t,e,y,s,g,o,u,o,t,l,k,t,g,0
c,y,p,b,c,n,d,n,b,b,z,f,k,c,c,u,o,n,z,b,n,u,0
c,f,c,b,l,a,c,b,h,b,c,y,f,o,g,p,y,t,f,n,t,p,0
b,y,r,b,y,f,c,b,r,t,z,f,y,w,o,u,n,t,n,n,v,w,0
k,s,r,b,a,f,c,n,o,t,z,y,y,n,p,p,w,n,p,n,t,w,0
c,f,u,t,m,d,d,n,h,b,r,y,f,e,g,u,n,t,c,r,c,g,0
b,f,c,b,a,f,c,n,r,b,b,f,s,w,e,p,y,n,s,r,a,w,0
c,y,c,t,m,n,d,b,u,b,u,s,f,g,y,u,o,t,p,r,t,g,0
k,y,b,t,n,n,w,b,o,b,b,f,y,w,g,u,o,n,z,o,t,l,0
k,y,n,b,a,d,w,n,r,t,c,f,k,b,y,p,y,o,s,r,c,m,0
c,y,n,b,y,n,w,n,y,b,z,s,f,w,g,u,w,n,s,o,n,l,0
f,g,w,b,l,n,w,n,u,t,e,y,k,n,g,u,y,n,f,h,c,l,0
x,g,w,b,f,n,c,b,p,t,z,f,f,g,c,p,y,n,p,o,v,d,0
k,g,e,b,m,d,w,n,n,b,?,k,f,b,n,p,n,o,s,b,c,d,0
s,g,c,b,s,d,c,n,b,b,u,k,f,w,g,u,n,t,e,u,c,l,0
b,y,n,t,m,a,c,b,u,t,b,k,y,w,g,p,n,n,f,y,n,g,0
x,y,e,b,a,a,c,n,h,b,c,f,f,p,c,p,w,n,z,o,n,g,0
x,g,u,t,l,f,d,n,r,b,c,s,s,y,e,u,y,o,e,y,s,p,0
s,f,y,b,m,n,d,n,p,t,?,y,y,o,w,p,o,n,z,u,c,l,0
x,g,b,b,f,d,d,b,h,t,u,s,k,p,b,p,y,o,f,o,v,w,0
b,f,b,t,m,d,c,b,g,b,b,y,k,b,c,p,n,n,z,w,v,m,0
s,g,y,t,s,n,w,n,g,b,b,k,s,b,g,p,y,o,p,o,v,u,0
c,y,c,t,m,d,w,n,n,b,b,k,s,y,c,u,n,o,e,r,v,d,0
k,g,r,b,c,f,c,b,b,b,b,y,y,o,w,u,y,n,c,b,s,p,0
b,f,n,t,s,f,w,b,o,b,?,k,f,n,p,p,w,t,p,o,t,w,0
s,y,c,b,p,f,d,b,o,t,c,f,y,n,y,u,n,o,f,r,t,p,0
x,f,p,t,s,n,d,n,g,t,?,y,k,e,y,p,n,n,z,u,c,w,0
x,f,r,t,n,f,c,b,r,t,z,s,y,g,p,u,y,n,f,y,s,u,0
b,y,n,t,s,f,d,n,u,b,z,f,s,w,c,p,w,n,z,b,a,l,0
s,g,y,b,f,a,w,n,w,t,c,k,y,g,y,u,n,n,e,o,v,g,0
c,f,u,b,m,a,d,n,o,t,c,k,f,c,e,p,n,n,e,k,t,u,0
k,s,p,b,f,n,c,b,w,b,r,f,y,c,n,u,o,t,c,k,n,m,0
b,g,y,b,s,a,w,b,h,b,e,s,k,g,c,u,n,t,z,k,v,w,0
x,y,c,b,f,n,w,n,r,b,r,k,f,p,g,p,o,o,s,n,v,l,0
f,s,g,b,l,f,d,b,r,b,b,f,k,o,p,p,o,t,n,y,n,w,0
c,f,c,b,l,a,w,n,p,t,?,k,k,o,p,u,y,n,l,h,t,p,0
c,s,p,t,c,a,w,n,p,t,c,f,s,y,n,u,w,n,c,y,c,d,0
k,y,u,b,f,f,c,n,o,b,b,s,y,w,e,p,w,n,z,w,c,d,0
k,s,w,b,a,n,w,b,n,b,e,y,y,g,p,p,y,t,l,y,t,p,0
c,f,e,t,f,d,c,b,k,t,c,y,s,p,c,u,w,o,e,b,v,w,0
x,y,e,b,m,f,d,b,h,t,z,y,f,n,o,u,y,o,z,b,v,d,0
x,y,g,t,a,d,d,b,p,b,c,s,y,g,e,p,y,n,z,b,a,l,0
x,g,e,t,m,a,c,b,y,b,z,y,k,g,p,p,y,o,n,h,n,d,0
s,g,c,b,s,d,d,n,u,b,c,f,s,y,w,u,n,t,s,k,n,w,0
x,s,b,b,f,f,d,b,p,t,b,y,y,g,y,p,y,t,s,h,a,u,0
k,g,r,t,a,n,c,b,n,t,c,s,s,b,n,p,y,o,f,y,a,m,0
s,f,c,b,p,d,d,n,b,t,u,k,s,p,p,p,n,t,p,r,t,w,0
b,y,p,b,c,n,w,b,b,t,b,k,y,e,n,u,w,t,z,y,s,d,0
s,y,y,b,y,f,w,b,p,t,c,f,f,c,g,u,w,o,z,y,s,l,0
c,y,b,t,s,d,w,n,w,b,?,f,k,w,o,p,o,t,e,h,v,u,0
b,f,w,t,n,a,c,n,k,b,c,k,f,p,w,u,o,o,c,o,n,g,0
k,y,c,b,a,f,w,n,g,t,c,f,y,y,y,u,n,o,p,y,t,d,0
k,s,y,b,n,a,c,n,p,t,b,k,s,g,e,u,o,o,z,w,v,g,0
f,f,c,b,f,a,w,b,e,b,e,k,f,p,w,p,n,o,l,o,c,d,0
k,s,b,t,c,a,c,b,y,t,z,y,k,g,e,p,w,t,c,r,s,p,0
s,y,n,t,c,a,w,n,k,t,c,f,s,g,p,u,w,n,e,n,n,g,0
f,g,w,b,s,f,w,b,u,t,u,k,f,w,o,p,y,t,c,y,n,g,0
f,g,b,b,n,d,w,n,n,b,u,y,f,g,e,p,o,o,s,y,s,w,0
k,g,w,b,l,d,w,b,k,b,?,s,y,b,n,p,w,n,z,r,a,g,0
s,s,u,t,y,f,d,b,u,t,u,k,k,n,g,p,w,o,c,n,t,u,0
c,y,e,b,l,f,d,b,p,b,e,s,k,n,b,u,n,n,e,y,v,u,0
s,g,e,t,c,f,w,b,r,t,?,k,y,y,w,u,y,t,s,w,v,d,0
b,f,c,t,y,f,d,n,o,t,b,f,f,g,n,u,n,t,s,k,a,m,0
k,f,p,b,a,d,d,n,p,b,c,f,y,b,n,p,y,o,z,h,n,p,0
c,y,c,b,f,a,d,b,p,t,r,k,s,w,p,u,o,t,z,b,c,g,0
f,s,g,b,m,d,c,b,g,t,?,y,s,y,p,p,w,t,e,n,a,l,0
f,s,p,b,f,f,c,n,w,b,e,f,k,w,b,u,n,o,n,h,c,d,0
c,f,u,b,s,n,d,b,o,b,u,k,y,n,p,u,n,t,c,r,c,g,0
f,f,w,b,n,n,c,b,o,b,r,k,y,w,g,u,w,t,s,r,a,d,0
x,g,w,t,y,d,c,n,g,t,e,y,y,e,p,u,o,t,z,w,s,p,0
b,g,r,t,f,f,c,n,u,b,r,k,s,w,p,u,w,o,e,y,n,w,0
b,s,c,t,p,n,w,n,n,b,r,f,s,y,n,u,o,t,n,u,v,p,0
c,s,n,t,a,a,w,n,n,b,r,k,s,e,w,u,n,n,n,r,c,u,0
c,f,c,b,s,d,w,n,o,b,c,s,k,p,c,p,y,t,e,h,v,l,0
b,y,r,t,p,d,d,b,p,t,?,k,y,y,w,p,y,n,c,u,a,u,0
s,f,c,b,p,n,d,b,h,b,z,s,f,c,o,p,o,o,c,o,n,w,0
b,s,r,b,c,a,c,b,p,t,e,f,s,g,p,u,n,o,p,y,c,u,0
x,y,n,t,f,a,c,b,n,t,e,k,y,e,w,p,o,o,c,h,v,p,0
k,y,g,t,p,a,d,n,y,t,u,f,k,y,y,p,y,o,s,b,v,p,0
b,g,p,b,l,d,d,b,n,t,r,k,s,w,o,p,w,o,p,n,a,w,0
f,s,y,b,c,n,w,b,y,b,c,f,y,n,y,p,w,n,n,n,n,d,0
k,f,b,b,m,a,w,b,k,t,u,f,y,b,o,u,y,t,z,h,n,w,0
c,y,r,b,l,a,w,b,g,b,r,y,y,c,e,u,w,n,c,b,c,g,0
b,g,y,t,a,f,c,n,w,t,c,k,f,p,w,p,y,n,z,o,a,p,0
x,y,e,b,a,d,w,n,r,b,u,f,k,w,w,u,o,o,c,u,t,m,0
f,g,u,t,c,a,c,b,p,t,b,f,s,w,e,u,o,t,z,w,a,w,0
k,y,c,b,f,f,w,n,p,t,b,k,k,g,o,u,o,o,e,u,v,m,0
f,g,r,t,l,f,d,b,o,t,u,f,f,b,b,p,y,t,p,n,n,p,0
c,s,w,b,p,d,c,b,k,t,e,k,f,g,b,p,y,o,s,k,c,d,0
x,f,b,b,m,d,w,b,n,t,c,y,k,o,y,u,o,t,l,w,s,w,0
b,f,u,b,a,d,w,b,w,b,c,k,s,p,c,u,n,n,e,n,c,u,0
f,g,w,t,s,a,d,n,e,t,c,s,f,c,o,u,w,t,n,o,v,u,0
c,f,b,b,p,n,d,n,e,b,e,s,s,p,y,p,w,o,s,h,s,l,0
s,f,c,t,l,a,c,b,h,b,u,y,s,b,w,u,w,o,l,w,n,l,0
b,s,n,t,l,n,c,n,n,b,r,y,s,w,e,u,o,n,s,r,t,w,0
x,f,c,b,c,n,c,n,e,t,b,s,f,y,g,p,y,t,e,h,t,g,0
k,f,n,b,a,a,d,n,n,b,?,f,f,c,n,u,y,o,f,y,n,p,0
k,y,g,t,m,f,d,n,o,b,z,f,y,w,p,p,o,n,e,n,n,w,0
s,y,b,t,p,f,d,n,w,t,z,y,y,p,g,u,o,o,p,u,t,p,0
c,f,g,t,c,a,d,n,g,t,e,k,s,b,p,p,w,n,l,o,c,w,0
b,f,p,t,p,f,d,b,p,t,?,f,f,p,o,u,y,o,f,w,t,p,0
s,g,r,b,f,f,c,b,e,b,c,y,s,p,y,u,n,n,l,r,s,m,0
c,s,c,b,m,a,w,b,e,b,c,s,k,c,c,u,o,n,f,k,a,l,0
s,f,n,t,l,a,c,b,o,t,c,f,f,n,o,p,w,n,c,w,c,m,0
b,g,u,b,l,f,c,b,b,b,r,f,k,e,o,u,y,t,n,w,a,d,0
f,f,n,b,a,n,c,n,e,t,u,f,y,o,b,u,w,t,f,n,s,g,0
f,f,e,b,n,n,d,b,n,t,e,k,k,o,n,u,n,t,f,y,n,g,0
x,s,b,t,l,f,d,b,o,t,c,s,y,p,g,p,o,n,s,u,v,w,0
f,f,w,t,m,f,w,b,e,b,u,s,f,w,w,u,n,t,n,y,a,w,0
x,s,n,t,n,n,d,n,u,b,c,k,s,y,o,u,n,o,p,h,n,u,0
f,g,c,b,m,f,w,b,w,t,e,f,f,c,w,u,o,t,p,y,v,p,0
b,y,c,b,f,a,d,b,h,b,z,k,s,w,p,u,y,n,c,o,v,g,0
c,g,n,b,y,a,w,b,p,t,e,y,s,w,g,u,w,n,l,r,n,p,0
k,g,u,b,p,n,w,b,n,b,e,s,s,e,c,u,n,o,e,b,v,d,0
b,y,r,b,l,n,w,b,u,b,r,s,s,p,p,p,w,o,s,u,t,m,0
x,f,n,t,n,a,d,b,y,t,c,y,f,y,w,u,y,o,p,r,v,d,0
b,y,c,b,s,f,w,b,h,b,?,y,y,n,e,u,y,o,p,h,a,m,0
s,y,n,t,m,f,c,n,y,t,r,s,f,b,e,p,n,t,p,o,v,g,0
x,s,n,b,p,a,w,n,b,t,?,y,s,c,w,u,w,n,c,n,t,g,0
c,g,w,b,f,f,w,n,w,b,c,k,k,g,g,p,y,o,p,b,t,g,0
c,g,y,t,f,d,c,b,k,t,r,f,k,g,n,p,o,n,f,k,n,p,0
f,y,n,b,m,d,w,n,h,b,c,f,k,p,o,u,n,t,e,h,t,m,0
s,g,p,b,l,d,c,b,g,t,c,k,y,y,n,p,o,t,c,y,s,g,0
x,g,g,t,y,f,c,n,y,t,b,f,k,b,g,u,n,t,e,k,a,p,0
s,y,r,b,p,d,w,b,p,t,c,y,y,y,e,u,o,o,n,k,s,p,0
f,y,g,t,f,a,d,b,h,b,b,k,f,e,n,p,w,n,s,n,v,u,0
s,f,r,b,f,d,w,b,r,t,z,s,s,y,p,p,n,o,e,o,n,m,0
c,g,b,b,c,d,w,b,r,b,r,s,f,e,y,u,o,t,l,k,a,g,0
f,y,n,b,p,f,d,b,u,t,?,k,y,y,g,u,n,o,l,k,t,m,0
x,f,b,t,c,a,d,n,y,b,r,k,k,p,g,u,n,n,s,k,n,l,0
b,g,n,t,s,n,d,n,o,t,z,s,y,w,w,u,y,o,n,n,n,w,0
x,s,r,t,f,d,w,n,u,b,c,y,k,o,o,p,w,n,e,b,v,w,0
x,s,e,t,p,f,c,n,w,t,e,f,k,w,o,u,y,n,f,r,v,w,0
b,f,w,t,n,f,c,n,g,b,z,f,y,y,e,p,n,o,z,b,s,u,0
c,g,r,b,a,a,w,b,b,t,b,f,f,o,w,u,n,t,s,y,c,u,0
c,y,y,b,p,a,d,b,b,t,b,f,y,p,g,u,n,o,z,o,a,d,0
c,f,u,t,m,d,d,b,u,b,r,s,k,c,w,u,w,o,c,k,a,w,0
c,f,y,t,c,a,w,b,p,b,c,f,k,y,w,p,w,n,p,n,a,l,0
c,y,g,b,f,a,c,b,g,t,?,f,k,w,y,u,w,t,c,r,c,w,0
s,g,b,b,m,n,d,n,w,t,r,y,k,w,b,p,n,t,l,h,s,d,0
c,g,c,t,l,d,c,n,u,t,z,k,k,y,e,u,n,t,s,b,v,l,0
b,f,g,b,y,d,c,n,k,t,c,s,k,n,g,p,y,o,s,w,s,l,0
c,g,r,t,n,a,w,b,r,t,e,y,f,w,y,u,o,n,l,u,v,p,0
f,f,r,b,a,d,c,b,u,t,?,f,y,n,g,u,o,o,p,r,c,g,0
k,y,w,b,p,f,c,b,w,b,r,k,s,b,w,p,w,o,l,y,c,u,0
k,y,u,t,y,n,w,b,y,t,b,s,f,g,n,p,o,n,n,k,c,g,0
c,s,p,b,c,d,w,n,p,b,u,s,f,e,o,p,o,t,l,n,v,g,0
f,s,p,t,f,a,d,b,u,b,r,k,s,y,g,u,w,n,c,r,t,u,0
x,g,b,t,n,f,w,b,g,b,?,s,y,b,y,u,o,t,p,y,n,p,0
b,f,e,b,y,d,c,b,g,b,?,k,k,c,e,u,w,t,e,y,n,u,0
x,s,g,t,p,a,c,b,r,t,c,f,y,n,o,u,w,n,c,w,v,u,0
c,f,p,b,f,n,w,n,w,b,z,s,f,n,y,p,y,o,s,o,v,w,0
f,f,b,t,l,n,c,b,b,b,?,f,k,b,n,u,n,t,z,h,a,d,0
k,s,b,b,s,n,d,b,n,b,z,f,s,c,n,p,w,t,c,y,c,u,0
s,y,b,b,n,n,d,b,w,b,r,f,f,y,e,u,w,o,p,y,v,g,0
b,g,w,t,c,n,w,b,e,t,b,s,f,y,o,p,n,n,n,h,s,l,0
b,s,n,t,y,n,c,n,h,b,c,k,y,g,w,u,n,n,p,r,s,u,0
s,f,u,t,s,a,c,n,k,b,b,f,y,b,o,p,y,t,l,b,v,u,0
k,g,c,b,p,n,d,b,k,b,e,s,y,c,y,p,n,o,p,k,c,p,0
x,g,y,t,s,a,d,n,k,b,?,y,s,y,c,p,w,n,c,o,s,g,0
c,s,c,b,f,a,c,b,b,b,u,f,k,p,y,p,y,n,p,h,a,d,0
k,s,n,b,c,d,c,b,p,b,r,f,f,y,c,u,w,n,s,y,c,l,0
x,s,e,t,p,f,d,b,p,t,u,y,s,e,g,p,o,o,c,n,t,l,0
k,s,n,t,s,d,w,n,y,b,e,s,f,b,n,p,n,o,p,y,t,g,0
c,f,n,t,y,f,w,b,n,b,r,f,s,b,w,u,o,o,s,y,c,d,0
x,f,b,b,p,f,c,b,y,b,b,y,f,w,y,u,w,n,z,k,a,w,0
c,s,u,t,m,f,d,n,g,t,c,s,y,y,n,p,y,t,f,r,c,m,0
b,s,c,t,f,f,c,b,k,b,r,k,k,n,g,p,y,n,s,w,c,w,0
c,y,g,b,f,n,w,n,o,t,u,f,k,n,c,u,w,n,l,o,c,u,0
s,y,b,b,y,a,w,n,g,b,e,s,k,n,b,u,w,n,p,r,a,m,0
x,y,g,t,f,a,w,n,o,b,r,f,s,p,p,u,w,n,f,k,s,p,0
x,y,e,b,p,d,w,n,u,b,z,s,s,e,b,u,y,o,e,r,v,m,0
k,y,y,b,f,f,w,n,g,t,u,f,s,y,o,u,w,t,n,o,v,d,0
s,y,w,b,l,a,d,n,y,t,b,f,y,w,y,p,o,t,e,n,s,l,0
k,s,r,t,l,a,w,n,y,t,z,f,f,e,b,p,y,n,z,u,c,m,0
f,f,r,t,a,f,d,b,b,t,u,f,y,o,b,u,n,o,z,w,c,m,0
k,y,c,t,m,f,c,n,n,t,c,f,y,g,n,u,n,o,n,k,c,w,0
k,g,e,t,n,n,d,b,w,t,b,s,y,y,o,p,n,n,f,r,s,l,0
x,f,c,b,f,n,w,n,p,t,c,k,y,y,b,u,n,n,n,n,n,p,0
f,y,u,t,m,a,c,b,p,t,e,k,s,y,g,p,o,n,s,n,c,w,0
f,g,u,t,m,f,c,n,w,t,c,s,f,b,y,p,y,n,z,k,n,m,0
b,y,p,t,a,d,d,n,k,t,e,y,s,g,g,u,o,n,p,n,s,d,0
f,g,u,t,c,d,w,b,h,t,b,f,y,p,b,u,w,t,l,n,a,l,0
x,g,c,t,y,a,d,b,b,b,r,k,k,n,w,u,n,t,s,w,t,l,0
b,y,c,t,f,d,w,n,b,t,c,s,f,y,o,u,n,o,l,y,v,p,0
x,g,w,t,a,a,w,b,w,t,e,s,f,w,g,u,y,t,l,y,n,d,0
x,s,u,t,f,n,w,n,y,t,?,k,s,c,e,p,o,o,p,k,c,u,0
c,f,c,t,y,n,d,n,u,t,b,s,k,o,c,u,w,n,p,n,c,p,0
b,g,p,b,s,f,d,n,y,b,c,s,s,g,g,u,n,n,n,r,v,p,0
s,y,c,t,l,f,w,b,p,b,r,k,y,w,g,p,w,t,s,r,s,w,0
f,s,u,t,c,f,d,b,n,t,e,y,s,b,n,p,o,t,z,u,s,d,0
x,f,y,t,a,n,w,b,u,t,r,k,s,n,p,p,w,t,c,u,n,d,0
f,g,c,b,f,f,d,n,e,t,r,k,s,g,e,u,n,o,s,o,a,p,0
x,y,e,t,n,d,w,b,h,b,?,f,s,o,e,p,n,o,e,h,c,l,0
k,g,u,b,l,n,w,n,b,t,e,y,f,y,c,u,n,t,f,h,t,m,0
k,s,r,b,p,a,w,n,k,t,e,k,f,c,o,p,n,n,s,w,c,w,0
c,g,g,b,y,d,w,b,h,b,r,s,s,g,c,u,w,o,f,b,c,d,0
b,s,r,t,s,a,d,n,r,t,r,y,f,w,o,u,y,o,f,u,s,l,0
b,y,n,b,y,f,c,b,r,t,?,k,f,b,y,p,y,t,p,b,t,d,0
b,y,n,b,y,d,w,b,h,t,b,f,k,g,o,p,o,o,f,o,v,g,0
b,s,c,t,n,n,d,n,o,t,?,s,k,g,c,p,w,o,n,w,t,m,0
k,f,g,b,m,n,c,b,k,b,e,s,f,e,b,u,n,t,s,y,v,w,0
x,g,w,b,a,f,d,n,b,t,u,k,k,o,y,p,y,o,n,b,c,m,0
s,g,r,t,m,d,w,n,y,b,u,f,f,e,w,u,y,o,n,y,v,m,0
f,s,b,t,m,n,c,n,h,b,e,y,f,n,o,u,y,n,n,h,v,p,0
f,g,y,t,m,a,d,n,o,t,e,s,y,g,g,u,o,n,f,r,c,l,0
s,s,p,t,s,d,w,b,b,b,u,f,f,p,g,p,n,n,z,w,n,g,0
k,y,c,b,l,n,c,b,o,b,u,f,f,n,p,u,y,t,s,n,a,u,0
k,y,n,b,y,d,d,n,n,b,b,y,s,b,p,u,o,t,z,h,s,u,0
c,s,u,b,m,d,w,n,o,b,b,s,y,e,e,u,w,t,l,y,s,m,0
c,f,c,t,f,f,c,b,k,b,z,s,s,c,e,p,o,o,l,b,t,l,0
s,g,w,b,c,n,c,b,o,t,u,f,k,g,o,u,n,n,n,w,v,g,0
k,g,e,t,a,a,w,b,w,t,u,s,s,n,e,p,n,o,p,o,v,u,0
s,f,e,t,n,d,c,n,p,b,c,k,k,y,o,u,o,n,p,h,v,p,0
f,y,c,b,f,f,w,b,n,t,z,s,s,e,p,u,o,t,p,b,v,p,0
k,y,y,b,l,d,c,n,n,b,e,s,k,n,p,p,o,o,l,y,a,u,0
x,f,b,b,c,f,c,n,u,b,b,k,k,p,w,u,y,t,s,k,s,p,0
b,y,n,t,f,f,d,n,e,t,c,f,s,n,p,p,o,o,c,b,v,d,0
b,y,y,t,f,d,c,n,k,b,e,f,f,o,e,u,o,n,l,k,v,g,0
c,g,n,b,n,f,d,n,g,b,r,s,s,y,n,u,n,n,z,y,s,m,0
b,y,p,t,c,d,d,b,w,b,z,y,s,y,y,u,w,o,n,w,n,m,0
c,g,r,b,p,a,w,n,k,b,?,k,f,o,e,u,n,t,f,y,c,d,0
s,y,r,t,p,f,c,n,n,t,u,y,f,w,e,u,n,n,e,b,s,g,0
k,s,p,b,l,a,d,n,p,t,c,f,f,o,b,u,w,o,s,y,a,l,0
x,g,u,t,p,a,w,n,h,b,b,f,f,g,n,p,n,o,e,r,v,l,0
x,s,y,t,f,a,c,b,y,b,z,y,s,w,g,p,n,n,f,b,c,p,0
b,f,c,t,p,d,c,n,h,b,e,s,k,c,n,p,w,n,z,o,a,u,0
s,s,y,b,y,d,d,n,n,t,u,s,f,e,e,p,w,n,p,w,c,d,0
s,g,b,t,y,a,c,n,y,b,?,f,k,e,p,u,o,t,p,o,c,u,0
s,s,e,b,s,n,d,n,u,b,u,f,k,e,c,u,y,n,n,b,v,m,0
b,y,g,b,c,f,w,n,p,t,r,f,y,c,c,p,y,n,s,y,a,m,0
k,g,b,t,f,a,c,n,u,t,c,f,f,w,b,p,y,n,c,k,v,u,0
f,g,p,b,c,a,c,b,b,t,c,k,s,p,y,u,y,o,c,y,a,l,0
f,s,p,b,m,a,c,n,o,b,r,y,f,y,p,u,w,t,n,k,s,d,0
s,y,g,t,l,d,d,b,w,b,e,f,y,o,o,u,w,o,z,y,v,w,0
x,y,u,b,p,a,c,b,o,t,c,y,k,b,c,u,w,n,f,h,v,m,0
x,y,c,t,p,a,d,n,e,b,?,y,s,b,w,u,w,o,z,b,t,g,0
c,f,u,b,y,d,w,n,r,b,?,k,y,g,y,u,n,o,l,y,a,u,0
s,y,p,t,p,n,d,n,h,t,?,y,f,c,y,p,w,t,z,w,c,d,0
k,g,r,t,y,f,w,n,w,b,u,k,f,b,b,u,o,t,f,k,v,p,0
x,f,r,t,c,a,d,b,n,b,r,s,k,p,y,u,o,o,z,y,t,d,0
x,f,n,b,a,n,c,n,g,t,e,y,y,b,g,p,y,n,l,n,t,g,0
k,y,c,t,c,a,c,b,n,b,r,f,f,o,y,u,n,o,p,r,c,w,0
c,g,w,t,p,n,c,n,u,t,?,k,s,g,b,p,n,t,f,u,v,d,0
s,g,b,t,p,n,c,b,n,b,b,y,s,n,w,p,n,t,z,w,a,d,0
s,g,b,t,m,d,d,b,y,t,e,k,y,w,b,p,w,n,e,k,v,p,0
s,g,n,b,f,d,w,n,w,b,u,k,k,o,w,u,w,n,n,b,c,l,0
f,g,u,t,f,f,c,b,n,t,z,y,y,y,b,p,n,t,z,w,s,d,0
f,g,p,t,s,a,c,n,o,b,?,f,k,e,n,u,w,n,s,y,c,u,0
b,y,e,b,m,d,w,n,e,t,z,f,s,c,b,u,y,n,f,o,a,p,0
b,y,e,t,f,n,w,b,u,t,e,y,s,g,w,p,w,n,n,o,a,d,0
f,g,w,t,l,f,c,n,w,b,b,s,k,n,y,u,w,o,s,b,a,u,0
b,y,n,t,l,d,c,b,y,t,?,y,f,y,p,p,n,t,p,n,c,d,0
s,f,e,b,s,n,c,b,e,t,e,y,k,n,n,u,o,n,n,o,v,d,0
b,g,u,b,a,d,w,b,w,b,r,k,s,p,n,u,w,o,n,r,v,g,0
s,f,n,b,m,f,d,b,r,b,c,k,k,e,g,u,n,o,p,y,n,g,0
b,f,n,t,a,a,c,n,w,t,c,k,s,g,n,u,y,n,z,b,v,m,0
c,s,u,b,p,d,c,b,r,t,u,k,y,e,b,u,w,t,l,r,v,p,0
x,g,y,t,l,d,c,n,k,b,z,s,f,y,y,u,w,o,f,h,a,m,0
f,g,w,t,n,d,d,n,g,t,?,f,f,n,c,p,y,n,c,o,n,m,0
s,g,b,t,f,a,w,b,h,b,?,k,k,b,w,u,y,n,e,r,s,d,0
s,g,n,b,f,f,c,b,k,b,z,k,y,b,e,p,n,n,c,b,c,l,0
x,s,p,t,y,a,w,b,k,b,b,y,y,p,g,p,n,o,p,h,c,p,0
x,g,c,t,l,f,c,n,n,b,r,k,y,p,g,p,n,t,l,w,s,w,0
s,f,r,t,f,a,d,n,k,b,e,f,y,o,e,p,o,o,s,h,a,p,0
k,f,e,t,a,a,c,n,o,b,z,f,k,y,n,p,o,o,l,k,s,w,0
f,s,n,t,c,d,d,b,w,t,b,s,y,o,w,p,o,o,l,h,a,w,0
b,s,r,b,a,a,c,b,n,t,b,f,k,y,w,u,y,o,p,b,c,u,0
c,y,g,b,c,a,c,n,n,b,b,y,y,b,o,p,y,t,n,h,n,u,0
x,s,w,b,p,d,w,b,k,t,c,f,y,c,y,u,w,n,f,o,t,g,0
k,g,g,b,m,n,w,n,n,b,e,y,y,e,o,u,y,t,f,y,a,m,0
b,g,g,t,y,a,d,b,u,b,?,s,s,g,p,u,o,t,e,b,s,w,0
b,y,n,b,c,n,d,n,g,b,b,y,k,p,o,u,y,t,e,w,t,w,0
f,f,w,t,y,a,d,b,k,b,e,f,k,o,y,p,o,t,s,u,a,g,0
c,f,e,t,f,n,c,b,u,b,z,f,y,y,e,p,n,t,e,n,s,l,0
b,y,c,b,y,f,d,b,b,t,c,k,y,n,e,u,o,o,e,k,s,u,0
b,f,r,b,s,d,d,n,e,b,z,s,k,e,w,p,n,o,s,h,a,w,0
f,y,b,t,l,f,c,n,b,t,b,f,f,e,o,p,y,n,l,y,v,p,0
f,f,r,t,a,a,w,b,y,t,u,s,f,n,c,p,n,n,z,r,n,w,0
c,g,e,b,l,f,w,n,b,b,u,y,f,c,n,p,w,n,z,n,t,l,0
k,f,b,b,s,a,c,n,p,t,r,k,f,g,n,u,y,o,f,k,n,m,0
s,s,g,b,l,d,d,n,p,t,c,f,k,w,n,p,y,t,p,o,a,m,0
s,y,n,t,f,a,d,n,k,t,r,k,f,p,w,p,n,o,n,b,n,d,0
f,s,b,b,p,f,d,b,y,t,u,s,f,e,p,p,o,t,s,u,s,w,0
b,s,u,t,f,a,w,n,w,t,u,y,y,g,y,p,w,o,e,r,v,m,0
k,g,b,t,p,f,c,n,y,b,e,f,k,c,o,u,y,t,z,h,c,l,0
k,y,w,b,c,d,c,n,b,t,b,s,k,p,y,p,o,n,c,o,a,w,0
c,g,r,b,p,f,c,b,o,t,r,s,y,g,w,p,y,o,n,o,n,u,0
x,g,p,t,s,a,c,b,o,b,e,f,s,g,n,p,n,t,s,r,t,w,0
b,y,e,t,s,f,c,n,k,t,b,y,f,p,c,u,n,n,l,n,n,u,0
k,g,n,t,p,a,d,n,g,t,e,f,k,p,o,p,o,n,z,k,s,p,0
c,y,w,t,m,f,w,b,p,t,?,s,k,p,g,u,w,t,f,b,a,u,0
b,s,r,t,f,n,d,n,b,b,?,y,s,w,n,p,n,t,l,r,v,p,0
f,y,e,b,f,f,d,b,o,t,c,s,s,p,n,u,w,o,n,k,s,g,0
x,y,p,b,f,d,d,n,p,b,z,k,y,p,y,p,w,n,s,r,n,u,0
s,f,b,b,s,a,w,n,e,t,u,y,y,g,o,u,y,t,c,w,a,g,0
c,g,w,b,a,f,d,n,y,b,u,y,y,y,p,u,o,n,p,n,c,u,0
f,s,g,t,s,n,d,n,r,b,b,s,k,e,w,p,n,o,l,u,n,p,0
f,f,y,t,n,a,d,n,o,t,?,y,y,p,o,u,o,t,n,n,a,u,0
x,g,b,t,n,d,d,b,n,t,z,s,y,c,p,p,y,n,f,w,c,l,0
c,f,r,b,p,f,d,b,n,t,r,k,f,o,n,p,n,t,z,h,n,l,0
s,s,p,t,n,d,w,n,n,b,c,k,k,y,p,u,w,t,l,k,a,g,0
s,s,n,b,n,a,d,n,n,t,e,f,s,g,p,p,w,t,p,b,n,w,0
x,f,r,t,a,d,c,b,w,t,c,f,k,e,c,p,n,t,z,b,c,w,0
x,g,p,b,m,d,w,n,p,b,c,k,f,p,p,u,o,t,p,u,s,g,0
f,g,b,t,s,f,w,n,y,b,r,k,s,w,n,u,o,n,z,u,c,u,0
x,g,r,t,y,n,w,n,w,t,?,k,s,p,e,p,n,t,p,b,a,m,0
k,g,p,t,p,d,d,b,b,t,b,y,s,b,c,p,n,t,s,k,n,w,0
f,y,b,t,f,d,w,b,u,t,u,k,f,c,w,u,w,o,l,u,t,d,0
k,g,c,t,a,a,d,b,b,t,r,y,k,c,p,p,y,t,s,k,v,m,0
b,y,p,b,l,f,d,n,k,b,u,y,f,y,w,u,y,o,n,y,v,g,0
f,s,p,b,c,n,w,b,o,t,u,y,y,w,g,p,w,t,l,y,v,l,0
s,g,r,b,s,f,c,n,e,t,b,s,f,w,g,u,w,o,s,u,a,d,0
x,s,u,t,a,n,c,b,o,t,b,k,s,p,c,u,n,o,p,y,n,g,0
b,f,y,t,m,f,w,n,g,t,c,k,f,y,o,u,w,n,p,o,n,g,0
f,y,p,t,p,a,w,b,o,t,r,k,y,g,b,u,o,o,z,n,s,p,0
b,s,u,b,y,d,d,b,b,b,e,s,k,g,c,p,y,o,e,r,t,u,0
x,s,u,b,l,d,c,b,o,t,r,k,k,b,n,u,n,o,c,b,t,p,0
f,f,b,b,s,a,w,n,o,b,c,f,f,p,p,u,o,n,z,n,n,g,0
k,g,y,b,c,d,w,n,p,b,e,y,y,y,o,u,n,o,n,y,c,p,0
x,s,n,t,a,d,c,n,e,b,e,k,s,w,e,p,o,o,s,h,c,g,0
c,g,b,t,p,f,d,b,e,t,r,s,f,g,y,p,o,n,l,r,s,d,0
b,g,n,b,s,n,w,n,b,b,r,y,y,e,g,u,o,n,f,n,c,w,0
k,f,r,t,c,n,c,b,r,b,?,s,k,n,n,p,n,n,p,w,a,p,0
x,y,r,t,f,d,w,b,y,t,r,s,f,w,b,p,w,o,f,o,c,p,0
x,g,c,b,c,d,w,n,k,b,c,k,f,g,c,u,y,t,s,b,v,d,0
k,y,g,t,m,n,c,b,o,t,e,f,y,b,w,u,w,o,f,r,a,l,0
b,y,r,b,n,f,c,b,g,b,b,k,k,p,e,p,o,o,c,o,a,d,0
c,g,b,b,c,n,d,b,n,t,u,y,y,c,w,u,w,n,l,o,v,l,0
f,y,r,t,y,f,d,n,w,t,?,k,f,b,y,p,o,t,e,w,a,w,0
x,s,c,t,s,a,c,b,e,b,?,s,f,y,p,u,o,n,n,u,v,g,0
f,s,p,t,l,d,c,n,g,b,?,s,f,w,g,p,n,o,c,w,n,w,0
b,s,e,t,y,f,d,b,b,b,?,s,y,w,g,u,n,t,z,n,s,l,0
b,s,u,b,a,f,w,b,y,t,?,y,k,c,o,p,n,t,s,k,s,u,0
x,y,y,b,a,f,c,n,e,b,b,y,y,n,o,u,w,t,s,h,v,m,0
c,s,r,t,l,a,d,b,w,t,u,s,s,n,e,p,y,t,f,u,c,w,0
c,f,n,t,l,a,c,b,o,t,u,k,s,w,c,p,y,o,l,n,t,g,0
f,y,y,t,m,a,c,n,u,b,u,f,f,b,y,p,y,t,c,k,c,l,0
k,f,c,b,c,f,w,n,g,t,?,f,k,c,e,p,w,n,p,w,n,l,0
k,f,n,t,y,f,c,n,h,t,e,y,y,p,y,u,n,o,s,o,n,p,0
x,y,w,t,f,a,c,n,o,b,z,k,f,n,c,p,n,o,e,y,t,u,0
x,g,g,t,l,f,w,n,n,t,b,y,s,g,b,p,y,t,p,h,t,l,0
k,f,p,b,s,a,d,n,y,b,b,s,y,y,w,p,y,o,n,w,v,u,0
b,s,c,b,l,a,w,b,p,b,z,s,f,c,o,p,o,t,n,y,c,u,0
s,g,b,t,p,n,w,b,w,t,e,f,s,n,w,u,n,o,l,b,a,d,0
x,s,g,b,s,d,w,n,r,b,?,y,f,e,b,p,y,o,c,o,s,m,0
s,f,e,t,c,n,w,n,r,t,u,k,f,w,y,u,w,n,s,h,c,d,0
b,f,n,t,m,a,d,n,p,t,z,f,k,e,o,u,o,n,z,h,n,l,0
b,g,g,b,a,n,w,n,k,t,b,k,k,n,o,u,w,n,p,u,v,w,0
s,g,y,b,s,f,c,b,g,b,z,k,f,w,o,p,w,t,n,n,s,g,0
x,g,c,b,n,f,d,b,k,b,c,s,y,e,w,u,w,t,e,u,c,m,0
b,f,c,b,y,f,c,b,u,b,z,y,y,y,p,u,n,t,c,b,v,l,0
x,g,p,b,c,f,c,b,y,t,b,s,f,p,b,p,n,o,l,r,v,p,0
c,g,b,b,s,a,d,n,n,b,z,y,k,n,e,u,w,o,s,k,v,m,0
b,f,y,t,y,n,c,n,o,b,u,y,s,w,n,u,y,o,z,w,n,p,0
s,s,g,t,s,a,c,n,y,t,u,f,s,o,y,p,n,t,c,o,t,d,0
s,f,c,t,a,a,c,b,r,b,u,y,y,g,y,p,w,n,f,u,v,w,0
x,f,y,t,y,a,w,n,g,b,r,f,s,e,o,u,n,o,c,u,n,u,0
x,g,n,b,f,d,c,b,r,b,c,f,s,b,n,p,w,o,s,y,c,l,0
b,s,b,t,m,a,w,n,b,t,c,k,s,y,o,u,n,n,p,n,s,g,0
x,y,y,b,s,a,d,n,y,b,u,f,y,p,b,u,o,o,z,b,t,m,0
x,y,p,t,a,d,c,b,g,t,?,f,s,w,c,u,w,n,z,r,v,m,0
c,g,r,b,f,a,c,b,r,t,u,f,f,w,b,p,n,t,c,o,n,m,0
k,f,b,b,p,a,c,n,o,b,e,y,f,e,y,u,n,n,f,y,s,d,0
f,y,r,t,s,f,w,n,b,t,r,y,k,g,c,p,n,t,c,h,s,p,0
f,f,y,t,y,n,d,n,n,b,c,f,s,w,p,u,y,t,p,w,t,d,0
k,y,r,t,p,d,w,b,p,t,u,y,f,b,c,u,y,o,f,u,a,l,0
c,y,b,b,a,n,w,b,k,t,?,k,y,p,n,p,n,t,l,u,t,g,0
s,f,y,t,s,f,w,n,r,t,?,s,y,p,g,p,w,n,n,y,a,p,0
f,g,c,t,s,n,c,b,e,t,z,y,y,g,w,u,w,t,l,b,t,d,0
k,g,p,b,a,a,c,n,n,b,r,k,s,c,e,p,n,o,c,h,a,g,0
c,y,g,b,m,n,w,n,o,t,c,s,k,c,w,u,w,t,f,o,s,u,0
f,f,p,t,m,d,d,n,w,t,e,f,s,g,b,p,y,n,s,r,v,w,0
c,g,u,t,n,d,d,b,e,b,c,f,y,y,n,u,n,o,c,o,v,m,0
f,y,b,t,f,n,c,b,y,t,b,f,s,b,n,p,y,o,p,o,c,m,0
f,y,g,b,c,a,w,b,k,t,u,s,f,g,e,p,o,n,n,o,s,u,0
f,s,w,b,f,a,d,b,o,t,z,y,f,o,n,u,w,n,s,k,a,m,0
k,g,e,t,f,n,w,n,r,t,c,s,k,b,c,p,w,n,z,k,a,g,0
k,f,e,t,p,a,c,b,r,b,e,s,y,b,y,p,y,o,n,o,c,d,0
k,s,g,b,s,d,w,n,h,t,z,y,k,p,o,p,o,n,c,b,c,l,0
k,f,y,b,l,f,w,n,g,b,r,k,s,b,y,u,n,t,c,k,a,p,0
f,s,c,b,f,d,w,n,e,b,z,f,k,n,b,p,y,n,s,h,v,u,0
x,s,w,t,l,d,c,n,w,b,?,k,k,o,y,p,o,n,e,b,a,p,0
s,g,w,b,a,f,d,b,r,b,?,s,s,c,c,p,w,t,n,w,a,d,0
c,f,e,t,c,a,c,b,g,t,e,y,k,n,w,u,o,t,p,k,v,u,0
b,f,b,t,y,d,d,n,h,t,z,y,k,p,p,p,y,o,l,h,s,m,0
x,f,p,t,p,d,c,n,o,t,u,s,s,g,w,p,o,o,f,u,c,u,0
f,y,p,t,l,a,w,b,y,t,r,s,f,b,p,u,y,t,z,y,c,w,0
c,g,c,b,m,a,w,n,n,b,?,k,f,g,e,p,o,o,c,r,s,u,0
s,f,b,b,c,f,c,n,y,t,e,y,s,y,y,u,y,o,f,h,a,g,0
f,f,y,b,m,a,c,n,p,b,b,s,k,e,y,p,y,o,e,y,a,u,0
x,g,b,t,s,d,d,n,w,b,b,s,f,c,n,u,n,o,p,n,n,l,0
x,y,n,t,c,d,d,b,h,b,e,k,k,p,e,u,y,o,c,o,t,l,0
f,f,p,t,c,d,d,n,e,t,c,f,f,w,y,p,w,o,c,u,v,l,0
k,f,c,t,m,a,c,b,n,b,r,y,k,w,n,p,w,t,s,w,n,p,0
f,s,p,b,y,f,d,b,g,t,c,f,s,c,p,u,w,n,c,r,a,w,0
c,s,c,b,n,a,w,b,k,b,b,y,f,p,p,u,y,t,n,r,t,p,0
f,y,r,t,y,d,c,b,y,b,r,y,f,b,w,p,n,n,l,n,s,l,0
s,f,y,b,f,n,c,b,g,t,e,y,y,n,b,p,y,n,f,w,s,g,0
b,g,r,t,m,d,w,n,y,b,?,y,y,y,n,p,y,o,f,h,t,g,0
f,g,u,t,p,d,c,n,w,t,r,s,y,c,o,p,y,n,p,y,c,l,0
c,y,r,b,f,d,d,b,p,t,r,s,f,o,y,p,y,n,e,o,v,p,0
x,f,p,t,m,n,d,b,b,b,?,s,s,p,y,p,y,t,e,h,a,g,0
b,y,y,b,a,d,w,n,y,t,b,f,s,n,b,u,o,n,e,w,c,d,0
s,f,r,b,c,n,d,b,n,b,b,k,y,y,n,u,n,t,p,u,a,w,0
b,g,c,t,a,n,c,n,h,t,z,y,y,e,n,p,n,t,n,w,n,d,0
s,y,u,b,y,a,d,n,g,t,?,s,s,e,c,p,n,t,l,r,t,w,0
s,s,y,t,y,d,w,b,y,b,b,k,f,y,e,p,n,o,l,n,t,u,0
s,f,c,t,p,d,c,b,y,b,b,s,f,o,w,p,n,t,s,r,v,w,0
s,g,u,b,c,f,c,b,y,t,z,s,y,g,b,u,o,o,s,n,v,m,0
f,f,c,t,n,n,c,n,o,t,z,s,y,w,w,u,y,n,l,n,v,g,0
x,f,r,t,p,a,d,n,w,t,?,s,f,b,c,p,n,t,c,y,n,g,0
x,f,y,t,y,a,d,n,b,b,b,f,k,o,w,p,y,t,n,h,v,m,0
c,f,b,t,n,d,w,b,g,b,e,s,f,e,g,u,o,o,s,w,n,g,0
f,g,u,b,y,d,w,n,w,b,c,f,s,b,e,p,y,n,c,n,c,w,0
f,g,w,b,a,f,c,n,b,b,?,y,s,w,y,u,y,n,z,y,t,w,0
s,y,w,t,c,f,d,n,y,b,c,s,f,b,w,u,n,t,c,n,t,g,0
b,f,n,b,f,d,c,b,u,b,r,s,s,n,p,p,n,o,l,w,n,d,0
k,f,e,t,p,n,w,n,g,b,z,f,f,w,c,u,w,n,c,w,a,p,0
b,y,w,b,p,d,w,b,r,t,b,k,k,p,w,u,w,n,f,w,t,l,0
x,s,c,t,y,n,d,b,w,b,u,y,f,w,w,u,y,n,l,n,a,w,0
s,y,e,t,y,d,w,b,n,b,e,y,k,c,n,u,o,n,f,w,c,w,0
f,f,y,t,a,n,d,b,p,b,?,f,k,c,w,u,y,o,n,r,c,g,0
c,f,u,b,p,f,d,b,b,b,u,y,k,y,o,u,o,n,z,b,v,d,0
k,g,p,t,m,a,c,b,h,t,b,s,y,g,n,u,y,n,f,o,v,p,0
k,s,g,t,y,n,c,n,n,b,r,s,s,p,c,p,y,o,e,y,a,p,0
f,y,g,t,y,a,d,n,u,b,?,k,f,e,w,u,n,n,n,n,s,l,0
f,g,b,b,f,f,d,n,w,t,?,k,k,p,e,p,w,t,c,w,c,l,0
s,f,c,t,n,d,w,n,g,b,?,f,f,g,n,u,y,t,s,b,t,w,0
f,f,c,b,l,n,d,b,p,b,c,f,s,o,c,u,o,o,e,w,v,w,0
b,g,e,b,a,a,c,n,p,b,?,s,y,n,y,p,w,n,f,y,s,l,0
f,f,n,b,n,a,d,b,o,b,r,s,y,w,b,u,y,n,s,w,c,g,0
x,f,w,b,p,n,d,b,r,b,r,k,s,b,o,u,n,o,f,b,v,w,0
f,f,g,t,m,d,d,b,k,t,z,y,y,g,n,u,o,o,z,w,v,u,0
s,y,b,b,l,d,w,n,n,t,?,k,s,e,p,u,o,n,z,b,s,p,0
f,s,y,b,s,n,c,n,k,t,z,y,f,b,e,u,n,t,e,n,s,l,0
c,s,b,b,m,f,d,b,u,t,z,s,k,g,b,u,w,t,l,k,s,d,0
k,s,w,b,s,d,w,n,o,t,?,y,k,g,p,p,n,n,f,b,s,m,0
b,f,e,t,m,d,w,n,w,b,z,f,y,y,e,p,n,t,p,w,v,p,0
f,y,b,b,l,n,d,b,w,b,u,f,y,p,w,p,w,n,s,b,v,p,0
x,y,g,t,n,n,d,b,e,t,?,f,y,p,o,p,n,n,p,k,s,u,0
s,y,e,t,c,f,c,b,g,t,b,y,k,n,p,u,w,t,n,u,c,g,0
x,y,e,b,f,n,d,n,r,b,u,k,s,e,g,p,w,n,s,o,a,d,0
x,s,u,t,s,d,w,n,b,t,z,k,f,o,y,p,n,o,z,r,s,d,0
c,s,c,b,l,a,c,n,y,b,r,k,f,e,o,u,w,o,n,h,c,p,0
x,s,w,t,p,n,c,n,b,t,e,y,s,c,o,u,n,t,e,o,t,w,0
s,f,c,t,m,d,w,b,h,t,z,k,y,y,c,u,o,n,s,h,n,l,0
b,y,n,t,p,d,c,n,b,t,?,s,y,e,w,u,w,o,n,r,n,w,0
c,g,w,b,m,d,w,b,w,t,z,s,f,n,w,u,w,n,s,o,t,p,0
x,y,n,t,y,n,w,n,b,b,b,f,k,p,n,p,o,t,p,r,v,l,0
b,s,p,b,p,f,d,b,w,b,e,k,y,w,b,p,y,n,z,w,s,w,0
k,f,c,t,a,a,w,b,y,b,c,y,s,o,e,p,n,o,f,y,v,l,0
b,g,p,t,l,d,c,b,r,t,e,k,s,g,g,u,n,o,n,n,s,d,0
s,f,r,t,m,n,c,n,w,t,b,y,s,y,c,u,o,o,p,h,c,l,0
f,f,p,b,y,d,w,n,u,b,e,f,y,p,c,u,y,t,l,r,v,p,0
x,g,b,t,p,f,w,n,n,t,c,s,s,b,y,p,o,n,f,u,c,m,0
b,y,u,b,m,a,d,b,b,t,u,y,k,c,w,u,n,t,n,n,a,w,0
k,g,r,t,s,f,d,b,g,b,z,k,y,o,w,u,o,t,f,k,n,u,0
s,y,b,t,m,f,w,b,g,b,r,f,k,n,b,u,w,t,n,n,n,w,0
f,g,y,b,n,d,d,n,w,b,e,f,s,o,y,p,o,n,f,u,s,g,0
b,g,r,t,n,d,w,b,h,b,?,f,s,o,c,u,n,t,c,b,n,l,0
k,g,u,b,m,n,c,b,g,b,e,s,y,c,p,u,w,t,e,k,t,m,0
x,s,y,t,c,d,c,b,u,b,z,s,k,o,g,u,y,n,z,n,n,m,0
b,s,y,b,f,n,c,b,h,b,c,f,f,w,p,u,w,t,f,k,c,p,0
x,f,w,t,p,n,c,n,y,b,r,k,y,w,n,p,n,n,c,b,v,m,0
c,f,w,b,c,f,d,n,k,t,u,y,f,p,o,p,o,o,f,o,v,p,0
c,f,p,t,l,a,d,n,n,b,r,k,y,y,g,u,w,o,e,b,a,m,0
c,y,p,b,c,f,c,n,r,b,r,y,k,e,n,p,n,o,n,u,s,u,0
c,s,p,t,m,a,w,n,r,b,?,k,s,w,y,u,y,t,c,o,s,g,0
x,f,e,t,a,n,d,b,n,t,?,s,s,c,p,u,o,t,p,y,s,d,0
c,y,g,t,a,n,w,b,w,b,b,s,s,b,o,p,o,t,c,n,t,u,0
f,f,g,b,a,d,d,b,r,t,r,f,f,g,y,u,w,t,n,o,n,m,0
s,f,p,t,m,n,w,b,e,t,u,f,y,e,c,p,o,o,s,u,a,m,0
c,s,r,b,m,f,d,n,k,b,u,f,y,p,o,u,n,t,l,u,t,p,0
x,g,w,b,l,d,w,n,r,b,r,s,f,w,p,p,y,o,f,b,t,m,0
k,g,c,b,p,n,d,n,h,t,z,y,y,p,e,p,y,t,e,h,c,m,0
x,y,c,b,c,a,d,b,r,t,z,s,s,o,g,u,w,n,f,w,a,u,0
k,g,b,b,m,d,c,b,e,t,?,y,y,b,e,p,w,n,f,o,n,l,0
k,y,p,t,p,d,c,b,p,t,?,s,k,p,e,u,y,o,s,w,n,d,0
b,g,n,t,m,f,c,b,r,t,b,s,s,g,w,u,w,o,f,y,t,g,0
b,f,u,t,p,n,w,b,e,t,?,s,k,o,w,p,n,t,s,y,t,d,0
k,s,r,t,s,f,d,b,r,t,?,s,f,y,b,p,w,o,c,h,s,g,0
s,g,n,b,l,f,d,b,u,t,r,k,f,n,p,u,n,t,e,h,c,p,0
s,s,p,t,a,f,c,b,e,b,u,s,k,w,g,p,o,n,z,r,t,d,0
b,y,c,t,f,f,c,n,e,t,e,s,s,n,o,u,n,o,s,r,v,l,0
c,f,b,t,n,f,w,n,o,b,z,f,s,b,o,p,o,o,s,r,t,m,0
f,y,u,b,l,a,d,b,k,t,u,k,s,n,c,u,y,t,e,b,v,g,0
f,y,n,t,l,d,c,b,p,t,u,y,s,w,w,p,y,o,z,o,c,u,0
k,s,n,b,f,f,d,n,h,b,r,f,y,c,e,p,w,t,n,o,s,p,0
x,f,p,b,p,d,c,n,e,t,e,k,s,y,c,u,o,n,s,o,t,m,0
f,y,y,t,f,a,w,b,r,b,u,k,s,c,w,p,n,t,e,u,c,u,0
c,g,p,b,y,d,w,n,n,t,r,f,y,y,w,u,y,n,f,n,s,p,0
s,y,p,t,s,f,c,b,k,b,e,y,k,y,w,u,o,t,n,b,v,d,0
f,f,y,b,y,d,c,n,g,b,?,k,k,y,e,p,y,n,p,o,c,m,0
c,f,e,b,f,d,w,n,y,b,e,f,y,n,c,p,o,t,c,k,a,p,0
c,g,c,t,f,d,c,n,b,t,e,k,k,b,e,p,w,n,z,r,t,l,0
c,g,n,t,m,f,w,n,y,t,z,k,k,p,o,u,n,n,n,y,t,d,0
k,y,w,t,y,d,c,b,b,t,b,s,k,g,o,p,w,n,p,h,s,w,0
c,y,w,b,c,n,c,n,n,b,z,f,y,y,b,p,o,o,f,r,s,w,0
x,s,w,b,n,n,d,b,p,b,u,f,s,b,n,u,o,o,f,y,c,w,0
x,y,u,t,l,n,w,n,w,t,?,y,k,b,g,p,w,n,n,r,t,l,0
x,s,w,t,l,n,c,n,y,b,e,f,y,c,w,p,o,n,p,b,v,m,0
s,y,w,b,m,a,c,n,r,b,c,f,k,g,c,u,o,t,e,r,s,u,0
c,y,y,t,a,n,c,n,u,t,e,k,f,g,g,u,o,o,s,o,a,u,0
x,f,g,t,a,f,c,n,n,t,e,f,k,o,e,u,w,o,s,y,a,g,0
s,y,u,b,p,a,d,n,g,t,b,s,k,e,o,p,n,t,e,r,c,w,0
x,f,n,b,f,a,w,b,b,b,?,f,k,g,g,u,y,n,e,r,a,g,0
k,f,c,t,y,f,w,n,o,b,u,y,y,y,y,p,y,t,z,n,v,l,0
k,g,b,t,l,f,d,b,o,b,c,k,y,w,y,u,o,n,e,y,t,l,0
k,s,b,b,a,a,w,b,w,t,z,f,s,g,n,u,y,t,c,y,s,g,0
x,f,p,b,l,n,c,b,y,t,e,s,s,c,e,p,w,o,z,o,c,u,0
c,s,n,b,a,f,d,b,n,b,u,y,y,p,e,p,w,t,c,y,s,p,0
s,y,c,b,s,a,d,b,r,b,u,k,s,g,o,p,n,n,z,k,a,u,0
x,y,p,t,a,a,w,n,g,t,c,y,k,o,c,p,w,n,p,r,s,u,0
b,s,u,b,n,a,c,n,y,t,c,y,f,y,e,p,n,t,c,r,v,m,0
x,g,u,t,c,f,w,b,r,t,r,k,s,n,e,u,w,t,s,o,a,g,0
k,s,e,t,s,a,w,n,y,t,c,s,k,y,y,p,o,n,e,k,v,m,0
x,s,p,t,y,a,d,n,b,t,b,s,k,b,g,u,w,t,z,w,s,p,0
b,f,c,b,s,d,c,b,k,b,e,y,k,y,w,p,w,t,c,k,n,w,0
f,s,p,b,m,f,d,b,u,t,?,s,f,w,e,p,o,n,f,k,t,p,0
f,s,r,t,c,d,w,b,p,b,b,f,s,c,b,u,y,n,z,n,s,p,0
s,s,w,b,l,a,c,n,w,t,e,k,k,w,o,u,w,n,n,w,a,w,0
f,f,p,b,y,a,d,n,p,t,u,y,f,g,y,p,w,n,s,b,a,p,0
k,g,y,t,n,d,c,b,w,b,e,s,k,y,p,u,w,t,p,r,n,w,0
s,g,w,t,p,n,w,n,e,b,c,k,s,o,e,u,w,o,f,h,t,w,0
f,g,n,t,l,d,w,n,p,b,?,y,f,o,g,p,n,o,f,k,v,d,0
b,g,c,b,n,n,d,n,b,t,r,f,f,p,p,p,w,o,l,r,a,w,0
x,g,e,t,s,f,w,b,r,b,r,f,s,w,n,u,n,o,n,w,c,d,0
s,s,p,b,c,n,c,n,p,b,?,f,s,e,w,p,n,o,f,o,a,l,0
s,f,n,t,s,d,w,b,y,b,r,k,f,e,e,p,o,n,f,u,c,u,0
s,s,p,b,c,d,c,n,k,b,?,f,f,g,g,u,w,o,e,w,v,d,0
x,y,p,t,f,a,c,n,n,b,b,s,f,c,b,p,y,t,p,h,n,w,0
c,f,g,b,m,f,w,b,r,t,z,f,f,b,o,u,n,t,e,b,n,g,0
c,s,g,t,p,a,c,n,o,b,r,f,y,e,o,p,y,o,l,k,a,l,0
k,y,u,t,m,f,d,n,e,t,r,s,y,o,b,u,o,t,l,k,a,d,0
b,s,g,b,n,a,c,b,e,t,r,y,y,w,g,u,w,t,e,y,s,d,0
s,y,u,b,s,f,w,n,n,b,?,y,k,o,y,p,n,t,p,b,s,m,0
k,y,w,b,l,f,d,n,u,b,u,k,s,y,o,p,n,o,l,h,a,m,0
b,g,w,t,m,f,d,b,y,b,u,s,y,y,w,p,y,t,e,u,t,g,0
x,s,e,t,f,f,w,b,u,t,e,k,f,n,n,u,y,o,p,u,t,d,0
k,s,c,b,n,n,w,n,p,t,b,f,f,o,g,p,n,t,l,k,s,p,0
x,s,y,b,f,n,c,b,k,t,z,y,y,e,e,u,y,o,z,h,n,u,0
f,g,n,t,p,a,c,b,g,b,z,s,k,b,b,u,y,n,z,o,n,g,0
x,s,g,t,f,f,c,n,r,t,?,s,k,e,y,p,o,n,s,w,c,m,0
b,f,b,b,l,n,c,b,h,t,u,s,k,b,b,u,n,n,p,y,t,u,0
s,y,u,b,c,a,c,n,u,b,c,y,y,e,b,u,y,t,p,n,s,m,0
f,s,u,t,a,a,c,n,e,t,r,f,s,y,b,u,n,t,f,w,t,u,0
s,s,p,b,s,n,c,b,u,b,z,y,s,n,c,p,o,t,s,y,t,m,0
x,g,r,b,a,f,c,b,u,b,z,k,f,y,b,p,y,n,c,o,v,w,0
f,g,p,t,f,f,d,b,e,t,?,y,k,g,c,u,o,n,e,w,a,p,0
k,y,n,t,c,f,c,b,y,t,u,y,s,y,g,u,n,n,l,r,n,d,0
s,g,b,b,n,f,w,b,n,b,e,s,y,y,c,u,w,t,f,b,v,m,0
c,g,n,t,n,n,d,n,u,t,u,f,y,n,n,p,o,n,c,y,a,m,0
f,y,y,b,m,d,w,b,b,t,c,k,s,o,e,p,y,t,s,h,a,g,0
b,y,g,b,l,n,d,n,b,t,r,k,k,b,e,u,y,n,s,w,n,m,0
s,g,g,t,f,d,c,n,p,b,r,f,k,g,e,p,y,o,s,h,c,d,0
f,s,y,t,a,a,w,b,k,b,e,s,y,p,p,p,y,n,f,n,c,d,0
c,g,b,b,s,a,w,n,g,t,c,s,k,g,b,p,n,n,p,h,t,l,0
k,y,w,t,n,f,c,n,k,b,u,y,y,g,y,u,y,t,n,h,s,m,0
x,f,p,b,c,a,w,b,n,b,r,y,k,b,n,p,w,t,f,y,v,g,0
s,f,u,t,l,a,d,b,k,b,e,y,y,n,e,u,w,t,f,b,c,g,0
x,g,w,b,l,d,d,b,e,b,u,f,k,y,p,p,w,t,p,o,v,u,0
k,s,y,t,a,a,c,b,h,t,r,f,f,g,n,p,n,t,p,u,v,m,0
k,y,g,t,f,d,d,b,h,b,c,s,y,b,n,p,y,n,e,o,t,u,0
b,y,b,b,n,a,w,n,p,t,e,y,y,e,p,p,o,t,f,y,s,l,0
c,f,e,t,f,a,w,b,u,b,e,s,k,e,g,u,o,o,c,w,t,g,0
k,g,g,b,y,n,w,n,n,b,z,s,k,g,y,u,n,t,z,k,n,g,0
s,s,e,t,l,d,c,b,k,t,r,s,k,o,b,p,y,t,e,b,v,d,0
s,y,p,b,p,d,d,n,w,t,u,k,k,g,b,p,y,o,l,o,s,u,0
b,s,y,b,f,n,c,b,o,b,c,k,k,e,o,u,w,t,f,n,s,g,0
f,y,w,b,f,a,d,b,o,t,?,s,y,o,g,p,o,n,p,n,n,m,0
x,f,w,b,y,a,w,b,b,t,z,k,s,o,b,p,n,n,p,o,a,m,0
x,s,g,t,p,d,w,b,u,t,r,s,y,b,w,p,w,t,s,k,n,m,0
f,s,b,t,a,n,d,b,w,t,z,f,k,e,y,u,o,n,z,b,c,p,0
x,g,u,b,l,a,d,b,o,t,c,s,f,y,e,u,w,n,z,u,s,u,0
x,f,u,t,c,a,c,b,k,t,z,s,f,n,e,p,w,o,l,u,n,l,0
b,f,w,b,f,n,w,b,b,b,z,y,k,e,w,p,y,t,p,n,n,g,0
f,s,c,t,n,a,d,b,u,b,b,k,f,e,w,p,w,o,z,b,v,l,0
k,s,y,b,f,d,c,n,y,t,z,y,f,p,y,u,y,t,e,k,t,d,0
s,y,u,b,y,n,w,n,u,b,b,f,k,b,e,u,o,t,c,o,v,w,0
c,y,u,b,s,n,w,n,g,t,e,k,k,n,g,p,w,t,z,n,s,w,0
s,g,p,t,p,d,w,b,o,t,?,y,y,g,p,u,y,o,p,u,t,w,0
b,f,y,b,c,f,w,n,r,t,?,f,y,g,e,p,o,t,c,u,t,u,0
x,f,r,b,y,d,w,n,o,b,?,y,s,p,c,u,w,t,n,k,c,l,0
k,g,p,t,y,a,w,b,u,t,b,f,s,p,p,u,o,o,c,r,a,u,0
k,g,r,t,c,f,d,n,g,b,b,f,k,e,w,p,n,n,c,k,a,l,0
f,f,y,b,m,a,c,b,u,b,u,k,s,p,y,p,w,t,c,n,c,u,0
c,s,u,t,a,a,d,b,n,t,b,f,k,g,e,u,y,t,e,w,v,m,0
c,s,y,b,s,a,d,n,k,b,c,k,f,o,p,u,n,o,c,h,v,w,0
c,s,p,t,n,f,d,b,u,b,r,y,y,e,g,u,y,n,e,o,c,m,0
c,y,r,b,a,n,d,n,u,t,b,k,s,p,b,u,n,n,p,b,s,l,0
s,y,u,t,s,d,c,n,p,t,z,y,y,c,g,p,n,n,l,u,n,g,0
b,g,r,b,c,a,w,b,r,b,r,k,y,p,c,p,y,t,c,w,s,p,0
k,y,r,t,p,n,c,n,y,b,b,s,s,e,g,p,y,o,n,k,n,m,0
k,g,p,b,n,d,c,n,p,t,c,f,k,e,n,u,w,o,z,b,v,p,0
b,y,n,t,l,n,w,b,h,t,u,f,f,y,g,u,w,n,s,k,s,d,0
s,f,w,t,a,n,d,b,k,t,e,s,y,p,w,u,w,o,c,w,c,g,0
k,y,n,b,l,a,w,b,p,t,u,f,k,y,b,p,y,t,z,o,a,u,0
f,s,n,b,n,d,c,b,h,b,b,y,y,g,o,u,y,o,c,h,t,l,0
f,g,n,b,f,f,d,b,r,b,z,k,k,o,p,p,w,t,s,k,s,u,0
c,y,y,b,p,f,d,b,e,t,z,y,k,e,g,p,o,t,s,k,s,m,0
x,s,u,t,m,a,c,b,u,b,z,s,y,y,b,u,w,o,s,k,t,m,0
k,y,w,t,y,d,d,b,r,b,u,k,y,n,y,p,w,o,s,b,a,w,0
f,s,p,b,a,a,d,n,p,b,e,y,y,o,c,p,n,n,c,y,v,p,0
c,y,p,b,m,a,d,n,e,t,u,k,s,c,b,p,w,t,z,b,n,u,0
b,s,e,b,p,a,d,b,e,b,c,y,k,n,e,u,y,o,n,y,t,m,0
c,s,n,t,c,d,c,b,y,t,b,s,s,y,y,p,w,o,l,h,a,d,0
k,f,y,b,c,a,d,n,h,b,u,k,f,b,p,u,n,t,z,u,c,m,0
x,f,n,t,f,d,d,n,g,b,e,f,f,b,g,p,o,n,z,b,a,l,0
b,f,p,b,s,n,w,n,u,b,r,y,y,c,c,u,w,o,n,n,t,p,0
s,y,y,b,c,a,d,n,e,t,r,k,f,c,b,u,w,o,c,k,a,p,0
b,y,e,b,y,f,w,n,w,b,r,f,f,c,n,p,w,n,z,n,v,u,0
c,y,p,b,s,a,w,b,y,t,e,s,s,y,w,p,n,n,f,h,t,p,0
f,f,y,b,l,n,d,b,y,b,e,f,y,w,g,u,y,o,s,r,v,p,0
f,f,c,b,m,n,w,n,o,t,r,f,s,b,o,u,o,o,e,b,v,l,0
x,s,w,b,s,f,d,n,o,b,u,f,s,c,p,p,o,t,l,n,a,u,0
b,s,e,b,a,d,c,n,e,b,c,k,y,w,n,p,n,o,n,o,s,u,0
x,g,c,t,s,n,w,b,h,b,c,k,k,w,e,u,o,o,n,w,t,w,0
s,s,e,t,p,a,d,n,b,b,z,k,f,n,y,p,n,n,s,k,a,d,0
b,f,c,t,l,d,w,n,r,b,b,s,s,w,p,p,w,o,l,u,t,g,0
b,s,e,b,s,n,c,n,r,t,c,s,s,b,p,p,y,t,n,n,t,l,0
x,s,c,b,f,d,d,b,r,t,e,s,f,e,w,u,y,n,n,n,a,p,0
s,g,u,b,y,d,d,b,g,t,e,s,y,o,y,u,n,t,f,o,n,u,0
b,g,c,b,l,f,w,b,w,b,b,s,f,e,c,u,o,n,n,o,c,w,0
k,s,b,t,n,f,d,b,o,b,u,s,k,w,c,p,o,o,l,y,c,g,0
f,g,p,t,n,d,c,n,n,b,?,f,s,y,e,u,n,t,f,k,c,l,0
c,y,c,t,f,d,d,n,g,b,?,f,k,c,e,u,y,n,c,u,c,p,0
x,f,g,t,l,d,c,b,o,t,e,s,f,e,e,u,o,n,f,b,c,d,0
f,f,e,t,c,d,d,n,y,t,e,f,y,o,w,p,n,o,f,y,t,u,0
k,s,e,t,y,n,d,n,k,b,c,s,s,c,o,p,o,t,z,r,v,d,0
s,f,r,b,c,n,c,b,u,t,r,y,y,c,o,u,o,n,z,h,t,m,0
s,f,e,t,p,n,w,b,n,b,c,f,k,w,g,u,w,t,l,o,v,m,0
s,f,c,b,s,a,c,b,r,t,?,y,s,c,p,u,w,o,e,n,a,l,0
c,y,n,t,p,n,d,n,r,b,u,k,k,g,n,u,y,o,l,u,v,w,0
k,s,c,b,y,d,c,b,o,b,r,y,s,c,b,p,y,o,s,o,a,d,0
k,s,n,t,y,d,c,b,r,t,?,y,y,y,c,u,n,t,l,o,a,l,0
x,g,y,b,l,n,d,b,b,b,e,s,k,p,g,p,y,n,l,h,n,u,0
b,f,n,t,s,n,c,n,p,t,c,f,s,n,b,p,w,o,e,n,a,g,0
c,f,p,t,l,d,w,b,y,t,z,f,k,b,w,u,w,t,s,k,v,u,0
s,f,p,t,y,a,d,n,g,t,b,s,k,n,n,u,y,n,f,u,v,l,0
s,y,c,b,m,f,c,n,h,t,c,f,y,p,c,p,y,t,n,y,s,p,0
s,s,n,b,n,f,d,n,n,b,u,f,y,p,o,p,n,o,n,w,n,m,0
f,g,c,b,c,n,d,b,o,b,z,k,f,w,n,u,w,t,p,b,t,u,0
s,s,b,t,m,a,d,n,r,b,z,y,y,p,e,u,o,o,p,k,v,m,0
k,g,p,b,f,d,c,b,h,t,r,y,k,p,o,p,w,n,e,u,a,g,0
b,s,w,b,m,f,d,n,b,b,b,k,s,p,e,u,o,t,f,n,s,d,0
x,s,e,b,a,n,c,n,o,t,e,y,s,g,y,u,w,n,n,u,s,d,0
s,g,g,t,y,a,w,n,u,b,z,y,y,c,w,p,y,n,f,n,t,u,0
f,s,b,b,n,f,d,n,r,b,c,k,y,e,c,p,o,n,e,u,a,w,0
x,y,u,t,f,a,d,n,g,b,z,y,k,p,y,p,n,t,f,b,v,w,0
s,y,b,t,a,d,c,b,h,t,u,s,y,c,p,p,o,o,l,b,t,g,0
x,s,w,b,y,f,c,b,w,t,c,k,y,w,y,p,y,n,n,n,t,p,0
k,s,n,t,a,a,c,b,e,t,c,f,s,w,e,p,w,o,e,u,n,p,0
c,s,c,b,m,n,c,b,w,b,e,k,s,c,o,p,w,t,p,h,t,w,0
k,f,e,t,n,d,d,n,w,t,u,s,f,b,n,p,n,o,s,y,n,l,0
b,f,y,b,m,f,w,n,u,b,c,s,s,n,b,u,y,t,n,r,a,l,0
k,s,r,t,c,f,w,n,p,b,b,k,y,e,w,u,y,n,p,h,n,p,0
s,y,u,b,s,a,c,n,e,b,c,y,s,e,p,p,o,n,f,k,v,m,0
c,f,w,t,s,a,d,n,r,t,b,k,k,e,n,u,o,n,l,b,t,m,0
s,f,e,t,m,f,d,n,w,b,?,k,y,e,o,p,o,o,l,r,a,w,0
f,g,w,b,s,d,d,n,u,b,b,y,y,e,g,u,y,t,p,r,c,w,0
s,g,c,t,n,f,d,n,k,b,u,k,f,n,p,u,y,o,f,n,s,w,0
f,y,n,b,a,n,d,n,u,b,?,y,k,b,p,u,y,n,f,w,c,d,0
b,f,c,b,f,n,c,b,y,b,e,f,f,o,o,p,n,n,s,h,t,u,0
c,s,c,b,s,a,d,n,e,t,c,s,s,p,y,p,n,t,s,y,v,p,0
f,g,y,t,s,f,c,n,h,b,e,y,y,g,o,u,o,t,s,w,a,p,0
k,y,u,b,y,d,c,n,g,t,u,k,f,b,c,p,w,t,s,w,s,d,0
b,f,y,b,p,a,d,b,o,t,u,f,f,o,e,u,o,t,p,k,n,p,0
k,y,p,t,l,d,d,b,b,t,r,f,k,e,e,p,n,n,e,o,t,m,0
c,f,r,t,p,a,c,b,p,b,z,s,s,w,w,u,o,t,l,k,v,w,0
c,s,w,b,n,d,c,n,p,b,b,k,y,e,y,u,o,n,n,n,v,m,0
f,y,n,b,s,a,d,n,k,b,z,k,y,b,p,p,o,n,e,k,n,m,0
s,y,p,t,f,f,c,b,e,b,?,k,s,g,n,u,n,t,p,h,c,g,0
x,g,w,t,c,d,d,n,o,t,r,y,f,o,g,u,o,t,f,n,n,m,0
s,y,e,t,c,d,c,n,k,b,r,s,y,n,n,p,n,t,p,n,a,u,0
c,y,y,t,n,n,c,n,e,b,b,y,y,o,n,u,o,o,s,u,s,l,0
f,g,u,b,c,d,c,b,w,t,b,s,f,y,o,u,w,t,l,r,s,u,0
s,f,g,t,l,n,d,n,e,t,c,f,k,b,o,u,y,o,n,n,v,l,0
x,f,n,b,n,n,c,b,n,t,e,k,k,o,b,u,n,n,f,u,c,d,0
c,y,p,t,m,a,c,b,e,t,u,f,f,y,p,p,w,n,n,n,c,p,0
b,y,g,t,y,n,w,b,p,b,?,k,f,o,y,u,o,t,l,h,v,p,0
x,s,y,b,s,a,d,n,p,t,r,k,k,o,o,u,o,n,p,o,v,d,0
x,g,w,b,p,a,c,b,u,b,c,f,y,e,b,p,o,t,f,n,v,u,0
f,s,w,b,a,d,w,n,k,t,b,f,f,g,o,u,w,n,e,r,a,l,0
b,g,u,b,m,f,d,n,u,b,?,s,f,p,n,p,n,t,f,k,v,g,0
b,y,y,t,f,d,d,n,r,b,u,y,y,g,o,u,n,o,e,k,t,d,0
b,s,w,t,f,f,d,n,h,b,z,s,s,w,o,p,o,t,c,k,c,w,0
c,s,b,t,f,f,c,n,h,b,r,f,s,e,n,u,n,t,n,n,n,m,0
c,y,u,b,n,n,c,b,u,t,b,f,s,w,b,p,o,o,s,u,s,p,0
s,g,p,t,a,d,w,n,b,t,c,s,f,c,n,u,w,n,e,o,a,w,0
c,s,u,t,y,n,d,n,o,t,r,f,y,w,g,u,n,o,c,k,a,w,0
c,f,w,b,m,d,c,n,w,t,e,f,s,o,c,p,w,n,p,y,s,l,0
f,s,w,t,c,f,c,b,p,b,b,k,f,n,y,p,w,n,e,h,t,m,0
x,f,e,b,y,d,c,b,w,t,r,y,f,n,o,u,w,t,s,w,v,d,0
x,s,r,b,c,d,d,b,y,b,?,f,f,w,c,u,o,n,c,b,t,m,0
x,y,c,b,p,a,d,b,r,t,r,s,f,o,w,p,y,n,e,r,t,l,0
f,s,y,b,f,d,c,b,u,t,e,f,y,p,y,p,o,t,f,h,s,l,0
s,y,p,b,m,n,w,n,p,t,e,f,s,b,y,p,o,n,c,h,t,p,0
c,f,y,b,m,n,d,n,o,t,z,y,s,e,c,u,y,o,n,b,a,u,0
s,y,g,b,f,d,d,b,w,b,z,s,y,c,g,u,y,t,e,b,n,m,0
c,s,y,b,s,n,w,n,n,t,b,k,y,e,o,u,o,n,f,y,v,m,0
k,f,g,b,l,a,c,n,u,t,?,y,f,p,y,u,w,t,e,w,a,l,0
b,g,n,b,m,n,w,n,p,t,c,s,y,n,y,u,n,n,f,u,a,g,0
s,f,n,b,s,a,c,n,y,b,z,s,k,e,o,u,w,n,c,k,v,w,0
x,y,r,b,y,f,d,b,p,t,r,y,s,o,b,u,o,o,c,w,s,d,0
c,f,g,t,s,d,w,b,n,t,u,y,y,o,w,u,y,t,n,o,c,u,0
k,y,y,b,n,d,w,b,b,t,z,y,s,c,n,u,o,n,s,u,a,l,0
s,y,u,t,p,a,w,b,h,t,u,k,k,n,y,u,n,t,e,h,c,g,0
c,y,y,t,f,f,d,n,y,b,r,y,y,g,y,u,o,o,e,h,c,d,0
s,y,n,t,m,a,c,n,h,t,b,k,k,b,w,u,w,t,f,b,a,g,0
c,g,w,t,c,n,c,n,y,t,z,s,s,o,n,p,o,o,f,o,t,g,0
c,f,e,t,p,a,w,b,r,t,c,k,y,o,y,p,n,n,l,w,v,d,0
s,f,e,t,n,n,d,b,k,t,z,y,s,b,o,p,o,o,e,u,t,d,0
x,g,r,t,p,n,w,b,w,t,r,f,f,o,g,u,y,n,f,r,v,u,0
x,g,b,t,f,n,c,n,k,b,?,s,f,c,p,p,w,o,l,n,a,u,0
f,s,u,b,c,n,c,n,g,b,r,k,f,g,e,p,y,t,c,b,a,g,0
b,f,c,t,c,a,c,b,g,t,c,f,s,o,p,p,y,o,c,o,c,l,0
f,y,g,b,c,a,w,b,n,b,z,f,y,c,g,u,w,t,z,o,s,l,0
s,f,y,b,p,d,d,b,p,b,u,s,s,w,y,u,w,n,c,y,c,u,0
b,y,p,b,m,a,d,n,k,b,e,s,s,y,c,p,o,o,s,y,v,m,0
c,y,p,t,p,n,d,n,u,t,?,k,s,o,c,p,y,o,f,b,c,u,0
x,y,y,t,l,d,d,b,g,b,e,y,k,n,b,p,n,o,f,r,s,p,0
s,y,p,b,f,n,c,b,u,t,u,k,y,w,w,u,n,t,e,n,n,g,0
s,g,r,t,f,d,c,n,y,b,e,s,s,g,g,p,n,n,f,y,n,l,0
b,f,r,b,l,d,d,b,r,t,e,s,f,w,p,p,y,o,n,h,s,w,0
k,y,e,t,c,d,w,n,r,t,c,s,k,p,y,p,w,n,p,n,s,p,0
c,g,e,b,f,a,c,n,p,t,e,k,s,c,p,u,n,n,l,h,t,l,0
f,s,r,t,f,a,c,n,p,t,b,f,y,c,w,u,y,o,c,r,t,l,0
b,f,p,b,a,d,c,b,e,b,r,f,s,e,w,u,o,o,z,w,a,d,0
x,f,e,b,f,f,d,n,y,t,b,f,f,p,p,p,n,n,z,k,t,w,0
k,f,r,t,s,n,c,n,o,b,u,f,k,y,o,u,w,n,p,r,c,d,0
s,f,p,b,f,d,w,n,r,b,b,f,s,g,c,p,n,n,n,n,a,w,0
b,y,n,t,m,f,c,b,g,b,u,y,k,b,b,p,o,o,p,o,a,m,0
k,g,r,t,l,a,c,n,p,t,u,y,s,p,n,u,y,o,s,u,t,d,0
b,f,y,t,n,a,d,n,p,t,u,y,k,p,b,u,w,o,s,u,t,d,0
f,y,b,b,a,n,c,b,k,t,?,s,s,p,y,p,y,t,e,o,v,m,0
b,s,u,t,m,f,c,n,r,t,z,s,y,e,b,u,w,n,c,h,a,d,0
b,y,y,t,p,d,w,b,g,t,z,k,s,c,y,u,o,o,s,u,a,p,0
s,y,c,b,l,d,w,n,o,t,u,s,k,n,w,u,o,n,e,y,n,g,0
c,y,r,b,p,n,d,b,y,t,?,f,s,b,y,p,n,t,l,h,s,p,0
f,y,y,t,s,a,w,n,r,t,b,k,s,y,e,u,o,o,f,y,v,g,0
x,g,e,t,s,d,d,n,g,b,e,s,f,b,g,u,y,t,e,o,n,w,0
c,s,c,b,a,n,c,n,h,t,u,k,y,c,c,u,w,o,c,r,v,p,0
f,f,r,b,n,a,w,n,h,t,c,k,f,g,b,u,y,t,z,h,a,g,0
k,s,g,t,y,a,c,n,u,b,u,k,f,c,g,u,n,o,l,n,v,d,0
c,s,p,b,l,d,w,n,p,t,c,f,s,e,n,p,y,t,s,y,c,l,0
s,y,p,t,a,d,w,b,u,t,r,k,k,y,y,u,n,t,f,n,v,w,0
k,y,c,t,l,f,c,n,n,t,?,s,s,y,p,u,o,t,e,k,a,u,0
s,g,g,t,y,a,w,b,u,b,e,s,s,g,w,u,y,t,f,r,n,m,0
x,y,n,t,f,f,d,n,k,b,?,k,s,b,w,u,o,n,f,w,v,m,0
f,s,n,t,c,a,w,n,k,b,c,y,s,c,g,u,w,n,z,o,n,g,0
s,f,u,t,m,f,w,n,y,t,z,k,k,o,c,p,n,o,c,r,t,m,0
b,f,c,t,m,d,w,b,y,b,?,s,y,c,b,u,w,t,z,w,v,l,0
f,y,e,b,m,d,w,b,b,t,z,s,k,e,w,u,y,t,p,w,n,d,0
c,g,b,b,c,f,w,n,b,b,b,y,f,p,n,u,y,n,p,o,a,g,0
c,s,c,t,y,n,w,n,w,t,z,k,f,g,o,u,w,t,f,h,t,p,0
s,f,c,b,a,f,d,n,w,b,e,s,f,g,y,u,y,t,s,k,c,w,0
c,f,y,t,m,f,c,b,k,t,r,y,f,c,g,u,y,o,f,r,c,m,0
x,g,e,t,n,d,w,n,u,b,b,s,y,g,e,p,y,t,s,r,n,l,0
x,g,n,b,s,f,d,b,w,t,c,k,y,w,b,u,n,o,c,n,c,l,0
f,g,w,t,s,f,c,n,h,t,z,k,f,o,n,u,w,n,s,y,c,m,0
c,y,e,b,p,n,d,n,h,b,z,s,s,o,p,u,o,t,z,o,t,d,0
b,s,c,b,p,f,c,n,w,t,b,s,y,n,b,u,n,o,e,u,t,m,0
s,s,g,b,l,d,d,b,g,t,r,f,s,n,b,u,n,t,c,h,a,m,0
c,y,u,t,a,a,c,b,n,t,?,f,k,w,w,p,n,o,e,n,n,m,0
c,y,e,b,f,f,c,b,o,t,r,s,y,e,b,u,y,t,n,o,a,w,0
b,f,p,t,f,n,w,n,k,t,b,k,f,p,e,p,y,t,n,o,s,p,0
k,s,r,t,s,d,w,n,g,t,?,k,y,y,e,u,y,n,z,y,n,u,0
s,f,c,t,n,d,c,n,e,b,r,s,k,y,w,u,o,n,n,w,v,g,0
x,g,b,t,l,f,w,n,n,t,z,y,f,o,c,u,y,n,l,y,s,g,0
b,s,c,b,f,d,w,n,w,t,b,y,k,c,w,u,w,t,l,b,a,l,1
f,f,y,t,s,f,d,n,o,b,b,y,y,c,e,p,n,t,n,h,t,g,1
b,f,r,t,l,d,c,b,g,b,z,y,f,o,e,p,o,o,n,r,c,w,1
x,s,b,t,l,d,w,n,e,b,?,f,y,n,n,p,w,t,n,h,n,m,1
x,s,c,t,l,f,w,b,o,t,?,y,y,e,w,u,y,t,f,w,t,m,1
k,f,b,b,n,d,d,b,y,b,r,k,y,w,e,p,o,o,z,r,c,m,1
c,g,c,b,f,f,w,n,o,b,r,y,y,e,n,u,y,o,p,u,a,d,1
x,y,r,t,m,n,w,n,k,b,u,y,k,n,c,p,y,t,s,o,s,g,1
k,s,c,t,s,f,c,n,e,b,?,f,y,c,b,p,w,o,c,n,n,m,1
b,g,g,t,m,a,d,b,w,t,?,s,f,y,n,p,y,o,s,n,n,w,1
x,g,g,b,s,d,w,b,n,b,e,k,s,c,n,p,y,t,s,b,c,p,1
c,f,n,b,c,n,c,b,r,t,e,k,k,p,c,u,w,t,l,h,t,g,1
b,g,e,b,a,f,d,n,y,t,?,f,y,b,p,p,n,n,l,y,v,d,1
f,f,w,b,l,d,w,b,n,t,c,s,f,w,p,p,o,o,p,r,n,m,1
s,s,p,b,p,n,w,n,u,b,z,f,k,e,p,u,o,t,s,k,c,g,1
c,y,r,b,m,d,d,n,y,t,?,s,f,o,y,u,n,o,n,h,n,l,1
b,y,c,b,c,d,d,b,n,b,c,s,s,y,b,u,o,n,l,n,v,p,1
b,s,p,b,p,f,d,n,o,b,e,s,y,b,o,u,w,n,f,h,s,l,1
k,y,n,t,l,a,d,n,u,t,z,f,k,e,o,u,y,t,s,h,a,m,1
f,f,g,b,a,d,d,b,k,b,e,f,f,e,n,u,o,o,p,w,t,g,1
b,f,n,t,m,n,c,b,y,t,b,y,y,w,g,p,o,o,e,y,n,u,1
f,y,n,t,f,d,c,b,p,t,b,f,y,y,p,p,w,n,c,w,s,u,1
k,y,w,b,a,f,w,n,u,t,?,y,f,g,n,u,w,t,s,w,a,m,1
s,f,g,t,l,a,d,b,p,t,c,k,y,c,o,u,w,n,e,w,n,u,1
s,s,g,b,n,f,w,n,w,b,u,f,k,o,p,u,n,t,l,y,v,u,1
s,s,p,b,n,n,d,b,n,b,z,s,f,p,g,p,w,n,f,u,s,w,1
b,f,b,b,p,f,d,b,p,b,b,s,f,o,n,p,w,n,e,k,t,p,1
c,s,u,t,p,d,w,n,y,t,?,y,s,p,b,u,n,n,f,w,v,u,1
b,s,w,b,m,n,w,b,r,b,r,f,s,c,w,u,y,t,e,u,v,g,1
c,f,u,t,l,a,d,b,y,b,c,f,y,y,o,p,w,n,c,r,t,w,1
c,s,y,b,y,n,c,b,k,b,c,y,y,b,c,p,n,o,e,y,v,d,1
c,y,p,b,y,a,c,n,r,b,e,k,f,w,n,p,w,o,s,w,c,m,1
x,s,c,t,f,n,c,n,e,t,?,s,f,c,c,u,o,t,p,r,t,w,1
k,f,r,b,c,n,d,b,k,t,b,y,y,g,w,p,w,n,l,n,t,w,1
b,y,y,b,m,f,c,b,h,b,z,k,f,e,o,u,w,t,c,r,t,d,1
k,f,b,t,f,d,d,n,w,t,b,y,y,e,p,u,n,n,l,w,t,l,1
b,g,y,b,l,f,d,b,o,b,c,f,s,g,p,u,w,n,l,w,c,l,1
b,y,e,b,m,n,c,b,g,t,c,y,k,p,b,p,o,o,s,k,s,p,1
b,g,b,b,f,f,w,n,h,t,u,s,f,y,w,p,w,n,p,y,a,m,1
b,f,c,t,f,f,c,n,w,b,c,k,y,g,c,u,w,t,c,h,n,u,1
k,y,r,t,n,n,c,b,g,t,b,s,y,g,b,p,w,o,c,n,c,d,1
b,f,g,t,c,n,d,n,w,t,e,k,k,b,b,p,o,o,e,n,s,m,1
b,s,u,t,c,n,c,n,e,b,c,s,y,p,o,u,o,n,e,h,s,p,1
c,f,c,t,m,a,c,n,u,b,b,f,s,b,n,u,y,o,z,h,s,u,1
x,g,g,b,f,d,w,n,o,t,c,f,y,y,g,u,o,n,c,w,s,m,1
s,f,r,t,f,n,c,b,k,t,z,f,s,o,o,p,o,t,f,n,v,u,1
x,y,c,t,c,d,c,n,b,t,e,s,s,c,y,p,w,n,l,k,v,p,1
f,g,p,t,m,f,w,n,u,b,c,k,f,n,p,p,y,o,l,o,v,l,1
c,s,r,b,a,f,d,n,r,b,b,f,y,g,o,u,y,t,p,n,a,m,1
b,y,u,b,y,a,w,b,n,t,c,y,f,o,g,u,w,t,n,k,t,l,1
b,f,c,t,n,n,d,b,y,b,?,y,f,c,w,p,y,o,e,b,a,g,1
c,y,n,b,a,d,d,n,u,b,e,y,s,y,y,u,y,o,s,r,n,l,1
s,f,y,t,n,d,c,b,h,b,e,s,s,y,w,u,y,o,f,n,t,g,1
k,g,y,t,n,a,d,n,n,b,b,f,k,o,e,u,n,o,z,w,s,l,1
x,s,w,t,p,n,d,b,y,t,z,f,f,e,p,u,n,t,f,b,c,g,1
x,s,p,b,s,f,d,b,b,b,?,s,k,g,y,u,w,o,e,r,s,w,1
f,y,n,b,l,f,c,n,r,b,r,f,y,b,g,p,w,o,z,r,a,g,1
b,f,u,t,p,a,w,b,k,b,b,y,y,b,b,u,y,n,p,y,v,p,1
c,y,u,t,y,n,d,b,r,t,b,f,s,n,o,p,n,n,l,n,c,p,1
k,g,r,b,s,a,d,b,e,t,b,s,s,w,c,u,n,o,c,o,c,w,1
b,g,c,b,s,n,d,n,k,t,?,f,y,w,w,u,w,n,z,w,c,u,1
f,y,e,b,y,n,w,n,h,b,r,k,f,n,p,p,o,n,c,r,a,w,1
c,f,u,t,f,n,w,b,w,t,z,k,y,b,n,p,w,t,n,n,c,w,1
s,y,r,b,y,f,c,n,k,b,c,f,k,o,c,p,o,t,n,y,v,g,1
f,y,n,t,s,a,w,n,h,b,r,s,y,p,w,u,y,n,l,w,c,d,1
c,y,y,t,n,f,c,n,k,t,c,s,s,c,o,u,w,n,s,h,n,m,1
f,f,c,t,y,f,w,b,y,t,e,s,k,o,e,u,n,n,f,k,c,l,1
f,s,c,t,a,a,d,b,r,b,b,f,y,p,e,u,w,o,n,y,a,d,1
k,f,p,t,s,n,w,n,n,t,?,f,s,p,g,u,n,o,n,r,n,d,1
x,s,e,b,a,a,d,n,h,t,?,k,y,p,w,u,n,n,e,k,t,w,1
k,g,e,t,c,n,d,b,p,t,e,s,s,p,e,u,o,t,p,w,t,u,1
c,s,p,b,l,d,d,n,w,b,b,k,f,b,w,p,o,t,n,h,a,d,1
c,g,g,b,f,n,w,n,u,b,r,f,y,g,p,p,y,n,s,n,v,g,1
c,s,n,b,a,n,c,b,u,t,b,k,f,n,c,p,o,n,e,k,a,l,1
s,f,n,t,s,n,w,n,p,t,e,y,s,b,n,p,w,t,f,u,t,p,1
f,y,w,b,f,a,w,n,p,b,r,y,k,e,y,u,n,t,z,y,c,g,1
f,y,n,t,l,a,c,n,h,t,z,f,f,n,g,u,n,t,s,r,a,u,1
c,s,b,b,y,d,w,b,b,t,z,y,k,n,c,u,y,o,l,o,n,u,1
c,s,c,b,a,a,w,b,n,t,r,k,f,p,y,u,n,n,e,w,v,g,1
f,y,r,b,m,a,d,n,k,b,r,y,s,w,w,u,w,o,f,w,v,l,1
b,f,u,t,p,f,d,b,n,b,e,f,k,b,e,u,n,t,n,r,c,p,1
x,y,w,t,l,n,c,n,r,b,e,k,y,y,g,p,w,t,f,w,c,w,1
k,s,u,t,s,f,c,n,y,t,r,f,k,b,y,p,o,n,p,n,c,u,1
x,y,b,t,p,d,w,b,n,b,u,k,f,g,p,p,o,o,c,r,n,g,1
c,s,e,b,l,f,d,n,e,b,r,f,f,e,e,u,w,t,e,w,n,p,1
f,g,y,b,f,d,c,n,b,b,e,s,f,o,w,u,n,o,e,w,t,g,1
c,f,c,t,y,n,w,b,p,t,r,f,f,g,w,p,y,n,z,r,c,l,1
k,s,n,b,y,d,w,b,o,t,e,k,s,p,y,u,y,n,s,u,a,l,1
b,f,p,b,f,n,c,b,r,b,c,k,s,p,c,u,o,n,e,y,a,d,1
b,f,w,b,f,f,d,n,g,t,c,s,y,y,w,p,n,n,n,h,c,u,1
b,f,r,b,a,f,w,b,g,t,e,f,y,e,g,u,n,t,l,u,a,g,1
b,s,w,t,a,f,d,b,g,t,r,y,k,g,w,p,y,t,e,k,s,u,1
b,g,p,b,l,a,c,n,k,t,r,s,f,n,e,u,y,t,p,o,t,l,1
s,s,y,b,n,d,w,n,g,t,c,f,s,n,c,p,w,o,z,o,t,m,1
x,f,b,t,c,f,w,n,h,t,u,y,k,o,p,u,y,o,c,w,c,g,1
k,s,n,t,f,d,w,n,h,t,r,f,y,e,n,u,n,t,z,h,v,p,1
b,f,r,t,c,f,d,n,h,b,z,s,f,o,y,p,w,t,f,r,c,u,1
f,y,e,b,p,d,w,n,w,t,z,s,y,o,c,p,n,t,s,k,a,g,1
b,g,u,b,n,n,c,n,o,t,r,y,s,b,w,u,n,t,e,u,t,l,1
x,y,r,t,f,n,d,b,n,b,b,k,s,o,b,u,n,n,p,h,v,u,1
b,g,e,t,n,a,c,b,r,b,r,k,y,o,w,p,w,o,e,k,s,g,1
s,g,p,t,c,f,w,b,g,t,z,k,s,c,p,u,n,n,c,y,v,w,1
f,f,w,t,l,d,d,n,y,t,u,s,s,n,e,u,y,t,p,b,a,d,1
c,s,c,t,s,a,c,b,h,t,r,k,s,n,w,u,w,o,l,r,c,p,1
b,f,b,t,n,f,d,b,u,b,?,k,f,w,y,p,o,t,c,o,s,w,1
s,g,r,b,c,n,c,n,k,t,?,k,k,w,p,u,y,t,s,h,s,g,1
k,s,w,t,c,f,w,n,n,t,z,s,y,b,b,u,w,n,n,r,a,m,1
f,f,u,t,f,a,c,b,h,t,r,f,y,n,b,u,n,n,c,o,n,g,1
c,f,y,t,c,n,w,n,b,b,c,y,s,g,y,p,n,o,n,n,t,l,1
k,f,n,t,p,f,c,n,e,b,c,k,f,b,c,u,y,t,f,r,c,m,1
c,y,b,b,y,n,c,b,p,b,e,s,k,w,p,u,n,n,c,r,n,u,1
x,s,r,b,s,n,c,b,o,t,c,f,s,e,e,u,w,o,f,r,a,p,1
s,f,y,b,m,f,c,n,h,t,?,k,s,b,p,p,n,o,n,u,s,l,1
s,g,w,t,l,n,d,n,o,b,z,k,k,w,w,u,o,n,n,y,s,p,1
c,g,e,b,p,a,d,b,e,t,u,s,y,y,o,p,o,o,n,h,s,u,1
x,s,g,b,l,f,w,n,h,b,r,s,k,o,o,u,w,o,p,k,a,m,1
x,f,b,b,l,n,c,n,k,t,e,y,f,c,y,u,y,n,f,h,a,m,1
c,s,b,b,a,d,c,n,b,b,u,y,s,w,g,p,y,o,n,n,c,u,1
f,s,e,t,f,d,w,b,k,t,r,s,k,w,b,p,n,t,n,r,c,d,1
x,y,e,t,y,d,d,b,w,b,?,f,s,o,n,p,n,o,l,k,c,w,1
k,y,e,t,s,a,w,n,k,t,u,s,s,o,g,u,y,o,c,o,s,w,1
s,y,c,b,c,n,d,n,u,b,u,s,k,y,y,u,w,n,e,y,s,w,1
x,s,b,b,n,a,c,n,p,t,?,y,f,o,e,p,o,t,s,h,a,w,1
s,s,c,t,m,n,w,n,n,t,b,y,k,w,c,u,o,n,s,u,c,u,1
s,s,n,b,n,f,d,b,y,t,z,f,f,w,n,u,y,o,e,y,v,u,1
f,s,w,t,s,n,d,b,y,t,e,f,y,p,w,p,o,o,p,y,a,g,1
x,y,u,t,f,a,w,n,o,t,?,k,y,e,b,p,n,o,e,o,s,d,1
x,f,u,t,s,n,d,b,b,t,z,k,f,y,g,p,n,t,c,o,a,m,1
f,f,y,t,s,a,w,n,e,t,b,y,f,e,g,p,o,o,f,o,v,l,1
x,g,e,t,l,d,c,n,y,b,?,k,y,n,n,u,y,t,z,y,a,w,1
f,y,u,t,p,n,d,b,y,t,r,y,y,b,p,p,o,o,f,r,s,p,1
k,f,b,b,y,a,w,n,w,b,u,s,f,g,y,p,o,t,c,n,n,g,1
f,s,n,t,a,a,c,n,u,b,z,k,y,o,b,p,y,o,c,o,c,l,1
c,f,w,t,y,a,d,n,u,b,u,k,s,g,o,p,n,t,z,h,s,l,1
s,s,u,b,a,n,d,b,n,t,?,s,f,g,g,p,w,t,z,u,c,m,1
x,s,g,b,f,a,w,n,u,t,b,y,k,b,o,p,o,n,p,b,c,m,1
c,g,n,b,y,d,d,b,y,t,b,y,f,g,b,u,w,o,s,o,c,g,1
f,g,p,b,a,f,c,b,u,b,u,f,y,o,y,p,y,t,n,h,a,p,1
c,y,u,t,l,a,d,n,y,t,u,f,y,b,e,u,n,t,p,b,s,l,1
x,s,b,t,f,a,d,n,r,t,u,f,f,g,p,p,o,t,c,y,c,g,1
c,y,u,t,a,a,w,n,w,b,z,y,s,o,w,u,w,n,l,y,v,m,1
f,g,p,b,p,a,c,n,e,t,b,k,s,w,n,p,w,n,e,r,t,u,1
x,s,n,t,y,a,w,b,h,t,c,s,k,g,e,p,o,o,z,w,s,p,1
c,s,p,b,a,f,w,n,g,b,b,s,s,n,y,p,y,o,p,r,s,l,1
c,f,u,b,p,d,w,b,p,b,?,f,f,e,b,p,o,t,c,k,s,g,1
f,y,u,t,m,a,d,n,e,t,z,f,f,e,e,u,w,o,f,u,c,p,1
x,s,e,b,a,f,d,n,n,b,c,f,s,o,w,u,n,n,z,o,t,l,1
c,s,c,b,n,a,w,b,p,t,r,k,f,p,o,p,o,t,c,w,a,w,1
f,s,u,t,l,d,c,b,g,b,e,k,k,e,o,p,o,t,e,n,n,d,1
c,f,n,t,a,d,d,b,o,b,c,f,y,c,c,p,w,t,f,h,c,l,1
f,g,r,b,p,f,w,b,b,b,z,s,s,n,y,u,o,t,e,r,v,m,1
k,f,g,t,n,f,d,n,k,b,c,s,s,b,e,u,y,t,p,n,c,m,1
f,y,r,t,c,a,w,b,y,b,?,s,k,n,w,u,y,t,s,r,n,w,1
k,y,u,t,l,f,w,b,n,t,?,f,s,b,b,u,o,n,p,u,c,l,1
x,f,g,b,p,f,d,b,y,t,c,s,y,w,w,u,o,t,l,h,v,u,1
b,g,y,b,m,a,c,n,b,b,b,s,f,c,c,u,o,t,p,n,t,d,1
b,f,c,b,c,f,d,n,y,b,u,k,s,p,w,p,w,o,l,w,v,u,1
k,s,w,t,y,d,c,b,b,t,e,y,y,n,b,p,y,n,n,w,v,g,1
c,s,g,b,l,a,w,b,y,b,b,s,s,g,y,p,n,t,l,u,s,d,1
x,f,w,b,p,d,w,b,o,t,e,y,f,b,w,p,w,t,f,y,s,d,1
c,s,p,t,f,n,w,b,p,b,z,k,s,c,b,u,y,n,p,n,t,g,1
s,s,p,t,y,f,c,b,o,b,u,f,s,o,b,u,w,t,e,y,v,p,1
s,y,n,b,f,a,c,b,w,b,?,f,f,n,p,u,y,o,n,r,c,m,1
x,y,p,t,p,n,c,b,w,b,b,s,f,p,w,p,n,o,z,h,c,l,1
k,y,n,b,a,d,c,n,k,t,u,y,s,y,b,u,n,n,s,y,t,m,1
b,s,n,t,p,f,c,b,y,t,u,k,f,w,y,p,n,o,f,w,a,l,1
f,f,c,b,y,f,w,n,u,t,?,k,y,b,y,u,y,n,s,o,n,d,1
s,s,y,t,s,d,c,n,r,t,e,f,y,o,p,u,w,o,c,n,n,w,1
b,y,y,t,f,n,w,b,h,t,b,f,y,g,b,p,y,t,e,y,a,p,1
s,f,y,t,l,d,w,b,w,b,r,k,k,w,y,u,w,t,l,h,t,u,1
s,s,r,t,l,d,d,n,y,t,r,y,y,n,p,u,o,t,c,u,n,g,1
s,y,r,b,a,a,c,n,k,b,e,s,k,p,n,u,w,n,f,h,c,w,1
c,f,n,b,l,f,w,n,b,b,?,s,y,b,o,u,w,o,c,r,n,l,1
x,y,w,b,f,a,w,n,r,t,e,k,s,p,p,p,y,o,l,y,s,d,1
s,y,p,t,l,n,d,b,b,t,e,s,f,e,c,u,n,n,c,o,a,p,1
b,f,w,b,l,n,c,b,k,t,?,y,f,n,b,p,n,t,s,n,v,m,1
f,g,p,t,a,a,w,b,h,b,c,f,y,w,g,u,w,t,c,r,c,d,1
k,y,y,t,a,f,d,b,g,t,r,k,s,o,y,u,n,t,n,r,v,d,1
b,s,w,t,p,a,d,b,o,t,b,f,y,g,g,p,y,n,s,h,s,d,1
b,g,p,t,c,n,d,n,b,t,e,s,y,w,o,u,y,t,l,k,v,d,1
s,f,b,b,a,a,w,b,p,t,e,y,f,w,p,u,y,n,p,n,c,m,1
s,s,c,t,c,n,d,b,h,t,u,y,s,g,w,p,n,t,e,w,t,g,1
b,s,p,b,m,d,d,n,n,b,z,f,k,y,y,p,y,t,l,h,v,u,1
b,f,c,b,p,n,w,n,e,b,e,f,k,n,o,p,w,t,z,k,v,d,1
x,g,e,t,s,n,d,b,h,b,?,s,y,b,p,p,n,t,n,h,n,m,1
s,s,e,t,p,d,w,n,w,t,c,s,y,p,g,p,o,n,l,b,v,l,1
x,g,u,b,m,a,d,n,r,b,z,y,k,e,e,p,y,n,s,b,c,u,1
k,y,y,b,y,d,c,n,g,t,b,s,k,w,e,p,n,n,s,y,a,l,1
k,s,e,t,y,d,d,n,p,t,z,s,f,c,n,u,y,o,n,u,s,d,1
f,s,r,t,l,f,w,n,o,b,b,f,s,n,c,p,o,o,f,h,n,p,1
c,y,w,t,y,a,w,n,n,b,e,f,k,n,p,p,w,o,p,h,s,g,1
b,y,n,t,p,f,d,b,r,b,e,y,s,e,n,u,o,n,p,w,v,l,1
b,s,n,t,n,f,d,n,u,t,e,k,y,p,g,u,w,n,p,b,s,l,1
k,g,y,t,s,n,c,b,b,b,u,f,f,p,e,p,n,n,c,o,a,g,1
k,y,g,b,y,n,d,b,r,t,?,s,y,p,e,p,y,t,z,b,n,g,1
b,f,e,b,m,d,w,n,b,t,z,f,s,n,p,u,y,t,z,y,s,w,1
b,f,y,t,f,f,w,b,b,t,r,f,y,b,e,p,n,n,p,h,s,p,1
x,g,b,t,f,n,c,n,w,b,r,k,k,y,o,u,n,n,p,k,a,d,1
b,y,g,b,f,f,c,b,y,b,b,y,f,p,g,u,n,t,n,k,c,l,1
k,s,g,t,l,f,w,n,g,t,r,k,f,n,n,p,w,n,l,u,n,m,1
x,s,c,t,f,f,c,b,k,t,z,f,f,n,o,p,n,n,e,u,n,u,1
b,y,y,b,s,n,d,b,e,t,z,s,s,c,g,p,y,t,n,w,s,w,1
x,s,b,t,a,a,w,n,e,t,c,k,f,g,b,u,y,n,n,b,s,g,1
f,s,g,b,l,n,c,n,p,t,c,s,f,e,y,u,n,t,n,h,s,l,1
k,y,e,t,m,n,c,n,u,b,u,y,s,n,e,p,y,n,s,o,t,w,1
c,g,r,t,s,d,d,n,g,b,b,k,y,o,n,p,y,n,f,b,t,p,1
b,y,g,t,c,f,d,n,k,t,r,y,k,o,w,p,n,t,c,r,t,p,1
k,g,n,t,p,n,c,b,h,t,b,k,y,e,e,u,y,o,e,y,c,l,1
b,s,p,t,n,d,d,b,h,b,z,f,s,e,w,u,o,o,n,y,a,p,1
s,f,y,b,f,f,c,b,r,t,u,y,s,w,e,u,o,n,z,k,v,d,1
b,y,c,t,s,a,d,b,o,b,e,f,k,w,n,p,w,t,l,n,c,m,1
x,f,n,b,p,n,c,n,k,t,e,f,k,e,c,u,o,n,c,r,c,u,1
x,s,b,t,f,f,d,b,u,t,e,y,f,p,e,p,w,o,p,u,n,g,1
b,s,e,t,f,d,w,b,k,t,c,f,k,y,o,u,w,o,p,o,a,u,1
k,s,c,t,c,d,c,n,e,t,e,s,s,e,w,u,n,t,p,k,v,p,1
x,s,e,t,m,d,w,n,e,b,c,s,f,e,g,p,n,o,s,w,s,w,1
c,f,y,b,c,f,w,b,n,t,b,k,y,g,n,p,w,t,n,r,n,p,1
c,y,b,t,a,f,c,b,k,t,b,f,f,g,o,u,y,n,c,b,a,g,1
x,f,r,b,n,d,c,b,r,b,b,f,s,g,y,p,y,n,f,o,c,g,1
c,s,g,t,s,a,d,b,g,b,r,y,f,b,w,p,n,n,n,y,n,p,1
b,y,u,b,p,a,d,b,p,b,b,k,k,e,g,p,n,n,p,b,s,l,1
k,f,b,b,m,f,d,n,p,b,?,f,s,o,g,p,n,n,e,k,c,w,1
c,y,w,t,p,f,d,b,r,b,e,s,f,c,e,u,n,n,s,o,v,m,1
c,s,e,t,p,n,w,b,p,b,u,f,k,o,c,p,y,o,e,w,n,p,1
c,f,u,t,s,d,c,n,y,b,b,y,k,g,n,u,w,n,s,u,v,l,1
f,s,n,t,l,a,c,b,n,b,e,k,f,c,o,u,y,o,l,w,n,g,1
b,s,e,b,c,a,w,n,b,t,?,f,f,b,y,u,n,n,n,r,n,u,1
c,y,y,b,m,f,d,b,p,b,b,k,y,b,o,p,n,t,e,n,v,l,1
x,g,g,t,c,f,c,n,h,t,b,s,y,w,c,p,w,n,n,r,s,p,1
b,y,c,b,f,n,c,n,w,t,b,s,f,y,n,p,w,n,p,y,a,d,1
c,f,u,t,m,n,d,n,p,b,r,s,y,c,n,u,o,n,c,w,v,w,1
f,s,c,b,a,d,d,n,b,b,?,f,s,y,w,p,n,o,p,r,v,g,1
c,s,u,t,y,a,c,b,b,t,z,y,y,c,g,u,o,t,n,o,t,w,1
c,y,c,b,l,d,w,b,h,b,c,k,k,e,c,u,n,o,f,n,n,d,1
x,y,w,t,m,d,c,b,r,t,u,s,k,b,c,p,o,n,p,w,n,l,1
c,s,b,t,f,d,w,b,y,b,r,s,f,y,o,p,y,t,z,n,t,p,1
x,y,g,b,f,n,c,b,g,b,u,f,s,y,b,u,o,o,s,y,a,l,1
f,g,r,t,p,f,w,b,w,b,?,k,y,o,o,u,y,o,e,n,t,m,1
b,y,c,t,a,f,d,n,g,b,z,y,y,n,g,u,o,o,e,n,n,m,1
s,y,w,t,m,d,c,n,p,b,u,f,y,b,g,p,y,o,z,n,n,u,1
s,s,g,b,a,n,d,n,u,b,r,s,y,w,b,p,y,o,f,u,n,p,1
f,f,n,t,l,a,c,n,h,t,u,k,f,o,p,u,o,n,s,w,n,u,1
x,g,b,t,f,d,w,b,n,b,r,k,k,c,p,u,o,o,l,y,c,l,1
k,g,b,b,y,a,w,n,n,b,u,k,f,y,n,p,w,o,p,k,t,p,1
x,g,n,b,f,f,d,b,e,t,z,s,y,o,p,u,w,n,p,y,s,l,1
x,s,w,b,l,d,c,n,e,b,z,y,f,e,y,p,y,t,n,u,n,u,1
k,s,g,b,s,a,w,n,p,b,?,f,k,w,o,p,w,n,e,n,n,l,1
f,s,n,t,c,d,d,b,g,b,b,f,y,b,w,u,y,o,p,w,v,d,1
k,g,r,t,c,d,d,b,e,t,r,k,k,w,e,p,n,n,c,y,v,l,1
c,f,y,t,y,d,w,n,n,t,e,y,f,c,e,p,o,o,e,o,s,g,1
x,s,y,b,y,d,d,b,e,b,e,s,y,b,c,p,o,o,l,y,s,g,1
f,f,n,t,a,f,c,b,e,t,b,y,k,o,o,p,w,o,s,r,a,l,1
s,s,u,b,c,f,w,n,b,b,u,k,k,e,e,p,o,t,f,w,v,g,1
c,g,p,t,n,n,w,n,g,t,?,k,y,c,b,p,w,o,e,n,n,u,1
k,g,u,t,m,n,d,n,k,t,?,s,f,p,o,p,o,n,f,r,t,w,1
k,g,b,t,m,a,c,b,n,t,u,f,s,g,p,u,w,n,f,w,n,p,1
b,g,g,t,a,a,c,n,k,t,b,y,s,p,g,u,y,n,f,r,s,d,1
f,s,p,t,c,n,w,b,o,b,r,k,y,c,p,u,o,o,l,o,s,m,1
c,g,w,t,n,f,d,b,o,b,e,f,k,n,e,u,o,o,p,k,c,p,1
f,f,p,t,p,f,w,n,e,b,?,y,f,o,p,u,o,t,p,w,a,g,1
k,f,g,t,m,n,w,n,p,t,u,k,k,o,o,u,n,n,e,w,s,w,1
b,f,u,t,s,d,w,b,o,t,z,y,y,c,y,p,n,t,c,h,n,m,1
f,s,y,t,l,n,c,n,h,b,c,y,s,p,g,p,y,n,p,r,a,l,1
b,y,e,t,f,n,c,n,k,b,u,k,f,b,o,u,w,n,p,r,n,m,1
f,g,u,t,s,d,d,n,e,t,u,s,y,y,y,p,o,t,s,b,s,l,1
k,s,b,b,m,f,d,b,h,t,?,k,k,c,w,p,o,o,l,y,t,p,1
k,y,e,b,l,d,d,n,n,t,?,s,y,p,y,u,w,n,c,h,t,m,1
k,g,r,t,l,d,d,n,w,b,z,s,s,y,e,u,n,t,e,r,v,u,1
s,g,r,t,s,d,d,b,g,b,e,f,y,e,c,u,n,t,l,o,n,m,1
k,y,b,t,a,d,w,b,b,b,?,k,f,y,e,p,n,o,f,r,t,p,1
f,g,b,b,n,a,c,n,y,b,r,y,s,o,c,u,w,o,z,n,n,g,1
b,g,b,b,p,d,d,b,k,b,z,y,f,o,e,p,w,n,f,b,v,u,1
c,s,c,b,a,f,w,b,r,b,r,f,k,n,c,p,o,t,c,y,c,p,1
s,s,e,b,y,n,c,n,w,t,b,s,f,o,g,u,y,t,z,o,v,l,1
s,s,e,t,c,f,c,n,b,t,b,s,y,c,g,p,n,o,z,b,c,u,1
f,g,y,t,l,d,w,b,w,b,e,s,f,e,n,u,o,t,z,w,n,p,1
x,s,n,b,m,d,c,b,b,t,z,k,f,c,w,p,y,o,z,k,t,p,1
s,f,b,b,p,a,c,b,b,t,b,f,k,o,c,p,o,o,p,r,t,p,1
c,g,u,t,y,d,c,b,o,t,z,s,f,n,w,p,o,n,z,h,s,p,1
x,s,u,t,n,a,c,b,w,b,e,s,k,y,g,p,y,n,s,h,s,l,1
c,y,y,b,a,a,w,b,h,t,?,s,k,o,g,p,n,n,f,h,t,d,1
x,y,n,t,m,n,d,n,k,t,b,y,y,b,b,p,w,t,n,y,c,d,1
k,s,p,b,f,a,c,b,b,b,u,s,s,c,e,u,y,n,f,u,t,d,1
c,y,w,t,p,n,d,b,r,b,b,k,y,c,b,u,y,o,p,w,a,u,1
f,f,b,b,p,f,d,n,n,t,z,k,k,p,p,p,o,t,p,y,c,g,1
k,y,e,b,y,f,w,n,n,b,u,s,k,o,w,u,w,t,n,u,c,l,1
k,y,w,t,y,f,c,n,p,b,c,y,y,o,w,u,w,t,c,n,n,u,1
f,f,p,b,s,n,c,n,h,b,u,f,f,o,g,u,y,t,l,b,s,u,1
k,g,b,t,s,n,d,b,u,b,e,k,f,b,w,u,y,t,n,y,s,d,1
k,f,g,t,f,f,w,n,u,t,r,f,y,b,b,u,y,t,p,u,v,u,1
k,f,r,b,f,f,d,n,g,b,e,y,f,w,e,u,o,t,f,o,s,w,1
k,y,w,t,l,d,w,b,k,t,b,k,s,w,b,u,o,t,n,u,v,g,1
k,g,c,b,c,a,w,n,y,b,r,s,s,o,w,p,o,t,l,h,t,l,1
f,s,r,b,c,f,c,b,p,t,c,k,k,y,o,p,o,n,s,w,c,w,1
s,s,e,t,l,d,c,n,y,t,?,k,k,y,o,u,o,n,f,h,c,m,1
x,s,b,b,n,a,c,b,k,b,r,k,y,c,e,p,n,t,p,k,t,w,1
b,f,e,t,l,f,w,n,y,b,u,f,s,o,w,u,y,t,e,r,c,w,1
b,f,w,t,a,n,d,n,b,b,?,f,k,y,c,p,o,n,p,k,n,d,1
k,f,e,t,n,a,d,b,o,b,r,y,k,n,p,p,w,n,z,r,c,m,1
f,y,w,b,l,a,c,b,h,b,b,f,y,w,w,u,n,o,c,u,t,u,1
s,g,r,b,n,n,d,n,p,b,z,f,y,w,g,u,n,t,c,r,n,w,1
x,y,w,t,s,f,d,n,u,t,r,f,s,b,w,u,n,t,l,r,t,u,1
x,g,e,b,a,n,d,n,w,b,c,s,y,c,p,u,o,n,n,r,t,d,1
s,g,c,b,f,f,d,n,k,t,r,k,k,e,e,u,y,t,z,u,v,p,1
k,g,g,t,s,f,d,n,g,t,?,y,s,b,o,u,w,n,c,n,s,w,1
f,s,u,t,c,n,c,b,n,t,c,s,f,e,e,p,y,t,c,r,c,p,1
x,s,b,b,p,f,w,n,h,t,b,f,f,w,w,u,o,n,l,r,v,m,1
s,y,b,t,p,f,d,b,g,b,z,s,y,y,o,u,y,t,p,r,t,l,1
x,f,b,b,y,n,w,b,o,t,c,y,f,n,p,u,o,n,n,b,a,m,1
x,g,w,b,a,f,d,n,k,t,c,f,s,c,w,p,w,t,p,n,c,m,1
s,g,y,t,p,a,w,b,k,t,c,s,k,y,c,u,y,t,c,y,c,u,1
x,g,c,t,a,d,c,b,e,t,?,f,y,w,c,u,n,o,z,u,t,w,1
b,g,g,t,f,d,c,b,b,t,c,s,k,o,b,u,y,n,z,k,a,p,1
c,y,w,t,s,f,w,n,p,b,c,f,s,b,y,p,n,t,s,w,t,d,1
c,f,e,t,m,f,c,n,g,t,e,k,k,w,o,p,w,o,n,w,s,u,1
f,s,u,t,m,d,w,b,p,b,u,k,s,c,g,p,w,t,n,k,a,g,1
b,y,r,t,m,f,c,b,g,t,r,y,f,n,n,p,w,o,e,u,a,m,1
s,s,u,t,y,d,c,n,r,t,?,y,s,b,p,p,y,n,l,k,a,m,1
x,y,y,b,f,a,w,n,u,t,c,k,k,e,y,u,o,o,n,o,v,w,1
c,g,w,b,y,d,c,b,h,t,?,f,s,w,y,p,o,t,c,o,t,w,1
x,g,c,t,a,a,c,n,p,b,?,y,k,o,g,u,y,n,c,n,v,w,1
s,s,r,t,s,d,d,n,o,b,c,k,f,w,n,u,w,n,e,b,c,g,1
x,g,g,b,m,n,d,b,g,b,u,y,y,b,p,u,y,o,f,o,t,d,1
x,y,b,t,m,d,w,b,r,t,b,f,f,n,c,p,n,n,f,w,c,m,1
x,s,n,t,p,n,c,n,e,b,b,f,k,n,c,p,y,n,z,r,a,g,1
b,g,u,t,a,a,w,b,g,t,u,y,k,n,g,u,y,o,n,w,c,g,1
b,g,p,b,n,a,w,n,y,b,r,y,k,w,n,u,y,o,s,u,c,l,1
k,f,c,t,m,f,d,b,o,b,c,y,s,e,p,u,o,n,s,h,a,p,1
x,y,b,b,n,f,c,b,b,b,z,k,y,c,o,u,o,t,z,w,t,p,1
c,f,r,t,m,n,d,b,y,b,z,s,k,b,g,p,w,o,z,u,c,g,1
c,y,r,b,n,a,c,n,h,t,b,k,s,e,g,p,y,n,p,h,v,m,1
s,f,r,t,m,f,d,b,u,b,z,f,y,y,p,p,n,t,e,h,t,l,1
c,f,w,b,n,a,d,n,p,b,e,f,y,w,g,u,n,n,l,y,s,p,1
c,f,b,t,a,n,w,n,k,t,?,s,y,n,c,u,y,n,p,w,a,u,1
s,y,n,t,m,a,c,b,k,b,b,y,y,b,e,p,w,t,e,n,s,m,1
k,y,r,b,a,f,w,b,r,t,e,s,k,o,y,p,o,t,e,n,v,l,1
s,f,g,b,m,f,d,n,p,b,e,s,f,w,e,p,n,t,s,k,a,l,1
s,f,r,b,p,f,w,b,n,t,b,y,k,w,w,p,y,o,p,r,a,l,1
f,g,g,b,y,a,d,n,k,t,e,y,k,c,n,p,y,n,f,y,a,l,1
s,g,w,t,y,f,d,n,e,b,z,k,f,n,p,p,o,o,p,w,c,m,1
b,y,c,b,a,a,w,n,w,b,b,f,y,p,n,p,n,o,c,o,t,d,1
k,y,c,b,y,d,d,b,u,b,c,f,y,o,w,p,w,o,f,u,c,w,1
c,g,g,b,l,d,c,n,k,b,e,s,f,o,g,u,n,o,p,y,v,u,1
x,y,c,t,s,a,c,n,e,b,b,s,y,p,p,p,w,o,e,k,a,w,1
c,g,y,t,p,n,c,n,u,b,e,f,y,c,n,p,o,n,s,h,s,p,1
b,g,e,b,a,f,c,b,n,b,c,s,k,w,e,u,o,o,s,h,n,w,1
c,g,n,t,n,n,d,b,n,b,z,y,f,o,b,p,y,o,e,n,s,u,1
s,y,p,b,n,n,d,n,u,t,b,k,f,w,o,u,o,t,p,b,c,m,1
s,y,b,t,c,f,d,b,p,b,r,s,y,n,w,p,o,o,p,b,c,d,1
c,y,c,b,c,a,w,b,y,b,e,f,f,c,o,u,w,t,f,w,a,p,1
b,f,r,b,s,n,w,n,r,b,b,k,k,e,o,u,w,t,e,n,c,w,1
x,f,g,t,a,a,d,n,e,t,r,f,y,e,b,u,o,n,n,k,v,g,1
b,g,c,b,l,f,w,b,p,t,z,s,f,g,c,u,y,t,n,u,t,l,1
f,s,n,b,p,n,w,n,b,t,z,y,s,c,g,u,n,n,p,u,t,p,1
f,y,e,t,c,f,d,n,u,t,?,k,k,g,e,p,y,o,e,b,s,p,1
s,y,e,t,c,f,c,n,w,b,u,s,k,g,g,p,w,t,z,o,c,w,1
b,f,p,b,c,d,d,n,k,t,e,s,f,o,o,p,o,n,l,w,c,g,1
b,f,p,t,y,d,w,b,k,b,e,y,f,g,c,u,o,o,f,w,c,p,1
s,y,b,b,a,n,w,n,o,t,b,k,y,p,n,u,n,o,p,h,s,g,1
s,g,y,t,l,n,d,b,o,b,r,y,f,w,c,u,w,o,f,y,t,d,1
k,y,e,b,f,d,d,n,p,t,b,s,k,b,c,u,y,o,s,r,n,w,1
f,s,w,b,n,d,d,n,w,b,b,f,k,g,e,u,y,t,f,y,t,d,1
c,f,g,t,m,d,c,b,y,t,b,f,k,n,y,p,w,n,n,k,s,p,1
k,y,c,t,f,d,w,b,n,b,b,s,s,p,e,p,w,t,z,w,s,w,1
f,f,g,t,s,d,c,n,h,b,e,y,s,e,g,p,o,t,e,r,t,w,1
b,y,p,b,f,a,d,b,r,b,e,y,s,n,e,p,y,o,z,w,v,g,1
x,s,g,b,f,f,d,b,y,t,c,s,k,b,o,u,w,o,l,b,n,g,1
b,y,w,t,a,d,c,b,o,t,?,s,s,p,g,u,o,o,z,n,c,w,1
k,f,u,t,a,f,c,n,k,b,b,f,f,p,n,p,w,o,s,r,t,u,1
x,g,n,t,p,n,w,b,o,t,z,y,s,e,e,u,o,t,z,w,c,l,1
k,y,e,t,s,f,c,n,w,t,e,s,k,n,c,u,w,n,z,n,s,p,1
f,y,u,t,y,n,c,b,w,b,?,y,k,y,g,p,y,n,c,k,t,m,1
c,y,y,b,l,f,d,n,o,b,?,s,f,c,n,p,n,n,l,b,s,u,1
s,f,b,t,s,d,c,b,b,b,u,s,f,p,b,p,w,n,s,w,s,p,1
f,g,y,t,c,n,d,n,k,t,u,f,f,p,g,p,n,n,f,k,s,u,1
f,s,n,b,p,d,d,b,n,t,r,k,s,g,e,p,y,n,e,o,s,m,1
x,s,n,b,l,n,d,b,u,t,c,s,s,b,w,u,o,n,l,k,n,u,1
c,s,y,b,c,d,c,b,r,b,c,f,y,b,y,p,n,o,p,u,a,m,1
k,y,g,b,n,d,w,n,y,t,?,k,s,p,y,u,o,n,f,k,s,w,1
x,y,y,t,l,n,d,n,u,t,c,f,s,e,c,p,o,t,z,n,c,l,1
k,g,g,b,c,f,w,b,e,b,e,s,k,y,n,p,o,n,f,w,n,p,1
x,s,e,t,l,n,d,b,r,t,z,k,k,w,g,p,n,n,c,b,a,g,1
k,g,w,t,n,f,w,b,b,b,e,k,s,c,c,p,n,t,p,o,s,u,1
x,y,y,t,a,f,w,n,u,b,u,k,y,o,n,u,n,n,l,k,n,u,1
b,g,g,t,n,f,w,b,b,t,c,s,f,w,c,p,o,t,f,r,a,m,1
c,y,b,t,f,n,w,n,k,t,?,s,y,c,n,u,w,t,c,w,n,p,1
s,g,n,t,s,n,w,b,p,b,c,k,s,o,p,u,o,t,c,n,c,l,1
f,f,e,t,n,n,w,b,u,t,b,y,f,c,n,u,y,o,c,n,s,p,1
x,g,c,t,n,d,d,b,k,b,e,f,s,o,y,p,y,n,z,y,a,m,1
b,f,r,b,s,a,c,b,p,b,e,y,y,b,p,p,y,t,f,y,s,w,1
b,y,u,b,a,n,d,b,p,b,r,y,k,w,e,u,w,t,z,k,t,d,1
b,y,b,t,l,f,w,n,y,b,b,k,k,c,g,p,o,t,n,u,c,u,1
x,y,n,b,c,a,d,n,k,b,b,y,k,o,p,p,n,o,p,b,n,g,1
s,g,r,b,a,f,d,b,e,b,z,y,y,o,w,p,y,t,e,u,t,p,1
x,f,g,t,n,f,w,b,b,t,e,k,s,p,w,p,w,t,z,b,c,m,1
x,y,c,t,n,f,c,n,e,b,c,f,y,w,e,p,n,o,p,b,s,p,1
k,f,y,t,l,a,d,n,k,t,b,k,s,g,b,p,o,t,f,k,v,u,1
c,g,p,t,p,f,c,n,y,t,e,f,k,g,o,p,n,t,l,h,a,l,1
x,s,b,b,m,a,d,n,k,b,?,y,s,e,p,u,w,t,c,k,v,g,1
c,y,u,b,n,n,d,n,e,b,u,y,y,y,g,p,o,o,p,y,c,l,1
f,g,b,t,a,f,c,b,y,t,b,k,s,n,p,u,w,t,f,k,c,d,1
c,g,u,t,s,f,w,n,w,b,b,k,y,c,o,u,y,t,n,b,v,g,1
b,y,u,b,p,d,c,b,e,b,z,f,k,p,e,u,o,o,s,r,c,l,1
x,s,w,b,s,n,w,b,g,b,?,s,y,n,e,u,o,n,e,n,s,m,1
k,f,y,t,s,d,d,n,p,b,r,s,s,w,o,u,o,o,l,r,n,m,1
b,y,p,b,f,a,w,b,h,b,r,k,k,c,o,u,w,t,e,r,v,g,1
s,f,e,t,y,d,d,n,o,t,b,k,y,p,n,u,n,t,n,w,c,d,1
x,g,n,t,y,n,w,b,w,t,e,s,k,p,w,u,w,n,s,k,c,p,1
s,g,b,t,n,f,d,b,w,t,e,y,k,y,b,p,o,t,e,b,n,d,1
b,y,b,b,l,a,w,n,h,t,e,y,s,w,e,p,w,o,c,k,v,p,1
b,y,y,b,f,a,c,b,u,b,b,s,f,b,p,p,n,n,f,n,v,w,1
f,y,u,b,l,n,c,n,r,b,e,y,s,n,p,p,y,t,n,k,s,p,1
f,f,p,t,n,a,w,n,e,b,?,k,s,n,o,p,n,n,z,n,a,l,1
f,f,c,t,m,n,w,n,h,t,u,s,y,o,w,p,o,n,l,b,n,m,1
b,s,g,t,s,a,c,n,n,t,u,s,s,b,p,p,n,n,z,u,c,m,1
b,f,p,t,y,f,d,n,g,b,c,y,s,y,p,p,o,o,p,r,a,m,1
b,g,r,t,a,f,c,b,b,t,e,s,y,y,g,p,o,o,e,h,n,m,1
x,g,r,b,n,n,c,n,u,b,b,f,y,o,e,p,w,o,p,k,s,p,1
s,s,u,t,s,n,c,n,k,t,e,k,s,w,y,u,w,n,c,h,n,w,1
c,g,y,b,p,a,w,b,p,t,?,f,f,p,y,u,n,n,c,r,c,g,1
k,g,g,b,c,f,c,b,e,b,?,y,f,n,b,u,o,t,s,u,n,m,1
k,y,u,b,f,d,c,b,w,b,u,y,s,b,b,u,n,n,f,h,t,u,1
x,g,r,t,n,n,c,n,k,t,c,f,y,n,b,p,w,n,z,n,t,m,1
x,g,p,b,n,d,d,n,b,t,e,k,k,n,e,u,y,t,p,u,a,m,1
f,f,e,t,p,f,d,b,n,t,e,s,y,p,y,u,o,o,n,u,c,u,1
c,s,w,b,f,n,w,b,y,t,b,f,f,n,o,u,n,t,p,k,c,m,1
f,s,n,t,y,d,d,b,w,t,b,f,s,b,g,p,o,t,z,w,v,d,1
s,y,g,b,l,d,c,n,n,b,z,f,f,g,y,u,w,o,s,y,s,l,1
f,y,n,t,m,n,d,b,r,b,r,s,f,e,w,u,w,o,z,w,c,w,1
k,g,b,t,y,n,c,n,n,b,r,s,f,e,g,p,y,n,s,b,s,p,1
c,s,u,b,c,d,c,n,g,t,b,s,k,n,b,p,y,t,c,k,c,u,1
b,s,w,t,l,n,w,n,e,b,r,f,y,p,n,u,y,t,z,o,n,p,1
f,f,e,b,a,n,d,n,y,t,r,s,f,p,o,p,w,n,e,b,v,d,1
x,y,p,t,l,n,d,n,o,b,z,s,s,p,y,u,o,n,c,n,s,l,1
s,g,e,b,l,n,d,b,p,b,u,y,s,b,g,u,w,t,f,r,c,w,1
s,y,b,b,f,f,c,b,o,t,e,s,s,w,n,u,y,t,e,o,c,w,1
k,y,n,b,l,f,d,n,p,t,z,y,s,w,n,u,y,o,e,w,c,l,1
k,y,y,t,f,f,w,n,k,b,c,f,s,p,o,p,o,o,c,h,t,w,1
b,f,e,b,p,d,c,b,o,t,c,y,k,o,n,p,o,t,z,b,v,g,1
k,f,n,b,m,f,c,b,g,b,e,f,s,n,o,u,y,n,e,h,c,p,1
b,s,c,b,n,d,d,n,b,b,b,k,s,e,w,p,y,n,c,w,a,u,1
x,s,u,b,m,f,w,b,n,t,z,s,y,o,o,p,n,t,l,h,v,m,1
s,f,g,b,s,n,c,n,y,b,c,y,f,c,g,u,n,n,c,h,v,d,1
f,f,u,b,f,f,c,b,o,t,z,f,s,p,y,p,w,o,c,h,t,w,1
c,y,e,t,a,a,d,n,n,t,e,f,y,p,c,p,o,t,n,k,a,w,1
x,s,y,b,a,d,c,n,u,t,u,k,s,b,c,p,o,t,e,r,s,p,1
c,y,y,b,y,f,w,b,g,b,c,f,f,g,n,u,n,n,e,k,t,l,1
s,y,u,t,l,a,d,b,h,b,u,s,f,g,e,p,y,t,f,u,a,m,1
f,y,c,t,m,f,d,n,p,b,b,y,f,g,e,p,w,o,p,h,n,g,1
c,s,p,b,a,d,d,n,h,t,e,y,y,c,g,p,y,t,l,r,n,p,1
s,g,w,b,a,f,w,n,y,t,e,y,f,p,c,u,n,n,n,y,n,m,1
s,s,y,t,n,f,c,n,o,b,u,k,s,y,n,u,w,t,z,r,t,l,1
f,g,n,t,n,n,c,n,k,b,u,y,y,b,o,p,w,o,f,o,n,p,1
b,g,n,b,l,f,d,b,w,b,e,f,k,g,w,p,y,n,p,u,n,u,1
k,f,b,b,n,n,d,n,k,t,b,k,s,b,o,p,o,t,s,h,t,g,1
f,s,y,b,l,d,c,b,y,b,e,s,y,g,b,p,o,o,e,h,c,g,1
b,s,r,b,l,n,w,b,e,b,e,s,k,n,n,p,n,t,z,b,c,w,1
c,s,b,t,y,a,w,n,u,t,z,y,s,e,b,p,n,n,n,b,a,l,1
f,f,y,b,a,n,c,b,r,t,r,f,s,o,n,p,w,n,n,b,n,w,1
b,s,w,t,s,a,d,b,g,t,c,k,s,n,o,p,o,t,s,b,a,p,1
b,y,g,t,l,f,c,b,e,t,?,y,f,n,p,u,n,o,p,w,n,u,1
f,g,n,b,s,a,c,n,o,b,b,s,s,o,b,u,n,t,z,y,s,l,1
c,s,y,b,y,f,c,n,o,t,u,k,s,c,e,u,w,n,z,r,a,w,1
f,g,p,b,p,a,c,b,y,b,r,s,s,b,y,p,o,n,e,n,v,l,1
x,g,e,t,m,a,c,b,p,b,b,s,y,e,e,u,n,t,n,b,n,m,1
b,f,c,b,p,d,d,n,b,t,b,s,k,e,w,p,w,n,c,r,t,g,1
b,f,e,b,s,a,w,b,p,t,z,k,s,g,y,u,y,t,l,w,v,u,1
x,g,p,b,y,a,w,n,y,t,u,k,k,g,g,u,w,n,s,y,s,m,1
b,g,g,t,l,a,w,b,h,b,c,y,k,g,e,p,y,t,c,u,t,g,1
b,f,w,t,l,f,w,b,n,t,r,k,s,w,n,p,o,n,p,r,v,u,1
f,f,p,b,y,f,c,n,w,b,b,s,s,g,c,p,n,o,z,h,n,m,1
x,y,n,t,y,d,d,b,y,b,e,k,s,p,y,u,n,n,c,h,v,g,1
k,y,n,b,y,f,w,b,o,t,b,y,f,c,o,u,w,o,p,h,v,m,1
c,s,e,t,n,d,w,b,k,t,r,y,f,o,o,u,w,o,f,y,c,g,1
s,f,w,b,c,f,c,b,u,t,r,k,k,e,y,u,w,t,f,n,s,g,1
b,s,b,t,p,n,c,n,p,t,?,y,k,b,o,u,o,t,f,o,s,l,1
f,y,b,t,s,d,w,n,o,b,z,k,s,p,e,p,n,o,p,k,t,m,1
b,g,p,b,f,f,d,b,p,b,z,s,y,y,y,u,o,o,n,b,n,p,1
x,g,p,t,s,f,c,b,e,t,u,k,k,o,y,p,w,n,e,r,a,u,1
x,g,e,b,a,a,d,b,u,b,?,s,k,w,c,u,o,t,c,n,t,w,1
x,s,c,b,y,f,d,n,e,b,?,y,s,e,c,p,w,o,c,h,s,u,1
s,y,b,b,c,d,c,n,o,b,c,y,y,e,p,p,n,n,p,y,v,p,1
s,g,g,t,y,n,d,b,n,t,?,f,y,g,g,p,n,t,z,k,s,d,1
x,s,e,t,f,a,w,n,k,t,u,f,f,n,w,u,o,o,n,o,c,d,1
c,y,c,b,l,f,d,n,h,t,c,f,y,o,w,p,w,o,l,y,s,m,1
x,s,u,t,m,f,d,n,w,t,u,y,y,e,e,u,w,n,l,o,c,m,1
x,y,p,b,y,n,w,n,g,b,r,s,f,c,c,u,y,t,s,u,a,p,1
s,s,u,b,l,f,w,n,h,b,r,s,y,e,e,p,y,o,c,o,v,p,1
b,f,e,t,p,a,c,b,g,b,?,y,s,b,o,u,y,o,c,b,s,w,1
c,f,y,b,f,d,c,n,r,b,?,y,f,p,b,u,y,o,l,u,a,u,1
k,y,w,t,y,n,c,n,g,t,e,k,f,c,o,u,o,n,e,h,t,l,1
s,f,c,t,m,a,w,n,r,t,c,y,s,c,e,u,o,t,z,k,v,d,1
s,g,r,b,l,d,w,n,k,b,u,k,k,o,e,p,y,n,n,h,t,m,1
f,s,r,b,a,d,w,n,k,t,?,k,s,y,b,u,o,t,l,h,s,g,1
k,g,p,t,c,f,c,b,b,b,z,k,y,b,n,p,y,n,f,w,t,m,1
s,y,b,b,s,n,w,b,e,t,c,f,k,o,o,u,n,t,e,k,s,g,1
b,y,w,b,p,f,d,n,h,b,r,f,y,b,y,p,o,n,n,w,n,l,1
b,s,b,t,f,f,w,b,o,b,z,y,s,n,w,u,w,t,z,b,v,w,1
c,s,p,b,c,f,w,n,y,t,e,k,s,g,g,p,w,o,c,n,v,m,1
f,g,y,t,s,f,w,b,u,t,c,y,f,e,n,u,y,n,p,o,s,u,1
x,f,p,t,p,a,d,n,r,b,?,y,k,b,e,u,o,o,z,h,v,w,1
b,g,y,t,c,a,w,n,n,t,r,k,y,g,w,u,w,t,l,w,t,g,1
x,s,n,t,c,d,c,n,h,t,z,y,y,w,w,u,y,t,f,w,t,d,1
c,g,n,b,y,a,w,n,p,t,e,k,f,c,e,u,y,t,e,k,s,w,1
b,y,n,b,m,f,d,b,w,t,r,f,s,y,b,u,y,t,s,b,v,g,1
c,g,g,b,c,a,w,b,u,t,e,y,y,y,g,p,w,o,c,n,s,w,1
b,g,w,t,f,n,c,b,g,t,?,f,f,o,g,u,w,o,l,y,s,d,1
x,y,e,t,p,a,c,n,p,t,b,s,y,y,g,u,o,n,p,b,n,p,1
f,s,u,b,f,a,w,n,b,t,?,f,s,y,n,p,o,o,e,o,t,l,1
s,g,y,b,a,n,w,n,p,b,c,s,f,n,b,p,w,n,l,k,n,m,1
b,y,b,b,s,n,d,n,w,t,b,s,y,w,w,u,y,n,l,u,c,u,1
b,g,p,b,c,a,w,n,w,t,r,k,y,b,b,u,o,o,p,u,v,w,1
b,s,b,b,a,n,c,b,b,t,c,f,y,w,n,u,y,o,s,n,a,w,1
b,s,e,t,p,f,w,b,w,b,r,s,y,e,w,u,o,o,f,b,n,w,1
s,f,e,b,c,n,c,b,p,b,?,y,f,w,b,p,o,o,n,b,n,d,1
f,f,n,b,y,a,d,n,h,b,c,s,s,w,o,u,w,o,p,w,v,g,1
x,s,b,b,p,n,d,n,g,t,z,s,s,o,g,p,w,o,c,y,v,w,1
x,s,g,t,s,a,w,n,h,b,c,k,k,b,p,u,o,t,f,y,s,l,1
f,s,n,b,n,a,w,n,k,b,z,s,y,w,g,p,n,o,n,b,a,g,1
c,g,y,t,p,f,w,n,y,b,e,f,f,o,b,p,n,o,l,b,c,l,1
x,s,b,t,y,f,c,n,g,t,e,f,k,n,e,p,w,t,p,k,a,d,1
x,f,c,t,n,n,c,b,b,t,c,s,y,b,w,u,o,o,n,r,c,p,1
c,s,u,b,f,a,c,b,b,t,r,f,f,b,e,p,w,t,z,h,c,d,1
b,y,p,b,m,f,w,b,r,b,r,f,f,b,w,p,n,n,l,u,c,l,1
s,g,b,b,c,a,c,b,k,b,z,k,f,e,c,p,n,t,c,y,v,m,1
f,f,w,b,y,d,c,b,o,t,c,k,k,o,b,p,n,o,l,n,t,p,1
f,y,c,t,f,f,w,b,u,t,u,f,k,w,e,u,w,t,f,r,t,p,1
c,y,n,t,a,a,d,b,w,b,r,s,k,w,e,u,n,n,z,h,c,l,1
s,s,y,t,m,n,c,b,p,b,u,y,k,n,e,p,w,o,l,k,t,w,1
c,s,u,b,l,a,d,b,p,t,r,f,y,g,o,u,w,o,z,w,v,p,1
f,g,w,t,f,f,d,n,n,b,u,y,f,e,b,u,o,t,c,r,a,w,1
x,g,e,b,f,d,w,n,h,b,c,s,f,p,n,u,o,n,s,k,c,p,1
x,f,y,t,f,n,w,n,b,t,r,f,k,b,c,u,w,t,n,k,n,d,1
k,y,b,t,p,a,d,b,b,t,e,k,s,p,n,u,y,n,c,b,s,d,1
s,f,b,t,c,a,d,n,p,b,u,k,s,c,g,u,n,n,l,b,s,u,1
x,y,n,t,f,n,d,n,w,t,?,f,y,n,p,p,n,o,n,b,n,w,1
f,f,y,b,l,n,w,b,o,b,u,y,k,w,g,p,n,t,p,k,c,w,1
s,f,e,b,c,f,c,b,b,b,u,f,s,n,e,u,o,o,s,n,t,d,1
s,f,n,t,f,a,c,b,p,b,r,f,y,p,y,p,y,t,f,n,a,d,1
f,g,p,b,s,d,d,n,w,t,z,y,f,e,n,p,y,o,e,n,n,g,1
x,f,b,t,c,d,w,b,k,t,u,s,y,o,o,u,n,o,c,u,v,u,1
k,f,g,b,m,f,c,b,h,t,e,y,f,n,y,p,w,o,c,w,v,g,1
b,g,u,b,y,f,c,n,b,t,u,k,f,c,w,u,n,n,n,b,v,w,1
f,f,n,b,a,n,d,n,o,t,c,k,k,b,c,p,w,t,c,b,s,m,1
s,f,c,t,y,n,c,b,n,b,b,k,s,o,e,p,w,t,n,h,s,g,1
b,s,r,b,c,d,w,n,y,t,?,s,k,n,o,p,n,n,e,n,c,w,1
x,s,e,t,s,d,w,b,e,b,u,f,s,w,g,p,o,o,e,n,v,g,1
f,g,g,t,y,a,c,n,w,b,?,s,f,y,c,u,w,t,z,k,a,d,1
x,y,p,b,c,a,d,b,w,t,u,k,y,p,p,p,w,n,e,w,s,p,1
k,f,c,t,f,a,w,n,p,b,r,k,k,o,g,p,w,n,n,w,c,p,1
k,f,u,b,m,d,w,n,b,t,z,f,s,b,c,p,o,n,e,u,c,u,1
c,f,g,t,n,n,c,b,b,t,r,k,y,b,g,p,n,n,f,k,v,p,1
s,f,n,t,f,n,c,n,g,t,r,k,k,y,p,u,n,o,l,w,c,l,1
k,g,y,t,c,d,d,n,r,b,c,f,y,b,b,p,o,o,e,y,n,m,1
s,f,u,t,n,n,d,b,o,b,e,y,f,b,w,u,o,n,p,b,v,l,1
k,g,c,b,n,f,c,n,b,b,b,k,k,w,y,p,o,t,l,w,t,w,1
b,f,g,t,p,a,w,b,e,t,b,s,f,e,g,p,w,t,f,u,t,u,1
k,f,r,t,m,n,d,n,n,t,u,f,y,y,n,u,y,t,e,o,t,d,1
k,s,e,t,f,f,w,n,u,b,c,k,k,p,n,u,y,n,f,k,n,w,1
k,g,y,b,a,n,c,b,r,t,e,y,y,g,y,p,o,t,z,n,t,w,1
c,f,p,b,c,d,d,b,r,t,b,y,f,g,w,p,y,t,c,n,t,w,1
x,y,e,b,m,a,c,b,h,t,r,k,y,b,c,p,o,n,e,h,n,g,1
b,y,e,t,l,f,d,b,p,t,?,s,s,p,w,p,o,n,n,u,a,d,1
b,g,e,b,m,f,c,n,e,t,e,f,y,p,g,u,w,n,f,y,n,u,1
f,y,e,t,l,a,w,n,y,t,e,s,k,n,g,u,y,t,f,r,t,d,1
s,g,w,b,c,a,d,n,n,t,c,s,s,p,o,u,w,o,e,w,c,l,1
s,s,u,t,c,f,d,n,n,b,c,s,k,o,o,p,w,o,f,n,a,m,1
b,g,c,t,a,n,d,n,w,b,e,f,y,p,o,p,w,t,n,k,v,w,1
f,s,y,t,m,a,c,b,w,t,r,k,s,o,p,p,o,n,e,k,t,w,1
k,y,g,b,a,f,d,b,h,t,u,s,s,y,b,p,o,t,s,k,c,g,1
c,g,y,b,a,a,c,b,y,b,z,y,y,w,b,u,y,n,n,k,c,p,1
b,f,r,b,f,f,w,n,r,b,c,f,y,p,p,p,y,o,c,n,s,m,1
c,g,u,b,c,n,w,b,o,t,z,s,s,p,b,u,o,o,c,h,s,l,1
b,s,e,b,a,a,w,n,e,t,r,y,f,o,e,u,n,t,c,h,a,w,1
x,f,c,b,s,a,w,b,e,b,c,k,f,w,w,p,n,t,l,n,c,l,1
s,g,n,t,f,a,d,b,e,t,b,k,y,o,p,u,o,t,s,u,v,u,1
x,f,n,b,c,d,d,n,h,t,r,f,s,p,o,p,n,n,p,r,t,l,1
k,y,w,b,s,d,d,n,o,b,?,f,k,b,n,p,y,t,n,w,t,w,1
x,f,n,t,n,a,c,n,w,t,c,y,k,y,y,p,o,o,c,b,a,u,1
k,s,n,b,f,d,w,n,e,b,e,y,f,o,o,u,o,t,e,o,c,u,1
b,g,g,t,l,n,d,b,o,t,e,s,y,o,o,u,y,t,s,k,t,m,1
f,y,e,t,p,f,d,b,e,t,u,k,s,p,b,p,o,t,e,r,v,d,1
x,g,r,t,p,n,c,b,h,b,z,f,y,g,o,u,o,n,f,k,a,l,1
b,f,y,t,a,d,d,b,p,b,u,f,k,n,b,u,n,o,f,k,v,u,1
s,f,p,b,y,d,w,n,p,t,u,k,f,n,g,p,y,t,z,h,s,g,1
x,g,n,t,a,f,d,n,n,t,e,k,k,y,n,p,o,t,n,y,s,w,1
b,g,b,b,f,a,d,n,k,t,z,k,s,b,o,u,y,t,e,r,a,w,1
s,s,n,b,s,a,c,b,u,b,?,k,y,y,w,p,w,n,p,b,n,l,1
s,s,u,b,m,a,d,b,n,b,z,s,s,n,o,p,o,n,e,u,c,w,1
x,f,c,b,y,n,c,n,e,t,r,k,s,o,w,p,o,n,f,w,c,w,1
x,g,c,t,n,a,d,n,y,b,u,f,y,w,g,u,y,o,e,r,s,u,1
s,s,c,t,m,f,w,n,w,b,e,s,y,c,n,p,n,o,n,u,a,d,1
s,f,p,t,p,f,d,n,u,t,u,y,s,g,g,u,y,n,c,y,n,p,1
c,s,u,b,l,f,d,n,o,t,r,k,k,y,g,u,o,n,n,y,n,m,1
c,y,e,t,s,d,d,b,k,t,e,s,f,w,b,p,y,t,l,o,n,l,1
f,g,b,b,f,a,w,b,y,b,r,f,f,y,w,u,y,t,f,r,n,p,1
f,g,e,b,n,f,c,n,w,t,?,s,k,e,b,p,y,n,c,o,s,p,1
f,f,n,b,a,f,d,n,y,t,c,y,f,b,o,u,y,n,p,w,t,l,1
f,g,g,t,c,d,w,n,r,t,u,k,y,c,o,p,y,t,s,u,c,d,1
f,g,c,b,n,d,w,n,n,b,z,y,y,w,p,u,w,n,z,u,n,l,1
b,y,w,b,l,n,w,n,p,b,?,f,k,g,o,u,o,o,z,k,t,l,1
b,y,n,t,c,a,c,n,n,t,z,f,k,c,p,u,w,n,n,b,n,m,1
b,s,e,t,n,d,d,b,r,t,u,k,f,y,c,u,y,o,c,b,s,w,1
k,g,u,b,s,d,d,n,r,b,?,s,s,p,y,u,w,n,n,h,v,l,1
k,y,w,b,a,d,w,n,h,t,e,k,k,g,c,p,o,o,l,n,s,p,1
s,y,p,t,l,a,w,b,b,b,z,y,s,y,w,u,w,n,f,u,n,d,1
s,y,u,t,l,f,w,n,w,t,z,y,k,n,e,u,o,t,s,b,n,l,1
x,g,r,t,a,f,w,n,p,b,b,k,k,e,b,u,y,n,c,u,v,l,1
b,f,n,t,m,a,c,b,k,t,u,s,y,c,b,p,o,t,n,n,t,l,1
x,g,c,b,a,a,d,n,b,b,e,s,k,o,p,p,y,t,e,n,t,m,1
x,g,g,b,c,f,d,b,h,t,r,y,k,w,p,u,n,o,f,y,n,d,1
s,f,b,t,c,a,c,b,g,t,c,k,s,b,y,u,n,t,z,k,a,d,1
k,g,p,b,n,n,d,b,b,t,e,s,y,e,o,u,o,o,n,b,t,p,1
f,s,n,b,s,d,c,n,n,b,u,y,s,b,g,p,w,t,z,y,n,u,1
f,y,w,t,m,f,w,b,r,b,e,k,k,b,b,p,o,o,f,n,a,d,1
c,y,n,b,y,n,c,n,y,b,e,k,y,w,y,p,o,t,l,o,n,l,1
s,g,p,t,l,d,c,b,g,b,u,f,s,g,w,u,w,n,p,y,v,d,1
b,f,e,t,m,a,w,b,r,b,r,k,f,g,y,p,w,n,c,k,s,l,1
s,g,n,t,s,a,c,n,w,b,c,k,y,n,w,p,n,o,f,b,s,p,1
k,y,g,b,m,d,w,n,e,b,c,s,y,y,w,u,w,t,z,r,a,d,1
f,s,u,t,n,d,w,b,h,b,e,k,y,c,n,p,n,o,p,y,a,d,1
f,f,b,b,c,d,d,n,p,b,r,y,k,p,o,p,y,t,p,o,c,p,1
f,s,b,t,l,n,c,b,w,b,b,y,f,b,w,p,n,o,l,u,t,u,1
k,y,e,t,c,f,d,b,g,b,e,f,k,y,c,p,y,t,f,b,a,m,1
k,g,c,t,c,f,w,n,w,t,r,k,k,c,o,u,w,n,l,b,t,w,1
s,f,e,t,a,n,w,b,u,b,z,s,y,w,c,u,y,n,f,u,t,l,1
s,f,r,b,n,f,w,b,k,b,u,f,y,g,e,u,w,o,p,o,s,m,1
f,s,y,t,y,n,c,n,p,t,r,k,y,g,o,p,w,t,c,o,c,m,1
b,s,y,t,l,n,d,n,e,t,e,s,k,w,g,u,y,t,f,n,n,l,1
c,s,r,b,l,n,d,b,b,b,u,y,s,c,g,p,y,n,s,k,c,m,1
f,g,w,b,n,n,d,b,e,t,?,y,f,p,y,u,o,n,z,b,a,g,1
s,g,c,b,a,n,c,b,k,t,r,k,f,b,e,p,w,o,z,b,a,g,1
c,f,r,b,m,d,c,n,e,t,u,y,s,p,e,u,y,t,c,y,v,d,1
f,g,n,t,n,d,d,n,n,b,u,f,s,e,y,u,w,n,l,r,n,l,1
b,s,e,t,f,f,w,b,e,t,?,y,f,g,c,p,w,o,f,k,v,m,1
b,y,r,b,s,n,d,b,r,b,b,f,s,n,w,p,w,t,z,w,v,u,1
f,f,g,b,p,f,d,b,r,t,z,f,y,e,w,p,w,n,e,b,n,u,1
c,s,c,t,y,f,c,n,k,t,?,s,y,w,c,p,n,n,f,k,c,m,1
s,s,y,t,c,a,c,b,k,t,z,k,s,n,n,p,o,o,p,r,t,l,1
k,f,b,b,y,f,d,n,h,b,r,s,f,y,w,p,o,t,l,n,c,m,1
f,y,y,t,s,a,w,b,p,t,u,y,k,c,e,p,y,o,s,n,s,m,1
f,g,g,t,c,f,w,b,n,b,c,k,y,y,w,p,n,t,f,y,n,l,1
b,s,e,t,l,n,d,n,n,b,?,k,f,b,n,u,n,n,f,y,n,d,1
x,y,y,t,s,a,d,n,h,b,?,f,y,b,b,p,y,n,c,w,c,g,1
b,g,w,b,s,n,w,n,r,t,r,k,y,e,e,p,w,o,n,r,s,p,1
c,s,e,t,l,d,c,b,b,b,b,k,f,w,o,u,w,t,c,w,t,d,1
b,s,b,b,a,a,c,n,e,b,c,f,s,c,e,p,o,n,l,o,v,d,1
b,f,c,b,s,f,w,n,e,t,c,f,k,o,e,u,n,n,c,b,n,w,1
k,s,n,b,s,a,d,n,k,b,z,y,f,b,y,p,o,o,c,u,n,m,1
f,y,w,t,y,d,c,b,b,b,?,k,f,b,b,p,o,o,l,w,a,u,1
x,f,c,b,l,a,w,n,b,b,u,s,s,c,y,p,n,t,z,r,n,l,1
s,s,w,t,n,d,w,n,e,t,e,k,k,e,n,u,o,n,s,r,a,d,1
b,f,b,t,f,d,c,b,w,b,e,f,y,o,o,p,n,n,p,o,c,p,1
s,g,c,b,m,a,w,n,w,t,e,s,y,y,g,p,w,t,s,k,s,g,1
c,s,g,b,c,d,d,b,u,b,c,f,f,w,y,u,o,n,c,b,c,p,1
x,y,c,t,a,f,w,b,o,b,c,f,k,w,o,u,y,t,p,u,a,w,1
c,f,p,b,f,n,d,b,b,t,r,s,f,n,e,p,w,t,s,y,v,l,1
f,g,e,b,y,f,d,n,e,b,b,s,s,g,p,p,y,n,s,u,c,g,1
x,f,b,t,f,n,c,n,b,b,?,f,f,e,o,p,n,o,p,h,c,u,1
x,g,n,t,n,a,d,b,b,t,u,k,y,b,w,p,w,t,c,n,t,u,1
s,y,n,b,n,a,d,n,u,t,u,f,f,e,n,p,w,n,l,n,s,g,1
x,f,e,b,p,f,d,n,r,b,u,f,s,w,c,u,y,t,l,n,v,p,1
f,s,b,t,l,f,c,b,p,b,c,k,k,p,c,u,n,t,f,r,v,w,1
s,s,y,t,m,f,w,n,w,b,u,k,s,n,c,p,y,t,c,w,v,l,1
s,f,u,b,s,a,w,b,e,t,?,y,k,p,n,u,n,o,c,w,n,w,1
x,f,g,t,n,f,d,n,o,t,u,s,s,b,w,p,w,n,s,h,n,d,1
s,s,e,t,a,f,c,b,o,t,?,y,k,p,p,p,y,n,e,r,a,u,1
c,s,e,t,s,d,w,b,g,b,?,f,s,y,c,p,n,o,c,k,v,l,1
f,y,u,t,m,d,d,n,p,b,r,s,f,c,g,u,w,n,f,b,c,w,1
s,s,b,t,p,n,d,b,k,t,r,y,f,c,y,p,o,o,n,b,a,u,1
k,g,b,t,c,d,c,b,o,t,?,s,y,n,w,p,n,o,c,n,c,w,1
b,y,c,t,p,f,w,n,r,b,z,k,y,n,g,p,o,t,e,k,n,d,1
b,f,n,t,a,f,c,b,u,t,?,s,k,y,b,p,y,n,p,h,a,d,1
x,s,u,b,a,d,d,n,w,b,b,y,s,p,g,u,o,t,l,b,a,d,1
k,f,w,b,f,f,c,n,y,b,u,f,f,p,n,u,o,n,l,k,s,w,1
k,f,w,b,n,a,c,b,u,t,c,y,s,n,g,p,y,t,s,u,c,u,1
s,g,w,b,m,d,d,b,u,b,c,f,f,e,y,u,o,o,p,b,a,p,1
b,s,w,t,n,n,d,b,u,t,b,y,s,y,o,p,o,t,z,b,v,u,1
s,y,y,t,m,f,w,n,b,b,r,f,k,w,y,u,y,n,f,k,c,d,1
b,g,g,t,n,n,d,n,g,t,c,y,s,e,p,p,y,o,s,y,t,l,1
b,f,e,t,m,a,c,b,r,t,c,k,s,g,n,p,n,n,e,w,v,g,1
b,y,r,b,y,f,d,b,e,t,c,y,s,o,y,p,o,o,s,r,t,m,1
x,g,p,b,l,a,w,n,p,b,z,f,y,y,c,u,y,o,c,b,t,d,1
s,f,c,b,c,f,w,n,y,t,u,f,y,b,e,p,n,n,l,b,t,u,1
b,f,r,t,f,n,d,n,y,b,u,f,y,b,y,p,y,t,z,r,v,p,1
c,f,y,t,c,d,w,b,g,t,e,y,f,e,b,p,o,o,n,w,c,g,1
b,f,g,t,n,a,c,b,u,t,z,s,y,c,c,p,o,o,p,w,t,m,1
c,f,p,b,y,a,w,n,h,b,e,s,f,o,o,u,o,o,n,w,n,m,1
x,g,y,t,f,f,w,n,w,t,z,f,f,n,p,u,o,t,s,h,v,d,1
s,y,e,b,c,f,w,n,r,b,?,y,s,g,b,p,y,n,z,n,a,u,1
c,g,n,t,a,f,c,n,b,t,c,y,k,o,g,p,y,t,n,h,a,m,1
k,y,y,b,m,d,c,b,p,t,r,s,s,g,b,u,y,t,n,b,t,w,1
x,g,b,b,c,a,w,b,g,t,e,y,y,o,n,p,y,o,s,y,t,w,1
b,f,w,b,a,f,d,n,h,t,c,f,k,e,o,u,w,t,n,u,v,m,1
s,g,c,b,f,n,d,b,y,b,u,k,k,p,g,p,n,o,z,o,n,m,1
f,y,p,b,m,a,d,n,e,b,c,f,k,p,e,p,n,n,e,h,v,u,1
x,s,c,t,y,a,w,b,u,t,b,f,y,b,g,p,w,t,z,w,t,u,1
f,f,y,b,l,a,w,b,y,b,e,s,y,n,w,u,n,n,c,w,a,w,1
b,g,g,b,y,f,c,n,b,b,b,f,f,y,w,u,y,o,c,n,v,d,1
b,s,w,t,s,d,w,n,k,b,e,k,s,y,p,p,n,t,p,u,c,g,1
k,g,e,b,c,a,c,b,w,t,z,s,k,e,p,u,o,n,n,y,s,m,1
k,y,g,b,f,a,d,n,k,t,z,s,y,w,b,u,o,n,s,r,c,p,1
f,f,c,t,f,n,c,b,k,b,?,k,y,g,n,p,o,o,l,u,s,p,1
b,g,u,t,s,n,w,n,h,b,?,s,y,c,g,u,y,t,p,o,v,m,1
s,s,g,t,f,d,w,n,h,b,z,y,f,y,c,p,o,o,z,r,s,m,1
c,g,y,b,p,d,d,b,b,t,z,f,y,b,c,u,w,o,p,b,c,w,1
s,g,r,t,y,d,d,b,y,t,e,f,s,e,o,u,y,t,s,y,v,p,1
b,f,c,t,m,d,d,b,b,b,e,s,f,c,c,p,o,o,s,h,a,l,1
s,s,g,b,n,a,w,n,n,t,e,s,y,w,o,p,y,n,e,k,s,m,1
f,g,p,t,p,f,w,n,b,b,e,k,f,w,e,p,y,n,z,h,c,g,1
b,y,n,t,a,n,w,n,e,t,?,s,k,b,w,u,y,o,z,b,s,w,1
f,y,y,t,n,f,c,n,g,t,e,y,k,p,w,u,o,n,c,w,a,p,1
c,y,b,t,m,f,d,b,w,t,e,s,y,c,o,u,y,n,p,k,c,w,1
s,s,b,t,c,d,d,b,p,b,?,k,f,y,c,p,n,o,z,b,c,p,1
f,s,b,b,f,n,c,b,u,b,e,f,f,p,g,u,y,n,n,b,v,w,1
s,y,e,b,m,a,w,b,r,b,u,k,y,y,y,p,n,n,p,b,c,u,1
x,y,w,b,a,a,c,n,b,b,r,f,k,y,c,u,n,n,c,h,c,p,1
f,g,g,t,f,a,w,b,u,b,r,k,k,n,n,p,n,t,s,h,v,g,1
c,f,e,b,s,d,d,b,y,b,e,k,y,e,b,p,n,o,z,w,v,w,1
k,y,g,t,a,a,w,n,e,t,r,f,k,w,g,p,y,t,f,y,t,l,1
s,g,g,t,c,a,c,n,y,b,b,y,f,y,e,p,n,n,e,y,n,m,1
x,y,e,t,n,n,w,n,n,b,?,f,y,p,y,u,y,n,c,h,c,g,1
k,f,u,t,f,n,d,n,u,b,?,s,y,n,c,u,y,t,e,r,c,d,1
c,y,y,t,a,d,d,b,r,b,?,s,k,o,e,u,y,t,c,b,t,w,1
b,g,y,b,l,n,c,n,k,t,b,y,k,e,n,u,n,n,e,h,n,w,1
k,g,e,b,m,d,w,n,p,b,u,y,s,y,y,u,w,n,f,u,a,l,1
f,y,e,t,p,f,d,n,r,b,b,y,f,p,e,u,w,o,f,u,n,m,1
k,s,u,t,n,f,c,b,p,b,z,k,k,c,g,u,y,o,n,n,a,w,1
s,g,b,t,s,d,w,n,g,t,z,f,s,w,o,u,y,t,f,y,c,g,1
b,s,r,t,p,d,d,n,y,t,r,y,s,p,o,u,n,t,s,o,a,u,1
c,y,y,t,n,d,c,b,h,b,u,k,f,b,p,u,o,n,c,r,c,l,1
s,s,g,t,n,d,w,b,o,t,r,f,f,n,b,p,n,o,s,n,c,m,1
x,g,g,t,l,d,w,n,g,b,r,y,s,o,o,u,n,o,p,y,a,m,1
c,g,y,b,c,n,d,b,g,t,b,y,y,g,e,p,w,t,l,n,a,w,1
x,g,n,b,m,a,d,n,y,b,e,s,s,g,b,p,w,t,p,r,a,p,1
s,f,y,b,f,n,c,b,n,t,c,s,f,p,n,p,n,n,s,u,s,d,1
b,y,p,b,l,d,w,b,p,b,b,y,y,b,w,u,o,n,z,o,s,g,1
x,s,w,t,l,f,c,n,w,b,u,f,f,w,o,u,y,t,l,w,v,w,1
b,f,y,t,n,a,d,n,g,b,z,y,k,w,b,u,w,t,s,n,a,g,1
c,f,p,b,n,a,d,n,w,b,e,s,f,y,b,p,w,o,f,n,a,u,1
k,y,p,t,a,n,d,b,b,t,e,y,f,n,p,u,n,t,l,n,n,l,1
s,y,b,b,a,n,d,b,y,b,z,s,s,y,p,p,y,o,e,b,a,p,1
b,f,y,t,f,d,c,b,w,b,e,s,s,y,y,p,w,t,s,y,n,g,1
c,g,r,t,s,n,w,n,y,t,u,s,k,n,c,u,w,n,l,b,v,g,1
x,f,n,t,s,n,w,n,e,b,?,k,f,g,n,u,n,n,l,h,v,w,1
f,s,u,t,m,d,w,b,g,t,z,y,s,y,o,p,n,o,z,o,s,w,1
k,s,p,t,y,f,c,n,g,t,r,f,k,o,o,p,n,n,z,r,c,u,1
s,s,u,b,n,d,c,b,u,t,?,s,y,b,c,p,n,n,n,h,n,l,1
x,s,b,b,p,a,d,n,u,b,c,s,s,y,b,p,y,t,f,n,t,d,1
c,f,e,b,c,d,d,n,r,b,u,s,f,o,y,p,n,o,c,o,v,l,1
k,g,b,b,a,n,c,b,g,t,e,s,y,p,c,p,w,t,n,h,c,p,1
c,s,n,b,n,n,d,b,u,b,e,f,y,c,g,p,w,n,f,u,s,l,1
b,f,w,b,p,d,w,n,e,b,z,s,s,o,n,p,o,n,n,y,s,m,1
s,y,g,t,l,a,c,n,y,t,b,s,y,p,n,u,o,t,z,n,a,m,1
c,g,n,b,p,d,d,n,o,t,z,f,y,e,n,p,o,n,l,u,s,m,1
f,g,b,b,f,f,c,n,u,b,e,y,f,e,g,u,y,t,f,w,v,d,1
s,g,u,t,s,n,w,n,u,b,?,y,s,w,w,u,y,o,p,o,c,u,1
k,g,u,t,c,n,c,b,h,t,z,k,s,w,o,u,o,n,l,r,a,p,1
b,y,p,t,s,a,w,b,u,b,?,y,y,c,w,u,n,o,s,o,n,g,1
f,s,w,b,m,a,w,n,b,b,e,k,y,w,e,p,n,n,p,n,c,m,1
x,f,r,t,n,d,w,b,g,t,c,k,s,c,y,p,w,t,e,n,c,m,1
f,g,n,t,m,a,w,b,p,b,r,y,s,n,g,u,o,n,l,u,t,m,1
s,s,e,t,p,n,c,n,o,t,?,y,k,w,c,u,y,o,n,w,v,u,1
k,y,b,b,c,a,c,b,o,t,u,y,f,b,y,p,o,n,c,h,a,g,1
k,y,b,b,p,d,w,b,y,b,r,f,k,c,p,u,n,o,e,n,a,u,1
c,s,b,b,a,f,w,b,y,t,c,f,s,c,o,u,y,n,z,n,a,w,1
b,s,c,b,p,d,d,n,h,t,u,y,f,e,w,p,o,n,s,u,s,l,1
c,y,p,b,l,d,c,b,u,b,e,k,k,c,c,u,w,t,f,h,t,g,1
s,f,n,t,s,n,d,n,r,t,z,k,f,e,p,u,w,n,s,k,s,p,1
k,g,n,b,a,a,d,n,y,t,c,f,y,w,n,p,y,t,s,k,a,l,1
x,s,r,t,p,n,c,n,u,b,?,y,k,w,y,u,n,n,z,k,n,u,1
c,f,y,b,n,n,c,n,p,b,?,f,f,o,g,u,o,t,z,n,a,m,1
b,f,r,b,c,d,d,n,k,t,r,y,f,n,p,p,w,o,z,n,t,d,1
c,s,y,t,f,f,w,n,b,t,?,y,s,n,g,p,o,n,p,b,a,w,1
k,s,p,b,f,n,w,n,n,b,r,s,s,w,y,u,n,n,f,u,c,w,1
b,f,y,b,n,a,w,n,e,t,?,f,k,y,p,u,n,o,e,w,t,w,1
b,s,w,b,m,f,d,b,w,b,r,y,k,c,g,u,y,o,f,k,c,l,1
f,s,g,b,n,n,w,b,h,t,b,y,f,o,o,u,o,t,s,w,t,l,1
b,f,b,b,m,f,w,n,n,t,u,s,k,w,p,u,o,o,s,b,a,p,1
s,s,y,t,f,f,c,n,w,b,?,k,s,c,g,u,n,o,c,h,s,g,1
c,y,e,b,m,n,d,b,k,t,?,k,f,g,g,u,y,o,s,o,n,l,1
k,s,n,t,p,a,d,b,w,t,c,y,s,o,y,p,w,o,l,r,v,d,1
k,s,p,t,y,a,d,b,u,t,e,f,f,c,o,u,w,o,n,h,t,g,1
f,g,w,b,f,f,d,n,b,b,?,y,k,p,e,u,w,o,f,u,a,w,1
s,f,n,t,f,a,d,b,o,b,?,y,y,e,e,p,o,o,l,u,v,m,1
s,g,n,t,c,f,d,n,n,b,u,f,f,o,n,p,o,o,n,r,a,p,1
c,y,w,t,s,n,c,b,u,t,e,k,f,b,c,u,n,o,c,n,s,d,1
c,g,p,t,a,n,w,n,n,b,e,s,f,o,b,u,o,n,n,r,s,w,1
f,y,e,b,l,a,w,b,w,b,c,y,k,o,c,u,n,t,l,h,a,w,1
x,y,y,t,f,d,w,n,y,b,r,f,y,n,b,u,o,o,l,u,n,l,1
f,g,e,t,a,d,w,n,w,t,r,f,s,e,g,p,y,t,p,h,n,l,1
s,g,u,b,a,d,w,n,b,t,z,k,k,b,p,p,o,t,p,u,t,m,1
x,g,u,t,f,a,d,b,u,t,u,k,y,n,g,p,n,o,l,k,v,p,1
f,f,c,t,s,d,w,b,n,b,r,k,k,n,c,p,n,n,l,r,c,p,1
s,s,r,b,m,d,d,b,w,b,r,k,s,c,c,u,y,n,f,h,a,u,1
f,s,e,b,s,a,c,b,o,t,e,f,k,n,b,p,o,t,n,w,v,p,1
s,y,y,t,s,d,c,n,g,b,c,k,f,w,y,p,y,n,f,w,n,l,1
k,y,w,t,p,f,w,n,u,b,z,k,k,w,b,u,y,n,n,n,t,p,1
c,f,n,t,p,n,w,n,n,t,e,s,y,e,n,p,w,t,e,o,a,m,1
k,g,b,b,y,n,d,n,w,b,r,k,f,o,g,p,o,t,z,k,s,w,1
f,s,c,t,m,f,c,n,e,b,u,f,k,w,n,u,y,n,l,b,c,p,1
x,f,b,b,c,a,c,n,u,b,c,y,s,o,n,u,y,o,n,h,t,g,1
s,f,g,t,c,f,d,n,k,t,z,k,f,c,y,p,n,t,e,r,n,u,1
f,f,y,b,y,f,d,b,k,b,u,y,y,b,p,u,o,o,z,w,v,p,1
b,y,p,t,s,f,d,b,u,b,?,f,y,o,e,p,n,t,l,b,a,l,1
s,s,u,t,f,f,d,b,b,t,e,f,s,g,e,p,o,o,f,u,t,p,1
s,y,c,b,n,a,w,b,w,b,c,f,k,o,b,p,n,n,p,b,t,m,1
f,s,b,b,s,a,w,b,y,t,z,k,k,o,e,u,y,t,s,y,a,p,1
k,f,b,t,a,d,d,b,u,t,r,k,s,g,b,u,n,n,e,y,v,g,1
f,g,u,b,a,a,c,b,y,t,r,k,y,n,e,u,o,o,n,u,v,g,1
k,s,r,t,m,f,w,b,y,t,e,k,y,w,b,p,n,t,e,k,s,p,1
b,y,b,t,l,d,w,n,b,t,b,y,f,y,b,p,y,t,z,n,t,u,1
x,f,n,b,c,a,d,b,g,t,c,k,k,w,p,u,n,o,p,k,v,m,1
f,s,p,t,m,f,d,n,b,b,z,f,f,c,e,p,y,n,l,u,s,l,1
s,g,g,b,l,f,w,b,o,t,u,k,y,e,y,u,w,t,l,k,c,p,1
s,f,e,t,p,a,c,n,y,b,c,k,k,n,o,p,w,n,s,w,n,p,1
b,g,w,b,n,a,w,b,o,b,r,s,y,e,e,u,y,t,n,u,s,p,1
s,g,b,t,p,a,c,n,y,t,e,s,s,n,y,p,o,n,c,r,a,u,1
x,g,p,t,l,a,d,b,o,b,b,k,k,e,y,u,n,n,p,n,a,g,1
b,f,g,t,p,n,c,n,p,b,c,f,y,e,p,p,n,o,l,n,a,g,1
b,g,c,b,n,n,c,b,y,t,e,s,s,o,c,u,n,n,z,w,t,u,1
c,s,r,t,a,d,d,n,o,t,b,f,k,e,w,u,w,n,c,h,n,d,1
k,g,y,b,p,a,w,n,g,t,?,f,k,g,b,u,y,o,c,n,a,u,1
b,s,e,t,l,a,c,b,w,t,c,f,k,o,y,p,w,t,s,y,c,d,1
k,y,g,t,n,a,d,n,r,t,z,s,k,o,e,p,w,n,p,k,n,l,1
x,y,r,b,f,n,c,b,o,b,c,y,k,g,y,p,w,n,s,w,s,u,1
s,g,e,b,n,f,w,n,b,t,b,f,k,b,w,u,n,n,p,u,c,g,1
x,s,y,b,c,a,c,n,p,t,z,f,k,n,c,p,w,t,s,k,s,u,1
x,f,n,b,a,n,c,b,o,b,u,s,y,p,e,u,o,o,p,r,a,m,1
k,f,w,b,a,d,c,n,g,t,c,y,y,o,g,u,w,o,p,h,n,l,1
s,g,p,t,m,n,w,b,w,t,c,s,f,y,c,u,y,t,s,b,v,g,1
k,f,w,b,l,f,c,n,e,t,?,s,y,p,e,u,y,n,l,u,s,g,1
f,g,w,b,m,f,d,b,b,t,e,f,f,o,b,p,y,t,n,w,s,m,1
f,y,g,b,y,d,c,n,e,t,b,f,f,g,e,u,y,t,s,k,n,g,1
c,s,e,b,y,f,c,b,p,t,z,s,y,b,e,u,w,t,s,n,n,l,1
s,s,n,t,s,f,c,b,w,t,r,k,k,y,p,p,y,n,s,k,s,p,1
x,s,w,b,s,a,w,n,k,t,?,k,k,p,g,p,o,n,c,o,n,d,1
s,g,b,t,a,a,d,n,b,t,?,f,k,n,g,u,n,n,s,h,t,u,1
k,s,y,t,l,f,w,n,y,t,z,k,s,e,o,p,n,t,p,w,n,d,1
f,y,r,b,c,d,c,b,n,t,b,y,f,p,y,u,n,n,c,h,v,w,1
b,f,b,b,a,d,w,n,o,t,z,y,k,c,c,p,o,n,c,u,n,m,1
x,s,w,b,n,f,c,b,k,t,z,f,k,b,w,p,y,t,l,u,c,g,1
c,s,e,b,y,d,d,b,r,t,c,y,k,w,g,u,y,o,l,w,v,u,1
k,f,p,b,s,d,c,n,b,t,u,s,y,c,g,u,y,t,s,n,a,w,1
b,f,w,b,a,f,w,n,k,b,e,f,s,y,g,u,o,t,s,h,t,d,1
s,g,g,t,p,f,w,b,n,t,u,s,s,p,g,u,y,o,p,y,v,m,1
b,f,w,t,a,n,c,b,y,b,?,f,k,b,c,u,w,o,n,w,c,d,1
b,s,c,t,s,f,d,b,y,t,?,y,s,w,n,p,o,t,p,k,v,g,1
f,y,u,b,l,f,d,n,u,t,c,f,y,p,c,p,y,o,f,o,t,l,1
s,y,r,b,c,n,c,n,b,b,z,s,k,c,w,u,w,n,n,b,n,w,1
f,s,b,t,p,n,c,n,u,t,z,f,f,n,p,p,o,o,z,n,t,l,1
s,f,w,b,p,n,w,n,w,b,b,y,s,w,b,u,y,t,f,n,c,g,1
c,y,u,b,l,f,c,b,r,t,b,s,k,c,y,p,w,o,p,r,v,p,1
c,g,g,t,a,n,w,b,y,b,z,f,s,b,b,p,n,o,n,b,t,d,1
k,s,b,b,m,a,d,n,e,t,r,s,y,p,p,p,y,o,z,b,s,u,1
f,f,r,t,l,d,d,b,w,b,?,y,f,c,y,p,n,o,p,r,s,l,1
c,s,b,b,m,n,w,n,p,b,?,f,s,p,p,u,n,o,c,n,a,w,1
c,y,y,b,m,d,d,n,g,b,b,f,y,w,o,p,w,t,l,u,v,u,1
x,g,n,b,f,n,c,n,e,b,z,y,k,n,c,p,w,o,n,o,a,u,1
c,s,u,b,s,a,w,b,p,b,r,k,y,p,y,u,y,o,n,k,c,p,1
x,g,u,b,p,n,c,b,b,t,?,y,y,w,w,u,o,o,s,r,n,l,1
c,y,w,t,a,f,w,n,h,b,z,s,k,c,c,u,y,t,p,k,a,d,1
f,f,w,t,n,d,d,n,n,t,e,k,y,e,w,p,w,n,p,o,n,g,1
b,f,y,b,c,d,d,n,r,b,b,f,f,e,c,p,n,n,c,o,c,d,1
b,f,g,t,s,f,c,n,h,b,?,f,s,g,g,u,o,n,c,h,c,g,1
c,g,e,b,m,d,w,b,u,b,u,s,y,y,p,u,y,n,n,w,s,u,1
b,g,u,b,a,n,w,b,h,b,?,y,k,w,n,u,w,o,z,u,c,d,1
k,f,g,t,l,f,w,b,n,t,b,s,s,y,y,u,w,t,s,n,s,u,1
c,g,c,b,a,n,w,n,y,t,u,y,y,e,n,u,o,n,z,u,s,w,1
k,y,b,t,c,a,d,b,e,b,?,y,f,y,o,p,o,o,c,y,v,g,1
s,g,n,b,l,a,w,b,h,b,r,k,y,c,y,u,n,o,s,n,a,w,1
f,f,w,t,f,f,d,n,w,t,c,f,s,y,e,p,y,t,e,n,n,l,1
s,g,w,t,p,d,c,n,k,b,c,s,k,g,e,u,w,t,n,h,s,g,1
x,y,r,t,s,a,w,b,w,b,r,y,f,n,b,p,y,t,z,r,t,g,1
c,y,g,t,l,a,w,b,b,b,c,y,y,p,y,p,n,n,l,h,s,p,1
f,f,b,b,p,n,c,n,e,b,z,s,f,n,w,u,w,n,s,y,v,m,1
f,s,u,b,a,f,c,n,e,b,r,y,f,y,p,u,w,t,p,o,c,l,1
b,g,g,b,m,f,c,b,u,t,r,s,y,b,e,p,y,o,z,n,c,w,1
b,s,c,t,l,d,w,b,k,b,r,y,s,y,b,u,w,n,z,h,c,l,1
c,s,e,b,m,d,c,n,y,t,b,k,y,o,b,u,y,t,c,b,c,w,1
s,y,y,b,f,d,c,b,w,b,z,s,s,p,p,p,o,t,f,n,s,d,1
c,g,c,t,l,f,c,b,h,t,?,y,y,e,n,p,y,o,f,u,n,g,1
k,y,c,b,m,d,c,b,u,b,b,f,s,n,p,p,w,o,f,w,a,m,1
x,g,c,b,s,f,d,n,h,t,?,k,k,c,n,u,w,t,n,h,n,g,1
f,g,y,b,a,n,w,b,y,b,b,f,f,g,y,p,w,t,c,k,c,u,1
c,g,w,b,s,n,w,b,r,t,z,y,y,c,w,u,n,t,c,h,a,m,1
k,g,y,t,c,a,w,n,k,t,u,s,k,y,b,u,y,n,s,h,a,p,1
k,y,p,t,n,d,d,b,h,b,u,s,k,w,c,p,n,o,l,n,t,u,1
x,y,p,t,n,f,d,b,e,t,c,s,y,y,g,u,y,n,n,b,n,w,1
x,f,u,t,s,f,d,n,r,b,c,s,f,g,n,u,o,o,z,o,t,d,1
f,s,e,t,y,a,w,b,n,t,c,k,f,w,y,u,y,t,f,o,v,d,1
s,y,n,t,s,a,c,n,w,t,c,f,k,b,e,u,n,n,z,y,n,l,1
x,s,u,b,c,f,c,n,p,t,u,s,k,y,e,u,w,o,z,y,s,w,1
x,g,p,t,m,d,w,b,h,b,?,y,s,y,c,p,y,n,s,w,a,p,1
k,f,y,b,n,d,d,b,e,b,e,k,f,n,o,p,w,n,p,b,a,l,1
b,y,c,t,l,d,c,n,p,t,b,s,y,y,c,p,y,n,n,w,n,g,1
f,f,w,b,a,d,d,n,y,b,u,y,s,g,p,p,o,n,f,u,n,p,1
b,f,g,b,m,a,c,b,g,t,r,s,s,p,n,p,n,n,n,h,c,w,1
s,s,w,b,f,d,w,n,g,b,e,k,s,g,w,u,y,n,z,h,t,u,1
f,s,g,b,p,f,d,n,r,t,u,f,k,w,y,p,o,n,f,n,n,l,1
b,g,b,b,n,f,c,b,b,b,e,s,k,g,c,u,w,n,e,h,s,u,1
c,s,y,t,m,a,c,n,b,t,r,k,s,n,n,p,n,o,c,w,v,l,1
b,g,u,b,l,a,c,b,n,t,c,y,s,p,b,u,y,t,s,k,n,w,1
x,y,b,b,y,d,w,n,u,t,c,k,y,o,y,p,n,n,c,w,t,l,1
k,y,r,t,p,f,w,n,w,b,z,f,s,o,b,p,o,t,s,n,s,l,1
f,y,r,b,l,d,d,b,b,t,b,f,f,b,b,p,n,o,z,k,c,w,1
s,y,c,t,n,d,d,b,h,t,?,k,y,o,g,p,o,n,p,o,n,u,1
x,y,n,t,c,n,w,b,h,b,?,k,f,n,y,p,n,t,p,y,s,p,1
f,s,c,b,p,f,d,b,r,t,c,y,y,y,y,p,y,o,e,h,v,d,1
k,s,u,t,c,d,w,n,w,t,e,s,s,y,g,u,y,t,f,b,t,p,1
k,s,b,t,c,d,c,b,h,t,z,f,s,n,e,p,w,n,z,w,c,m,1
b,s,e,t,a,n,w,n,y,t,e,s,s,w,o,p,y,n,n,k,s,g,1
x,y,u,b,m,d,d,n,h,t,c,y,f,w,g,u,w,o,l,w,c,d,1
c,g,g,t,n,f,w,b,k,t,z,s,y,o,b,u,y,n,z,y,v,m,1
c,y,g,b,l,f,w,n,h,t,c,f,s,g,y,u,n,o,n,y,v,d,1
x,s,g,t,y,d,d,b,e,t,u,k,k,p,w,p,w,n,n,r,v,d,1
k,y,u,t,p,n,d,b,p,t,?,f,s,g,w,u,w,o,z,b,s,g,1
k,s,n,b,f,a,d,b,b,t,r,s,k,g,y,p,n,t,n,r,n,p,1
k,s,r,t,s,f,w,b,k,b,b,y,k,b,o,p,o,o,e,u,s,l,1
f,y,r,b,f,a,c,b,n,b,z,s,k,e,y,u,o,o,s,y,t,g,1
c,f,r,b,p,a,c,n,h,b,u,s,f,y,w,p,w,n,p,h,t,u,1
s,g,b,b,s,n,c,n,n,t,u,s,y,b,o,u,w,o,s,n,t,d,1
f,g,e,b,a,f,d,b,b,b,r,k,k,y,w,u,o,t,z,h,v,d,1
b,s,b,b,f,a,d,n,n,t,b,f,k,y,b,p,o,t,n,k,c,l,1
b,f,n,t,a,n,w,b,h,b,r,y,f,p,p,u,o,t,l,b,n,d,1
k,y,y,b,c,a,d,n,g,b,r,s,s,y,p,p,n,n,f,k,a,p,1
k,y,p,t,y,f,d,b,u,t,e,y,y,p,o,p,w,o,s,w,s,g,1
k,y,y,b,y,d,w,n,r,b,z,s,y,e,e,u,n,t,e,y,v,w,1
k,s,u,t,y,n,d,b,e,t,b,k,y,n,o,p,w,o,n,h,s,u,1
k,y,u,t,y,a,d,b,n,b,u,k,f,c,c,p,o,t,l,b,t,g,1
c,g,p,b,f,d,c,n,n,b,?,f,k,n,y,p,n,t,e,y,v,u,1
c,y,u,b,l,n,c,n,p,t,?,f,k,c,e,p,y,o,s,r,t,m,1
k,s,g,b,y,f,w,b,w,b,b,k,k,g,e,p,n,t,z,u,a,m,1
k,g,n,t,s,f,d,n,e,b,c,f,s,p,n,p,w,t,f,w,c,p,1
s,s,c,t,p,a,d,n,g,t,b,k,y,o,b,u,o,t,n,u,s,m,1
b,s,y,b,p,n,w,n,g,t,e,f,f,p,c,u,y,o,n,u,a,l,1
f,f,r,b,c,f,d,n,b,t,z,y,k,g,n,p,o,t,c,u,a,m,1
c,g,u,t,n,f,d,n,p,b,r,y,k,n,g,u,n,o,l,k,t,u,1
f,y,p,b,f,a,c,n,w,b,?,s,y,e,g,p,y,o,e,n,a,p,1
s,y,u,t,c,f,c,n,h,b,?,f,k,o,c,p,w,t,z,u,t,w,1
c,y,r,b,m,f,d,n,g,t,u,k,k,w,o,p,w,o,l,w,t,g,1
b,f,y,t,n,d,d,n,w,t,r,f,f,o,p,u,n,t,n,r,n,p,1
x,g,y,b,m,d,w,n,b,t,c,s,s,p,g,p,o,t,f,r,s,w,1
x,g,e,t,f,a,w,n,e,b,z,k,s,g,w,u,y,o,p,h,n,w,1
k,y,n,b,s,f,d,b,w,t,r,s,y,y,b,p,w,o,n,k,t,p,1
s,g,u,t,f,f,c,n,b,t,c,k,k,o,y,u,n,n,c,k,n,u,1
c,f,c,t,n,n,c,n,b,t,b,y,k,e,o,p,o,n,s,h,t,l,1
x,y,r,b,s,a,w,b,y,t,?,k,s,y,e,p,y,o,z,h,t,m,1
f,g,n,t,c,n,c,b,e,b,?,s,y,w,n,p,y,t,c,y,n,p,1
s,g,u,t,s,a,c,n,e,b,u,s,k,c,w,u,n,n,p,r,a,d,1
b,y,n,b,l,n,c,n,e,t,b,k,s,b,g,p,y,t,z,n,c,l,1
k,g,p,t,n,f,d,n,p,t,u,y,s,n,e,u,y,o,l,u,v,m,1
f,g,g,b,y,d,c,n,h,b,?,y,s,p,b,p,n,o,c,r,t,g,1
s,g,w,b,n,d,w,n,h,b,r,k,y,p,o,p,w,t,s,r,v,u,1
c,g,n,t,f,a,c,b,g,b,c,k,s,o,n,p,w,t,e,b,v,d,1
b,s,u,b,s,n,c,n,u,b,e,s,s,p,e,u,n,t,z,w,s,m,1
f,s,r,b,y,a,d,n,o,t,r,y,f,e,c,u,w,n,e,b,a,d,1
b,y,w,b,f,f,w,n,r,b,c,y,k,y,w,u,n,t,z,n,s,p,1
b,s,g,t,m,f,d,n,u,b,?,k,k,o,w,u,o,t,p,y,v,p,1
b,f,e,t,a,n,w,b,n,b,u,y,y,c,b,p,y,o,l,n,a,w,1
f,s,b,b,n,n,w,b,w,t,e,y,y,e,o,u,o,t,e,u,c,d,1
k,g,g,t,s,a,c,b,b,b,b,y,s,o,o,p,n,t,z,h,a,l,1
c,g,e,b,l,a,w,b,b,b,b,s,y,p,o,p,o,n,z,u,n,m,1
x,f,n,t,y,d,c,n,r,t,r,k,y,b,e,p,y,t,e,r,a,u,1
b,g,g,b,m,a,d,n,h,b,e,f,s,e,c,p,o,o,s,r,v,p,1
s,y,n,t,y,a,c,n,w,b,z,f,k,o,w,u,y,n,p,o,s,l,1
x,f,r,t,f,n,c,b,o,t,z,y,k,w,e,u,y,t,l,k,v,w,1
c,g,w,b,l,a,d,n,n,t,u,s,k,e,n,u,n,t,p,y,s,l,1
s,y,n,b,f,f,c,b,o,b,b,y,k,y,y,p,y,n,c,u,a,m,1
x,s,y,t,m,n,w,n,p,t,e,k,k,e,b,p,o,t,n,h,n,w,1
b,f,n,b,p,f,c,b,h,b,c,s,k,p,p,p,y,o,f,h,c,l,1
x,s,r,t,f,d,d,n,b,b,?,k,k,o,n,u,n,o,f,h,a,m,1
s,g,g,b,l,n,w,n,k,t,r,k,y,c,g,u,n,o,l,k,t,g,1
b,f,n,t,m,a,c,n,y,t,?,k,s,e,n,p,w,o,p,w,t,p,1
s,f,b,t,p,a,d,b,n,b,r,f,f,p,p,u,o,n,s,b,c,u,1
x,s,p,b,p,f,d,b,p,t,u,s,f,o,n,p,y,n,c,h,n,d,1
f,y,g,t,s,n,c,b,g,b,c,f,y,w,b,p,o,t,e,y,a,l,1
c,y,w,t,c,n,c,b,n,t,c,f,f,c,g,u,w,t,n,u,a,m,1
b,y,u,b,s,d,d,n,u,b,r,y,k,o,o,u,o,t,z,b,n,m,1
x,f,r,t,n,d,d,b,e,t,z,s,k,c,w,u,y,o,n,h,n,m,1
s,g,c,t,p,d,w,n,k,t,e,y,y,o,o,p,y,n,z,b,a,m,1
k,y,y,t,c,n,c,b,e,b,?,s,y,c,o,p,n,t,c,y,n,w,1
k,s,g,b,f,f,c,n,p,t,z,y,f,o,n,p,n,o,p,u,c,m,1
f,f,g,t,f,f,w,n,y,b,r,y,f,w,y,u,y,t,s,h,c,u,1
c,y,n,b,p,a,d,n,p,b,z,k,k,w,n,p,n,n,l,n,v,m,1
s,g,p,b,y,n,d,b,w,t,z,k,k,p,y,p,w,t,f,b,n,g,1
s,y,n,b,m,a,d,b,w,t,r,k,s,p,e,p,n,o,p,o,n,l,1
k,y,p,t,m,d,d,b,p,b,b,k,k,b,p,u,n,o,n,b,c,d,1
b,g,c,b,n,a,c,b,h,t,e,k,k,g,w,u,y,t,e,r,n,d,1
c,g,r,b,f,n,c,n,n,b,e,k,k,o,b,u,w,n,z,w,t,p,1
b,g,b,t,p,a,w,n,y,t,?,s,s,w,b,p,o,n,z,r,t,u,1
x,s,y,t,c,n,c,n,h,t,e,s,y,p,o,p,y,t,s,b,a,g,1
k,f,w,t,f,n,d,b,p,b,r,s,s,e,p,u,n,o,p,w,n,p,1
f,y,p,b,l,f,w,n,b,t,z,y,y,w,p,u,y,n,l,n,t,g,1
f,s,c,t,c,f,d,b,n,b,u,s,y,c,p,u,n,n,p,n,s,d,1
k,y,r,t,a,d,w,b,y,b,e,f,s,g,e,u,n,o,p,w,n,u,1
b,f,y,b,f,f,d,b,b,t,u,f,y,e,o,p,y,t,c,h,s,w,1
k,s,e,t,y,d,w,b,e,t,?,f,y,b,o,u,w,t,f,u,v,m,1
b,s,u,b,c,n,d,n,b,t,c,y,y,p,b,p,w,n,l,h,v,u,1
s,f,r,b,s,a,w,n,n,b,b,y,k,g,w,p,w,n,p,k,v,u,1
f,s,e,b,a,d,c,n,e,b,u,s,k,e,o,p,n,n,l,h,c,d,1
s,f,r,t,a,f,d,b,n,b,c,f,k,w,p,p,o,n,s,n,t,w,1
k,s,y,b,y,d,c,n,p,b,e,s,s,w,b,p,n,t,n,h,c,w,1
x,g,w,t,y,d,w,b,e,t,c,s,y,e,e,u,w,n,p,y,a,w,1
s,s,y,b,s,f,d,b,h,t,?,y,s,p,y,u,n,t,e,b,a,w,1
s,f,b,t,c,d,d,n,n,t,z,k,y,p,p,u,n,n,p,b,c,w,1
f,y,w,t,c,a,w,b,w,t,e,s,f,g,b,u,o,n,c,o,s,w,1
c,g,b,t,a,f,d,b,h,t,z,s,y,e,b,u,y,o,n,r,c,g,1
x,f,n,t,l,n,d,n,w,t,?,s,k,w,y,u,n,o,n,w,t,l,1
k,s,p,t,c,f,d,b,w,t,r,k,k,c,g,u,w,o,z,y,a,m,1
f,g,g,b,y,n,c,b,k,b,?,k,s,y,o,u,n,o,n,y,n,u,1
b,f,e,b,y,n,d,b,r,b,e,f,s,b,y,u,o,o,s,b,n,d,1
x,g,p,b,c,d,w,n,w,t,z,f,s,w,n,u,w,o,p,w,v,p,1
f,f,p,t,c,f,c,b,b,t,z,y,k,e,p,u,o,o,z,h,n,l,1
k,f,c,b,n,a,w,b,b,b,e,s,k,p,c,u,w,t,n,o,s,g,1
s,f,b,b,p,d,c,n,p,t,b,s,f,y,c,p,w,t,l,w,t,w,1
c,g,n,b,a,d,c,b,k,t,e,y,y,g,w,p,w,t,z,u,n,l,1
x,f,p,b,p,a,d,b,y,t,e,k,k,e,g,p,w,n,e,w,s,g,1
c,f,p,b,f,n,c,b,p,b,b,k,s,p,n,p,o,t,s,k,t,l,1
k,y,e,b,a,a,w,b,o,t,e,k,y,c,o,u,y,t,s,b,a,l,1
c,y,g,b,n,a,w,n,k,b,e,s,s,g,b,u,y,o,s,u,v,g,1
k,y,g,b,c,f,w,n,w,b,r,s,y,c,g,p,n,o,p,w,t,l,1
f,s,p,b,s,n,c,b,e,t,b,k,s,g,o,p,n,o,n,h,t,g,1
f,g,w,b,n,a,w,n,k,t,z,f,s,y,w,p,n,o,s,k,t,w,1
b,y,w,t,s,n,w,b,o,t,c,k,s,p,w,u,y,n,n,u,a,m,1
s,y,p,b,l,a,c,n,e,t,u,k,f,y,p,u,o,o,p,y,n,g,1
c,y,c,t,s,n,c,n,y,t,c,s,k,n,c,p,o,t,l,b,s,p,1
x,y,g,b,m,f,c,b,g,t,z,f,s,e,o,p,o,o,c,r,n,m,1
k,g,b,b,m,n,c,b,g,b,c,s,f,o,c,p,w,n,f,o,c,w,1
s,g,g,t,s,n,c,b,n,t,u,f,f,b,y,p,w,t,n,h,a,p,1
c,g,w,t,y,d,w,n,b,t,c,s,k,g,g,p,o,n,z,r,t,g,1
k,f,r,b,s,n,c,n,e,t,e,y,s,o,y,p,w,o,n,b,s,l,1
b,s,u,b,c,f,d,n,u,t,b,k,f,p,w,u,o,n,f,r,t,m,1
x,s,e,t,m,d,c,n,r,b,?,f,f,w,c,p,o,n,c,n,t,d,1
x,f,c,b,n,f,w,b,r,b,b,s,y,g,y,u,w,t,c,b,t,d,1
k,y,u,b,s,d,w,b,w,t,e,s,k,e,y,p,y,n,f,k,c,m,1
c,y,u,b,l,a,w,n,w,t,r,s,y,o,p,u,o,o,n,n,n,u,1
x,f,p,b,f,a,d,n,b,b,r,k,k,w,o,p,w,o,f,y,t,m,1
f,g,y,t,c,f,d,b,u,t,?,k,y,g,p,u,n,o,s,r,s,g,1
x,s,c,b,l,n,c,n,n,b,e,k,s,b,w,u,y,n,e,k,n,l,1
s,f,y,t,a,d,w,n,g,t,e,y,k,c,n,p,o,n,e,o,a,p,1
s,y,u,t,a,n,w,b,n,t,r,k,k,p,n,u,n,n,z,w,a,d,1
f,g,p,t,f,n,c,b,w,b,e,y,k,o,e,p,o,t,z,o,c,u,1
x,y,b,t,n,f,c,b,u,b,?,k,y,g,p,u,n,n,e,y,a,d,1
f,s,r,t,c,d,w,n,n,t,u,k,f,o,o,u,w,o,e,o,t,l,1
s,y,r,b,y,f,w,n,p,t,e,k,f,g,p,p,w,o,f,k,t,d,1
c,y,u,b,c,a,c,n,n,t,e,y,k,o,n,p,y,n,n,u,s,m,1
k,f,p,b,l,f,c,n,e,t,b,f,f,g,y,p,o,o,e,u,a,l,1
c,f,g,b,p,n,d,b,n,t,z,k,k,c,o,p,w,n,l,u,t,w,1
x,y,n,t,a,n,d,b,o,b,b,s,s,p,g,u,y,n,c,r,v,u,1
c,f,c,b,m,n,w,n,n,t,?,y,y,w,y,u,y,t,z,h,c,l,1
b,f,y,t,n,n,w,n,e,b,c,k,f,o,n,u,w,n,e,y,t,m,1
f,s,u,b,c,a,c,b,o,t,?,s,y,p,e,p,n,n,l,h,v,g,1
k,f,u,t,y,d,c,n,r,b,?,y,f,g,c,u,w,n,z,o,n,w,1
x,g,r,b,n,a,d,n,w,b,z,k,k,w,c,p,w,o,z,y,t,g,1
k,f,g,b,c,a,w,n,b,b,z,y,k,e,o,p,o,t,s,w,a,p,1
x,s,e,t,m,d,c,n,e,b,b,s,s,n,p,p,y,t,c,u,v,m,1
c,f,c,b,n,a,w,n,n,b,z,y,k,p,w,u,o,o,z,w,c,l,1
b,s,e,b,s,d,c,b,o,t,e,k,y,p,y,u,y,o,c,o,n,g,1
s,g,r,t,f,a,w,b,u,t,?,y,y,b,b,p,o,o,p,k,a,u,1
f,y,w,b,n,f,w,b,b,b,r,s,y,c,g,p,n,o,n,w,t,p,1
b,f,r,b,y,d,w,n,y,b,b,y,y,e,o,p,o,n,s,y,n,m,1
f,f,y,b,s,d,d,n,b,b,?,f,k,p,w,p,n,o,c,o,s,d,1
b,s,c,b,n,f,w,n,b,b,u,s,f,p,c,p,o,n,s,w,n,d,1
f,y,p,b,s,n,w,n,n,t,e,s,s,c,p,u,n,o,n,r,t,w,1
c,f,r,b,l,a,w,n,y,b,c,f,f,w,g,u,w,n,p,r,s,g,1
b,y,r,b,m,a,w,n,g,t,?,y,y,o,g,p,y,n,n,y,n,l,1
k,s,c,b,l,f,c,n,y,t,e,f,y,b,c,p,w,o,c,b,a,w,1
x,g,u,b,l,a,c,n,h,t,?,s,y,n,p,u,w,o,e,k,v,d,1
x,g,u,b,m,f,c,b,b,b,z,f,k,n,y,p,o,t,l,r,v,w,1
s,s,w,t,l,d,d,n,b,b,u,f,f,g,p,u,w,n,f,y,n,m,1
k,f,y,t,s,d,d,n,o,t,c,f,s,p,g,u,o,o,c,y,s,d,1
f,f,c,t,p,d,d,b,k,t,r,y,y,e,y,p,w,o,l,h,t,l,1
b,g,p,b,n,n,w,b,r,b,e,f,f,c,w,u,n,t,f,r,c,g,1
x,s,r,t,s,n,w,n,p,t,z,s,s,c,b,u,o,o,z,u,n,d,1
s,s,p,t,f,a,c,n,p,b,c,k,y,y,c,p,n,t,z,r,v,g,1
k,f,w,t,l,a,c,n,y,b,c,f,k,b,b,u,w,o,p,u,n,d,1
b,f,r,b,c,n,w,n,h,b,c,k,f,n,w,u,o,o,f,n,s,u,1
b,g,c,t,y,n,d,b,h,b,c,y,s,g,n,p,o,t,p,y,n,u,1
s,y,p,b,m,n,c,b,r,t,?,y,s,c,y,p,y,t,l,r,v,m,1
f,f,g,t,s,a,d,b,k,t,z,f,s,o,o,p,w,o,s,b,v,p,1
c,f,c,t,l,n,c,b,w,t,c,y,f,b,w,p,y,o,c,h,s,l,1
k,y,u,b,c,f,d,b,b,b,z,k,k,e,c,u,n,o,n,n,v,u,1
c,s,e,t,n,a,w,b,p,b,c,s,y,w,e,u,n,o,c,b,v,w,1
x,y,y,b,s,n,d,b,w,t,r,y,s,g,p,u,y,o,l,r,v,m,1
k,y,w,t,n,f,c,n,e,t,r,f,k,w,n,p,o,t,e,k,t,u,1
s,g,b,b,l,n,c,n,g,b,e,f,y,w,y,p,o,o,l,h,n,m,1
c,y,b,b,c,n,c,n,y,t,c,s,s,o,w,p,y,n,f,h,s,m,1
b,f,u,b,m,d,d,b,r,b,b,f,k,w,g,u,w,t,e,u,a,g,1
b,g,p,t,f,f,d,n,h,t,e,f,f,y,o,u,o,n,f,y,v,d,1
b,s,c,t,y,f,c,n,r,b,r,y,f,y,o,u,y,n,c,u,c,g,1
k,g,b,b,s,d,w,n,h,b,c,f,s,o,w,p,y,t,f,r,c,d,1
k,s,c,t,m,n,d,b,y,b,z,f,f,e,o,p,o,t,n,n,t,p,1
k,s,e,t,c,d,d,b,b,b,u,s,y,w,e,p,w,n,z,y,t,p,1
k,f,r,b,s,a,d,b,o,t,r,k,y,c,n,u,n,t,z,n,n,g,1
b,s,r,t,y,f,w,n,o,b,e,k,y,w,o,p,o,n,p,y,v,u,1
f,f,c,b,c,a,w,n,b,t,?,y,y,n,w,p,y,n,s,k,v,u,1
s,g,e,t,m,n,d,n,w,b,e,k,f,o,o,u,y,n,z,k,t,m,1
s,y,b,b,y,n,c,b,o,t,u,y,y,y,n,p,n,t,s,u,t,l,1
c,y,y,t,m,d,c,n,p,t,e,f,y,c,g,p,o,n,c,y,n,l,1
f,f,b,b,m,n,c,b,p,b,?,k,y,p,n,p,w,t,n,h,a,d,1
c,s,p,t,f,a,w,b,y,t,u,y,y,p,o,p,w,n,e,n,n,p,1
c,f,u,t,y,a,c,n,b,b,?,f,y,c,c,p,o,n,c,u,t,u,1
k,g,g,b,y,f,w,b,k,t,e,f,k,b,c,u,y,o,n,k,t,d,1
c,f,n,b,n,n,w,b,y,t,r,k,k,g,w,p,w,n,n,r,v,u,1
f,f,w,t,n,d,d,b,r,b,?,y,k,b,p,p,y,n,f,o,a,p,1
f,y,g,t,a,f,d,b,h,t,z,s,k,c,n,p,n,t,p,y,n,u,1
f,s,g,b,c,n,w,b,g,t,c,k,f,y,e,u,y,t,p,n,t,p,1
c,f,y,t,a,f,d,n,p,t,?,y,k,y,b,u,o,o,e,b,v,l,1
c,y,r,b,p,n,d,b,h,t,e,f,k,e,o,p,w,t,n,b,n,m,1
f,g,c,t,y,n,d,b,g,b,z,y,y,p,n,u,n,o,z,b,t,d,1
f,y,p,b,l,a,d,b,p,t,?,f,y,p,b,p,w,o,f,w,v,w,1
f,g,w,b,f,a,d,n,o,t,z,y,s,b,b,u,o,t,e,n,v,p,1
b,y,w,t,l,a,c,n,p,b,z,k,f,w,o,p,w,o,l,w,n,u,1
f,g,c,t,f,d,w,n,p,t,z,y,y,o,p,p,y,n,s,h,a,g,1
b,g,p,t,l,n,w,b,g,t,r,y,f,g,g,u,w,t,e,u,s,g,1
x,s,e,b,m,d,w,b,e,b,b,s,y,b,b,p,o,t,n,h,c,u,1
s,s,r,b,p,d,c,b,r,b,?,f,f,y,g,u,o,o,z,y,s,m,1
c,y,u,b,n,d,c,n,p,b,c,k,f,c,o,u,n,o,z,y,a,m,1
b,f,u,t,p,n,c,b,e,b,b,k,k,o,c,p,o,o,z,k,c,m,1
s,f,p,b,m,f,c,n,k,t,u,s,k,e,w,p,o,n,f,n,c,p,1
k,y,p,b,m,d,d,b,r,b,u,k,s,y,c,u,w,o,n,h,n,d,1
x,y,w,t,y,f,w,n,w,b,b,k,k,n,p,p,o,t,p,b,c,l,1
c,s,b,b,p,d,d,n,y,t,u,k,f,n,p,p,n,n,p,h,c,m,1
k,y,g,t,l,f,d,b,r,t,u,s,y,g,e,p,n,o,s,o,n,w,1
k,f,y,t,f,d,d,b,n,b,b,k,k,w,n,p,w,n,e,u,n,p,1
k,y,n,b,n,a,c,b,h,b,c,k,y,e,b,u,y,o,f,b,n,l,1
s,s,r,b,a,f,d,b,p,b,u,y,s,p,e,p,n,n,e,k,c,d,1
f,g,c,b,y,a,d,b,h,t,c,s,s,b,e,p,w,t,z,y,v,l,1
f,s,e,t,a,f,d,n,k,t,r,y,s,y,e,u,w,t,c,o,a,d,1
c,g,w,t,p,d,c,n,n,t,u,k,y,e,w,p,n,o,z,k,a,g,1
f,g,p,b,a,d,w,b,k,b,z,f,y,o,c,p,n,o,e,r,t,l,1
k,f,c,b,m,n,d,b,u,b,u,s,y,y,n,p,y,o,c,y,a,u,1
b,g,c,t,f,d,w,b,u,b,e,s,y,y,w,u,y,t,f,o,n,g,1
x,g,b,b,p,d,c,n,y,b,r,k,k,w,p,u,n,t,l,o,a,m,1
x,f,w,t,a,n,c,b,o,b,e,f,k,g,o,u,o,t,f,k,n,u,1
f,y,b,t,s,a,d,b,k,t,?,s,k,b,e,p,w,o,f,r,t,g,1
f,s,p,t,c,d,d,n,h,b,e,s,y,c,n,p,y,o,f,o,n,g,1
c,s,p,t,n,f,d,n,k,t,r,k,k,y,g,p,y,t,p,n,a,m,1
s,g,g,b,y,n,c,b,h,t,b,f,y,n,p,p,o,o,s,o,s,u,1
k,y,p,t,m,n,c,b,b,b,z,k,f,c,e,p,n,o,p,n,c,w,1
k,s,u,b,l,n,w,b,o,t,c,s,f,c,g,u,w,n,l,w,a,p,1
x,y,p,t,y,d,d,n,o,b,u,s,k,p,n,u,w,t,p,w,a,g,1
b,s,n,b,c,f,w,n,w,b,?,y,y,g,n,p,w,t,c,u,c,w,1
s,f,n,b,n,d,w,n,g,b,?,s,k,y,c,p,n,n,s,h,s,u,1
b,s,g,t,s,n,d,b,e,b,?,f,y,p,g,u,n,t,f,k,n,d,1
s,y,r,b,s,d,c,b,r,t,r,f,f,c,c,u,o,n,e,n,a,p,1
f,g,p,b,a,n,w,b,b,t,e,s,k,y,g,p,o,n,n,y,s,m,1
s,g,e,t,f,f,d,b,b,b,r,y,s,g,n,u,o,t,n,b,s,w,1
k,f,c,t,f,d,w,b,g,t,c,s,y,g,o,p,y,o,e,b,a,l,1
x,f,b,b,c,a,w,n,o,b,b,y,s,y,p,u,w,o,n,y,v,g,1
k,g,r,t,a,f,d,b,u,t,b,f,y,g,p,u,y,t,n,r,c,g,1
c,y,r,b,y,a,d,n,h,t,b,s,y,o,w,p,n,n,n,h,c,w,1
k,f,g,t,a,n,c,b,o,b,e,f,k,b,w,u,n,t,z,k,v,w,1
f,f,u,t,y,d,w,b,e,b,?,k,f,n,n,p,w,o,n,n,n,w,1
k,g,e,b,f,a,d,n,w,b,r,s,f,p,y,u,w,t,s,u,c,w,1
c,y,c,t,s,f,c,n,k,b,?,f,k,e,n,p,y,t,z,b,a,u,1
c,s,u,t,c,f,w,n,y,t,e,f,y,n,g,p,o,o,l,u,c,l,1
c,g,c,t,n,f,d,b,u,b,e,f,k,p,c,p,y,o,s,h,a,p,1
s,y,g,b,y,d,w,n,w,t,z,k,k,n,o,u,y,t,p,y,a,g,1
x,g,b,b,c,d,d,n,w,b,?,k,s,b,o,p,y,t,p,r,n,g,1
c,f,r,b,f,f,d,n,h,t,u,y,y,e,y,p,n,n,n,n,t,d,1
k,g,c,t,c,d,w,n,o,t,u,k,y,n,b,p,y,n,c,w,v,d,1
b,y,e,t,l,n,d,b,o,b,b,k,f,g,e,p,o,t,s,k,v,u,1
c,y,g,b,l,f,d,b,o,t,?,f,f,b,c,p,w,o,n,k,n,g,1
s,g,g,b,f,f,d,b,p,b,z,s,f,n,p,u,o,t,p,y,t,d,1
c,y,r,t,m,a,w,b,p,t,u,y,y,y,p,u,y,n,s,k,s,p,1
k,s,e,b,a,a,d,n,b,b,?,s,f,p,o,u,y,n,n,u,c,l,1
x,s,g,b,c,a,c,b,g,b,u,f,s,y,p,u,o,o,p,u,t,p,1
f,f,r,t,l,f,w,b,o,b,r,k,s,w,p,u,w,n,c,k,a,u,1
k,s,p,b,c,n,d,n,w,t,b,f,k,o,n,p,o,n,l,r,t,u,1
k,f,c,b,n,a,w,n,h,b,e,s,s,w,c,u,n,n,n,h,n,l,1
b,g,w,b,p,d,w,n,k,b,c,y,k,o,y,u,n,o,l,y,c,g,1
f,f,b,t,c,f,d,n,g,t,?,k,s,w,n,u,w,o,p,u,t,w,1
s,g,w,b,n,a,w,b,o,b,u,y,f,p,g,p,w,t,z,u,a,u,1
x,y,u,t,f,a,w,n,g,b,e,y,f,w,c,u,y,n,s,o,n,w,1
f,y,u,t,m,a,d,n,r,t,r,k,k,b,c,u,w,n,f,r,t,l,1
s,g,w,t,n,n,d,b,n,t,u,s,y,c,c,u,y,o,c,u,n,d,1
b,f,n,t,a,n,d,b,n,b,c,y,f,b,w,p,n,t,f,b,t,m,1
k,y,n,b,l,a,w,b,g,t,r,s,k,n,y,u,o,o,l,y,s,l,1
c,s,y,b,c,d,w,n,k,b,z,k,y,o,g,p,o,n,e,r,c,l,1
c,g,b,b,m,a,c,b,y,t,c,k,s,y,c,p,y,t,c,u,a,l,1
b,y,e,b,m,d,d,n,r,t,e,s,y,p,y,u,n,o,c,n,n,g,1
b,y,p,t,n,f,w,b,p,t,r,s,f,b,e,p,y,o,l,y,t,u,1
f,y,c,t,y,f,w,n,w,b,r,f,k,c,b,u,o,t,c,o,a,m,1
c,f,c,b,p,d,d,n,u,t,e,k,k,n,o,p,w,t,c,r,a,w,1
k,f,g,t,c,a,c,n,u,t,b,k,k,o,c,p,o,t,e,w,c,g,1
x,f,y,t,s,f,d,n,w,t,r,y,s,y,y,u,o,n,f,b,s,d,1
s,f,e,t,y,n,d,b,o,b,c,s,f,n,e,u,n,n,e,r,a,d,1
s,g,e,b,a,n,c,b,r,b,b,y,k,e,p,u,n,o,s,h,a,p,1
x,y,y,b,y,n,d,n,h,b,z,s,f,p,o,u,o,n,l,r,n,m,1
x,s,y,t,c,a,w,n,n,t,u,k,s,n,n,p,y,n,e,h,a,u,1
b,g,e,t,n,n,d,n,u,b,?,k,y,e,b,p,o,n,f,k,s,w,1
k,f,y,t,y,n,w,n,p,t,?,s,y,e,o,u,w,t,f,h,s,l,1
k,y,n,t,a,n,d,b,g,b,c,k,s,y,o,p,o,n,e,h,a,d,1
b,g,n,t,a,n,c,b,n,b,?,s,f,w,y,u,n,o,l,h,v,m,1
x,s,y,b,y,a,c,n,o,b,z,f,f,e,e,p,n,o,z,r,t,u,1
f,f,w,b,s,a,c,b,h,b,u,f,y,c,e,u,o,n,n,n,a,l,1
s,y,r,t,n,n,w,n,b,b,r,s,k,c,w,p,o,n,p,o,c,d,1
f,g,b,t,c,f,d,b,b,b,c,y,k,n,g,p,n,n,f,b,n,m,1
s,y,e,b,p,a,w,b,h,b,c,f,s,c,g,p,o,t,z,y,v,m,1
k,y,p,b,m,d,w,b,e,t,e,s,k,w,o,p,o,o,f,w,v,w,1
c,f,w,b,m,a,c,b,y,b,b,f,y,y,b,u,w,o,n,w,c,d,1
b,y,p,t,f,d,w,n,n,b,b,y,s,c,y,u,o,n,f,u,t,u,1
f,s,e,t,m,n,d,n,o,t,b,f,y,n,g,p,n,n,e,o,v,d,1
x,f,y,b,a,f,w,b,n,b,u,k,y,g,y,u,w,o,z,y,c,w,1
x,f,p,b,m,d,c,n,y,t,?,f,f,g,c,p,n,t,n,o,t,w,1
c,s,u,t,m,n,c,n,h,b,c,s,s,o,p,p,o,t,n,y,c,w,1
s,g,y,b,s,f,w,b,h,b,r,s,k,o,b,p,y,n,n,u,n,u,1
b,f,e,b,l,f,c,n,u,b,e,y,s,g,b,p,w,n,f,b,n,p,1
s,s,c,b,p,n,c,b,e,b,r,y,y,p,p,u,w,t,c,u,n,u,1
b,y,r,b,f,a,w,n,r,b,u,k,y,y,o,p,w,o,p,w,v,w,1
b,s,c,b,s,n,w,n,b,b,r,s,y,n,e,u,o,t,f,u,n,w,1
c,s,g,t,a,a,d,b,b,t,r,y,y,b,n,p,w,t,l,r,s,l,1
x,y,n,b,s,a,w,n,p,t,c,f,s,w,w,u,n,o,l,o,c,m,1
s,y,u,b,f,d,d,n,k,t,b,y,s,c,g,u,n,o,e,r,n,l,1
k,y,r,t,f,a,d,n,n,b,c,f,s,n,c,u,y,o,e,y,t,g,1
b,g,r,b,y,n,c,n,k,b,?,f,s,w,w,p,n,n,z,n,s,g,1
c,g,u,b,l,d,d,b,n,t,r,k,k,w,b,p,y,n,f,r,t,w,1
c,g,w,b,p,d,c,b,o,t,e,y,s,p,o,u,n,t,z,r,c,m,1
s,g,w,t,m,f,w,b,g,t,z,s,f,g,g,p,n,n,f,h,v,l,1
f,g,e,b,n,n,c,b,y,t,z,y,k,n,y,p,n,o,e,k,n,d,1
c,f,b,b,f,f,d,n,p,t,?,y,y,c,c,u,w,t,s,b,t,p,1
f,y,n,b,l,a,d,b,o,b,e,k,k,e,w,p,n,o,c,w,s,p,1
s,s,b,t,a,f,c,b,u,t,c,k,s,o,p,u,o,n,l,o,s,u,1
s,g,p,b,n,f,d,n,h,b,c,s,k,g,p,u,y,o,z,o,v,u,1
s,y,c,b,y,f,c,b,n,b,r,k,y,y,b,u,o,t,s,o,s,g,1
s,y,b,t,s,a,d,b,b,b,?,f,k,o,g,u,o,t,n,k,c,l,1
f,f,p,t,y,a,w,b,h,b,c,k,f,n,o,p,o,o,e,h,n,d,1
s,y,c,t,c,n,w,n,h,b,e,s,y,e,b,p,w,n,z,o,t,m,1
b,s,e,b,c,f,d,b,k,b,z,k,k,o,p,p,y,t,p,o,c,d,1
s,y,g,b,s,n,w,b,h,b,c,y,y,b,o,u,o,n,f,b,v,p,1
c,f,p,t,p,n,d,n,h,b,?,y,f,n,o,u,n,n,f,o,n,w,1
k,y,u,t,y,a,c,b,r,b,z,s,f,p,b,u,n,n,z,n,n,p,1
c,y,y,t,y,f,d,b,h,t,b,s,k,o,e,u,w,o,p,b,v,w,1
c,f,r,t,a,f,c,n,o,t,c,f,s,c,g,p,n,t,e,y,c,m,1
f,s,r,b,c,d,w,b,p,t,r,k,k,g,b,u,w,o,s,r,c,l,1
f,g,r,b,m,n,c,n,p,t,b,k,y,w,n,p,w,o,f,n,a,d,1
f,f,w,t,m,a,c,n,k,t,e,y,f,e,w,p,y,t,f,o,t,p,1
s,f,e,b,y,f,c,b,r,t,c,k,k,g,c,u,o,o,e,w,n,m,1
k,g,e,b,p,a,d,b,h,b,r,k,y,y,e,u,n,t,f,o,t,p,1
s,f,u,t,n,n,c,b,r,b,r,s,k,n,o,p,o,o,p,w,a,p,1
s,f,p,b,p,n,w,b,p,b,e,s,f,e,e,u,w,n,z,n,c,u,1
f,f,u,b,f,n,c,b,g,b,?,y,f,b,p,u,y,n,z,b,t,l,1
x,s,y,b,y,a,c,n,e,b,?,s,f,w,y,p,o,t,l,u,t,l,1
c,s,u,b,y,f,c,b,u,t,c,y,s,o,g,u,n,n,p,y,v,p,1
k,y,e,t,f,d,w,n,o,t,b,f,f,c,y,p,y,t,l,u,s,p,1
f,g,u,b,y,f,w,b,w,t,z,f,k,o,w,u,w,n,f,b,c,w,1
s,g,c,t,p,f,w,b,p,b,r,y,f,o,c,u,o,t,p,w,c,m,1
k,y,g,t,f,d,w,b,h,b,u,y,f,y,y,u,w,t,s,w,v,l,1
x,g,w,t,p,a,c,n,w,t,c,y,s,y,c,p,y,o,l,k,n,w,1
k,f,g,t,m,n,c,b,y,t,b,k,f,o,p,p,n,n,n,u,a,u,1
s,y,p,b,m,d,d,n,b,b,?,s,y,y,n,p,n,o,f,y,a,d,1
f,g,y,t,l,a,d,b,b,t,u,k,y,p,y,p,w,t,s,n,v,m,1
s,s,p,t,l,f,c,n,u,b,r,k,k,n,c,p,n,n,e,o,t,g,1
f,g,g,b,p,a,d,n,n,b,r,k,f,y,o,p,n,o,s,y,v,m,1
c,f,b,t,s,n,c,n,p,b,c,s,s,g,y,u,o,o,n,u,a,d,1
c,y,w,t,s,f,c,n,g,b,?,y,k,e,p,u,n,t,e,r,v,w,1
x,g,u,b,s,a,c,n,b,b,c,y,s,e,w,p,w,o,f,y,a,d,1
x,y,c,b,s,f,d,n,r,b,r,s,f,o,g,u,o,n,p,w,n,p,1
x,y,b,t,y,n,w,n,n,t,?,k,k,e,o,p,w,n,f,k,t,u,1
c,g,c,t,m,f,w,b,b,b,b,k,k,b,o,u,y,n,c,h,s,u,1
x,g,r,t,l,d,w,b,e,t,r,f,y,b,w,p,o,n,n,r,a,u,1
b,g,p,b,a,f,d,b,e,t,c,s,k,o,p,u,y,n,n,r,c,u,1
c,s,r,t,c,n,c,b,k,b,u,y,f,p,y,u,w,o,n,b,a,d,1
x,f,w,b,m,n,w,n,g,t,z,y,s,e,e,p,n,t,p,r,v,w,1
x,g,u,b,a,a,w,n,y,b,e,f,s,p,c,p,n,o,s,u,v,l,1
k,y,n,t,m,n,d,b,k,b,c,s,k,y,y,u,w,o,p,h,n,p,1
k,f,w,t,f,f,c,n,k,b,e,f,s,w,o,u,o,n,c,u,c,d,1
b,y,y,t,m,a,d,n,e,b,z,y,f,w,c,p,w,o,s,b,n,g,1
s,g,g,t,s,f,c,n,y,b,?,k,k,n,e,u,n,n,e,w,a,p,1
c,s,w,t,c,f,w,b,b,t,e,k,k,e,g,u,o,o,z,r,t,u,1
b,g,b,t,f,a,w,n,p,b,z,f,f,n,n,p,n,o,n,o,t,p,1
s,g,n,b,y,d,d,b,w,b,c,y,y,c,o,p,o,o,f,b,n,u,1
k,g,g,b,y,f,c,n,o,t,b,s,s,p,p,u,y,n,s,w,s,m,1
b,f,g,t,m,a,w,n,n,b,b,k,y,n,g,p,w,t,z,n,v,d,1
c,s,e,b,p,f,d,b,b,t,r,s,y,c,w,p,w,t,s,o,n,w,1
f,g,p,b,a,f,w,b,r,b,?,f,f,b,o,p,y,o,l,b,v,p,1
f,f,y,t,p,a,c,b,r,b,r,k,k,p,g,p,o,t,n,w,s,d,1
s,g,g,b,c,d,c,b,g,b,c,f,f,c,n,p,w,t,p,o,t,d,1
c,f,n,b,c,n,c,n,w,b,z,s,k,p,g,u,n,n,l,h,a,l,1
f,g,b,b,l,f,c,b,e,b,?,k,k,p,w,u,o,t,f,u,a,w,1
x,y,w,t,y,d,c,n,p,b,r,s,f,c,c,u,o,n,z,h,t,p,1
c,y,n,b,l,a,c,b,r,t,e,s,y,b,w,p,o,n,z,n,n,g,1
b,g,w,t,f,f,d,n,b,t,b,k,f,p,n,u,y,n,z,n,t,l,1
b,y,p,t,m,n,w,b,y,t,b,s,s,y,y,p,o,o,f,h,s,u,1
f,f,w,t,p,n,c,n,u,t,z,k,s,b,c,u,n,n,p,w,n,p,1
x,y,c,t,l,d,c,n,g,t,e,s,k,y,p,p,w,o,p,w,t,w,1
c,y,p,t,f,d,c,b,w,t,z,f,y,g,p,p,w,t,c,u,n,l,1
k,y,e,t,f,a,d,b,r,t,b,f,f,y,y,u,n,n,e,n,s,l,1
s,y,c,t,c,n,c,b,p,b,r,y,y,c,o,u,y,n,n,h,c,l,1
b,y,u,b,m,n,d,b,p,t,?,s,y,e,c,u,w,t,p,o,s,g,1
c,f,n,b,c,a,w,n,k,t,e,k,k,g,g,u,y,o,e,w,v,p,1
c,f,r,b,f,d,d,b,b,t,z,f,k,p,p,p,y,t,l,w,v,g,1
c,y,e,t,f,a,c,n,e,b,e,f,s,c,p,p,w,o,s,u,v,g,1
b,y,u,b,s,d,c,b,r,t,c,k,y,c,y,u,y,t,l,y,v,d,1
k,s,b,t,p,f,w,n,e,t,r,k,s,b,b,u,w,n,c,u,t,l,1
c,f,e,b,f,n,c,n,b,b,e,k,y,o,o,p,y,n,s,k,t,l,1
f,y,g,b,f,d,c,b,n,t,?,k,k,b,e,p,w,o,e,w,v,l,1
b,g,n,t,s,n,c,b,k,b,z,s,y,c,n,u,y,o,z,k,t,d,1
b,f,n,t,y,a,w,n,w,t,?,s,s,p,w,p,o,t,f,u,s,g,1
b,f,e,b,c,n,w,n,y,t,u,s,s,p,g,p,w,t,z,r,c,w,1
k,s,b,t,n,f,c,b,o,b,b,s,f,o,o,u,y,t,e,y,a,m,1
k,f,u,t,p,d,w,b,o,t,z,k,k,g,y,u,w,o,p,h,s,l,1
k,g,u,b,s,d,c,n,n,t,r,s,y,g,e,p,w,t,z,u,v,l,1
x,y,r,t,m,d,c,n,e,t,u,f,s,n,g,p,y,o,s,w,v,l,1
x,g,e,b,s,a,c,n,y,t,u,y,f,w,b,p,y,t,l,h,a,w,1
k,y,p,t,f,d,c,n,y,b,e,s,s,w,y,u,o,o,e,o,a,u,1
b,f,r,b,l,n,c,b,p,b,z,s,s,n,n,u,y,o,l,r,a,m,1
c,y,w,t,s,f,w,b,g,t,z,f,f,o,p,u,o,n,p,y,t,l,1
k,s,p,b,p,d,w,b,k,b,z,k,f,n,o,p,n,o,l,w,t,d,1
s,g,w,b,y,n,d,n,k,t,b,f,f,b,n,p,n,n,e,k,v,d,1
x,y,n,b,f,a,d,b,e,t,c,f,k,b,c,u,y,o,n,u,s,l,1
s,g,g,b,p,f,c,n,b,t,b,y,k,n,b,p,o,o,l,y,n,u,1
c,g,b,b,s,n,c,n,u,t,?,s,k,o,e,p,y,n,s,k,n,m,1
c,y,w,t,m,f,w,n,e,t,z,f,s,w,n,u,n,o,c,r,c,d,1
c,y,c,b,m,d,c,b,o,t,?,f,y,c,o,u,o,n,n,w,c,g,1
c,g,n,t,n,n,w,n,e,b,z,k,f,w,e,p,w,o,s,r,c,w,1
b,g,g,b,a,f,c,b,r,b,u,s,s,b,y,p,y,o,f,o,n,w,1
x,g,r,t,a,n,d,n,y,b,u,y,k,g,c,u,y,n,z,y,t,p,1
b,f,n,b,a,f,d,b,o,b,e,f,k,p,w,u,n,t,p,r,v,m,1
f,s,n,t,s,d,c,n,e,b,u,f,s,n,c,u,w,n,c,u,n,m,1
c,y,u,b,l,a,c,n,b,t,e,s,y,c,c,u,n,n,n,b,c,p,1
s,s,y,t,n,f,d,n,r,b,r,k,s,c,o,p,n,n,c,o,n,w,1
x,f,y,b,f,a,c,n,e,b,e,k,f,c,y,u,y,t,c,b,a,u,1
f,y,p,b,m,n,d,b,e,t,c,f,f,b,b,p,o,t,c,k,n,p,1
s,s,w,b,n,n,d,b,u,t,e,k,s,w,e,u,w,n,z,h,v,m,1
c,g,w,t,s,a,c,n,o,b,e,s,k,w,c,p,o,o,l,w,s,d,1
s,f,n,t,l,n,w,b,r,b,b,y,s,c,n,p,n,n,f,b,s,g,1
b,y,p,t,m,d,w,b,b,t,e,f,s,o,o,u,w,t,n,w,n,u,1
s,f,w,t,c,d,c,b,e,t,b,s,s,o,w,p,w,t,f,r,t,p,1
x,g,y,t,m,f,d,b,u,t,e,f,y,b,e,p,w,n,s,o,v,d,1
f,y,c,t,y,d,w,n,r,b,r,k,f,c,y,p,y,t,z,r,t,d,1
k,s,u,t,n,d,d,b,o,b,r,k,k,b,b,p,o,n,z,n,s,p,1
c,y,r,t,m,f,d,b,h,t,u,s,k,c,o,u,y,o,p,k,n,u,1
x,y,p,b,m,n,w,b,w,b,e,s,y,e,g,p,o,o,s,u,v,l,1
k,y,p,t,a,d,w,b,h,b,z,f,k,g,c,u,w,t,n,k,c,l,1
f,y,w,b,m,a,d,n,b,t,u,s,k,p,e,u,w,t,s,h,a,l,1
f,s,n,t,c,d,w,b,o,b,r,s,f,p,y,p,y,n,l,b,n,m,1
k,g,b,b,l,a,d,n,h,t,u,f,y,g,b,p,o,o,z,n,n,l,1
b,y,r,b,n,f,w,n,g,b,?,y,k,g,b,u,w,o,c,u,c,m,1
k,g,u,b,p,f,c,n,k,t,e,f,f,n,e,u,o,t,e,o,n,p,1
x,y,g,t,c,a,d,n,o,b,u,f,y,n,b,p,n,t,n,w,v,p,1
b,y,p,t,n,d,d,n,n,b,u,y,s,g,e,u,o,o,s,k,s,w,1
b,y,u,t,c,d,w,n,h,t,r,s,s,o,y,p,w,t,s,n,n,d,1
b,y,n,b,l,d,d,n,k,b,c,k,k,p,y,u,w,t,l,b,s,u,1
c,f,y,t,n,d,w,b,h,t,c,k,k,e,y,p,o,t,f,u,t,w,1
k,s,n,t,a,f,d,n,e,b,r,f,s,w,w,p,o,o,p,u,c,d,1
x,g,y,b,c,a,w,b,g,b,e,f,y,y,n,p,y,o,l,y,s,d,1
c,s,w,b,l,d,c,b,h,b,?,y,f,y,b,p,w,t,n,u,a,l,1
s,s,n,b,n,n,c,n,r,t,r,f,k,o,n,p,n,t,n,n,v,u,1
b,y,p,b,m,d,c,b,y,b,r,f,s,c,o,u,w,o,f,y,n,p,1
f,y,g,b,f,f,c,b,r,t,e,s,y,c,w,u,n,o,f,r,n,w,1
x,g,w,t,n,f,d,b,o,b,z,f,k,w,g,u,o,n,e,n,c,l,1
x,g,g,t,n,d,c,b,k,b,?,k,k,c,p,u,o,o,s,y,s,m,1
x,g,g,t,a,f,c,b,n,b,c,f,s,w,p,p,o,n,n,b,s,u,1
b,s,r,t,c,a,d,n,n,b,u,f,s,o,o,p,o,t,n,y,s,p,1
f,f,g,t,c,d,d,b,h,t,z,k,s,c,e,u,w,n,f,k,n,g,1
s,f,p,t,m,f,w,n,u,b,e,y,f,n,b,u,y,o,p,w,a,l,1
c,s,e,t,c,f,c,n,o,t,u,y,k,c,o,u,w,o,e,o,v,p,1
b,s,c,t,f,a,d,n,b,t,c,y,s,g,p,u,w,n,n,r,v,d,1
c,y,w,b,l,a,w,n,n,t,?,f,f,b,n,p,w,n,s,r,c,u,1
c,s,r,t,s,f,c,n,b,b,z,y,k,p,n,u,w,t,l,r,n,u,1
b,f,p,t,s,d,d,n,g,b,c,y,y,n,b,u,w,o,f,n,s,g,1
b,g,w,t,l,n,d,n,k,b,u,f,k,o,g,p,y,t,f,h,c,l,1
k,s,g,b,l,f,w,n,g,b,?,k,f,b,b,p,o,n,s,o,t,p,1
b,g,c,b,m,n,w,b,w,b,?,y,k,c,n,p,o,n,z,w,n,m,1
x,s,u,t,m,a,c,n,g,t,e,s,k,g,b,u,w,t,f,n,s,d,1
k,f,e,t,a,f,c,b,k,t,?,y,s,o,g,p,y,n,p,k,n,m,1
k,y,r,t,a,d,w,n,r,b,?,k,y,e,y,p,n,t,z,b,c,p,1
x,s,e,t,y,n,w,n,o,t,e,s,s,n,o,p,y,o,e,o,v,u,1
x,y,r,t,s,n,d,n,b,t,e,k,k,p,c,u,n,o,z,n,c,d,1
b,g,y,t,a,a,c,n,b,t,c,k,k,e,p,p,o,o,l,k,v,l,1
s,f,p,t,c,f,w,n,g,t,?,s,y,b,b,u,w,t,p,u,s,l,1
b,y,y,t,s,f,w,n,o,t,u,f,f,o,w,u,y,n,p,u,a,w,1
s,s,e,t,s,n,d,b,k,b,u,y,s,g,o,u,y,o,l,u,n,d,1
f,y,y,t,n,f,w,b,r,t,e,s,f,w,y,u,n,n,f,u,v,w,1
f,g,p,b,a,n,d,b,e,t,?,k,f,b,b,u,o,o,z,k,v,w,1
s,f,g,t,a,n,d,b,w,t,u,k,s,o,w,u,y,o,z,w,n,p,1
c,s,c,b,c,d,c,n,n,t,b,y,f,o,n,p,n,o,s,r,t,w,1
b,f,p,t,l,f,d,b,y,t,u,s,k,e,w,u,n,o,l,k,a,m,1
c,s,b,b,p,d,w,n,b,t,z,y,f,g,c,u,n,t,l,o,a,u,1
c,s,c,t,a,d,d,b,y,t,u,f,k,e,w,u,n,n,z,o,s,p,1
x,g,b,b,y,n,d,b,w,b,b,y,f,c,e,u,w,n,e,o,v,u,1
x,f,b,t,n,a,d,n,n,t,u,y,k,b,o,p,y,n,s,o,c,w,1
c,s,g,b,a,f,d,n,h,b,u,s,y,g,y,p,y,o,l,r,a,l,1
s,f,e,t,p,n,d,n,y,t,u,k,y,b,g,p,n,o,l,o,t,u,1
b,y,c,b,a,d,d,n,n,b,e,s,f,p,o,u,w,n,s,n,v,d,1
s,y,e,t,l,f,d,b,n,b,u,k,s,b,o,p,y,t,p,k,c,w,1
x,y,y,t,y,d,c,b,h,t,?,f,y,b,e,p,o,n,z,r,t,m,1
f,s,c,t,c,a,c,n,b,b,u,k,y,p,w,p,o,n,s,k,s,m,1
s,s,w,t,n,d,d,n,b,b,e,k,f,c,c,u,n,o,p,n,n,d,1
c,g,n,t,p,n,w,n,u,b,z,s,k,o,n,u,y,o,f,y,n,g,1
s,s,r,t,a,d,w,b,n,t,r,f,s,e,g,p,w,n,l,u,v,p,1
x,s,b,t,n,a,c,b,w,t,u,k,y,b,c,p,n,n,e,o,a,m,1
s,y,p,b,p,a,c,n,y,b,b,s,k,g,p,p,o,o,f,k,s,w,1
b,g,b,b,l,d,d,b,e,t,c,k,k,o,w,u,o,n,e,w,s,m,1
c,y,g,b,m,f,d,b,o,t,?,y,f,p,p,p,o,n,n,h,t,g,1
k,f,w,t,l,a,w,n,p,t,?,s,y,p,p,u,w,o,s,u,c,p,1
k,f,y,t,c,d,c,b,p,t,c,k,f,p,n,u,o,t,p,b,a,w,1
x,g,g,b,f,d,w,b,u,b,e,y,k,y,w,u,w,o,z,o,a,w,1
f,y,p,b,m,n,c,b,p,b,r,y,f,g,o,u,n,t,e,h,a,w,1
s,s,p,b,f,a,c,n,u,b,?,k,y,p,n,u,o,n,s,o,t,g,1
k,s,n,t,y,n,c,b,b,t,e,y,y,w,g,u,y,o,c,h,c,w,1
x,f,n,b,m,n,c,n,y,t,e,k,k,n,y,u,n,o,l,w,s,p,1
k,y,r,b,f,a,c,b,h,t,z,f,y,n,y,u,n,n,c,o,n,u,1
x,s,u,t,m,d,c,b,o,t,e,f,k,n,p,u,y,o,c,r,a,w,1
k,f,b,b,l,f,w,b,o,t,u,f,k,c,n,p,w,t,n,r,t,u,1
k,y,c,t,l,n,w,n,n,b,b,k,s,o,p,u,o,t,s,n,v,w,1
b,f,e,t,c,a,c,b,w,b,r,s,k,c,o,u,n,n,f,k,v,d,1
s,s,g,t,c,a,d,n,e,b,b,f,y,w,o,u,y,n,s,o,t,w,1
b,g,c,t,a,d,c,n,h,b,e,s,k,o,e,u,y,n,c,n,v,l,1
b,f,g,t,p,d,d,b,y,t,z,f,k,n,y,u,o,t,l,y,n,g,1
x,y,u,t,p,f,c,n,n,t,b,s,f,e,o,u,n,t,f,o,s,u,1
s,s,e,t,p,d,w,n,b,t,z,s,f,y,o,u,n,t,f,w,n,p,1
b,g,n,t,m,d,d,n,o,t,c,k,k,y,b,u,y,n,f,n,a,w,1
x,y,c,t,c,d,w,b,o,b,u,y,k,b,e,u,y,o,l,k,n,m,1
f,g,n,t,y,n,w,n,b,b,?,f,s,b,e,u,o,t,c,k,n,d,1
s,s,c,t,s,f,c,b,g,b,r,s,k,w,n,p,w,t,s,k,t,m,1
c,f,w,b,s,f,d,b,k,b,z,k,k,e,b,p,y,o,z,r,c,w,1
k,y,y,b,s,f,w,n,y,t,c,k,f,y,b,u,y,n,s,r,s,p,1
k,y,g,t,n,n,w,n,y,t,b,f,k,o,p,p,y,t,l,k,s,m,1
f,g,p,b,y,n,w,b,w,b,?,f,f,w,y,p,o,o,p,r,c,p,1
s,f,n,t,m,d,c,b,o,b,u,y,k,c,b,p,n,n,s,b,a,m,1
k,y,e,b,a,d,d,n,u,b,u,f,f,e,g,p,y,n,s,b,t,p,1
b,y,u,t,a,n,c,b,g,b,u,f,k,p,w,u,n,n,p,k,a,w,1
b,s,e,t,c,d,d,n,k,t,?,f,f,e,n,u,y,o,c,r,t,g,1
k,f,e,b,l,f,d,n,n,t,c,f,f,o,y,p,y,n,f,o,a,p,1
k,y,n,b,m,n,d,b,e,t,u,k,f,o,o,u,w,n,n,o,t,g,1
s,s,p,b,f,d,d,n,n,t,b,s,y,g,g,p,y,t,l,r,t,w,1
b,g,n,b,c,n,c,n,k,t,?,k,y,g,p,u,w,o,f,n,v,m,1
c,y,w,b,m,d,w,n,b,t,c,f,f,y,o,p,w,n,s,h,t,g,1
f,y,b,t,n,a,w,n,o,t,?,f,k,g,w,u,w,n,e,u,t,l,1
s,y,e,t,y,a,d,b,k,t,e,f,k,e,w,p,n,n,p,w,a,d,1
k,s,c,t,c,a,d,b,y,t,e,s,k,n,w,u,y,o,n,k,a,m,1
s,f,w,t,p,d,d,n,b,b,e,y,k,p,w,u,y,n,n,u,n,l,1
k,s,r,t,p,n,w,b,b,b,z,k,f,w,c,u,o,o,l,w,a,d,1
s,g,n,b,a,d,w,b,e,b,z,f,f,p,e,p,y,o,c,b,c,d,1
x,g,w,t,l,d,c,n,p,t,b,s,s,n,w,p,y,o,n,n,c,u,1
x,g,y,b,c,a,w,b,k,t,e,f,y,o,p,u,o,t,n,w,a,m,1
k,y,e,t,a,n,c,n,y,t,z,s,y,y,b,u,n,o,n,h,n,g,1
k,s,b,b,f,n,c,b,g,b,e,f,k,y,n,u,w,o,f,y,a,m,1
b,f,e,t,n,d,d,n,p,t,b,y,s,c,p,p,y,t,s,h,n,d,1
k,s,w,b,c,n,d,n,n,t,b,k,s,b,g,p,w,o,l,n,c,u,1
c,g,u,b,a,a,c,n,b,t,?,k,y,n,w,p,y,o,c,k,a,u,1
f,f,y,t,s,d,w,n,w,b,u,y,s,b,c,u,o,n,n,r,c,l,1
f,f,b,b,y,d,c,b,n,t,?,k,y,o,c,p,y,n,e,n,s,w,1
f,s,u,t,s,n,c,b,n,b,e,y,f,n,n,p,n,o,z,y,n,w,1
f,g,n,b,y,n,w,b,u,b,r,s,s,o,o,u,o,n,f,w,n,m,1
c,s,w,t,s,d,c,n,g,b,e,y,k,e,c,p,o,o,z,u,c,w,1
c,y,w,t,a,f,d,b,r,b,e,s,f,c,b,u,o,o,s,r,s,g,1
s,f,r,b,l,d,d,b,w,t,z,f,k,b,b,u,n,t,e,n,a,d,1
x,f,u,b,a,a,c,b,e,t,b,s,s,g,y,u,w,t,z,k,t,u,1
f,g,y,t,f,f,d,b,y,b,?,y,s,n,g,u,w,o,n,h,s,g,1
k,g,w,t,c,a,c,n,e,t,c,k,y,y,p,u,w,o,f,h,s,u,1
b,g,b,b,c,a,d,n,n,b,b,s,f,g,b,u,o,n,c,w,c,m,1
c,f,e,t,p,n,c,n,k,t,b,k,f,o,b,p,w,t,e,k,c,l,1
c,y,b,b,c,a,w,b,n,t,e,s,s,o,b,p,n,t,p,n,t,g,1
x,s,u,b,a,f,d,n,e,t,z,y,y,y,o,u,w,n,z,o,n,d,1
f,f,c,t,c,n,d,b,r,t,z,s,y,c,p,p,w,o,n,o,a,m,1
c,f,b,b,f,d,c,b,g,b,b,s,s,p,e,u,n,n,z,h,n,u,1
f,f,y,b,a,n,d,b,o,b,c,y,k,o,b,u,y,o,e,b,v,p,1
k,f,e,b,s,n,c,n,h,t,?,f,k,g,y,u,w,n,s,y,v,m,1
x,g,r,b,m,d,c,n,e,t,b,k,y,o,w,u,o,t,n,k,v,g,1
f,f,e,t,l,f,c,b,k,b,?,f,y,y,p,u,y,t,p,k,t,l,1
x,g,e,b,c,d,w,b,n,b,z,f,f,w,n,p,w,n,f,b,s,d,1
k,y,c,t,s,n,w,n,r,t,?,f,f,g,e,u,o,t,c,b,a,g,1
b,g,e,t,m,d,d,b,n,b,z,y,y,b,o,p,y,o,n,u,c,w,1
c,f,n,b,s,n,c,n,o,t,r,f,k,n,n,p,n,n,p,n,a,g,1
s,y,b,t,n,d,w,b,u,b,z,k,f,b,g,u,n,t,z,u,t,w,1
b,y,c,b,l,n,d,n,e,t,e,y,k,n,y,u,n,n,c,h,v,g,1
k,s,n,b,n,a,w,b,k,b,r,f,f,b,p,u,n,n,e,n,v,l,1
k,g,e,t,m,d,d,b,p,t,b,f,f,c,o,u,n,n,n,w,s,p,1
k,g,b,b,y,f,c,n,r,t,u,f,f,b,o,p,w,t,c,h,v,w,1
x,s,n,t,c,d,d,n,p,b,r,k,s,o,o,u,o,n,c,y,t,m,1
f,y,r,b,f,f,w,n,e,t,b,k,s,o,n,u,o,o,l,k,v,l,1
c,f,n,b,p,f,d,b,b,b,b,f,f,e,o,p,w,n,s,h,s,m,1
k,s,p,t,c,f,w,n,r,t,c,k,y,p,w,u,o,o,c,y,t,l,1
k,s,b,b,m,a,c,b,g,b,c,s,f,p,e,u,y,n,z,r,v,l,1
b,s,g,t,f,a,w,n,u,t,e,k,k,p,g,p,w,t,p,y,t,w,1
x,s,b,b,f,f,w,b,k,b,e,f,s,n,y,p,y,n,z,h,a,g,1
k,y,n,b,s,f,w,b,o,t,u,k,f,g,c,p,o,n,n,n,s,g,1
b,g,g,t,c,f,d,b,o,b,z,f,k,o,p,u,y,o,f,u,s,u,1
f,s,u,b,n,a,w,b,w,b,z,k,f,g,w,u,w,n,n,o,c,p,1
b,s,u,t,n,n,c,n,h,t,?,s,y,g,w,p,n,o,e,h,s,m,1
b,g,u,b,m,d,c,b,p,t,e,s,s,b,n,u,n,n,f,o,n,p,1
s,f,g,b,f,d,w,b,n,b,e,s,k,e,n,p,o,t,s,u,s,p,1
b,s,y,b,f,a,c,b,p,t,z,f,f,p,o,u,y,n,z,b,a,g,1
f,y,p,b,y,f,w,n,h,b,b,f,f,n,e,u,o,t,p,b,a,u,1
k,y,y,b,l,n,w,n,e,t,u,y,s,e,e,u,o,n,f,w,n,m,1
k,f,b,t,l,f,c,n,o,t,z,y,s,g,g,p,n,n,e,n,t,u,1
k,s,w,b,m,a,c,b,h,b,z,f,y,y,y,p,o,o,n,o,t,d,1
f,y,b,t,y,d,c,n,k,b,?,s,s,e,b,p,n,t,c,b,t,d,1
c,y,e,t,f,a,d,b,w,b,u,f,s,y,w,p,n,o,s,w,c,l,1
s,g,w,b,a,f,c,n,k,b,c,s,k,b,g,u,y,n,e,r,v,m,1
c,f,w,t,f,d,c,b,r,t,e,s,y,y,p,p,y,t,z,r,v,l,1
x,y,p,b,n,n,w,b,r,b,z,k,y,p,w,p,y,t,e,r,c,g,1
b,g,b,b,p,d,d,n,u,t,z,f,f,w,e,u,w,o,n,w,t,g,1
x,s,u,t,n,n,w,b,y,b,?,s,y,o,y,u,y,t,p,u,a,g,1
c,y,n,b,n,f,w,b,r,t,e,f,f,b,g,u,n,o,c,n,v,p,1
c,g,c,t,p,d,w,b,r,t,r,y,y,o,g,p,n,n,z,u,a,w,1
k,s,p,b,l,n,c,b,k,b,r,y,y,b,p,p,n,o,e,k,a,p,1
b,y,w,b,a,n,d,n,n,t,r,f,k,p,b,u,o,o,l,r,n,l,1
f,g,u,b,c,n,w,n,p,t,c,y,y,w,c,u,o,t,e,r,a,d,1
x,g,e,t,y,a,w,n,y,t,r,s,s,w,n,p,n,t,c,u,n,g,1
x,s,p,b,f,n,w,n,w,t,z,s,f,p,o,u,w,t,c,n,n,w,1
b,g,y,t,y,n,d,n,g,b,c,y,y,b,g,p,w,t,z,h,a,g,1
f,g,b,t,f,d,w,b,n,b,r,y,s,o,y,u,w,o,z,b,c,p,1
b,s,c,b,l,n,w,n,e,b,c,y,f,b,e,u,y,n,p,r,v,m,1
s,f,u,t,f,d,c,b,k,b,c,s,y,c,g,u,o,t,l,y,a,d,1
x,s,g,t,n,a,d,b,p,t,b,s,f,o,e,p,w,n,p,o,s,g,1
f,f,c,t,a,d,c,b,w,t,r,f,f,w,b,p,y,n,n,o,t,p,1
f,y,g,t,c,n,w,n,p,t,?,y,y,c,e,p,o,o,f,o,c,u,1
k,g,r,t,p,d,d,b,u,b,u,f,y,y,o,p,y,o,s,y,n,m,1
f,f,e,t,l,d,d,b,r,b,z,y,k,b,b,p,w,t,z,w,a,u,1
f,s,n,b,f,d,d,n,k,t,?,k,k,p,b,u,o,o,e,h,t,l,1
x,f,y,t,s,a,d,b,h,b,c,f,k,e,o,u,n,t,s,b,s,u,1
b,s,r,t,n,f,w,n,r,b,e,y,k,n,p,p,n,t,l,b,t,w,1
b,y,c,b,y,f,d,n,w,b,r,f,s,y,g,u,n,o,s,n,c,p,1
c,y,w,b,l,a,d,b,o,t,u,k,f,p,y,u,o,t,c,y,n,l,1
k,f,n,t,n,f,w,n,p,b,c,y,k,c,n,p,n,t,s,u,c,l,1
b,s,g,b,n,d,d,n,e,b,e,y,k,g,w,p,o,n,f,w,t,p,1
f,f,u,t,n,f,d,b,p,b,?,f,f,o,y,p,n,o,l,w,a,m,1
f,g,e,t,m,a,d,n,b,b,?,f,k,b,p,u,y,o,c,b,t,p,1
k,g,p,b,c,f,c,b,g,b,?,y,s,n,y,u,n,n,n,n,s,m,1
x,s,g,b,l,d,w,n,r,t,b,f,y,o,n,u,y,t,e,h,t,u,1
f,f,w,t,f,a,c,n,g,t,e,f,y,n,y,p,n,t,c,w,n,m,1
f,g,b,b,y,n,c,n,g,b,c,y,f,n,e,u,o,t,l,h,a,g,1
x,y,c,b,s,d,c,b,k,b,r,k,k,e,n,u,w,o,f,b,c,l,1
c,g,n,b,n,f,d,n,b,t,r,k,f,w,w,p,o,n,s,u,t,p,1
c,g,n,t,s,f,d,n,u,t,?,k,y,w,b,p,o,o,c,w,s,d,1
b,g,u,t,s,f,w,b,g,b,u,s,s,w,p,u,w,n,l,b,v,g,1
b,g,g,t,p,d,w,b,w,t,u,f,f,b,o,p,n,t,f,y,v,p,1
c,f,r,t,y,a,w,b,b,b,u,y,y,g,c,p,n,n,p,u,v,d,1
k,y,n,t,p,d,d,n,r,t,e,y,k,g,e,u,n,o,l,y,t,d,1
f,y,c,t,s,a,w,n,o,b,r,k,k,e,w,u,n,n,n,o,t,p,1
k,g,n,t,a,a,d,b,u,b,z,f,k,c,e,u,n,o,e,u,v,w,1
x,y,c,b,l,d,w,b,h,b,c,f,f,e,n,u,y,t,e,o,c,m,1
s,s,p,t,f,a,d,n,g,t,e,f,y,n,e,p,w,t,n,b,c,p,1
s,g,y,t,y,f,w,n,e,t,c,k,y,w,o,p,y,o,p,r,t,u,1
c,s,c,t,f,n,c,n,r,t,b,f,k,g,b,u,n,t,l,r,s,p,1
f,f,c,b,a,f,c,n,y,b,?,k,s,e,n,p,w,o,l,o,t,m,1
b,g,r,b,n,n,d,n,h,t,e,k,k,b,e,u,n,n,s,r,s,m,1
s,g,w,b,a,d,w,b,n,b,u,y,k,e,g,p,w,o,c,y,a,u,1
c,y,n,b,l,n,d,n,n,t,?,k,f,c,o,u,w,n,p,r,t,d,1
b,f,c,b,f,f,d,b,w,t,?,k,f,b,n,p,w,t,e,n,v,l,1
c,s,e,t,c,n,d,n,w,t,e,y,s,b,o,u,n,o,e,u,t,u,1
b,f,g,b,a,f,w,b,r,b,c,f,y,n,e,p,y,o,e,u,t,u,1
s,y,w,t,n,d,c,n,r,t,u,f,y,w,w,u,o,o,l,n,a,u,1
k,f,b,t,s,f,d,b,b,b,c,s,s,n,n,p,n,t,s,k,c,p,1
x,s,u,t,p,f,c,n,w,b,b,s,s,o,n,u,n,n,s,n,a,m,1
c,y,e,b,c,f,w,b,g,t,?,y,y,p,y,u,y,n,l,k,t,p,1
b,s,b,b,p,f,d,b,o,b,u,k,f,o,w,p,w,t,e,o,a,w,1
k,y,r,t,a,n,d,n,b,t,r,f,f,n,b,p,w,n,c,k,c,u,1
s,g,g,b,y,d,d,b,b,t,u,y,f,e,n,u,o,t,z,w,c,p,1
s,y,r,t,s,a,d,n,g,b,u,k,f,o,n,p,w,t,z,u,t,l,1
s,f,r,b,m,n,w,b,u,t,c,s,y,b,b,u,y,t,p,y,c,d,1
c,y,r,b,s,f,d,b,w,t,?,f,s,e,o,u,n,n,n,y,s,w,1
k,y,r,b,p,f,w,n,h,t,z,k,k,b,b,p,n,n,f,r,v,l,1
s,g,c,b,p,n,c,n,e,t,c,y,s,g,g,u,n,o,z,h,s,u,1
b,f,e,b,p,f,w,n,h,b,?,f,y,p,g,p,y,t,f,h,s,m,1
s,y,p,t,m,a,d,b,h,b,r,s,f,o,b,u,y,o,e,h,s,m,1
c,y,n,t,a,d,w,n,k,b,c,f,k,c,g,u,w,o,l,w,c,m,1
f,g,b,b,s,f,c,b,e,t,b,f,f,y,n,p,n,n,n,h,s,w,1
k,y,w,t,c,f,d,b,h,t,r,s,f,b,b,p,y,n,n,y,v,g,1
s,g,c,t,y,f,c,n,b,b,u,k,y,g,w,p,o,o,p,w,t,u,1
c,f,r,t,m,a,w,n,g,t,b,k,s,c,g,p,w,n,n,k,t,w,1
k,g,e,b,y,n,c,b,p,t,u,k,y,w,w,u,y,t,z,u,a,d,1
x,f,r,t,s,a,d,n,e,t,?,f,k,p,b,p,y,o,z,k,a,g,1
s,y,g,t,l,f,d,b,p,b,z,y,k,e,p,u,y,o,e,k,c,l,1
x,s,c,b,p,n,d,b,u,b,r,f,k,c,e,u,y,t,s,y,c,d,1
b,y,y,t,n,a,c,b,b,b,?,y,k,n,b,p,n,n,z,b,a,d,1
s,y,y,b,m,f,w,n,b,t,e,y,k,w,e,u,y,n,c,y,s,p,1
x,g,b,b,c,d,d,n,y,b,r,k,s,o,o,u,y,o,e,u,t,l,1
k,y,p,t,a,d,c,b,r,t,e,s,f,g,g,p,y,n,n,o,v,p,1
x,s,p,t,p,f,d,n,w,b,?,f,s,c,c,p,o,o,p,o,n,w,1
b,f,c,b,y,a,d,b,k,t,r,f,y,p,o,p,o,n,z,k,a,d,1
f,y,u,b,p,a,c,b,n,b,r,y,k,g,p,p,w,n,s,w,s,p,1
c,y,g,b,a,d,w,b,b,t,b,f,f,g,w,p,y,n,s,y,t,m,1
c,g,g,t,y,n,d,b,k,b,b,f,f,w,c,p,y,n,e,r,n,d,1
k,y,y,b,y,d,d,b,b,t,u,k,y,g,w,p,n,t,z,y,c,u,1
k,s,n,b,s,n,c,b,w,b,b,k,f,c,w,p,o,o,c,y,c,d,1
b,y,e,t,f,n,c,b,n,b,e,f,k,o,c,p,y,o,c,b,v,d,1
k,y,y,b,y,f,w,n,o,t,b,s,s,b,b,p,y,o,n,b,a,p,1
x,s,e,b,f,f,w,n,o,t,e,s,f,n,e,p,n,t,f,k,s,m,1
s,s,y,t,p,d,w,b,b,b,c,f,f,p,o,u,y,n,z,o,v,p,1
k,f,g,b,m,f,w,n,g,b,?,k,s,y,n,u,o,n,s,o,n,u,1
b,g,r,t,s,a,w,n,k,t,e,y,y,w,c,p,o,o,p,y,a,l,1
k,y,g,t,y,n,d,n,w,b,r,k,f,g,e,u,o,n,n,k,a,d,1
b,y,u,b,s,a,w,n,o,b,z,s,k,w,p,p,w,n,n,n,a,d,1
k,s,n,t,s,d,c,n,o,t,z,s,f,o,e,u,w,n,e,u,a,l,1
x,y,u,b,a,n,c,b,h,t,u,k,s,y,c,p,n,t,e,b,n,p,1
b,s,e,t,p,n,w,n,b,t,b,y,k,w,c,u,w,t,n,u,n,d,1
s,f,n,t,s,n,w,n,h,b,b,f,y,w,e,p,y,t,n,n,c,g,1
k,f,g,b,p,a,c,b,b,b,e,s,k,w,c,p,w,t,c,w,t,d,1
x,f,p,b,m,a,c,n,w,t,r,s,f,n,g,u,n,o,f,b,a,w,1
b,g,g,b,m,a,w,b,p,b,?,k,f,w,c,u,w,o,c,o,t,m,1
x,g,g,t,l,n,d,b,r,b,?,k,s,y,o,p,w,n,l,w,a,g,1
b,f,y,b,a,d,d,b,w,b,b,y,f,e,w,p,y,t,e,k,v,g,1
k,s,b,t,f,d,w,b,n,t,z,f,f,w,o,u,n,o,z,n,s,g,1
f,s,w,t,y,f,c,b,u,t,r,s,y,g,p,u,y,t,f,k,a,u,1
f,y,c,t,c,f,c,b,n,b,c,y,y,y,w,p,y,o,z,n,v,p,1
k,g,c,b,f,f,d,n,y,t,e,f,y,y,b,p,o,o,l,n,c,l,1
x,s,e,t,s,d,d,n,r,b,u,k,f,w,c,u,o,t,z,k,t,m,1
x,f,e,t,s,d,d,b,k,b,u,f,y,e,p,p,w,o,l,r,a,u,1
b,f,r,t,m,n,d,n,w,b,z,k,s,o,c,p,n,o,n,r,v,w,1
c,f,c,b,c,n,c,b,w,b,r,s,f,n,o,u,w,t,c,k,a,w,1
c,s,n,b,m,n,w,n,k,b,b,s,s,n,e,u,w,t,p,w,s,w,1
f,s,u,t,n,a,c,b,n,b,z,k,f,g,c,p,n,o,c,u,c,d,1
s,y,e,t,m,n,w,n,e,b,?,y,k,n,y,u,w,t,n,b,a,m,1
x,s,n,b,l,f,w,b,u,t,b,s,s,p,b,u,n,n,f,n,n,l,1
k,s,b,b,y,f,c,n,r,b,r,f,s,y,g,u,w,t,z,y,s,g,1
k,f,g,b,l,f,c,n,o,t,b,s,f,w,w,p,w,n,z,o,s,g,1
b,s,n,t,s,n,w,b,w,t,?,f,k,b,g,u,y,t,p,o,v,g,1
f,f,p,b,p,a,d,n,o,t,b,s,k,y,g,u,y,o,z,k,n,p,1
b,g,r,b,p,d,c,b,k,b,?,k,f,n,g,p,w,t,s,k,c,u,1
s,g,e,t,m,a,w,n,g,b,e,s,f,y,g,u,n,t,f,h,t,u,1
k,s,c,b,n,f,w,b,k,t,c,k,y,c,g,p,y,o,f,y,t,p,1
k,s,e,b,n,f,w,n,w,b,e,s,s,g,o,p,n,o,p,n,c,d,1
b,s,n,t,m,n,d,b,k,b,e,s,f,p,b,u,n,o,e,k,c,d,1
k,f,n,t,n,f,w,b,o,b,?,f,f,g,w,p,o,o,p,y,n,u,1
f,s,p,t,f,n,w,n,u,t,b,f,f,p,e,p,o,o,z,b,s,w,1
c,s,g,b,f,d,d,n,h,b,e,f,y,p,c,u,w,t,e,h,n,u,1
x,f,b,b,a,f,c,n,y,b,r,k,f,b,y,p,y,t,c,o,t,g,1
s,f,y,t,f,a,d,n,n,b,b,f,f,c,o,u,w,o,n,r,a,w,1
b,g,u,t,y,d,w,n,w,b,e,s,f,e,e,p,o,n,f,h,t,w,1
s,g,e,t,a,n,d,n,h,b,e,f,k,b,e,p,o,t,s,o,c,m,1
b,s,r,b,a,n,d,b,g,b,b,k,f,e,b,u,n,t,z,o,a,l,1
x,g,g,b,c,a,d,n,e,t,c,k,y,p,b,u,n,n,z,h,n,m,1
c,f,e,t,f,a,w,n,b,b,r,k,s,o,c,p,y,n,n,h,n,m,1
x,y,e,t,m,d,d,n,p,t,c,s,k,y,n,u,n,t,f,o,n,l,1
c,f,c,b,y,a,w,b,u,t,e,s,s,e,c,p,n,o,n,y,t,u,1
c,s,w,t,l,f,d,b,n,b,?,k,k,c,p,p,o,t,n,o,a,l,1
c,g,g,t,c,d,w,n,r,b,z,k,y,w,p,u,n,o,p,u,a,d,1
x,y,y,t,m,a,w,n,n,b,c,y,s,w,o,p,n,o,s,u,a,g,1
x,g,e,b,s,f,d,n,k,t,r,k,y,y,b,u,w,o,p,u,s,l,1
k,y,p,t,y,d,w,n,b,t,b,k,k,p,n,u,o,o,c,w,a,u,1
s,s,e,b,p,n,w,b,e,t,r,s,k,b,o,p,y,o,z,y,c,u,1
k,y,n,b,a,f,w,n,o,t,e,s,s,g,w,u,w,t,l,w,c,m,1
x,y,w,t,c,a,w,n,n,t,e,s,s,c,o,u,n,n,e,b,s,w,1
c,y,e,t,m,f,c,n,e,b,z,y,y,y,b,u,o,t,s,n,n,w,1
k,f,g,t,l,f,w,n,w,b,r,f,s,y,b,u,w,o,f,k,v,m,1
b,f,y,b,n,f,c,n,o,b,c,s,f,w,n,p,o,o,f,o,n,u,1
x,y,u,t,n,f,w,n,g,b,c,y,s,p,b,p,w,t,c,b,c,g,1
x,y,p,t,c,f,c,n,w,t,c,s,s,p,g,u,w,t,p,b,c,m,1
s,y,p,t,y,d,d,b,g,b,?,k,f,o,n,p,w,n,p,o,s,l,1
k,g,n,b,a,f,c,n,y,t,u,f,y,p,o,p,y,n,f,n,c,m,1
c,f,p,b,p,f,w,n,h,b,e,k,s,e,n,u,y,t,n,o,t,m,1
x,y,p,b,l,a,c,b,u,t,?,k,y,g,y,p,w,n,z,w,n,w,1
f,g,n,t,s,d,w,n,b,t,e,k,s,e,n,p,w,t,c,h,n,l,1
b,y,b,b,m,n,d,b,h,t,?,k,s,o,y,p,y,n,n,n,s,l,1
k,g,e,b,p,a,w,b,w,t,c,k,k,n,c,p,w,t,l,b,s,u,1
f,y,g,b,s,a,c,n,h,t,e,y,y,g,b,u,n,o,s,b,v,d,1
c,y,w,b,n,d,c,n,e,b,e,f,k,g,y,p,w,t,e,k,a,m,1
b,g,p,t,p,f,w,b,b,b,?,k,s,b,w,u,n,n,p,h,t,u,1
c,g,u,t,p,d,w,b,y,t,c,s,s,b,n,u,y,t,s,r,a,u,1
b,y,p,b,n,n,c,n,u,t,e,f,y,b,b,p,y,t,n,w,t,g,1
x,y,n,t,y,n,d,b,w,b,c,f,k,n,p,u,n,n,z,u,v,m,1
k,g,w,t,c,d,c,n,p,t,z,k,s,y,o,u,w,n,p,y,a,d,1
k,g,b,b,y,n,d,b,k,b,c,s,f,c,e,u,n,n,f,r,s,l,1
x,f,g,t,a,a,w,b,y,t,u,k,s,b,n,u,o,o,c,u,t,w,1
k,f,n,b,y,n,w,b,k,t,c,f,y,w,c,p,o,t,p,r,a,l,1
x,s,g,b,n,f,d,b,e,b,z,y,s,e,b,u,o,t,c,y,s,p,1
s,s,r,b,c,d,c,n,w,t,b,y,y,p,p,p,n,n,s,y,c,u,1
c,s,e,t,y,d,w,n,u,t,e,k,s,g,e,p,y,n,p,k,v,d,1
c,y,w,b,l,f,w,n,o,t,z,k,y,b,y,p,n,o,s,w,a,u,1
b,s,g,b,l,d,w,n,n,b,c,s,s,c,c,u,n,n,c,u,c,g,1
k,f,n,t,f,a,d,n,n,t,r,k,k,p,g,p,y,t,f,b,n,d,1
c,y,p,t,f,a,d,n,b,b,c,y,k,n,e,p,n,n,s,k,s,d,1
c,g,r,b,f,n,d,n,k,t,e,y,s,w,w,u,y,t,n,w,s,g,1
f,g,c,t,n,d,d,n,h,t,u,k,y,y,o,u,o,o,e,h,c,w,1
k,g,w,t,f,f,d,b,h,t,z,y,f,y,o,u,n,t,z,k,n,g,1
b,g,r,b,s,d,d,n,r,t,u,y,k,c,e,p,o,t,n,o,c,l,1
s,y,w,t,p,n,w,n,k,t,z,y,f,n,e,p,y,n,e,w,v,p,1
f,f,n,t,l,f,d,n,e,t,e,k,y,g,o,p,y,o,c,u,s,d,1
f,f,g,t,f,n,c,b,k,t,?,s,y,w,g,p,n,o,c,r,s,w,1
x,y,n,t,l,n,d,b,g,b,?,y,k,p,o,u,y,t,c,u,c,m,1
s,s,e,t,a,f,w,b,o,t,e,f,k,y,o,u,w,n,l,o,a,u,1
s,g,c,b,p,d,w,n,e,t,z,f,f,n,b,p,w,t,e,n,s,p,1
k,y,w,t,m,d,d,n,e,b,u,y,f,o,n,p,o,t,c,k,s,l,1
c,y,y,b,p,d,w,n,b,b,u,y,y,y,g,u,n,t,n,n,n,p,1
b,y,n,t,c,f,d,b,h,t,?,s,f,e,b,p,o,t,p,h,a,l,1
b,g,r,b,y,n,w,n,e,b,?,y,y,y,g,u,y,o,n,b,s,l,1
b,g,g,b,l,f,c,n,u,t,z,k,f,w,n,p,w,t,p,y,t,d,1
b,f,w,b,p,d,c,n,b,t,u,s,k,c,n,p,o,o,p,o,a,l,1
f,s,b,t,f,n,w,b,h,b,?,s,y,p,c,p,n,t,p,y,a,d,1
c,s,w,t,c,a,c,b,b,t,r,s,k,n,y,p,w,o,p,r,n,l,1
c,g,w,b,m,f,w,b,h,b,u,y,y,b,w,p,o,o,c,b,a,p,1
f,g,u,t,n,f,w,n,e,t,e,s,y,g,n,u,n,o,s,n,a,u,1
s,g,c,b,c,a,c,b,b,b,r,s,k,b,c,u,w,n,c,n,v,w,1
s,s,n,b,f,a,w,n,b,b,b,s,y,b,b,p,w,n,l,b,n,p,1
k,g,b,t,p,a,c,b,b,t,b,f,f,y,b,u,o,n,s,w,v,l,1
b,g,w,t,s,a,d,b,w,b,u,y,y,w,y,u,y,o,l,o,v,d,1
k,f,w,b,l,a,d,b,n,b,b,s,s,c,e,p,w,t,z,b,v,p,1
k,f,y,b,l,a,w,b,w,t,?,f,s,e,e,p,y,t,f,k,c,w,1
b,g,c,b,n,d,d,n,h,t,u,y,k,b,b,p,w,o,c,n,s,u,1
k,f,r,b,f,a,d,n,p,t,c,s,k,b,o,p,o,o,n,k,a,m,1
s,y,r,t,y,f,w,b,g,b,e,f,y,p,e,p,o,o,p,r,a,d,1
f,s,y,t,m,n,d,n,y,b,u,f,s,w,e,u,w,n,n,y,t,g,1
b,f,c,t,y,f,c,n,h,t,c,s,s,w,b,p,w,o,c,o,n,g,1
x,y,u,t,n,f,c,n,e,b,u,f,s,o,n,u,y,o,p,k,s,u,1
s,s,p,t,f,f,d,n,o,t,r,s,f,y,c,p,n,o,f,k,t,g,1
b,f,g,b,c,a,c,n,o,b,u,s,k,n,p,u,y,t,l,w,a,u,1
s,g,b,t,y,n,d,b,o,b,r,s,k,o,e,p,o,n,n,r,v,w,1
c,g,y,t,c,n,w,n,w,b,r,y,y,n,o,u,y,n,e,y,v,w,1
b,g,b,b,m,f,c,b,r,b,u,y,k,n,g,p,y,n,l,r,c,u,1
b,f,w,t,l,f,w,n,w,b,b,k,k,g,g,u,o,n,n,h,v,p,1
x,s,r,b,f,n,d,b,u,t,b,f,s,w,c,u,w,n,p,h,c,u,1
c,f,c,t,m,n,d,n,k,t,c,y,k,b,p,u,y,n,c,y,t,d,1
k,s,r,t,a,n,c,b,p,t,r,s,k,p,g,p,n,o,z,r,c,w,1
s,f,n,b,y,f,w,n,u,b,u,s,f,y,p,p,n,t,z,k,n,g,1
c,g,e,t,l,f,w,b,b,b,r,k,k,o,c,u,w,t,z,y,n,m,1
c,g,w,b,f,n,c,b,w,t,r,y,y,p,p,p,w,t,n,w,a,m,1
c,y,y,t,m,d,d,b,p,b,c,f,k,y,e,p,n,o,l,h,c,m,1
k,s,u,b,f,d,w,n,p,b,c,y,s,g,n,u,n,n,s,w,t,p,1
b,f,n,b,y,n,c,n,p,b,z,y,k,g,g,p,n,n,l,r,a,m,1
f,g,e,b,p,a,c,b,g,b,c,y,s,c,n,p,o,n,p,b,s,p,1
f,g,r,b,p,n,d,b,n,b,e,s,s,y,y,u,n,t,z,h,a,w,1
f,s,c,b,p,n,c,b,g,b,e,y,f,w,b,p,n,n,e,w,t,g,1
s,f,u,t,c,d,w,n,u,b,c,s,s,c,o,p,w,t,e,u,t,p,1
k,s,e,b,p,f,w,n,g,b,r,s,s,c,b,u,w,t,c,k,c,w,1
s,y,p,b,p,a,c,b,e,b,e,y,s,g,g,u,y,n,n,h,c,p,1
f,g,b,b,c,n,c,b,h,t,c,f,f,e,e,u,o,o,n,h,v,p,1
k,f,u,b,a,n,d,n,o,b,c,k,s,e,c,u,w,t,e,n,n,u,1
f,f,p,b,s,a,d,n,n,b,b,s,y,w,e,u,w,n,p,b,t,l,1
k,s,r,t,m,d,c,n,h,b,c,y,k,o,b,u,n,o,f,y,n,d,1
s,y,n,t,n,f,w,b,y,t,c,k,y,w,b,u,n,o,n,o,a,d,1
f,g,r,b,l,d,d,n,k,t,c,y,s,b,w,u,n,t,l,u,n,p,1
f,s,g,b,p,d,c,n,n,b,r,f,s,c,c,p,w,t,p,y,t,g,1
k,f,y,b,s,n,d,n,b,t,z,k,f,b,p,u,o,n,f,o,n,d,1
c,f,u,t,p,a,d,n,r,b,u,s,y,o,n,u,w,o,e,n,a,m,1
k,f,w,b,y,f,d,n,e,b,c,f,k,n,g,p,o,t,c,h,c,l,1
x,y,e,b,f,a,w,b,g,t,b,s,y,b,y,u,w,n,l,o,v,p,1
c,g,c,t,f,a,w,n,y,t,u,s,k,w,o,p,o,t,l,y,s,m,1
f,f,b,b,p,d,c,n,k,t,e,k,f,e,o,p,o,o,e,r,v,w,1
c,y,b,t,y,d,c,b,o,b,u,s,s,p,e,p,w,n,f,w,t,d,1
x,s,c,b,m,n,w,b,y,b,u,f,k,y,b,p,w,o,p,b,v,w,1
k,s,b,t,a,d,w,n,y,t,u,k,f,b,b,p,n,n,z,b,n,d,1
s,g,c,t,s,a,w,n,u,b,u,k,y,b,b,p,w,n,l,b,s,w,1
b,y,g,t,n,a,c,n,w,t,r,s,s,w,n,p,w,t,z,y,t,m,1
s,y,p,t,a,n,d,n,y,t,b,k,k,y,p,u,y,o,n,k,a,u,1
f,g,p,t,a,a,c,b,r,t,z,s,f,g,y,u,w,t,z,n,n,u,1
s,y,u,b,c,f,c,n,k,b,?,y,f,b,b,p,w,t,z,r,v,d,1
x,y,p,b,p,d,d,b,e,b,c,k,s,b,g,p,y,o,f,b,s,p,1
s,s,g,b,l,n,c,b,h,t,z,k,s,o,w,p,n,t,p,n,v,w,1
s,g,y,t,a,d,c,n,g,b,u,y,s,e,w,u,w,o,n,b,t,m,1
f,g,e,b,c,f,d,n,n,t,z,k,s,g,e,u,y,t,e,u,t,d,1
f,g,b,b,n,n,w,n,b,t,c,y,s,o,w,p,o,n,c,b,v,u,1
x,s,r,t,c,d,w,n,p,t,b,s,y,o,p,p,o,n,n,w,n,g,1
k,f,n,b,f,f,d,b,r,b,u,k,k,w,b,p,n,t,s,y,s,m,1
x,y,c,t,l,a,d,n,u,t,u,y,k,y,n,p,o,o,s,y,a,g,1
b,f,c,t,y,a,w,b,o,b,b,s,f,o,y,u,w,n,s,b,v,l,1
c,g,w,b,s,n,d,b,n,t,?,f,f,c,p,u,y,o,z,r,c,u,1
k,s,g,t,l,n,w,b,h,t,r,s,s,y,b,u,o,t,c,k,v,u,1
s,s,e,t,m,n,w,n,r,t,e,s,f,w,n,u,w,o,s,w,s,u,1
k,g,w,t,m,d,c,n,p,t,r,y,f,b,p,p,w,o,e,r,s,p,1
k,y,b,b,f,n,w,b,p,b,?,f,s,o,w,u,y,o,s,n,a,l,1
c,y,n,b,c,f,d,b,w,t,e,k,f,n,w,u,o,n,n,r,s,d,1
x,g,p,t,c,n,c,n,p,b,b,s,y,o,e,u,o,n,s,y,c,d,1
c,g,b,t,n,f,c,n,o,t,b,k,f,c,g,p,w,o,p,u,c,w,1
b,y,e,b,a,f,c,b,k,t,b,s,s,o,g,p,y,o,c,o,c,g,1
s,s,r,b,s,n,c,n,g,t,r,f,y,n,o,p,o,o,c,h,n,p,1
b,y,g,t,n,a,d,b,u,t,e,f,s,y,g,u,y,o,p,w,n,g,1
x,g,p,b,m,d,d,n,h,b,e,f,f,b,w,u,o,o,s,b,c,g,1
k,s,y,b,f,n,c,b,k,t,b,f,f,c,b,p,n,o,e,u,t,l,1
k,g,n,t,c,f,d,b,u,b,z,y,s,e,y,p,n,t,e,b,s,u,1
c,g,e,b,m,f,d,n,p,t,z,y,k,c,o,p,y,t,c,h,v,w,1
s,g,g,t,c,n,w,n,r,t,c,f,s,b,o,u,w,o,e,k,a,g,1
c,y,g,t,n,n,d,n,r,t,z,y,f,b,g,p,n,n,f,y,v,m,1
s,f,p,t,p,f,d,b,n,t,z,k,f,w,c,u,n,t,f,o,c,m,1
x,f,b,t,s,n,w,n,o,b,e,s,y,b,c,p,o,n,c,o,v,w,1
c,g,g,t,s,d,w,n,h,t,c,y,s,o,n,u,o,n,e,r,n,p,1
s,s,e,b,l,d,w,n,p,b,c,f,y,y,p,p,w,t,c,u,s,d,1
f,y,r,b,y,f,c,b,n,b,c,f,y,p,b,p,y,t,n,h,v,g,1
k,s,y,b,a,a,w,n,k,b,r,k,k,p,y,p,y,t,s,y,a,w,1
f,y,p,b,c,a,c,b,y,t,z,s,y,b,y,p,n,t,c,o,v,p,1
f,f,r,b,l,n,d,b,w,t,z,s,y,p,c,u,y,o,f,u,v,d,1
f,f,r,t,m,f,d,n,k,t,z,s,y,n,n,p,o,n,s,b,n,l,1
k,g,e,t,s,f,d,n,g,b,?,f,s,w,n,p,n,t,z,y,v,w,1
f,g,n,t,a,n,w,n,b,t,r,f,s,n,w,p,y,o,c,o,n,u,1
b,g,y,b,m,f,d,n,o,t,e,f,s,w,e,u,o,n,p,n,s,u,1
f,g,g,t,c,a,w,b,g,t,r,f,f,w,b,u,n,o,e,b,s,d,1
f,g,b,b,y,n,c,n,b,b,z,s,k,e,c,u,n,t,f,h,v,l,1
s,f,y,b,n,n,d,n,n,b,r,k,f,b,o,u,y,t,n,h,t,g,1
s,g,b,b,m,d,w,n,n,b,?,f,y,n,g,u,y,o,z,o,a,g,1
f,f,e,b,y,f,w,n,r,b,b,k,y,c,g,u,o,n,p,o,v,d,1
s,g,r,t,s,n,c,b,y,b,?,y,f,n,w,u,w,t,c,y,c,u,1
k,f,c,b,f,a,d,b,y,t,z,f,y,y,y,u,y,o,p,b,t,w,1
s,s,n,t,a,d,w,n,y,b,b,y,f,n,g,p,o,t,s,b,n,p,1
c,y,c,b,l,d,d,n,b,b,u,f,y,e,b,p,o,t,c,r,c,d,1
f,y,w,b,p,n,c,n,k,t,z,s,s,p,w,p,w,n,n,h,v,w,1
f,y,b,b,p,d,d,b,r,b,?,s,f,o,e,p,w,o,c,n,s,d,1
c,y,e,t,a,a,d,n,u,t,r,s,k,w,c,u,w,n,c,k,v,g,1
x,y,e,b,p,f,w,n,b,t,r,f,y,b,p,u,w,n,z,b,a,w,1
c,s,e,b,y,n,c,b,y,t,z,s,y,b,b,u,y,o,z,w,a,w,1
s,s,g,t,n,a,d,n,k,b,?,k,k,w,w,u,o,n,z,n,t,d,1
s,y,r,t,n,n,c,n,k,b,r,s,f,n,p,u,y,n,c,o,a,p,1
x,f,u,t,y,n,w,b,k,t,e,y,y,e,n,u,w,o,s,y,a,m,1
s,f,n,b,l,a,w,n,g,t,?,f,k,e,b,p,w,o,c,o,s,p,1
s,g,y,t,s,f,d,n,g,t,u,f,y,y,y,p,o,t,e,y,s,l,1
c,y,p,t,s,n,c,n,k,b,b,k,k,e,p,p,w,n,z,w,s,m,1
c,f,g,t,n,n,w,b,y,b,u,f,y,w,o,p,w,n,l,y,c,m,1
x,y,y,b,c,n,c,n,w,b,r,s,k,b,p,u,n,n,c,y,s,d,1
b,f,g,t,l,d,c,n,w,b,r,y,y,p,p,u,o,t,z,b,s,d,1
c,y,p,t,f,a,d,b,p,b,?,f,s,c,w,p,o,n,p,r,s,w,1
b,f,r,t,n,n,w,b,u,b,z,y,f,g,n,u,w,t,n,o,c,d,1
c,f,w,b,s,f,w,n,o,b,?,y,s,y,b,u,w,t,e,w,v,u,1
f,g,n,b,c,a,w,n,r,b,r,y,f,e,o,u,o,t,s,b,a,l,1
s,y,u,b,f,d,c,b,y,b,?,k,y,c,w,p,y,t,n,o,c,m,1
c,y,e,t,m,n,w,n,o,b,r,k,y,e,g,p,w,o,e,n,v,w,1
f,y,e,t,s,n,w,b,y,b,u,s,y,g,e,u,w,n,c,n,t,d,1
k,s,u,t,l,f,c,b,b,b,u,s,s,c,o,p,w,o,l,o,a,u,1
b,s,n,b,m,f,d,b,p,t,z,k,f,b,p,p,o,t,e,n,a,m,1
s,g,p,t,m,f,d,b,w,b,u,y,y,c,p,p,n,t,f,y,a,g,1
b,y,g,b,p,n,c,b,p,b,z,s,y,y,p,u,n,t,p,k,t,p,1
c,y,r,b,p,d,d,n,k,t,b,k,s,g,o,p,n,n,c,o,c,p,1
c,g,b,b,c,a,c,n,y,t,e,y,k,w,p,u,n,t,p,h,t,m,1
k,y,b,b,n,d,w,b,g,t,z,f,s,g,e,u,o,o,c,b,n,m,1
k,s,r,b,c,d,w,b,p,t,?,y,k,w,b,p,w,o,l,w,t,g,1
k,s,n,b,f,n,c,n,b,t,c,s,f,y,y,p,o,o,p,h,a,u,1
k,f,g,b,a,a,w,b,w,t,z,k,k,w,n,u,o,o,p,b,a,d,1
x,g,r,b,f,d,d,b,u,b,?,y,f,y,p,u,n,t,e,h,s,d,1
s,g,w,t,l,f,w,b,y,t,u,k,s,w,c,p,w,n,f,w,a,w,1
k,f,g,b,c,a,d,n,h,b,e,y,k,e,y,p,n,n,s,y,v,u,1
k,g,u,b,p,f,w,n,k,b,?,f,f,p,o,u,n,t,e,y,a,g,1
s,f,n,b,p,n,w,n,h,t,u,y,k,g,c,p,w,t,z,b,a,l,1
b,f,c,t,f,d,d,n,b,b,c,k,y,c,w,u,n,t,f,b,s,w,1
x,g,r,t,n,n,d,n,n,b,c,s,f,g,y,u,w,t,s,k,n,l,1
s,f,g,t,p,n,d,b,b,t,e,f,k,o,p,p,n,t,p,n,a,l,1
f,g,p,t,p,n,c,n,b,t,z,y,f,c,n,u,o,n,e,w,a,u,1
s,s,b,b,m,a,c,n,o,b,z,s,y,g,p,p,y,o,c,b,a,d,1
f,f,g,t,m,n,d,n,k,b,r,f,k,e,g,u,o,n,e,o,c,u,1
x,g,n,b,c,d,c,b,n,t,e,f,f,y,n,p,o,n,e,b,t,w,1
x,s,e,b,l,a,c,b,b,t,e,y,s,p,b,u,o,n,z,r,a,p,1
b,y,n,t,f,a,c,n,b,b,r,f,f,b,o,u,w,o,e,n,t,d,1
c,s,p,t,m,a,d,n,y,t,b,s,k,b,p,u,w,t,p,h,s,g,1
x,f,u,b,m,d,c,b,w,t,b,k,k,w,n,p,o,n,z,y,n,l,1
x,y,r,b,s,n,d,b,g,b,b,f,k,c,o,p,y,o,p,w,s,p,1
k,y,c,t,l,a,d,n,h,t,z,f,k,b,b,u,o,t,c,o,a,u,1
c,f,w,b,y,f,d,n,u,b,e,f,s,p,b,u,w,o,z,y,s,w,1
s,f,w,b,a,a,d,b,w,t,u,f,k,o,o,u,n,t,z,r,c,u,1
f,y,r,b,a,f,w,n,u,b,u,y,s,c,p,p,n,o,f,k,v,m,1
f,y,e,t,f,a,d,b,g,b,u,k,f,c,c,p,y,n,s,k,a,d,1
k,g,u,b,s,n,c,n,k,b,?,s,s,b,p,p,w,o,e,k,a,m,1
x,g,r,t,s,n,d,b,p,t,e,k,y,c,e,p,w,t,f,k,v,u,1
x,y,n,t,n,n,c,n,y,t,b,s,s,n,n,u,o,n,l,h,v,l,1
b,s,b,b,l,d,c,n,h,b,b,f,f,p,b,u,o,t,n,h,t,d,1
b,f,u,t,c,f,w,n,w,t,z,s,y,c,c,p,n,n,n,b,v,w,1
b,f,g,t,c,d,d,n,u,b,r,y,f,c,p,p,y,t,p,k,s,l,1
f,g,g,t,f,n,d,b,r,t,r,f,f,w,g,u,w,n,f,b,t,p,1
x,f,p,t,s,a,c,b,h,t,e,y,f,c,g,u,o,n,e,u,a,g,1
b,y,y,b,f,a,d,n,h,t,c,y,y,n,b,u,o,o,n,n,t,m,1
x,y,e,b,s,n,d,n,y,b,?,y,s,w,e,u,n,t,l,h,a,l,1
s,y,w,t,c,f,d,b,b,b,e,f,s,b,p,u,o,n,f,y,v,d,1
b,g,p,b,c,d,c,n,o,b,c,s,f,y,g,p,o,o,s,n,v,l,1
k,y,e,t,p,n,w,b,p,b,e,y,k,n,e,u,w,n,z,b,s,g,1
s,s,e,t,f,a,d,b,h,t,u,f,k,n,c,p,w,n,p,r,n,d,1
x,y,y,t,a,a,d,n,b,b,e,y,s,o,n,p,w,o,l,k,a,d,1
b,s,e,b,n,a,w,b,g,t,u,f,k,b,g,u,o,n,z,b,t,w,1
s,y,b,b,s,n,w,n,n,t,r,k,s,e,c,u,o,n,c,k,v,p,1
k,g,y,t,f,f,d,n,b,b,c,y,f,g,b,u,w,o,s,r,t,p,1
f,y,w,t,a,f,w,n,n,t,r,s,s,b,e,p,o,n,c,h,n,p,1
c,s,p,b,c,d,c,n,r,b,e,y,f,o,o,p,y,t,s,n,t,w,1
k,f,n,b,a,a,c,n,n,t,c,f,s,y,o,u,o,n,e,h,v,d,1
s,s,b,t,n,n,d,b,r,b,e,f,y,c,b,u,o,t,c,h,v,d,1
s,g,u,t,m,n,w,n,o,b,z,k,k,c,n,u,o,o,c,o,v,l,1
c,s,p,t,m,f,w,b,u,t,b,s,k,w,b,u,o,t,c,o,s,w,1
s,g,n,t,m,f,d,b,b,t,r,s,k,o,n,u,w,o,n,k,v,l,1
s,y,y,t,a,a,d,b,h,b,b,f,f,n,n,p,y,n,c,k,v,u,1
b,y,r,t,n,n,d,n,w,b,z,f,s,e,c,p,o,t,n,k,c,d,1
k,g,g,b,c,d,c,b,g,b,r,y,s,c,y,p,w,n,p,r,a,w,1
s,g,e,t,y,d,d,b,b,b,?,k,s,w,p,u,o,t,n,u,n,w,1
s,f,y,t,m,f,w,n,n,b,b,y,f,b,w,p,o,t,s,w,t,p,1
b,g,n,b,n,a,c,b,b,t,?,f,f,e,w,p,y,o,f,h,n,d,1
k,s,p,b,l,n,w,n,p,t,r,y,y,c,w,p,n,o,p,k,a,g,1
c,s,e,t,l,n,w,n,h,t,e,f,y,y,w,p,y,o,s,k,a,w,1
f,f,w,t,l,d,d,n,p,t,u,y,k,b,e,p,w,n,z,u,c,g,1
c,g,w,t,m,f,w,n,p,t,r,f,y,w,y,p,w,o,c,o,s,d,1
x,s,y,b,p,n,w,n,b,b,c,f,s,n,b,u,o,n,s,r,v,l,1
x,f,w,t,n,n,c,b,k,t,b,y,s,c,p,p,n,o,z,n,a,l,1
c,y,r,t,s,d,w,n,r,t,?,f,k,y,c,p,y,o,e,o,s,m,1
s,s,y,t,n,a,w,n,y,t,?,f,s,y,e,p,y,o,f,k,t,w,1
k,s,b,t,a,d,w,n,u,t,r,y,y,b,y,u,w,n,e,o,s,u,1
x,g,r,b,p,f,c,n,u,b,?,s,s,c,w,u,n,t,n,n,c,d,1
k,s,g,t,c,n,w,n,o,t,r,y,f,b,p,u,y,t,p,k,t,m,1
x,g,y,t,s,d,d,b,r,t,z,s,k,o,o,u,w,t,n,b,a,m,1
s,y,u,b,m,d,w,b,r,b,c,f,s,g,g,u,o,t,f,o,v,g,1
x,s,e,b,c,n,w,b,h,t,u,k,k,b,e,p,n,n,e,h,a,g,1
f,g,n,b,a,n,c,n,o,b,e,f,k,c,c,p,y,t,c,h,v,d,1
k,f,p,b,l,d,w,n,h,t,u,f,f,e,w,u,n,t,e,h,s,w,1
k,f,r,t,y,f,d,n,h,t,u,f,k,o,g,u,y,t,p,o,a,g,1
x,g,w,t,a,a,c,b,g,t,e,f,k,e,o,u,y,n,z,b,v,p,1
k,s,n,t,f,a,d,n,g,t,?,s,k,o,c,u,n,o,l,h,a,p,1
s,y,n,b,l,a,c,b,h,t,b,f,s,o,w,p,y,t,p,n,c,m,1
s,y,c,b,n,a,d,n,h,b,z,k,y,c,o,p,y,t,n,n,a,m,1
c,y,e,t,a,a,c,n,p,t,e,s,s,o,o,p,w,o,n,r,n,u,1
b,s,w,t,l,d,c,b,y,t,r,y,s,w,e,u,y,n,n,b,n,u,1
s,y,p,t,y,n,w,n,w,t,r,y,s,p,w,p,w,t,c,u,s,g,1
c,f,c,t,l,a,w,n,h,t,z,s,k,c,y,u,y,t,p,h,c,m,1
f,f,w,t,f,f,d,b,w,t,b,s,y,e,b,u,n,t,n,u,v,d,1
s,s,p,b,s,d,d,n,k,b,b,f,k,e,o,u,o,n,f,o,s,g,1
b,y,n,b,n,f,c,n,y,t,b,y,k,b,e,p,y,o,l,b,c,d,1
k,g,e,b,f,d,c,n,w,t,z,s,s,p,y,p,y,n,f,h,c,p,1
x,s,g,t,s,a,c,b,p,b,?,k,y,c,w,p,o,n,e,b,c,w,1
f,y,c,b,l,d,c,n,g,t,c,f,s,p,g,p,y,n,c,h,a,u,1
f,f,e,b,y,a,d,b,k,t,?,y,y,g,w,p,n,t,z,u,c,u,1
k,f,w,t,y,a,c,b,o,b,c,f,s,p,g,p,w,n,l,k,n,g,1
s,f,p,b,s,f,d,b,p,t,?,y,s,o,e,p,w,t,n,u,c,l,1
c,s,y,b,s,a,w,n,w,b,e,f,s,n,e,p,y,t,e,b,n,u,1
c,f,e,b,p,a,d,n,n,t,e,k,y,b,o,p,w,n,c,k,t,m,1
f,g,y,b,m,a,c,n,o,t,u,y,f,n,g,u,n,n,f,h,n,g,1
x,f,c,b,s,a,c,b,g,t,?,y,s,c,g,p,w,t,c,h,c,u,1
x,s,p,b,p,n,d,b,u,t,u,f,s,g,n,u,w,o,z,o,t,w,1
k,f,c,t,f,n,c,b,r,b,z,k,k,p,p,u,n,o,z,w,s,d,1
x,s,b,t,y,f,d,n,g,t,?,f,y,n,g,u,n,t,e,n,t,u,1
b,s,w,b,y,d,c,n,k,t,b,k,s,n,e,u,y,o,c,h,t,u,1
f,s,p,b,n,d,w,n,n,t,b,y,f,g,c,p,n,t,c,u,v,m,1
c,g,e,t,m,a,c,b,p,t,?,k,f,n,n,u,n,n,c,b,s,d,1
x,f,n,t,a,d,d,n,e,t,?,f,y,n,p,p,n,t,n,y,a,g,1
f,s,n,b,n,a,w,b,b,b,z,y,y,n,p,p,n,o,e,n,v,m,1
s,s,y,b,p,a,d,n,g,t,r,f,s,g,o,p,w,t,l,h,v,u,1
b,f,b,t,f,d,d,b,n,b,e,y,f,c,c,u,w,n,s,h,c,p,1
b,y,u,b,l,a,c,n,y,t,b,s,f,y,e,p,o,o,c,r,v,g,1
s,f,r,b,s,f,d,b,y,b,e,s,y,e,b,p,w,t,f,n,c,w,1
x,f,g,t,y,n,c,b,w,t,b,s,k,b,c,p,w,o,p,k,t,d,1
k,s,n,b,s,n,w,n,g,b,z,s,y,c,p,p,y,t,s,w,a,m,1
k,s,g,b,c,f,d,b,n,b,c,y,f,w,g,p,n,t,n,b,v,w,1
b,g,g,b,s,a,c,b,n,t,z,y,k,w,y,u,y,n,f,u,v,m,1
b,y,b,b,m,f,w,b,b,t,u,k,y,g,n,u,n,o,e,u,s,l,1
x,f,e,b,c,f,d,n,b,t,?,s,f,g,y,p,n,o,n,y,t,d,1
c,y,b,b,p,d,w,n,p,t,e,f,s,y,w,u,w,o,s,o,c,d,1
s,g,b,b,m,a,c,b,o,b,b,s,s,y,g,u,n,t,z,k,t,w,1
b,y,u,b,y,n,w,n,y,b,r,s,f,g,w,u,o,t,n,u,a,u,1
k,g,n,b,s,a,c,n,p,t,b,y,y,c,y,p,n,n,e,b,v,d,1
c,g,w,t,f,d,c,n,h,b,u,f,s,o,g,u,o,t,n,k,s,l,1
x,s,n,t,m,f,c,n,u,t,r,s,s,g,w,p,y,n,n,n,t,w,1
x,f,g,t,l,d,c,n,b,t,?,y,f,y,e,u,y,n,c,o,t,l,1
c,y,r,b,m,d,d,n,p,t,e,s,f,n,o,u,n,n,e,o,c,l,1
x,f,n,b,n,f,c,b,n,b,?,k,y,b,n,u,n,o,n,n,t,g,1
f,g,c,b,y,n,c,n,g,t,c,y,s,e,w,u,y,o,c,w,v,l,1
f,s,y,t,a,a,c,n,g,t,z,y,f,o,y,u,n,n,p,o,c,u,1
k,y,u,b,p,n,w,n,h,t,u,k,y,c,o,u,o,n,c,h,c,l,1
s,s,y,t,n,n,w,n,p,b,r,s,y,e,w,u,y,o,e,b,a,g,1
k,f,e,b,f,n,c,n,g,b,u,f,s,c,g,p,n,n,p,u,t,l,1
x,g,g,b,m,a,c,n,r,t,c,s,s,b,g,u,w,o,s,r,s,p,1
k,s,u,t,y,d,d,b,e,b,?,s,f,p,p,u,o,n,c,k,t,d,1
x,s,y,b,c,n,c,b,p,b,?,k,k,w,w,u,y,o,p,o,s,u,1
c,g,y,b,p,d,w,b,b,b,c,k,f,w,b,p,o,t,p,r,s,l,1
k,f,b,b,y,n,c,n,e,b,c,f,y,c,w,p,n,t,l,u,n,d,1
k,g,c,t,c,n,d,b,h,t,r,s,s,y,n,u,o,n,f,y,s,g,1
b,g,y,t,p,n,d,n,u,b,b,y,s,n,b,u,n,t,c,o,s,g,1
f,f,u,b,c,a,w,n,p,t,z,k,k,w,e,p,n,n,f,y,v,m,1
b,g,r,b,y,a,d,n,r,t,e,f,s,e,e,u,w,n,s,y,n,u,1
s,g,c,b,m,a,c,b,o,b,?,f,y,y,g,u,o,t,e,b,c,p,1
s,g,b,b,s,d,d,n,n,b,u,f,f,y,g,p,n,o,c,w,n,w,1
b,y,r,b,l,a,d,b,p,b,c,k,k,n,o,p,w,o,s,b,t,d,1
f,g,y,t,y,d,w,n,u,b,c,k,s,p,e,u,w,o,s,o,c,g,1
k,s,b,t,y,f,w,n,p,t,?,s,f,p,o,p,n,n,c,b,a,u,1
k,g,u,t,y,f,c,b,r,b,r,y,s,o,n,u,n,o,f,h,a,g,1
f,y,y,b,l,f,w,b,r,b,e,f,y,w,n,u,n,o,e,k,c,g,1
x,g,w,b,a,f,c,b,n,t,?,s,y,p,o,p,n,t,c,b,c,g,1
c,s,w,b,c,n,w,b,h,b,r,f,s,w,n,p,o,n,p,k,a,m,1
x,y,r,t,n,d,w,n,h,t,e,k,y,o,y,p,w,o,s,r,n,u,1
k,s,b,t,n,f,c,n,g,b,r,y,f,w,n,p,w,n,z,u,n,u,1
k,g,r,b,n,f,c,n,o,b,b,s,s,n,n,u,y,t,f,u,t,m,1
k,y,p,b,a,n,w,b,o,b,?,k,f,g,g,p,y,o,l,b,s,l,1
c,f,g,b,c,a,d,n,o,b,c,k,s,b,e,p,w,o,n,b,t,l,1
k,s,w,t,l,a,c,b,n,t,u,f,y,o,o,u,w,o,f,y,c,m,1
b,f,w,t,p,d,d,n,g,b,e,f,f,b,o,p,o,n,z,b,v,l,1
c,s,u,t,f,f,c,b,o,t,c,s,y,w,o,u,o,t,e,b,a,g,1
k,f,r,b,n,a,c,n,p,b,e,k,y,n,b,u,y,o,p,b,a,m,1
c,f,c,b,c,f,d,b,y,t,b,k,f,g,g,u,n,o,s,n,s,g,1
k,s,e,t,s,f,w,b,g,b,c,k,y,o,p,p,n,n,z,r,c,d,1
b,f,r,t,n,a,c,n,h,t,u,s,f,e,o,p,n,n,n,n,a,p,1
f,s,n,t,s,a,c,n,u,b,?,s,s,n,c,u,n,t,f,y,c,m,1
b,f,b,t,m,n,w,b,o,t,b,y,s,y,w,p,n,t,l,k,t,l,1
b,g,r,t,n,n,d,n,y,b,c,y,y,p,c,u,o,t,p,o,c,d,1
f,g,g,t,l,a,w,b,e,t,e,f,k,y,y,u,y,t,n,b,s,u,1
s,g,y,b,n,a,w,n,u,t,r,s,y,y,o,p,w,o,n,o,c,m,1
f,f,w,t,a,n,c,n,k,t,z,y,f,o,g,p,w,n,z,h,v,g,1
k,y,r,b,f,n,c,n,r,t,z,y,f,b,c,u,o,t,e,k,t,l,1
k,f,g,b,c,d,c,n,e,b,b,k,y,b,c,u,w,t,c,k,t,u,1
x,f,g,b,f,d,d,b,r,b,b,k,f,b,w,u,o,t,s,w,s,u,1
k,y,g,b,s,n,w,b,k,t,c,f,s,c,p,p,y,t,p,k,v,p,1
s,s,p,t,y,a,c,b,g,b,?,k,k,y,e,p,o,t,s,k,c,g,1
b,s,r,b,c,d,c,n,w,b,c,f,f,y,p,p,o,n,f,h,t,p,1
s,s,c,t,n,a,d,b,g,b,c,f,f,o,g,p,o,n,z,u,a,l,1
b,s,y,t,a,a,d,b,o,t,b,k,s,n,p,u,w,t,l,w,s,l,1
k,f,w,b,a,f,c,n,e,t,e,y,s,b,c,p,y,t,s,o,n,g,1
c,g,u,t,f,d,d,n,p,b,?,s,s,p,o,u,y,t,s,r,n,l,1
b,g,p,t,y,d,d,b,r,t,?,k,k,o,o,u,w,t,n,o,v,m,1
x,g,w,b,y,f,d,b,n,t,r,f,f,y,n,u,o,o,p,k,t,l,1
c,y,b,b,f,n,d,n,r,t,r,f,s,e,y,p,y,n,z,y,n,p,1
x,y,b,t,l,d,d,b,y,b,?,k,f,c,o,u,w,n,e,u,v,w,1
x,g,b,t,p,n,c,n,p,b,r,f,s,g,b,u,w,o,p,o,n,p,1
x,g,e,t,l,n,w,b,o,b,c,k,y,b,o,u,w,t,e,h,s,p,1
s,s,n,b,a,n,d,b,u,b,r,k,y,o,w,u,w,n,p,n,c,u,1
c,g,p,b,n,d,d,n,p,b,b,k,s,o,c,u,n,o,e,b,v,l,1
c,g,b,b,s,a,d,b,e,t,u,y,y,n,e,u,w,t,s,o,c,m,1
k,f,u,b,s,d,d,n,e,b,u,k,s,y,e,u,o,o,p,b,v,l,1
b,f,e,b,c,n,c,b,p,b,e,y,k,n,p,u,y,o,s,n,t,g,1
f,y,u,t,f,n,d,n,p,t,e,f,s,b,g,u,w,t,f,b,s,d,1
f,y,u,t,f,f,c,b,w,t,?,s,k,p,p,u,o,o,e,b,n,w,1
f,y,e,b,n,d,c,n,r,b,r,k,k,n,e,u,o,o,l,k,t,d,1
s,y,u,t,f,n,d,n,r,t,c,k,y,p,o,p,n,n,s,r,c,g,1
k,s,g,b,s,d,d,b,n,b,r,y,s,n,o,p,n,n,s,k,t,w,1
b,y,e,b,a,f,c,b,g,b,u,s,k,n,n,p,n,t,p,k,t,d,1
c,s,y,b,p,n,d,n,h,t,?,s,f,y,w,u,w,o,l,o,v,l,1
f,s,n,b,c,n,w,n,k,b,r,k,y,p,o,u,n,o,c,y,v,d,1
b,s,y,t,y,f,c,n,p,b,?,k,s,c,p,p,y,o,p,b,c,w,1
s,g,y,b,c,d,c,b,r,t,b,s,k,g,y,u,y,t,z,k,n,g,1
c,y,b,b,f,a,c,b,o,b,?,y,f,n,b,u,w,o,s,u,v,u,1
b,f,p,b,m,n,w,b,e,b,e,y,k,y,b,u,w,n,n,y,t,u,1
c,g,b,b,a,d,d,n,n,b,r,k,y,y,e,p,n,n,s,w,s,g,1
k,f,e,b,n,a,d,b,n,b,u,y,s,y,y,p,w,t,n,w,v,w,1
x,y,r,b,a,d,w,b,p,t,u,s,f,c,o,p,y,o,n,o,v,m,1
x,y,n,t,s,d,d,n,o,t,?,f,k,w,c,p,w,o,n,b,v,u,1
c,f,g,b,f,n,w,n,g,b,c,f,s,w,o,p,o,o,z,k,n,g,1
c,s,g,t,l,d,w,b,y,b,e,y,y,b,o,p,y,n,p,u,a,l,1
k,s,e,b,a,a,w,n,p,t,u,s,y,g,n,u,o,n,e,b,s,w,1
x,y,n,t,a,d,d,n,b,b,b,f,s,y,o,u,o,n,c,y,t,u,1
b,f,r,b,n,f,c,n,r,b,r,k,f,c,o,p,w,t,e,y,v,u,1
f,g,e,t,a,f,c,b,b,t,c,y,f,n,y,u,o,t,z,n,t,m,1
b,f,e,b,n,n,w,n,u,b,z,y,f,b,p,u,o,n,f,b,t,l,1
k,s,n,t,m,a,d,b,h,t,r,f,s,n,p,p,w,o,l,r,c,g,1
f,s,p,b,s,a,d,b,y,b,r,f,k,y,n,u,w,t,e,k,n,l,1
x,g,y,b,f,n,c,b,n,b,u,y,y,p,c,u,n,t,n,w,t,p,1
k,g,u,t,l,f,d,n,u,t,e,f,k,n,p,p,w,o,n,o,c,p,1
s,y,u,t,a,a,w,n,p,t,r,s,k,w,y,u,n,t,e,b,t,u,1
c,y,p,t,f,a,c,b,n,t,c,k,s,e,b,u,y,o,n,k,n,g,1
b,g,e,t,n,f,c,n,w,t,e,f,s,w,g,u,n,n,c,k,a,m,1
f,y,c,t,a,d,d,b,y,b,r,k,y,o,n,p,y,t,f,w,a,l,1
s,s,y,t,c,d,w,n,w,t,e,f,y,y,g,u,o,n,l,o,n,g,1
s,g,c,t,p,d,d,n,u,t,?,f,y,y,w,p,n,o,c,y,a,p,1
x,f,r,t,a,d,c,n,u,t,?,f,s,e,g,p,w,o,e,r,v,u,1
c,y,w,t,f,f,c,b,w,b,r,y,s,y,c,u,n,o,z,b,v,w,1
f,y,g,t,n,f,c,n,n,t,e,k,s,n,n,p,o,o,p,u,c,m,1
b,y,g,b,f,n,w,n,g,t,z,k,k,y,y,u,n,n,p,u,a,l,1
f,g,y,t,m,d,c,b,p,t,b,y,f,b,b,p,w,o,z,y,c,u,1
k,f,c,b,c,n,c,b,b,b,r,k,y,g,c,p,w,n,s,b,c,p,1
f,g,u,t,c,f,d,b,r,b,c,s,s,b,o,u,y,n,p,w,s,u,1
c,s,g,b,p,d,d,n,u,t,b,f,k,g,g,u,y,o,s,r,n,u,1
k,g,e,b,l,f,w,b,o,b,e,s,f,b,n,u,w,t,n,w,n,d,1
b,f,u,b,s,n,w,n,n,t,c,k,y,g,e,p,n,o,z,b,n,u,1
k,y,b,b,f,f,c,n,b,b,b,y,k,n,c,u,w,o,l,k,s,g,1
k,s,y,t,m,n,d,b,n,t,c,k,k,p,e,u,w,t,n,w,t,l,1
f,y,c,b,a,d,d,b,n,b,?,y,f,w,b,u,w,t,s,w,s,p,1
b,g,y,t,p,a,c,n,b,t,b,f,k,o,e,u,o,o,e,w,n,d,1
b,s,e,t,a,n,w,n,n,b,b,f,f,w,y,p,n,t,z,r,n,u,1
c,g,c,b,m,a,d,b,k,t,b,k,y,w,c,p,y,n,z,o,s,d,1
k,g,y,b,n,d,w,n,k,t,z,s,s,e,n,u,n,t,e,w,n,m,1
k,y,w,t,n,d,c,b,u,t,?,y,k,g,y,u,n,o,z,o,c,m,1
k,f,y,b,s,d,d,b,o,b,r,s,f,y,c,p,n,o,n,h,s,l,1
c,f,c,b,s,d,d,b,r,b,r,s,y,n,o,u,w,t,f,w,a,p,1
c,g,u,b,p,f,w,n,u,b,c,s,f,n,w,p,o,o,n,o,v,p,1
b,s,r,t,a,n,w,n,h,b,e,s,s,y,w,p,w,t,l,o,c,m,1
k,s,u,t,m,f,d,b,r,b,e,k,y,b,n,p,o,t,e,b,s,m,1
f,y,w,t,f,a,d,b,h,b,e,f,f,o,y,u,n,o,n,o,v,u,1
k,g,y,t,s,f,d,n,o,t,?,s,k,g,y,p,y,o,e,y,t,m,1
s,y,b,b,y,a,c,n,w,t,b,k,f,y,y,u,n,t,e,y,s,m,1
x,y,e,b,c,a,c,b,h,b,c,s,f,n,n,u,o,t,e,w,t,u,1
s,s,n,t,l,n,d,n,p,t,u,f,y,o,o,p,n,n,l,y,v,g,1
b,g,n,b,n,a,c,b,r,b,b,s,y,w,g,p,y,t,e,h,s,d,1
x,f,b,b,f,a,w,n,b,b,u,k,f,e,c,u,o,o,l,y,a,g,1
s,y,y,b,n,a,d,b,h,t,?,s,y,n,n,u,w,o,n,h,a,d,1
f,g,e,b,s,f,c,n,w,t,z,s,s,c,w,p,o,n,s,h,t,w,1
x,g,w,b,m,n,w,n,g,b,z,f,k,n,g,u,y,o,n,h,c,d,1
b,y,g,b,n,f,w,b,e,t,?,s,s,c,b,p,w,n,p,b,t,l,1
x,g,b,t,c,d,d,n,h,b,z,k,s,o,n,u,n,t,n,r,v,g,1
x,g,u,t,s,d,w,n,k,t,?,s,y,o,p,p,o,o,z,b,c,w,1
x,y,e,b,c,a,d,n,k,b,?,f,f,c,o,p,n,t,s,h,c,d,1
b,g,g,b,l,a,w,n,h,b,u,f,k,e,y,u,o,t,p,u,s,d,1
b,g,w,t,n,n,w,b,w,t,u,k,f,c,w,p,o,n,n,w,t,u,1
s,f,g,t,f,a,w,b,k,t,?,y,y,b,o,u,o,o,l,y,v,d,1
c,y,r,t,a,a,c,n,k,b,z,k,y,p,o,p,o,n,z,y,a,g,1
x,y,g,b,c,d,d,b,h,b,u,f,s,y,e,p,o,t,c,b,a,d,1
c,s,n,t,a,d,w,n,h,b,z,s,y,p,p,p,o,t,p,u,t,l,1
c,f,c,b,n,n,w,b,n,t,u,s,s,c,y,u,n,n,z,o,c,w,1
f,f,p,t,n,d,w,b,h,b,z,f,s,b,c,p,o,t,s,h,t,g,1
x,y,e,t,n,a,c,n,u,t,z,y,f,b,o,u,y,o,n,n,c,g,1
c,y,n,t,p,n,c,b,e,b,b,f,s,o,o,u,o,t,p,n,v,w,1
s,g,n,t,f,a,d,b,r,b,r,y,k,g,b,u,w,t,e,r,s,p,1
s,s,w,t,f,d,w,b,k,b,z,f,f,e,o,p,o,n,e,h,c,g,1
x,s,y,t,m,f,w,n,k,t,e,f,f,n,n,u,n,t,c,w,a,p,1
b,s,e,t,a,n,d,n,y,t,b,y,f,y,n,u,y,t,p,w,t,l,1
c,y,y,t,m,f,w,b,y,b,c,s,k,b,w,p,o,o,e,b,n,l,1
s,s,r,b,a,f,c,n,p,b,z,f,s,b,o,p,y,n,f,k,s,g,1
x,g,g,t,n,f,w,n,g,b,?,k,s,y,p,p,n,o,n,y,t,g,1
x,f,p,b,p,a,w,n,n,t,z,k,s,y,g,p,o,o,n,n,c,d,1
x,g,g,b,n,n,d,n,w,t,r,k,s,c,w,p,w,n,c,n,v,m,1
x,y,e,t,m,n,c,n,p,b,z,y,y,n,g,u,w,t,l,n,v,l,1
k,g,p,b,a,n,c,b,u,t,b,y,y,g,g,u,w,n,e,w,n,l,1
s,s,n,t,f,d,c,n,p,t,?,y,k,b,o,u,y,o,s,k,a,d,1
k,f,p,t,c,a,c,b,e,b,c,k,k,e,g,u,o,t,e,u,t,w,1
x,g,r,t,m,f,w,n,h,t,c,f,k,y,b,p,n,t,s,h,a,m,1
f,g,b,t,n,n,w,n,o,t,u,y,y,y,g,u,o,n,f,o,a,p,1
s,f,b,t,s,f,w,n,w,b,b,y,s,g,n,u,n,t,p,h,n,l,1
k,f,b,t,l,n,d,b,r,b,u,s,s,e,b,p,n,t,n,h,t,d,1
s,s,c,b,c,d,w,n,h,b,?,f,s,p,o,u,n,o,f,r,n,w,1
c,g,y,t,a,f,c,b,w,t,z,f,s,n,w,u,o,n,z,h,n,d,1
f,f,w,b,c,a,c,n,p,b,?,k,k,g,p,u,y,o,s,y,v,d,1
c,y,w,b,p,n,c,b,e,t,r,s,y,e,c,u,o,n,p,b,n,g,1
s,g,w,t,f,n,w,b,n,t,u,f,f,b,y,p,n,n,f,u,s,w,1
c,y,b,b,l,a,d,n,g,b,r,y,k,w,b,p,w,n,z,k,c,l,1
c,f,u,b,c,f,d,n,w,b,c,f,k,e,e,p,o,n,n,u,a,g,1
c,f,p,b,n,d,c,b,g,b,u,y,k,g,y,u,w,n,l,u,a,m,1
x,y,g,t,m,d,w,b,y,t,b,s,k,w,c,u,y,n,e,b,v,l,1
s,y,r,t,m,f,d,b,p,t,z,f,s,w,c,p,y,n,c,y,c,d,1
f,f,e,b,f,a,d,b,e,b,z,y,s,b,p,u,n,t,f,k,n,g,1
s,s,b,t,s,d,c,b,k,b,b,f,s,o,e,p,w,n,p,y,a,m,1
s,f,g,b,l,n,c,b,k,t,c,y,s,e,g,u,y,t,s,o,c,w,1
c,f,n,b,f,n,d,n,e,t,c,k,s,c,p,p,n,t,s,o,v,l,1
s,f,b,t,s,a,d,n,b,t,?,f,s,g,e,u,y,n,l,r,a,m,1
x,s,r,t,a,d,w,n,y,b,r,k,k,n,n,p,y,o,z,w,v,p,1
c,y,p,b,n,n,c,n,w,t,z,f,f,n,y,u,o,o,s,u,s,w,1
f,f,w,b,m,d,d,n,e,t,c,y,y,b,b,u,w,o,p,y,a,p,1
f,g,p,t,c,n,w,b,y,t,z,f,y,w,p,u,o,o,f,y,a,g,1
s,f,y,b,y,a,w,n,u,b,z,s,f,c,e,u,o,t,e,u,s,l,1
s,s,b,t,l,f,w,b,g,b,e,y,f,g,p,u,n,o,n,b,c,u,1
f,y,r,t,n,f,d,n,k,b,?,s,y,y,b,u,w,o,f,o,c,l,1
f,s,y,b,y,f,c,b,n,b,?,f,f,b,o,u,o,t,s,w,v,d,1
k,g,e,t,f,a,w,n,e,t,e,s,s,p,g,u,w,n,p,b,t,d,1
c,g,c,b,m,n,d,b,k,t,?,y,k,g,p,u,o,t,l,b,v,l,1
b,f,b,t,l,a,c,n,u,b,c,s,k,y,o,u,o,o,f,u,v,m,1
b,y,y,t,m,d,w,n,p,t,e,f,f,n,o,p,o,t,n,k,v,m,1
s,y,n,t,l,f,c,n,h,b,z,k,f,w,n,u,w,t,s,n,n,w,1
b,y,b,b,s,f,c,b,k,t,?,k,s,e,o,p,n,n,f,r,n,l,1
b,g,n,b,n,a,c,n,o,t,e,y,s,b,o,p,y,n,f,k,a,g,1
x,s,e,t,s,f,c,n,g,t,z,k,s,p,p,u,y,t,n,o,c,u,1
f,f,e,t,p,f,c,b,e,t,?,f,f,e,o,p,y,n,n,b,a,g,1
b,g,n,b,a,d,d,n,p,t,u,f,f,o,n,p,n,t,f,r,n,p,1
f,g,c,b,m,n,c,b,y,t,r,k,s,c,c,p,o,o,s,u,a,m,1
x,s,u,b,c,f,d,n,n,b,e,s,s,e,w,p,w,t,c,b,v,m,1
k,s,w,b,n,d,d,n,o,t,u,k,s,c,w,u,w,t,l,k,s,w,1
s,g,n,b,c,d,d,n,e,b,r,s,k,n,w,p,w,n,z,b,s,d,1
x,s,y,t,c,a,w,n,b,t,c,k,s,g,c,p,y,n,p,o,t,w,1
s,g,r,b,l,n,w,b,e,b,c,f,k,g,e,p,o,o,z,k,c,p,1
s,g,c,b,c,d,c,n,o,t,c,f,y,b,g,u,w,t,c,u,n,p,1
c,s,g,t,c,f,w,n,o,b,u,k,k,p,o,p,o,o,c,h,c,u,1
b,g,b,t,l,d,c,b,o,t,r,s,f,p,g,p,w,t,s,k,n,u,1
f,f,c,t,c,d,c,b,h,b,u,y,s,p,n,p,o,n,l,w,s,m,1
s,s,e,b,m,n,w,n,o,b,b,y,f,o,e,p,o,o,l,w,s,g,1
x,s,r,b,p,f,w,b,n,t,u,s,y,p,b,u,y,t,s,b,s,l,1
b,g,e,t,m,a,d,n,h,b,r,s,k,o,y,p,o,n,n,u,c,m,1
k,s,p,b,n,d,w,b,h,t,b,k,s,y,y,u,n,t,f,y,n,d,1
b,y,w,t,y,n,w,b,n,t,e,y,f,g,n,p,y,o,f,o,s,p,1
b,f,p,b,s,n,d,n,h,t,z,f,y,e,g,u,n,o,z,b,a,g,1
c,g,r,t,n,n,c,n,b,t,u,y,y,e,e,p,y,n,p,h,a,w,1
c,s,y,b,a,d,c,n,u,t,c,f,f,y,g,p,o,n,l,k,t,l,1
c,s,u,b,m,f,c,n,p,b,z,y,s,w,c,u,y,o,c,w,a,d,1
s,y,w,b,p,d,w,n,u,b,u,f,s,c,w,u,w,o,n,h,t,l,1
c,g,r,t,m,n,c,n,n,b,z,f,s,y,p,p,n,t,f,u,n,g,1
c,y,b,t,m,d,c,n,h,b,u,k,y,n,e,u,o,o,n,u,a,g,1
k,s,e,b,c,a,d,b,e,b,b,f,y,o,y,p,o,o,c,b,a,w,1
f,f,u,b,p,a,d,n,o,b,r,k,k,n,o,p,y,n,s,o,n,w,1
x,g,p,t,s,a,w,b,p,t,b,s,y,w,n,p,y,t,e,y,t,p,1
c,g,w,t,p,n,w,n,e,t,e,f,k,c,b,p,y,n,z,k,n,d,1
x,f,w,b,n,d,c,b,y,b,b,k,y,w,e,u,y,n,f,u,t,m,1
x,g,n,b,f,d,d,n,o,t,z,s,k,g,w,p,y,n,f,r,v,g,1
f,g,g,t,l,a,d,b,o,t,c,f,k,n,p,p,y,n,z,u,n,m,1
x,s,y,b,y,f,d,n,k,t,z,s,s,b,c,u,w,t,z,o,s,w,1
x,y,c,b,n,n,c,b,r,b,r,f,y,p,p,p,w,o,z,o,a,p,1
s,f,w,b,f,a,c,b,k,t,e,k,s,o,p,p,w,t,s,k,s,d,1
k,y,y,b,y,a,c,n,p,t,r,f,f,g,e,u,n,n,p,n,n,g,1
b,y,b,t,c,n,c,n,g,b,?,s,s,n,w,p,y,o,s,w,v,g,1
b,s,b,t,s,d,d,n,h,b,r,y,s,e,o,p,o,o,c,h,s,l,1
f,f,y,b,a,d,d,n,h,t,r,s,y,p,y,u,y,o,p,w,s,p,1
s,s,g,b,m,a,w,b,y,t,?,f,f,e,e,p,o,n,p,n,a,w,1
s,s,b,b,n,n,d,n,o,b,b,f,s,c,c,p,o,t,n,y,a,p,1
s,f,c,t,n,a,c,n,w,b,b,y,k,b,n,p,n,t,c,u,n,u,1
c,y,u,b,m,d,w,b,n,t,r,y,f,n,n,p,o,t,n,r,v,m,1
b,s,w,t,y,n,d,n,y,t,z,k,f,n,p,u,y,n,e,y,c,d,1
x,f,p,t,y,n,w,n,g,t,c,k,s,w,e,p,n,n,f,n,v,w,1
c,s,u,b,f,a,d,b,y,t,z,f,k,n,w,u,o,t,z,o,n,u,1
s,s,n,b,c,n,d,n,h,t,b,y,f,b,w,u,w,t,e,w,n,l,1
c,y,b,b,c,f,w,n,h,t,c,y,k,o,w,u,w,n,c,r,c,g,1
x,f,e,t,f,d,c,b,u,t,b,k,f,o,c,p,n,o,e,h,n,l,1
f,f,w,b,l,f,c,n,p,b,u,k,y,n,n,p,n,t,p,y,s,w,1
b,y,c,b,f,n,w,b,n,b,c,k,s,p,b,p,y,t,l,h,c,m,1
k,g,w,b,p,d,c,n,w,b,?,y,k,w,g,p,w,n,c,w,t,l,1
b,s,e,t,c,a,c,n,n,t,c,f,f,n,w,p,w,o,l,y,t,d,1
x,s,r,t,c,a,d,b,b,b,?,s,y,c,y,u,w,n,f,y,a,l,1
x,g,p,t,f,d,w,n,o,b,?,y,f,n,p,p,y,n,c,o,v,g,1
c,g,y,t,a,f,d,n,y,t,e,k,s,o,w,u,n,n,l,k,s,l,1
s,g,y,b,s,n,d,n,b,b,u,f,y,c,g,p,y,o,c,r,s,w,1
s,y,w,b,p,f,w,n,o,b,u,k,y,e,n,p,w,n,e,k,c,p,1
s,s,p,t,f,a,w,n,e,t,r,k,s,p,p,p,w,t,f,n,s,w,1
x,y,g,t,c,f,c,n,n,b,c,y,k,b,b,p,o,o,c,n,c,g,1
c,s,g,t,n,a,d,n,y,t,u,f,s,b,c,u,o,t,c,o,c,p,1
b,f,e,b,p,d,d,n,n,t,c,f,s,n,p,p,w,n,p,n,t,g,1
b,f,y,b,y,n,c,b,n,t,c,k,y,c,o,p,n,n,z,u,s,u,1
f,y,n,t,p,f,w,n,y,t,z,y,f,e,g,p,y,o,f,r,v,l,1
k,f,g,b,a,a,c,n,w,b,z,y,k,n,o,u,y,n,n,r,s,w,1
s,s,n,b,f,n,d,n,g,t,u,y,y,w,n,u,w,t,z,k,c,w,1
f,f,c,t,a,f,d,b,u,t,z,k,y,o,n,p,y,t,f,n,s,u,1
b,s,b,b,c,d,c,n,k,t,e,s,f,b,w,p,o,t,f,h,v,u,1
x,f,g,b,a,d,w,n,w,t,r,k,f,b,b,p,n,n,z,u,v,p,1
x,y,w,t,a,a,w,b,y,b,r,s,y,n,g,p,w,o,s,n,v,g,1
f,s,p,t,c,d,w,n,r,b,c,f,f,p,b,u,n,t,n,o,v,w,1
k,g,w,b,s,f,c,b,p,t,c,k,f,g,w,p,o,n,f,r,c,p,1
b,s,p,b,n,d,d,b,p,b,?,s,f,b,p,u,y,o,s,b,a,p,1
c,g,b,t,f,a,c,b,h,t,z,s,f,y,g,u,w,o,f,u,s,m,1
c,f,n,t,c,a,w,b,p,b,e,k,y,p,y,u,n,n,c,b,v,p,1
s,y,g,b,p,d,d,n,r,b,u,f,k,c,e,p,o,t,n,k,s,p,1
x,g,n,b,n,d,d,n,w,b,?,k,s,o,n,p,o,o,n,y,c,l,1
b,f,e,b,l,f,w,n,o,b,z,s,s,y,p,u,y,n,c,k,t,w,1
f,y,y,b,a,a,w,b,n,t,z,f,s,g,w,p,y,n,p,h,n,m,1
s,g,y,b,p,a,c,b,w,b,?,k,k,c,p,u,n,n,p,r,s,g,1
f,f,w,t,y,a,c,n,r,b,z,f,k,e,y,p,o,n,l,r,s,m,1
f,s,e,t,a,f,d,n,y,t,r,s,f,n,w,u,n,o,n,h,t,d,1
f,f,n,t,c,f,c,n,u,b,u,k,k,n,n,p,n,o,p,w,s,w,1
f,f,e,t,l,d,d,b,p,b,c,k,s,w,o,u,o,n,f,y,a,u,1
c,y,u,t,m,d,w,b,b,t,c,s,y,g,e,u,y,o,z,o,n,w,1
s,y,e,b,p,d,w,n,u,b,b,s,y,c,b,p,w,o,f,n,s,m,1
s,s,b,b,s,a,d,b,r,t,u,y,k,n,g,p,o,n,z,r,c,p,1
x,g,u,t,n,d,w,b,n,b,b,y,k,p,n,p,o,o,c,y,s,d,1
b,g,b,b,n,f,w,n,e,t,u,k,k,p,c,u,w,n,c,n,n,w,1
b,g,w,t,n,a,d,b,u,b,r,f,y,o,y,u,y,o,s,y,t,d,1
x,y,w,t,m,n,c,b,h,t,z,y,y,y,b,u,o,n,s,o,v,g,1
s,s,p,b,f,a,w,b,b,b,?,s,s,c,e,p,n,t,c,n,n,g,1
c,g,g,t,p,a,d,b,w,t,e,s,s,e,w,u,o,t,c,n,c,u,1
c,g,n,b,s,d,c,b,e,b,e,s,y,b,b,p,n,t,c,h,a,p,1
b,s,y,t,f,d,c,n,o,t,e,k,k,y,b,u,n,n,p,r,t,p,1
s,s,p,b,y,d,d,b,r,b,e,y,k,p,n,u,w,n,p,n,a,m,1
b,f,g,t,a,f,c,n,g,t,?,y,y,c,p,p,y,n,c,r,v,l,1
s,s,u,b,n,n,c,b,n,b,b,f,s,c,e,p,y,t,l,w,s,u,1
b,g,b,b,m,d,c,b,u,b,u,k,k,y,c,u,y,n,c,y,a,w,1
c,f,u,b,a,n,c,b,p,t,u,s,f,b,w,u,o,t,e,o,c,g,1
x,f,u,b,f,n,w,n,g,b,u,k,s,n,n,u,n,o,f,h,n,u,1
c,g,g,t,c,n,w,n,p,b,?,k,f,c,w,u,n,t,n,b,a,l,1
k,s,e,t,p,n,w,b,b,t,c,k,y,g,o,p,y,o,e,k,t,l,1
c,g,g,b,y,d,c,n,g,t,?,k,s,o,w,u,y,n,z,o,a,g,1
c,f,b,b,s,a,d,n,n,t,z,s,s,e,y,u,o,n,e,u,c,m,1
k,y,y,b,y,n,c,b,e,b,z,s,k,y,b,u,n,n,c,r,s,u,1
f,f,n,b,c,d,w,n,o,b,u,f,y,c,o,u,o,o,e,h,v,g,1
c,f,u,t,f,n,w,b,g,b,z,k,f,n,e,u,w,n,s,b,c,w,1
x,g,c,t,m,d,c,b,y,t,?,s,f,g,b,p,w,o,f,u,t,l,1
f,s,u,t,f,a,w,b,n,b,r,y,f,o,o,p,y,n,l,r,v,w,1
f,y,p,b,y,d,w,n,w,t,z,k,s,b,w,u,n,o,c,r,s,l,1
s,y,y,b,f,n,d,n,g,t,u,f,f,o,b,u,w,o,c,y,c,d,1
s,f,r,t,n,d,d,n,w,b,e,f,s,y,n,p,n,n,f,k,n,g,1
c,y,e,t,m,f,d,b,p,b,u,f,s,c,o,u,n,t,n,k,v,d,1
c,g,y,b,a,a,w,n,o,b,r,k,k,n,o,u,n,o,p,h,t,w,1
s,f,y,t,n,a,d,b,o,b,c,k,k,e,e,p,w,o,c,k,s,l,1
x,y,n,t,p,f,c,b,r,t,z,s,f,g,b,u,w,n,f,r,t,m,1
k,y,e,t,m,f,w,n,g,t,z,f,s,y,p,p,n,t,p,u,v,u,1
s,s,e,b,y,a,w,b,r,b,c,s,k,y,g,p,o,o,n,y,s,u,1
x,y,r,b,f,a,w,b,g,b,e,f,y,n,e,p,w,n,c,b,s,m,1
b,s,y,b,f,n,w,b,h,t,b,k,s,c,w,u,n,o,l,b,c,l,1
x,g,c,t,n,n,c,b,p,t,b,y,s,b,n,p,y,t,c,k,t,p,1
s,g,r,b,c,a,w,n,n,t,r,k,y,g,w,u,y,o,c,r,v,l,1
s,f,c,b,c,f,c,n,r,t,?,y,f,y,b,p,o,o,z,h,s,g,1
b,f,c,b,f,n,w,b,h,t,e,y,k,w,w,p,y,n,f,n,s,u,1
x,s,e,t,c,d,d,n,u,b,r,y,s,o,o,u,o,t,e,y,a,d,1
b,g,p,t,a,a,d,b,h,b,b,f,f,e,w,p,n,t,c,y,c,w,1
s,y,g,b,n,a,c,n,o,t,?,k,y,e,b,p,y,n,n,w,s,m,1
k,s,y,t,c,n,c,b,y,b,b,y,y,g,n,u,y,o,p,b,t,p,1
x,y,p,b,y,d,c,b,w,b,r,k,y,y,p,u,y,n,z,o,s,d,1
f,s,n,b,m,d,c,n,e,t,?,s,s,y,o,p,y,o,f,n,n,m,1
x,f,y,t,m,f,d,n,u,b,e,f,y,w,p,u,o,n,p,y,n,m,1
c,g,n,b,p,f,c,n,u,b,?,s,k,w,w,p,y,n,z,b,c,w,1
k,g,b,b,n,n,c,n,n,b,u,f,f,c,e,u,n,t,f,y,n,l,1
b,g,g,t,c,n,d,b,h,b,u,s,f,n,c,u,o,t,e,y,a,d,1
s,f,w,b,f,d,d,n,o,b,b,f,s,y,b,p,n,n,z,k,a,w,1
x,y,c,b,f,a,c,b,h,t,?,f,s,c,n,p,w,t,c,w,c,u,1
k,s,n,b,a,d,d,n,h,b,u,s,s,b,g,p,w,t,c,o,s,p,1
b,s,r,t,a,n,d,n,b,b,b,s,k,o,y,p,y,n,s,w,t,p,1
k,g,y,b,c,a,c,b,w,b,c,k,y,c,g,u,o,n,s,n,s,w,1
c,y,y,b,l,d,d,b,u,t,e,y,k,c,e,p,w,n,z,b,v,w,1
b,y,c,b,y,a,w,n,o,b,?,y,y,c,y,p,y,o,f,o,t,u,1
c,g,p,b,a,f,c,b,g,t,?,k,s,b,p,u,w,t,n,n,v,g,1
x,g,r,b,a,n,w,n,e,b,u,k,f,p,w,u,y,n,f,u,a,m,1
b,g,b,b,c,n,c,b,y,b,r,k,s,o,c,p,o,n,z,b,c,m,1
c,f,n,b,p,a,c,b,k,b,b,y,y,e,y,u,o,o,f,y,c,u,1
s,s,u,b,l,n,d,b,u,b,c,s,s,p,y,p,w,t,e,u,v,d,1
s,g,u,t,y,n,w,b,p,t,r,s,f,c,e,u,w,t,p,r,c,m,1
x,y,n,b,m,a,d,n,r,t,?,s,f,y,y,p,y,n,z,r,c,d,1
c,f,n,t,c,d,c,b,r,b,b,s,k,n,b,p,w,n,c,h,t,u,1
b,y,n,b,y,a,c,b,o,t,b,f,k,b,p,p,y,o,e,k,s,d,1
x,s,y,t,y,d,d,b,g,t,c,f,y,o,p,u,n,n,e,w,n,l,1
k,s,y,t,f,a,d,n,y,b,b,y,s,o,o,p,n,n,p,h,s,g,1
k,y,r,b,m,a,c,n,b,b,u,y,y,g,e,p,y,n,e,u,a,m,1
c,s,u,b,s,n,d,n,g,t,r,y,k,w,p,u,o,t,c,u,t,l,1
c,s,g,b,m,f,d,n,p,t,z,s,s,p,c,u,w,o,f,n,t,u,1
s,s,u,b,f,a,d,n,o,b,c,k,y,g,g,u,y,n,l,k,a,w,1
s,f,c,t,f,f,w,n,w,t,r,s,f,c,g,p,o,n,c,k,v,m,1
s,f,w,b,n,d,c,b,u,b,z,k,k,b,c,u,n,o,l,k,a,p,1
b,f,b,t,m,a,d,n,y,t,?,y,f,g,w,p,y,t,c,r,n,g,1
b,s,u,b,y,f,c,n,n,b,b,f,k,e,y,u,o,t,l,y,n,u,1
b,s,p,t,s,n,w,n,b,t,r,f,k,y,p,p,w,t,f,k,n,m,1
k,y,c,t,c,f,w,n,e,b,b,f,k,g,e,u,y,n,p,u,t,d,1
f,f,u,t,y,n,c,n,b,t,u,f,s,o,g,u,w,o,f,b,a,w,1
x,y,c,t,a,a,w,n,u,b,?,y,y,c,w,p,y,o,c,b,c,p,1
b,y,u,b,f,d,w,b,g,b,b,y,s,o,n,u,n,n,s,o,s,d,1
s,y,u,t,l,f,d,b,w,t,?,s,s,g,w,p,w,o,c,h,a,m,1
k,f,e,b,m,a,w,b,e,t,c,s,y,o,o,u,o,t,l,b,t,w,1
k,g,r,b,n,a,d,b,y,b,r,s,y,o,n,u,o,o,c,y,a,m,1
k,y,p,t,c,d,d,b,r,t,c,y,s,g,c,p,w,o,n,r,t,w,1
x,g,w,t,p,f,d,b,e,t,z,y,y,w,y,p,w,t,p,o,n,d,1
k,f,y,b,n,a,c,b,e,t,e,k,y,p,b,p,w,o,l,b,v,g,1
b,y,e,t,m,n,d,b,o,t,c,k,f,y,o,u,w,o,f,w,n,u,1
b,f,n,b,s,d,d,n,e,b,b,k,k,w,b,p,o,o,s,r,v,m,1
c,y,u,b,a,d,c,b,o,t,b,s,y,g,p,u,y,n,z,n,a,w,1
f,f,p,t,a,a,c,n,b,t,z,y,s,w,w,u,w,o,p,h,n,p,1
c,f,y,b,m,d,c,b,h,t,c,s,k,e,n,u,y,t,f,h,v,p,1
b,s,b,b,n,a,c,b,r,t,b,k,y,o,g,p,y,t,f,u,c,g,1
f,f,u,b,m,f,c,n,g,t,z,s,y,e,n,p,o,n,p,u,n,d,1
b,f,c,b,s,d,w,b,w,t,z,f,f,y,n,p,o,o,f,y,a,l,1
c,y,e,t,f,n,d,b,e,b,r,y,y,e,e,u,y,o,s,h,c,p,1
s,f,b,b,f,f,d,n,o,t,b,f,k,c,o,u,y,t,l,b,s,d,1
f,g,g,t,s,a,w,n,h,t,?,s,s,b,p,p,w,t,e,n,n,w,1
s,y,g,t,n,f,d,b,k,b,z,y,y,e,n,u,n,n,c,n,s,p,1
k,s,b,b,y,a,d,b,u,t,b,k,k,o,o,p,n,t,l,n,s,g,1
c,g,y,t,m,d,d,n,p,t,b,k,f,e,b,p,o,n,s,n,n,d,1
c,f,p,b,f,d,d,b,b,b,z,f,s,b,g,p,w,t,e,h,s,m,1
f,s,r,t,m,n,w,b,g,t,z,s,y,g,w,u,w,t,f,r,t,l,1
s,f,u,t,n,n,w,n,g,b,u,y,k,g,y,u,o,o,n,k,a,m,1
k,f,r,b,f,d,w,b,y,b,?,s,y,b,o,p,o,n,n,b,c,l,1
b,g,n,b,s,a,c,b,n,b,c,f,f,y,p,p,w,t,e,n,t,d,1
b,f,p,b,a,d,d,n,p,b,u,y,f,p,b,u,o,o,p,y,c,m,1
b,f,y,b,y,d,w,b,p,b,z,f,k,g,w,u,w,o,l,b,s,g,1
x,f,g,b,f,a,d,b,e,t,c,s,k,c,p,p,y,o,n,u,v,m,1
f,g,y,t,y,n,c,n,u,t,z,f,s,g,g,p,w,n,s,n,c,d,1
f,s,u,t,m,f,d,b,h,b,r,f,k,w,p,p,y,o,z,k,n,d,1
f,y,c,b,f,d,d,n,y,b,b,f,f,w,c,p,o,n,z,u,t,l,1
k,s,p,b,s,d,c,b,b,t,b,s,s,c,p,u,n,n,z,y,a,w,1
f,g,y,t,f,a,d,b,k,b,?,s,y,e,w,p,n,o,f,w,c,w,1
f,s,w,t,m,d,c,b,e,t,?,k,y,w,o,u,w,n,p,b,a,l,1
s,g,b,b,l,a,c,b,y,t,z,s,s,e,b,p,n,t,l,k,a,d,1
k,s,w,b,s,n,c,n,b,b,?,y,k,e,w,u,n,o,n,n,t,w,1
c,y,b,t,s,d,c,n,o,b,z,k,y,c,c,p,o,n,c,b,n,w,1
b,f,r,t,f,a,c,b,g,t,b,y,k,n,b,u,o,t,p,w,c,w,1
s,f,y,t,n,f,d,b,u,b,c,k,s,c,n,u,n,o,n,h,c,w,1
c,y,b,t,a,a,c,n,y,t,?,y,f,n,c,u,o,t,e,u,a,l,1
f,f,p,t,c,a,d,b,y,t,c,k,k,g,p,u,w,n,s,n,a,d,1
s,s,c,t,s,f,w,n,y,b,r,f,s,c,n,u,o,n,z,k,t,l,1
x,s,p,t,m,d,d,b,b,b,r,f,y,n,g,p,w,n,n,n,c,p,1
x,g,w,t,y,d,d,b,k,b,b,f,k,c,b,u,y,n,s,y,v,w,1
x,g,e,b,p,d,w,b,w,t,r,f,f,n,g,p,w,t,f,o,s,p,1
k,y,r,t,c,f,c,b,g,b,r,s,k,y,e,u,w,t,n,h,c,m,1
s,y,r,t,n,d,w,b,p,b,e,y,s,p,e,p,w,o,s,h,s,d,1
k,y,b,t,s,f,w,n,u,b,b,y,y,e,c,p,n,o,l,k,c,u,1
f,y,b,b,y,a,c,n,n,t,u,k,k,w,b,p,o,n,e,h,a,u,1
k,f,e,b,a,d,d,b,w,t,?,k,k,b,e,u,y,t,z,b,c,m,1
f,g,g,t,a,a,d,n,o,t,r,k,s,c,w,u,n,t,c,n,v,p,1
x,g,n,t,a,a,w,n,h,b,e,k,y,y,b,u,n,n,z,n,n,m,1
s,f,b,t,c,n,w,n,w,t,b,f,k,n,w,u,o,n,f,r,s,l,1
c,s,c,t,p,d,d,n,k,b,z,y,y,p,g,p,n,n,c,y,n,w,1
x,f,r,b,c,d,c,n,e,t,u,k,f,n,o,u,n,n,z,k,s,g,1
c,s,r,b,y,d,c,b,b,t,r,f,y,w,e,u,o,n,p,y,t,w,1
k,y,c,b,n,n,c,n,n,t,b,s,s,n,n,p,y,n,p,o,a,l,1
x,f,u,t,f,d,c,n,o,t,b,s,s,b,n,p,w,o,e,n,s,p,1
x,s,u,b,p,n,d,n,w,b,e,f,y,n,p,p,w,n,f,b,v,u,1
x,y,w,b,a,d,d,b,o,b,u,y,k,o,n,u,y,o,f,n,a,w,1
x,s,p,b,p,a,c,b,n,t,c,y,f,g,g,p,w,o,n,k,a,p,1
c,f,u,t,c,n,w,b,n,t,b,y,y,e,b,u,w,t,z,r,c,p,1
c,y,y,t,p,a,w,b,n,b,u,y,y,o,p,p,w,o,c,u,t,g,1
c,y,e,b,a,a,c,b,r,b,e,f,s,e,g,p,o,o,e,w,n,m,1
s,f,u,t,p,a,w,n,g,t,r,y,s,b,o,p,w,o,n,n,c,g,1
s,g,w,b,c,f,d,b,y,b,r,s,y,e,e,p,n,n,p,w,v,w,1
x,s,g,b,n,f,d,n,p,t,r,s,f,e,y,p,w,o,l,y,c,m,1
x,f,b,t,f,f,w,n,b,t,z,f,y,n,g,u,o,t,s,r,a,m,1
k,y,y,b,c,f,d,n,e,b,?,y,f,y,b,u,y,t,f,w,n,d,1
x,y,u,b,p,a,d,b,o,b,?,f,s,n,b,p,o,n,p,n,v,w,1
b,s,c,t,a,f,w,n,g,b,z,f,s,o,c,u,w,n,e,w,t,p,1
b,g,b,t,p,a,w,b,k,b,u,s,s,c,e,u,y,o,n,o,n,m,1
b,f,b,t,s,d,w,b,n,b,z,y,y,e,n,p,o,n,f,r,v,m,1
f,y,g,t,s,d,w,b,p,b,?,k,k,w,e,p,o,t,n,o,s,l,1
b,y,y,b,c,a,c,b,r,b,c,f,y,n,o,p,n,o,e,b,t,d,1
x,s,n,t,m,a,c,b,n,b,e,y,f,n,g,u,w,t,c,h,c,d,1
c,y,r,b,c,f,w,n,w,b,z,y,y,y,e,u,n,o,s,r,s,d,1
s,s,p,t,y,d,c,n,e,b,e,y,k,n,w,p,n,o,n,r,t,p,1
s,y,g,t,c,d,w,b,o,b,e,f,f,n,n,p,o,n,l,w,a,g,1
c,s,n,t,f,n,d,n,n,b,c,s,s,e,y,p,n,o,e,u,t,p,1
b,g,e,t,f,f,w,n,e,t,u,s,k,e,w,u,o,n,f,r,s,l,1
s,f,r,t,n,a,d,b,n,t,e,y,s,w,y,u,n,t,p,w,t,l,1
s,y,w,t,m,f,d,b,w,t,u,k,s,c,g,u,w,o,z,b,n,g,1
k,g,u,b,a,d,w,n,k,t,c,f,y,p,b,u,y,o,l,r,n,w,1
b,g,r,b,p,f,w,b,y,b,u,y,f,o,y,p,y,o,l,b,n,d,1
x,s,b,b,a,a,c,b,r,b,b,f,k,y,y,u,y,n,n,b,a,u,1
c,y,g,b,l,n,c,b,o,t,z,k,s,o,n,p,n,o,z,o,n,u,1
f,f,b,t,m,n,c,n,y,b,?,y,y,g,e,p,n,t,z,u,c,g,1
f,s,b,t,c,a,d,b,w,t,u,s,y,o,y,p,o,t,e,k,t,d,1
b,g,g,t,y,a,c,n,n,t,u,s,f,n,g,p,o,t,l,k,t,l,1
c,g,n,b,c,f,d,n,r,t,r,s,f,b,n,u,n,o,c,y,a,m,1
c,y,r,b,y,a,w,b,w,b,b,k,s,e,g,u,o,o,l,w,n,u,1
x,f,e,t,n,d,w,n,n,t,z,y,f,c,g,p,n,n,c,r,s,l,1
s,y,c,b,p,a,w,b,b,t,b,f,y,o,o,p,w,t,e,b,a,d,1
k,s,p,t,l,f,w,n,u,t,b,y,f,w,p,u,y,n,f,o,c,l,1
s,f,g,b,m,n,w,b,e,b,z,y,s,b,y,p,o,o,c,o,c,g,1
b,s,u,t,y,f,d,n,w,b,z,s,k,o,o,p,y,t,s,n,v,p,1
f,g,c,b,a,a,w,b,p,t,r,y,k,b,g,p,w,o,l,o,a,m,1
c,y,c,t,a,n,d,b,r,t,r,y,y,n,e,p,y,n,l,b,s,d,1
f,f,r,b,p,f,c,b,g,b,c,y,s,g,e,u,w,t,s,u,c,w,1
s,g,y,b,p,a,c,b,g,b,b,y,k,e,o,p,y,o,c,k,a,p,1
f,y,y,t,m,n,d,b,g,b,e,k,s,n,w,p,n,t,c,b,s,l,1
k,g,b,b,p,d,d,b,g,t,e,y,f,b,e,p,n,o,f,y,n,g,1
s,y,u,t,f,n,d,n,e,t,z,k,s,y,g,u,o,n,c,o,t,m,1
f,g,b,t,m,a,c,n,o,t,b,k,y,n,w,u,w,o,f,w,n,p,1
k,y,b,b,n,d,d,b,p,t,u,y,f,n,p,p,w,n,e,w,c,l,1
s,s,e,b,s,d,w,b,e,t,?,f,s,b,c,u,o,t,e,r,a,g,1
k,f,e,t,p,f,d,n,g,b,r,s,f,o,n,u,y,t,e,h,s,p,1
f,y,r,b,l,d,d,n,w,b,c,k,k,c,p,u,y,n,z,u,c,p,1
b,g,p,t,n,f,d,n,g,b,?,y,k,e,g,u,y,n,n,b,t,w,1
k,y,w,b,l,n,d,b,o,b,e,k,s,c,o,p,y,o,l,h,v,l,1
f,s,w,b,l,d,w,b,o,t,u,s,f,g,n,p,y,o,z,b,s,p,1
f,g,n,t,m,f,d,n,r,t,c,k,s,y,p,p,w,o,p,h,t,l,1
k,y,n,b,n,d,d,n,n,t,c,y,s,n,w,p,o,n,c,b,c,m,1
c,f,u,b,n,d,w,b,r,t,e,s,y,e,o,u,o,o,p,u,v,p,1
f,s,e,t,l,n,c,n,e,t,c,y,y,w,p,u,y,n,z,n,v,w,1
x,g,e,b,p,a,c,b,g,b,c,y,k,y,c,p,n,t,z,r,v,d,1
c,g,n,t,a,d,d,n,b,t,z,s,s,y,w,p,n,t,c,y,s,w,1
b,g,r,b,s,d,c,n,b,b,z,s,s,c,g,p,o,o,f,y,a,u,1
b,f,y,b,s,f,w,n,u,b,b,k,k,n,b,u,o,n,l,o,v,p,1
k,y,n,t,a,d,w,n,p,t,?,f,s,g,e,p,n,t,s,h,t,w,1
x,g,b,b,y,d,c,n,o,t,?,y,s,n,o,p,o,t,e,k,a,g,1
b,s,g,b,p,n,w,n,y,b,u,f,y,c,b,u,y,t,p,h,t,u,1
s,y,p,b,c,d,w,b,h,b,c,y,y,w,p,p,w,t,z,w,a,d,1
x,f,g,b,a,f,c,n,u,t,z,f,f,c,w,p,o,n,p,n,v,m,1
f,f,g,b,f,a,c,n,h,b,c,k,k,o,g,p,n,n,l,u,t,p,1
b,y,e,b,n,f,w,b,g,t,e,f,y,e,c,p,o,n,n,k,a,m,1
x,s,n,b,y,f,w,n,p,t,e,s,k,b,y,p,y,o,l,b,t,l,1
f,s,p,b,y,n,w,n,y,b,?,f,s,w,y,u,o,n,e,w,s,p,1
f,y,w,t,a,f,w,n,h,t,b,y,y,w,e,p,n,t,e,h,a,w,1
s,g,y,t,a,f,d,b,r,t,e,f,f,y,g,p,o,t,f,b,v,d,1
c,f,w,t,y,f,w,b,u,b,?,k,k,w,n,u,o,o,e,o,c,l,1
x,g,r,t,p,a,d,b,b,t,r,f,s,o,b,p,w,n,p,y,c,p,1
b,y,b,b,c,a,w,b,g,t,u,k,k,o,o,p,w,t,c,w,t,p,1
k,s,w,b,a,d,w,n,y,b,?,k,k,n,y,p,w,n,p,r,c,w,1
f,f,b,b,a,a,w,b,u,b,?,y,s,w,p,u,w,t,c,n,v,d,1
c,g,y,t,n,a,c,n,h,b,?,y,s,y,n,p,w,n,l,n,s,p,1
c,f,r,t,y,a,d,n,r,t,r,k,s,y,p,p,w,t,f,r,c,w,1
k,g,u,t,f,a,d,n,p,b,e,s,k,b,g,p,w,n,e,y,a,u,1
c,f,g,b,c,d,d,b,h,t,b,s,y,g,g,u,w,n,s,b,c,p,1
s,f,w,t,p,n,d,b,b,t,e,y,s,e,e,p,w,n,p,y,v,w,1
k,y,w,b,y,f,w,b,k,b,r,y,y,n,c,p,y,o,f,u,a,g,1
s,f,c,t,y,a,c,n,h,t,z,s,k,p,n,p,n,t,z,w,n,p,1
k,f,p,b,l,d,w,n,r,t,u,y,f,p,e,p,n,t,c,b,v,w,1
s,g,n,b,a,f,w,b,p,b,c,y,k,b,o,u,y,n,l,w,t,d,1
b,s,e,b,c,f,w,b,b,t,e,k,y,p,n,u,o,n,n,y,n,u,1
s,y,n,t,s,f,c,b,g,b,?,f,k,e,y,u,n,n,p,n,a,p,1
x,f,u,t,y,a,d,n,g,b,?,k,y,e,w,p,o,o,c,o,t,u,1
b,s,e,b,n,f,d,b,b,t,c,k,k,c,n,p,y,t,s,o,v,w,1
f,g,g,t,y,a,w,n,w,b,z,s,y,p,n,p,y,o,f,o,a,l,1
x,f,u,b,c,a,d,b,b,t,?,s,s,g,g,u,o,t,c,b,n,m,1
s,f,n,t,f,n,w,n,h,b,?,f,f,o,y,u,y,n,c,y,c,g,1
f,s,n,b,m,n,d,n,e,t,z,k,s,w,e,u,y,n,c,h,a,d,1
b,g,r,b,c,d,d,n,r,t,z,s,s,w,n,p,n,t,l,w,n,p,1
k,y,p,b,n,a,w,n,w,b,c,y,f,p,n,p,n,n,n,r,t,g,1
f,s,e,b,p,f,d,n,u,b,e,k,f,c,e,u,w,t,f,w,t,m,1
x,y,e,t,p,a,d,n,y,b,r,k,y,p,e,p,y,n,f,y,a,d,1
b,s,n,t,n,n,w,n,g,b,?,y,f,b,n,u,y,o,l,w,t,m,1
b,y,g,b,n,f,d,b,r,b,z,k,k,e,e,p,o,t,f,b,t,w,1
k,g,p,t,y,f,c,n,u,b,c,y,s,n,e,p,o,n,n,y,n,m,1
s,s,u,b,l,a,w,b,n,t,c,f,y,p,w,p,n,n,s,k,c,w,1
k,f,p,b,f,a,d,n,u,t,c,f,s,b,g,p,n,t,c,o,n,g,1
b,f,u,t,c,n,c,b,b,b,z,k,k,g,g,u,y,t,s,r,n,w,1
k,y,p,t,f,a,w,b,h,b,r,k,f,w,c,u,o,n,z,o,c,u,1
c,y,n,b,n,a,d,b,g,b,r,k,s,y,w,p,w,t,z,o,c,m,1
b,s,c,b,n,a,c,b,u,b,e,k,y,g,n,u,w,n,z,r,n,u,1
s,f,w,b,s,n,w,b,r,b,b,k,y,g,n,u,o,n,s,u,v,u,1
s,y,p,b,c,n,d,n,u,b,z,y,y,b,w,p,n,t,s,u,t,w,1
b,s,n,t,m,f,w,b,e,b,z,f,s,b,y,u,o,n,p,k,s,p,1
s,f,b,b,s,d,c,b,y,t,b,k,f,g,y,u,y,n,s,w,c,m,1
x,s,b,b,c,n,c,b,p,b,r,f,y,e,e,p,o,t,n,u,n,u,1
b,f,r,b,l,a,c,n,e,b,u,k,s,w,y,u,w,n,f,w,s,m,1
c,f,c,t,l,a,d,n,u,b,z,f,f,o,y,u,w,o,z,n,s,d,1
x,g,e,t,p,a,c,b,u,b,?,s,s,o,n,u,o,n,c,y,s,u,1
f,y,e,b,f,a,d,b,o,b,b,k,y,b,o,p,y,t,f,o,c,l,1
s,y,w,t,c,a,d,n,e,b,z,k,y,b,y,p,o,o,n,k,c,g,1
c,g,g,t,c,n,d,b,o,b,c,y,k,b,o,u,n,t,s,h,t,m,1
c,s,p,b,y,d,c,n,w,t,e,f,k,c,n,u,n,o,z,n,n,p,1
s,y,p,b,c,d,c,n,p,t,z,f,y,y,w,u,w,t,s,h,c,m,1
b,y,w,b,f,d,c,n,h,b,z,k,k,o,c,p,o,o,f,o,s,d,1
k,s,c,b,y,f,c,b,y,t,z,k,s,p,g,u,y,t,c,h,c,g,1
c,s,w,b,y,n,w,b,g,b,b,f,k,n,n,u,o,n,f,w,s,u,1
k,s,e,b,s,n,w,n,r,b,b,f,s,p,o,p,n,n,f,u,n,p,1
s,g,p,t,l,n,d,n,b,t,b,k,k,w,g,p,n,o,s,o,c,l,1
k,s,c,t,s,d,d,b,k,t,r,y,y,p,e,p,w,t,s,r,a,d,1
x,y,r,t,s,d,c,b,u,t,c,k,s,p,y,p,w,t,c,w,n,w,1
k,f,w,b,n,n,d,b,p,b,u,y,s,p,w,p,n,n,e,n,a,m,1
k,s,g,t,m,f,d,b,h,b,u,s,s,b,o,p,w,t,p,y,t,w,1
f,y,p,t,m,n,w,b,n,t,c,s,k,y,y,u,y,o,f,n,n,u,1
s,f,y,b,s,d,w,n,w,t,u,y,k,e,o,u,o,n,p,y,a,g,1
x,y,b,b,m,n,w,n,k,b,c,y,s,e,w,p,y,n,e,w,c,l,1
b,s,r,b,p,n,w,b,w,b,c,s,s,n,p,p,w,n,s,b,a,u,1
b,s,g,t,a,a,d,b,p,t,?,k,f,g,n,u,y,o,p,b,t,d,1
b,g,n,t,y,a,c,b,h,b,r,f,s,p,e,p,o,o,f,y,v,g,1
s,f,e,t,p,a,w,n,w,t,r,k,y,p,n,p,n,t,c,y,v,d,1
f,s,c,b,y,n,c,n,g,b,?,y,f,w,n,p,n,n,n,b,n,l,1
c,f,e,t,l,f,c,n,e,b,b,k,y,g,p,p,o,o,l,n,s,p,1
s,s,c,b,n,f,c,n,r,t,b,s,s,b,p,p,n,t,f,w,c,l,1
f,f,n,t,a,d,c,n,e,t,e,s,f,w,w,u,n,n,n,r,v,p,1
k,s,y,b,a,n,w,n,p,b,u,y,k,b,c,p,w,o,e,y,s,m,1
k,y,n,t,p,a,d,n,y,b,z,f,y,o,e,p,o,t,f,n,v,m,1
x,f,r,b,a,a,c,n,g,t,?,s,y,p,y,u,n,o,f,r,t,l,1
b,s,u,b,f,d,w,n,n,b,?,s,s,c,c,u,w,n,z,b,s,g,1
k,s,b,b,m,a,w,n,u,t,z,f,s,c,b,p,o,o,e,w,n,g,1
c,g,w,t,c,d,d,n,o,b,e,f,y,c,e,p,w,n,p,w,a,l,1
s,y,w,t,a,n,d,n,e,t,r,y,y,p,y,p,o,o,p,n,c,g,1
b,g,y,t,p,d,w,b,y,b,b,s,k,g,c,p,w,n,f,n,v,w,1
s,y,y,t,p,f,w,n,g,b,?,s,f,o,b,p,o,t,e,r,c,u,1
c,y,e,t,l,a,d,b,u,b,r,s,f,y,o,u,n,o,l,r,n,w,1
c,g,b,t,p,f,c,b,r,b,u,y,f,b,g,p,n,t,f,b,t,w,1
k,g,u,b,a,a,c,n,y,t,r,f,f,w,y,u,o,t,p,y,c,g,1
c,s,c,b,n,n,d,b,r,b,e,y,y,e,e,u,n,o,e,h,c,u,1
b,y,p,t,c,a,w,b,e,t,u,f,f,g,y,p,o,o,z,r,c,d,1
f,s,y,t,s,a,d,n,r,t,z,f,k,y,c,p,y,t,e,h,c,p,1
b,f,e,b,n,f,d,b,u,b,u,s,y,e,n,p,o,n,c,h,c,w,1
c,g,y,t,m,a,w,b,o,t,r,y,k,c,o,u,o,o,c,b,a,d,1
c,s,u,t,p,n,w,n,o,t,e,k,y,e,p,u,w,o,n,r,s,d,1
b,y,y,b,a,d,c,b,o,b,u,y,y,w,o,p,n,o,f,y,c,p,1
k,s,g,b,f,n,w,n,h,b,u,k,y,y,y,u,y,o,c,y,t,d,1
k,f,w,b,m,n,d,b,n,t,b,y,f,c,n,u,w,t,z,h,n,d,1
x,s,c,t,m,d,d,n,h,b,b,s,y,g,b,u,y,o,c,k,a,d,1
f,s,n,b,a,f,c,n,y,b,u,y,s,g,w,u,o,o,c,b,t,w,1
x,s,p,t,y,a,w,n,n,b,e,s,y,y,n,u,y,n,c,w,s,w,1
s,f,w,t,a,n,w,n,r,b,z,k,y,w,c,p,w,o,p,o,a,g,1
c,f,e,b,a,n,w,b,n,t,e,y,y,w,b,p,o,o,s,k,s,g,1
k,y,p,b,f,n,w,b,k,t,b,k,y,b,n,u,y,o,z,b,n,u,1
b,f,w,t,n,f,c,n,o,t,?,k,f,c,p,u,o,t,p,n,t,g,1
c,y,g,t,f,a,d,n,h,t,b,s,k,y,y,u,y,o,e,y,n,p,1
f,y,e,b,m,n,d,n,e,b,b,y,y,b,e,u,w,n,s,w,n,u,1
f,g,b,b,c,n,d,b,k,t,b,y,y,p,p,u,o,t,s,b,a,d,1
x,f,c,t,c,a,d,n,g,t,e,f,k,w,c,p,n,t,c,k,a,l,1
b,g,e,b,p,a,c,n,y,t,b,y,k,c,p,u,y,t,n,u,n,p,1
s,y,u,b,m,a,c,b,g,t,b,s,s,y,c,u,y,o,n,h,a,l,1
b,s,c,b,c,f,c,n,o,t,z,f,k,g,o,p,n,o,s,k,a,w,1
b,f,e,t,y,f,d,n,k,t,c,k,y,b,c,p,y,o,z,b,v,m,1
f,s,y,t,c,n,c,b,u,t,z,s,f,y,g,u,o,o,p,h,v,d,1
k,g,g,t,m,a,d,n,u,t,?,k,k,n,c,u,w,t,p,n,s,u,1
x,f,c,b,f,n,d,n,b,t,?,k,f,y,c,u,w,t,n,h,s,p,1
k,f,e,b,c,d,w,b,w,b,u,k,s,g,y,p,y,n,p,w,a,l,1
s,y,e,t,m,a,c,b,n,t,b,y,k,n,b,u,w,o,e,k,n,u,1
k,f,u,b,p,n,w,b,y,t,c,s,s,p,c,u,y,t,z,b,n,w,1
b,y,e,t,p,f,c,n,h,b,?,y,f,o,o,u,y,t,c,u,c,l,1
f,g,p,t,a,a,c,b,y,b,r,k,k,n,y,u,y,n,p,u,v,l,1
s,y,g,b,f,d,d,b,r,t,c,y,s,c,n,p,n,t,c,u,s,g,1
k,f,u,t,a,d,d,n,b,b,r,f,s,w,o,p,n,o,s,b,t,p,1
x,f,g,b,y,d,w,b,y,b,u,k,s,w,w,u,n,t,n,k,c,d,1
c,f,e,t,l,f,c,n,k,t,c,k,k,y,p,p,n,o,z,r,a,w,1
c,f,c,b,f,a,d,n,w,t,c,k,s,p,y,p,o,n,c,b,n,u,1
b,s,n,t,s,a,w,b,u,b,c,f,k,g,n,u,y,o,e,k,t,w,1
s,f,u,t,m,d,c,n,n,t,c,k,k,y,n,u,n,n,s,r,a,d,1
s,g,c,b,n,a,c,n,g,b,u,y,s,p,n,u,w,o,c,u,c,m,1
s,g,b,t,m,f,c,b,r,b,e,s,s,c,w,u,n,o,s,k,a,l,1
f,s,w,b,l,f,c,n,o,t,r,s,s,n,o,p,n,t,c,k,c,d,1
s,f,p,t,s,d,w,n,o,b,z,s,k,o,p,u,o,o,l,h,a,d,1
b,y,g,t,s,f,c,n,r,b,z,k,y,w,g,u,o,o,e,w,v,m,1
k,f,w,t,c,n,w,n,w,b,e,s,s,c,o,u,n,n,s,r,t,g,1
x,f,p,t,a,n,d,b,w,t,b,y,s,c,o,u,o,t,n,w,n,p,1
k,y,u,t,l,n,d,n,u,b,?,k,y,y,w,p,n,n,f,k,c,u,1
k,g,p,b,a,d,c,b,w,b,u,k,s,n,g,u,n,o,s,w,c,g,1
c,f,u,b,c,f,w,n,b,t,b,y,s,o,n,p,o,t,n,h,t,l,1
k,s,r,t,a,f,d,n,r,t,?,k,s,o,y,p,w,t,p,w,a,u,1
f,s,c,b,y,n,w,b,e,t,c,s,f,n,c,u,w,n,p,h,t,m,1
f,s,g,b,f,a,d,b,n,b,e,k,k,y,p,p,w,n,p,w,n,m,1
x,s,b,t,n,f,w,n,w,t,e,f,s,n,p,p,w,t,p,r,a,m,1
x,y,u,t,y,d,c,n,k,b,?,f,k,o,b,p,y,n,e,b,c,m,1
k,f,p,b,a,d,d,b,h,b,?,s,f,o,y,u,o,o,n,n,v,d,1
b,f,u,t,p,d,w,b,n,t,b,f,y,o,b,u,y,t,c,w,s,u,1
b,g,y,b,y,a,d,n,h,b,c,s,k,n,e,p,n,n,c,n,c,g,1
x,y,e,t,l,d,w,b,o,b,?,k,f,y,w,u,w,n,c,n,n,m,1
c,f,n,t,m,f,c,b,y,b,c,f,f,n,w,p,o,t,z,y,s,d,1
c,f,b,t,c,f,c,b,o,b,z,f,f,g,n,u,w,n,f,o,c,l,1
k,s,r,t,p,a,d,b,b,t,c,y,s,p,y,u,n,o,s,w,s,m,1
s,y,u,b,m,a,c,n,b,b,u,f,s,c,p,u,y,n,n,o,a,u,1
x,y,y,t,c,a,c,n,g,t,c,k,f,o,n,p,w,o,e,k,n,d,1
k,f,c,b,a,d,c,n,h,b,u,y,f,b,b,u,w,n,n,n,c,g,1
f,f,e,t,m,a,d,b,k,b,b,y,s,n,w,p,w,t,s,r,c,m,1
s,s,b,b,m,f,c,n,p,b,z,y,y,n,o,u,n,n,z,w,t,d,1
f,s,n,b,y,a,w,n,p,t,r,k,f,w,y,u,y,t,s,b,c,l,1
f,y,c,b,n,n,w,n,y,t,b,f,f,w,w,u,n,o,p,w,t,d,1
s,y,y,t,l,f,w,b,r,b,u,y,k,g,b,p,y,o,p,h,a,d,1
k,g,r,t,n,f,w,b,r,b,z,s,f,c,w,p,o,n,l,n,s,l,1
c,f,u,t,n,a,c,b,e,t,r,s,s,o,c,u,o,o,c,n,s,u,1
s,y,w,t,f,d,w,b,g,t,b,s,f,y,o,u,w,t,e,o,n,g,1
f,f,c,t,l,a,c,n,b,b,u,k,s,b,p,p,o,n,s,h,v,d,1
k,f,c,t,s,a,w,b,g,t,?,f,y,n,b,u,y,t,p,b,s,u,1
x,g,u,b,s,a,w,n,w,t,e,k,f,e,w,p,y,o,l,k,a,l,1
c,y,b,t,y,f,d,n,b,b,r,k,s,o,w,u,w,t,f,h,n,u,1
k,y,b,b,y,n,w,n,k,b,b,s,f,g,c,u,n,o,c,u,c,u,1
s,s,n,t,n,d,w,b,k,b,?,s,k,e,p,p,o,o,c,k,a,l,1
s,y,g,t,m,n,c,n,g,b,u,s,y,p,e,u,n,o,c,o,c,p,1
c,f,n,b,f,d,d,n,n,t,z,s,f,n,g,u,w,n,c,b,s,l,1
b,y,b,b,m,a,d,b,h,b,z,y,s,n,w,u,n,t,l,r,v,w,1
s,g,c,t,y,d,c,b,u,b,?,y,y,c,b,p,w,t,f,u,n,d,1
f,f,b,t,c,a,d,b,o,b,b,f,y,o,b,p,w,t,p,r,s,d,1
s,g,r,b,l,d,w,n,u,b,z,s,k,e,o,p,o,o,p,w,a,u,1
f,y,w,b,f,n,c,n,w,t,c,k,s,n,g,u,o,n,c,n,v,u,1
s,f,e,t,a,f,w,n,p,t,c,s,y,g,p,p,n,o,l,h,t,d,1
f,g,c,t,n,d,c,b,p,b,?,s,y,p,w,u,o,o,p,y,a,u,1
x,s,n,t,p,n,d,b,b,t,c,f,y,y,n,p,n,o,z,b,s,d,1
s,f,e,b,p,d,d,n,u,b,b,y,y,e,y,u,y,t,e,b,v,m,1
k,y,n,b,y,f,d,b,g,b,e,f,f,g,g,p,w,o,e,w,s,l,1
x,s,p,t,l,a,d,n,w,b,?,s,y,g,g,p,y,t,e,u,a,u,1
s,f,u,t,c,d,d,b,r,b,u,f,s,c,g,u,o,n,z,n,s,g,1
x,f,e,b,m,n,d,b,o,b,r,k,f,y,e,p,n,n,l,n,v,p,1
k,y,e,t,n,a,w,n,o,b,c,k,s,e,b,u,o,n,c,r,v,g,1
x,y,g,t,m,n,w,b,w,b,z,k,y,w,e,u,y,n,f,r,c,d,1
b,y,n,t,s,d,d,n,n,t,u,f,s,g,b,u,n,o,c,b,s,l,1
k,g,w,b,y,f,c,n,g,t,c,y,k,w,g,p,o,t,c,o,s,m,1
k,f,e,t,y,d,d,n,u,t,z,s,y,g,p,p,n,t,n,h,a,m,1
k,s,w,b,c,n,w,b,b,t,u,f,k,y,c,u,n,n,s,n,c,w,1
b,s,p,t,m,a,w,n,b,b,?,y,k,e,o,u,y,o,n,u,n,l,1
x,s,r,b,c,d,c,b,g,b,c,y,f,p,c,p,w,o,s,n,t,u,1
b,g,r,b,c,n,w,n,y,b,e,y,k,b,y,p,y,o,s,h,a,w,1
k,s,n,t,f,d,c,b,u,b,z,f,k,e,n,u,y,o,l,o,a,g,1
c,s,b,b,m,d,c,b,b,t,u,s,k,e,w,u,w,o,f,o,c,l,1
c,s,g,t,l,d,w,b,p,t,c,y,f,e,p,u,n,n,p,w,t,m,1
f,s,p,t,l,a,d,b,u,b,b,f,k,p,e,p,w,o,n,r,t,p,1
k,y,y,t,c,d,d,n,y,b,?,k,y,w,p,p,y,n,p,u,n,g,1
k,s,r,t,a,n,d,n,e,b,z,s,f,o,p,u,y,n,z,r,n,w,1
s,s,y,b,s,f,c,b,n,b,e,s,y,e,b,p,y,n,c,r,a,g,1
c,y,b,b,a,n,w,b,h,t,e,s,s,o,y,p,o,t,p,u,c,g,1
x,f,w,t,c,f,d,n,g,t,b,f,f,g,n,p,w,o,e,k,t,m,1
k,y,g,b,s,d,d,n,u,t,r,y,f,g,w,p,y,t,c,b,n,d,1
k,s,c,b,l,d,w,n,u,b,b,f,k,p,e,p,o,t,p,o,a,w,1
c,y,y,t,n,f,d,b,r,t,?,k,f,o,b,p,w,t,f,w,a,g,1
f,g,n,t,y,n,w,n,g,b,b,f,y,p,c,p,o,o,c,n,c,m,1
k,y,w,t,m,n,w,n,o,b,c,s,k,e,y,u,o,t,s,o,a,l,1
f,g,e,t,y,a,w,b,b,t,u,y,f,b,w,u,w,n,p,w,c,m,1
x,f,c,b,c,n,d,b,e,t,z,k,k,b,e,u,o,t,e,k,s,m,1
b,g,n,t,c,f,c,b,w,t,c,k,k,o,e,u,w,n,z,h,a,m,1
s,s,c,t,l,a,d,b,u,b,?,s,y,c,n,p,n,o,l,k,s,p,1
x,f,p,t,n,f,d,n,e,b,b,y,s,w,c,p,y,t,z,k,a,u,1
c,g,y,t,c,d,d,b,b,b,r,s,k,y,y,p,y,n,p,o,a,d,1
f,g,p,b,n,f,c,b,y,b,c,k,s,y,n,p,n,t,z,b,n,p,1
k,f,p,b,s,d,c,b,o,t,z,f,s,e,w,p,w,o,z,n,n,l,1
f,f,b,t,n,d,c,n,e,b,?,k,f,n,b,p,n,o,p,n,s,w,1
k,g,g,t,c,d,w,n,b,t,e,f,s,e,e,u,w,o,s,r,a,g,1
c,s,c,b,c,f,c,n,e,t,r,k,y,o,p,p,o,n,n,r,t,d,1
b,s,b,b,y,f,d,n,y,t,e,f,k,p,y,p,w,n,c,h,n,p,1
x,s,b,b,s,f,c,b,p,b,z,s,y,e,w,u,n,t,l,w,t,d,1
s,g,r,b,a,d,c,n,n,b,b,f,f,b,b,u,o,o,p,o,v,m,1
k,y,g,t,a,d,d,b,b,b,e,s,f,w,c,u,o,n,p,r,n,l,1
x,g,p,t,f,a,d,n,y,t,z,f,f,g,n,p,n,n,e,n,c,w,1
s,f,b,b,f,n,w,n,b,b,r,k,s,g,g,u,n,n,f,r,n,w,1
f,s,p,t,a,a,d,n,k,b,e,f,k,e,w,u,n,o,s,r,n,l,1
k,g,n,b,m,a,c,b,n,b,b,y,s,w,g,p,w,n,s,h,v,u,1
s,y,p,t,m,a,c,b,k,b,b,s,s,p,w,p,o,n,n,h,n,d,1
c,g,u,b,m,d,w,b,u,b,u,k,f,c,y,u,n,t,f,n,s,m,1
s,g,u,b,n,n,d,n,r,b,e,s,y,p,e,u,y,n,p,n,n,p,1
c,f,n,t,a,n,c,n,b,b,c,y,y,n,w,u,y,t,z,o,t,g,1
x,s,g,t,s,a,w,n,r,t,b,y,s,p,w,p,y,n,e,h,t,m,1
b,s,p,b,p,d,c,b,b,t,c,f,k,o,n,u,n,n,p,n,n,l,1
s,g,y,t,y,a,c,b,p,b,z,k,s,g,n,u,o,o,f,r,v,u,1
k,f,p,b,n,a,w,b,n,t,e,k,k,w,p,u,y,n,s,w,s,l,1
x,y,e,t,s,d,c,b,e,t,u,y,s,p,p,u,n,n,f,k,n,m,1
x,f,u,t,n,a,w,n,h,b,?,k,f,o,o,p,y,o,c,o,a,p,1
c,f,g,t,l,f,w,b,w,b,z,s,y,c,y,u,y,t,l,w,c,w,1
s,f,c,b,m,n,d,n,r,t,?,k,k,n,y,u,n,o,e,y,t,u,1
f,g,n,b,m,f,c,n,k,t,z,y,s,e,b,u,n,t,s,o,s,d,1
k,y,c,t,a,a,d,n,n,t,e,y,k,g,b,p,y,o,c,o,t,p,1
c,y,w,b,n,n,w,n,p,b,r,y,y,g,y,u,y,t,l,w,v,d,1
b,y,y,b,a,f,d,n,o,t,e,y,k,y,w,p,o,t,c,b,t,w,1
x,y,r,t,s,n,c,n,k,b,e,k,y,c,o,p,n,n,s,k,c,p,1
x,g,c,t,n,f,d,n,w,t,?,s,k,n,n,p,o,t,s,y,v,p,1
c,y,n,b,s,d,w,b,h,t,c,k,y,g,e,u,n,o,s,b,n,p,1
k,f,c,t,l,f,w,b,w,b,?,k,s,e,w,p,y,t,f,o,v,l,1
k,f,u,t,c,n,w,b,e,b,r,y,k,n,w,p,o,o,s,r,v,w,1
c,g,c,t,c,d,c,b,w,t,e,y,f,c,b,p,w,t,n,o,t,l,1
k,f,n,t,y,d,w,b,y,b,u,f,f,n,p,p,w,o,s,y,a,l,1
k,s,g,b,f,d,d,n,y,b,r,y,f,c,n,p,w,o,e,r,n,d,1
x,y,u,t,m,a,w,b,g,t,z,f,s,g,g,p,y,t,l,n,a,u,1
b,f,n,t,n,a,w,n,u,t,b,s,s,w,c,p,y,o,z,h,s,w,1
s,f,n,b,p,d,d,n,w,b,c,y,y,p,b,u,o,o,s,h,v,d,1
b,g,w,b,l,n,d,n,b,t,r,y,s,o,c,u,y,n,e,u,t,m,1
b,y,w,t,s,n,c,n,k,t,?,f,y,o,b,p,y,t,z,h,a,l,1
s,s,r,b,n,n,w,n,y,b,?,f,f,e,y,p,w,t,n,o,n,w,1
k,f,u,b,p,a,c,n,p,b,b,f,s,w,g,u,o,t,s,n,v,l,1
f,f,u,b,a,a,d,n,u,t,u,y,k,g,c,p,y,t,p,k,n,u,1
k,y,r,t,c,a,d,b,e,b,e,s,y,b,w,u,o,t,p,n,c,u,1
k,y,p,t,a,a,d,b,e,t,b,f,f,p,w,p,y,n,s,u,c,w,1
c,g,p,b,m,f,c,n,h,b,c,f,s,e,g,p,w,o,p,y,s,u,1
c,g,r,b,y,n,w,b,b,b,u,k,f,g,g,u,w,o,l,b,t,m,1
f,f,r,b,c,f,d,n,n,b,z,y,f,y,p,p,n,n,l,y,v,l,1
c,f,g,t,y,f,c,n,r,b,c,k,s,c,w,p,o,n,c,h,v,w,1
s,f,n,t,p,n,c,b,g,b,e,s,s,y,c,p,n,n,l,r,t,m,1
x,s,r,t,a,a,d,b,b,b,b,f,s,p,c,p,o,o,s,k,a,g,1
b,s,g,t,y,n,w,n,e,b,r,s,k,b,g,u,o,o,l,y,n,d,1
x,y,y,t,f,a,d,n,o,b,r,f,s,e,n,u,y,o,z,b,a,u,1
x,g,c,t,a,f,d,b,e,t,e,y,f,e,e,u,n,n,c,h,n,d,1
k,s,c,t,a,d,d,n,e,t,?,y,s,c,o,u,o,n,l,y,c,m,1
k,f,c,b,c,n,d,b,r,b,u,f,s,n,y,u,w,n,e,b,s,p,1
f,g,g,t,n,a,w,b,n,t,b,k,k,b,o,u,n,o,s,h,t,p,1
x,s,c,t,y,a,d,b,h,t,e,f,y,y,c,p,o,t,s,o,n,u,1
c,s,n,b,l,f,d,b,o,t,z,s,y,e,b,u,y,o,s,o,c,g,1
k,f,g,b,l,f,d,n,p,b,e,f,y,e,p,u,n,n,c,o,s,l,1
b,g,c,b,n,a,d,n,r,b,z,f,k,e,y,p,o,n,s,o,v,u,1
b,f,g,t,y,a,w,b,h,b,u,f,s,w,o,p,y,n,c,o,c,g,1
b,y,u,b,m,d,d,n,n,b,e,k,k,n,g,p,y,o,l,n,v,l,1
c,y,y,b,s,n,c,n,h,t,r,f,k,c,e,p,o,n,e,w,a,p,1
f,y,w,t,l,d,w,n,n,b,c,f,y,e,y,p,y,o,c,h,c,m,1
c,f,b,b,f,a,c,n,g,b,z,s,f,g,c,p,y,t,f,o,n,l,1
k,f,g,b,a,f,d,n,y,b,r,s,y,w,w,p,w,o,p,y,c,l,1
b,f,g,t,p,a,d,n,h,b,b,y,k,e,w,p,o,t,c,n,a,u,1
x,y,r,b,l,a,w,n,p,b,r,k,s,c,w,u,o,t,p,o,s,d,1
b,f,y,b,p,f,w,n,n,b,u,s,f,o,e,u,n,t,s,w,n,m,1
b,f,y,b,p,a,c,b,e,t,c,y,y,y,n,p,y,t,l,r,v,p,1
b,y,r,t,s,a,w,n,e,b,z,k,s,p,b,u,y,n,s,h,a,u,1
x,y,y,t,s,d,d,b,r,b,b,f,f,o,p,p,y,t,p,w,s,l,1
c,y,c,b,m,a,w,b,u,b,r,s,k,b,w,u,o,n,z,k,t,u,1
c,y,n,b,m,n,d,n,p,b,?,s,y,p,n,p,y,t,f,w,t,l,1
b,f,u,t,p,n,d,n,p,b,c,s,k,y,p,p,n,n,p,u,c,u,1
k,f,y,b,s,f,c,b,n,t,r,k,s,y,c,u,o,t,n,h,c,w,1
s,g,e,b,s,d,c,b,g,t,u,s,f,p,g,u,y,n,s,o,c,d,1
x,y,g,t,y,a,w,b,h,b,z,f,s,w,e,p,w,t,p,b,c,l,1
x,y,w,t,f,n,w,b,g,t,?,f,y,w,b,p,w,n,l,y,n,l,1
b,f,y,t,s,a,d,b,k,b,r,s,f,w,g,p,y,o,e,n,n,w,1
f,g,y,t,n,d,c,b,w,t,b,y,f,e,g,p,y,o,n,n,c,p,1
c,s,u,b,c,n,c,n,n,t,z,k,y,w,b,u,n,t,p,y,c,u,1
s,s,e,t,l,a,d,b,w,b,z,f,y,b,y,u,w,n,z,u,s,l,1
b,f,p,b,m,d,c,b,y,t,b,f,y,b,w,p,y,t,n,u,v,g,1
c,f,u,t,a,a,w,b,h,t,z,y,s,g,o,u,n,n,p,y,v,w,1
x,f,g,b,p,f,w,n,e,b,z,f,k,o,o,u,w,t,s,r,c,p,1
x,y,b,t,a,d,c,b,g,b,?,s,f,o,b,p,y,t,c,u,n,l,1
s,s,p,b,a,d,d,n,o,t,e,s,y,b,c,p,y,o,p,o,a,w,1
c,f,c,b,p,a,c,b,r,b,b,y,k,o,y,p,n,o,p,k,v,d,1
s,y,p,t,l,a,d,b,g,b,r,y,y,c,c,p,y,t,e,b,c,w,1
k,s,g,b,y,a,w,n,n,t,b,y,f,y,y,u,n,o,s,n,n,g,1
s,y,p,b,s,a,c,n,o,b,e,f,s,y,g,u,o,o,l,b,t,u,1
c,g,u,t,c,a,d,n,w,b,u,y,y,b,p,p,w,t,z,k,c,l,1
k,g,r,b,s,n,d,n,n,t,?,s,y,n,w,p,n,n,p,y,a,u,1
k,y,p,b,s,n,c,b,u,b,b,y,s,o,c,u,n,t,n,o,c,d,1
k,f,g,t,m,n,c,n,r,b,c,k,f,p,n,u,y,t,c,w,t,g,1
b,f,b,b,m,n,c,b,y,t,r,y,s,b,c,p,w,t,c,u,t,l,1
x,f,r,t,m,f,d,b,k,t,r,f,f,g,c,p,y,t,z,r,v,m,1
x,y,p,b,c,f,c,n,p,t,?,y,s,o,c,u,y,n,p,r,n,g,1
x,g,w,b,y,f,d,n,y,b,r,k,k,y,e,p,n,o,f,r,a,g,1
f,y,c,b,m,n,d,b,g,t,z,y,f,c,e,u,w,t,f,h,s,m,1
s,y,p,t,n,f,w,n,y,t,e,y,y,c,y,u,o,t,n,y,t,w,1
s,f,g,t,a,d,c,b,g,t,?,f,f,g,e,u,o,o,p,r,a,u,1
k,f,g,b,a,n,d,b,e,t,e,s,k,c,y,u,o,o,p,y,s,l,1
x,g,n,t,y,d,d,b,g,t,b,y,f,n,e,u,o,t,s,r,v,l,1
c,y,u,b,f,f,w,b,k,t,c,s,y,w,w,u,y,n,z,h,v,l,1
c,s,u,b,c,d,c,n,e,t,r,f,y,e,o,p,n,n,l,w,t,u,1
f,f,w,t,m,f,w,b,g,b,c,k,s,w,c,p,y,n,l,w,s,l,1
x,s,w,b,f,a,c,n,g,b,c,f,y,w,w,u,o,t,e,b,a,d,1
b,g,n,t,p,n,c,b,e,t,c,f,k,b,p,p,o,t,s,y,s,l,1
b,y,e,t,l,f,d,n,b,b,u,s,y,n,o,p,n,o,l,w,a,u,1
f,s,u,t,y,f,w,b,e,t,r,s,y,e,o,u,n,o,p,y,n,l,1
b,f,p,t,f,a,w,b,k,b,c,y,s,y,g,u,w,n,f,h,v,p,1
c,y,r,t,p,n,w,b,n,t,e,y,k,c,w,p,y,o,z,u,n,l,1
c,s,p,t,n,d,w,n,w,t,?,k,y,o,g,p,n,n,p,o,c,w,1
k,s,y,t,m,d,c,b,r,b,?,k,y,y,n,u,y,o,p,n,a,d,1
k,g,c,t,f,a,c,n,k,t,z,s,s,p,n,u,n,t,e,y,n,p,1
c,s,r,t,f,a,c,b,h,b,r,y,f,c,o,u,y,t,c,w,t,g,1
c,s,b,b,m,f,c,b,e,t,r,s,f,w,e,u,y,t,s,y,a,u,1
k,f,r,b,m,d,d,n,k,b,e,k,k,e,b,u,w,t,f,w,a,w,1
x,g,b,t,y,n,c,b,n,b,?,k,f,c,w,p,y,o,e,w,s,u,1
s,g,g,b,n,f,d,n,h,b,u,k,y,w,o,p,y,t,c,k,v,p,1
s,s,p,b,y,n,w,b,e,t,u,s,k,c,b,p,o,o,l,b,a,l,1
b,g,g,b,a,a,d,n,p,b,b,k,k,w,o,u,w,t,p,n,n,w,1
k,f,n,b,y,a,w,n,u,t,c,f,k,w,c,p,n,n,l,r,a,u,1
b,s,p,b,m,a,w,b,k,t,r,f,k,o,y,u,w,t,s,k,n,l,1
x,f,e,b,l,d,w,n,u,t,e,k,y,g,g,p,o,n,z,y,a,l,1
b,s,r,t,f,a,w,b,u,t,?,f,k,w,b,p,w,o,l,o,v,g,1
s,g,n,t,f,n,c,n,y,b,c,f,y,b,p,p,n,o,z,r,a,d,1
c,y,u,t,a,a,d,n,n,t,z,f,s,b,w,p,y,o,s,y,c,g,1
s,f,y,t,f,n,c,n,b,t,b,y,f,p,w,p,y,o,f,b,a,p,1
b,s,n,b,f,a,w,n,b,b,?,f,y,c,y,u,y,o,s,u,t,p,1
k,g,c,t,y,f,w,n,r,b,b,k,y,o,g,p,n,o,z,h,n,g,1
b,g,n,t,y,d,w,b,g,t,e,y,k,w,w,p,n,n,s,u,a,w,1
s,y,w,t,l,a,w,b,b,t,r,s,k,c,p,u,n,t,p,w,t,g,1
b,g,b,b,f,n,w,n,u,t,z,y,s,c,y,u,n,o,s,w,s,l,1
f,f,g,b,c,a,c,b,h,t,?,f,k,g,n,u,o,o,n,y,c,m,1
b,y,r,b,l,f,w,n,u,t,b,k,s,o,e,u,n,t,e,n,v,p,1
k,y,r,b,p,f,c,b,k,t,r,s,k,g,n,u,w,t,z,w,n,l,1
b,y,g,b,a,d,w,b,r,b,z,y,s,e,g,p,o,n,f,b,c,l,1
k,s,n,t,l,n,w,n,p,t,r,k,k,n,w,p,w,t,z,r,s,p,1
s,s,r,t,s,d,d,b,p,b,?,f,s,o,e,p,o,t,e,w,t,l,1
x,y,e,b,y,a,d,n,r,b,?,f,s,b,n,p,w,o,f,y,t,m,1
k,f,g,b,a,f,d,b,u,t,z,y,s,y,n,u,n,t,c,n,v,p,1
b,y,y,b,n,f,w,b,w,b,r,y,k,w,n,u,n,n,n,y,n,g,1
s,s,b,t,s,f,d,n,b,t,c,y,y,y,b,p,n,n,l,n,v,l,1
s,y,b,t,m,n,c,n,r,t,e,k,y,p,p,u,y,t,z,u,v,m,1
c,f,g,t,s,f,d,b,k,t,b,s,k,p,e,p,w,o,n,k,c,m,1
k,g,r,b,a,f,w,b,o,b,r,s,y,n,n,p,w,t,f,y,c,w,1
k,s,g,t,f,a,c,n,o,b,z,y,k,n,e,u,w,n,s,w,n,d,1
f,g,y,b,l,a,d,b,n,t,e,f,k,w,e,u,y,t,p,k,a,u,1
x,y,u,b,c,n,d,n,u,b,c,f,y,w,b,u,w,n,p,h,n,l,1
s,f,y,b,a,a,c,b,k,b,z,k,s,c,y,p,w,t,p,h,n,g,1
c,y,u,b,m,d,w,b,k,t,?,k,k,e,g,p,w,n,z,r,v,p,1
c,g,e,t,c,f,d,b,y,b,u,y,s,c,o,p,n,o,p,n,a,w,1
c,g,y,t,y,d,c,n,o,t,z,f,s,p,w,p,y,o,f,y,a,w,1
k,y,w,b,y,f,d,n,e,t,b,y,k,w,g,p,n,o,s,b,n,u,1
b,y,y,b,n,f,c,n,y,b,z,s,y,c,c,u,y,t,n,n,t,p,1
f,f,p,b,s,d,c,b,e,b,z,s,s,o,b,u,w,o,e,r,a,w,1
k,s,g,t,a,a,d,n,o,b,b,k,k,c,p,u,y,o,c,o,t,g,1
f,s,y,b,f,d,c,b,g,b,u,y,k,c,y,u,o,n,l,o,v,u,1
s,s,c,t,l,d,d,b,g,b,b,s,f,n,n,u,w,o,c,o,s,p,1
k,f,w,b,f,d,c,b,r,t,e,f,y,w,p,p,o,n,f,y,v,u,1
c,y,b,t,p,d,d,n,o,t,?,k,s,w,g,u,y,n,s,y,n,w,1
f,s,w,b,l,n,c,b,b,b,u,k,f,e,n,p,y,o,f,k,t,d,1
c,g,r,b,f,n,w,b,n,b,r,f,f,y,y,p,y,t,p,h,n,u,1
f,f,u,t,m,a,d,b,h,t,e,f,s,o,c,u,y,t,l,b,c,p,1
b,g,w,t,y,n,d,n,r,b,?,y,f,y,e,p,w,t,s,n,n,w,1
x,y,r,t,n,a,d,b,r,t,e,y,f,p,w,p,w,n,f,b,t,d,1
f,g,u,b,m,a,c,b,h,t,b,s,k,g,c,u,y,t,s,k,a,p,1
b,g,g,t,p,n,d,b,u,t,?,k,s,c,y,u,y,t,z,k,t,p,1
k,g,w,t,s,f,d,n,g,b,c,s,k,b,e,p,o,o,z,n,n,l,1
f,s,n,b,c,a,c,b,w,t,r,y,k,p,p,p,o,t,l,r,t,u,1
c,s,y,b,m,f,c,n,o,b,b,y,s,p,b,p,n,t,n,w,t,u,1
k,f,y,b,y,n,d,n,o,b,u,y,y,e,g,p,y,n,f,o,c,m,1
b,f,y,t,y,d,w,n,h,b,u,k,f,c,o,u,n,n,z,w,n,m,1
x,f,y,t,p,n,c,b,w,b,e,s,y,c,o,u,o,n,c,n,n,l,1
x,y,p,b,f,f,d,b,n,t,r,f,y,g,b,u,y,o,n,u,n,w,1
k,s,y,t,p,n,c,b,e,t,z,s,f,n,g,u,y,o,z,u,a,m,1
x,y,u,b,l,f,d,n,w,b,r,y,y,o,b,u,w,n,e,n,c,m,1
b,y,g,b,m,a,c,b,y,b,b,k,f,o,o,p,n,n,z,o,a,g,1
b,f,c,t,n,f,c,b,b,b,?,s,f,o,y,u,o,t,z,o,t,w,1
s,g,y,t,s,d,w,b,g,b,c,k,f,b,w,u,w,o,s,h,c,m,1
b,g,y,b,f,n,c,b,p,b,c,y,k,n,g,p,w,t,c,y,v,m,1
c,s,w,b,p,d,w,n,e,b,c,y,k,y,e,p,w,o,n,u,t,g,1
f,y,u,t,c,a,w,n,n,b,u,k,s,g,b,u,o,n,p,w,c,w,1
f,s,c,b,p,d,w,b,k,b,r,f,f,p,e,u,w,n,z,y,s,u,1
b,g,c,t,f,d,c,b,b,t,r,f,y,n,e,u,n,n,z,w,a,d,1
x,s,r,b,n,d,c,b,e,t,u,k,s,y,c,p,y,o,e,k,n,d,1
f,y,r,b,y,d,d,b,k,b,z,f,s,y,e,u,n,o,p,u,a,w,1
x,y,r,t,f,d,c,n,y,t,?,s,s,w,e,u,y,n,p,y,s,d,1
f,y,b,t,n,n,w,b,h,t,u,s,y,o,c,p,o,n,c,w,v,g,1
x,s,p,t,m,a,c,b,e,b,r,s,f,n,n,u,o,o,e,b,n,w,1
k,s,c,t,s,d,c,b,y,t,r,s,k,y,b,u,o,n,f,k,t,d,1
f,s,u,b,p,n,c,n,h,t,b,f,y,p,p,p,n,n,f,u,a,u,1
x,y,u,b,f,f,c,n,h,t,z,f,y,w,g,u,y,n,f,b,s,d,1
s,g,b,t,p,f,w,n,r,t,b,y,f,n,c,u,y,t,c,n,a,l,1
s,f,u,b,n,n,d,n,h,t,b,y,y,b,c,u,n,t,c,w,s,w,1
f,g,y,t,a,a,w,b,u,t,e,f,k,o,w,u,n,o,c,k,v,w,1
f,g,r,b,a,f,d,n,p,t,c,s,k,g,p,p,o,n,c,h,n,w,1
s,f,r,b,s,a,c,n,r,b,r,f,f,p,e,p,o,o,l,o,n,m,1
c,f,y,t,m,d,w,b,y,t,u,f,y,n,y,u,o,n,p,o,v,u,1
s,s,e,b,n,d,d,b,e,b,u,s,y,n,e,p,o,n,s,r,c,p,1
x,y,r,b,f,d,w,b,e,t,e,y,s,b,p,p,n,o,c,h,t,m,1
b,s,y,b,f,d,c,n,g,b,e,y,s,w,g,u,y,o,p,w,v,m,1
b,f,r,t,n,d,d,b,k,t,b,s,f,g,c,p,o,n,s,h,v,u,1
b,s,c,t,a,a,w,n,r,t,r,f,f,g,b,p,n,o,e,u,v,p,1
f,y,w,b,m,d,d,n,r,b,e,y,s,p,n,u,y,n,s,n,n,p,1
s,y,e,b,l,n,w,n,p,b,c,s,s,p,p,p,n,n,c,h,s,w,1
x,y,r,t,y,d,w,b,k,t,c,k,k,g,b,p,w,n,f,w,a,d,1
b,s,y,t,a,d,w,n,g,t,?,f,s,n,y,u,n,o,f,h,s,l,1
k,g,r,t,a,d,c,n,p,b,b,f,s,o,w,p,y,o,z,o,t,l,1
k,y,w,b,n,n,w,n,e,t,b,y,k,n,g,p,y,o,s,n,c,p,1
c,f,n,t,l,a,c,n,h,t,?,k,y,b,g,u,y,o,e,w,v,u,1
c,y,u,b,m,n,w,n,o,b,r,k,k,n,w,p,w,o,n,r,v,p,1
k,y,e,t,c,d,c,n,r,b,c,k,s,c,p,u,o,n,e,w,n,g,1
k,s,p,b,a,n,w,n,n,t,z,k,k,g,b,p,w,n,p,o,t,w,1
k,y,g,b,c,f,w,b,k,b,u,s,f,n,e,u,w,n,f,u,s,d,1
x,g,e,t,p,d,w,b,r,t,?,y,f,b,e,p,n,t,s,k,a,u,1
c,s,r,t,a,f,c,b,r,t,z,y,k,c,b,u,o,n,p,b,n,w,1
c,y,y,b,p,a,d,n,n,b,b,f,f,o,p,u,w,t,c,w,a,l,1
s,f,u,t,f,n,d,n,b,t,z,s,f,c,n,p,n,t,e,h,s,w,1
c,s,w,t,n,a,c,n,e,t,b,y,s,c,g,p,y,o,c,u,t,u,1
c,y,g,t,y,n,w,b,k,t,e,f,f,c,n,p,n,o,l,n,v,d,1
c,g,p,t,y,d,d,b,y,b,z,k,k,c,n,p,o,t,n,n,t,l,1
f,y,c,b,c,d,d,n,h,t,c,k,y,g,w,u,y,t,c,n,n,g,1
b,g,g,t,f,d,d,b,e,b,z,s,k,o,e,p,w,o,c,u,s,g,1
b,g,g,b,s,n,w,n,p,t,u,s,f,y,p,p,n,n,s,w,n,g,1
f,f,b,t,f,n,w,n,y,t,c,y,k,y,g,p,n,t,z,h,n,w,1
x,f,b,b,f,f,c,b,u,b,b,s,s,p,b,p,y,o,z,u,t,d,1
c,y,w,b,y,a,c,n,u,b,z,y,k,p,n,p,o,o,e,r,t,u,1
c,y,y,b,c,n,d,b,h,t,z,y,y,c,c,u,y,o,f,w,c,d,1
b,g,y,b,p,d,c,b,w,t,?,f,k,p,n,u,w,t,s,r,s,w,1
c,g,p,t,n,d,c,b,g,b,b,k,s,c,p,u,n,t,l,b,a,l,1
b,g,u,b,y,a,d,b,b,b,?,f,s,e,e,p,o,n,z,n,s,d,1
c,s,p,b,f,a,c,n,k,t,c,s,f,c,p,u,y,t,e,k,t,w,1
c,y,w,b,f,f,d,b,w,b,b,k,f,n,e,p,o,t,s,n,t,p,1
f,y,g,b,l,d,w,n,e,t,r,y,y,o,g,p,w,n,z,k,n,w,1
b,s,u,t,c,a,w,b,b,b,z,y,k,y,w,u,n,n,z,w,v,w,1
f,g,p,b,l,d,w,b,n,b,c,f,y,w,c,u,w,t,f,y,n,w,1
c,s,g,b,y,f,w,b,r,b,r,k,s,b,c,u,n,t,s,o,n,m,1
s,y,c,t,m,n,d,n,b,t,b,y,f,b,n,u,y,o,s,b,a,u,1
b,g,e,b,n,n,d,b,o,b,?,s,k,e,e,p,w,o,e,k,s,g,1
k,s,u,b,n,a,d,b,k,b,e,k,k,p,g,u,w,t,n,w,n,m,1
b,y,g,t,y,f,w,b,b,b,z,s,y,y,n,u,n,t,f,w,n,d,1
b,s,y,b,n,a,c,b,b,t,u,f,y,g,b,u,w,t,l,n,t,u,1
k,y,p,t,m,f,w,n,w,t,e,f,s,y,w,u,w,o,c,h,c,l,1
k,f,r,b,l,d,c,n,p,t,z,f,f,g,b,p,w,t,f,h,n,u,1
k,f,b,b,n,n,d,b,n,t,e,f,k,g,y,p,n,t,f,k,v,u,1
b,y,y,b,m,d,c,n,y,b,z,k,k,b,y,p,w,o,e,o,s,p,1
b,f,r,t,p,f,w,b,o,t,e,f,k,y,e,p,w,t,n,n,c,g,1
k,s,p,t,f,f,w,n,r,t,?,k,s,y,y,p,y,n,n,h,a,l,1
x,s,w,t,p,f,d,b,g,b,b,y,k,n,b,u,w,t,e,n,c,l,1
c,s,p,b,f,a,d,n,e,b,c,y,s,w,e,u,o,t,l,n,t,u,1
c,y,y,t,c,n,d,n,e,b,c,y,y,b,o,p,o,o,l,r,n,g,1
b,g,c,t,p,n,c,b,n,t,b,k,f,w,c,p,y,o,s,r,c,d,1
f,s,b,t,f,a,c,b,r,b,?,s,y,b,g,p,n,n,p,r,n,m,1
f,f,c,t,f,d,d,b,h,b,z,y,s,p,n,p,w,t,z,r,c,g,1
s,f,c,b,n,n,d,b,g,b,u,s,s,b,y,p,w,t,p,w,n,g,1
x,g,b,t,n,n,w,n,h,t,r,k,f,e,c,p,n,t,p,b,v,l,1
s,s,e,t,m,d,w,n,y,t,c,y,f,o,y,u,y,n,s,h,n,l,1
s,f,n,b,s,a,c,n,u,b,u,f,k,g,g,p,n,t,e,w,t,g,1
s,f,b,t,l,a,c,b,u,t,c,f,f,c,e,u,n,o,s,n,v,p,1
x,f,r,b,y,n,w,n,h,t,?,k,k,c,y,p,w,n,l,w,t,g,1
c,y,r,t,y,f,d,b,b,b,c,f,k,e,w,u,n,n,e,n,c,p,1
k,y,p,b,s,d,c,b,p,b,z,s,k,g,w,u,w,t,e,w,c,g,1
b,y,e,b,n,n,d,b,y,t,c,s,k,o,g,p,o,t,e,k,v,p,1
b,g,w,t,p,f,d,b,u,t,?,s,s,g,o,p,w,n,n,y,t,u,1
s,f,c,t,f,d,d,n,e,b,e,k,k,e,g,p,w,o,n,k,a,m,1
x,y,n,b,s,a,w,n,h,t,c,s,s,w,g,p,o,t,p,k,v,u,1
s,g,y,b,y,f,c,b,r,b,c,f,f,e,e,p,w,n,n,b,s,l,1
x,y,n,t,p,d,d,n,o,t,e,y,s,e,e,p,y,t,z,o,t,u,1
f,f,p,b,l,n,d,b,o,b,b,s,k,y,o,u,y,n,z,u,n,m,1
s,f,p,t,c,n,d,n,w,t,c,k,k,y,p,p,y,o,e,b,n,d,1
b,y,u,b,c,f,d,b,n,b,r,y,s,y,p,p,o,o,z,k,s,d,1
s,y,r,b,n,d,d,n,b,t,z,k,y,g,o,u,o,t,e,w,t,p,1
k,y,r,b,y,f,d,b,w,b,u,s,y,p,o,u,y,n,c,w,a,m,1
b,s,p,b,a,d,d,b,n,t,u,f,y,p,c,p,n,t,e,o,a,g,1
b,f,b,b,s,f,w,n,r,t,r,y,k,e,n,p,y,o,s,w,n,l,1
s,s,y,t,l,n,c,b,o,t,?,y,y,n,e,u,w,n,p,r,a,m,1
c,s,y,b,l,n,d,n,h,t,?,f,f,p,o,u,y,o,n,u,v,d,1
x,s,e,b,a,d,c,n,k,b,r,y,k,g,p,p,y,t,s,w,v,w,1
b,s,n,b,y,d,d,n,p,t,c,f,f,g,y,u,n,n,p,n,t,d,1
c,f,r,b,y,f,d,b,w,t,u,s,y,b,o,p,w,o,n,b,s,l,1
c,f,c,b,s,n,d,b,y,b,u,f,f,w,o,p,y,n,c,n,s,m,1
x,g,g,t,m,a,c,b,e,b,r,s,y,c,e,u,w,t,f,u,c,p,1
x,f,u,t,l,n,d,n,w,t,r,k,s,g,y,p,n,t,c,k,n,d,1
c,g,b,b,y,d,w,n,n,t,?,f,k,y,c,u,y,n,z,o,s,g,1
c,f,n,t,s,d,c,b,k,t,u,y,k,o,w,u,o,n,f,w,v,u,1
k,f,e,b,f,n,d,b,b,b,r,f,f,e,c,p,w,t,c,k,n,p,1
c,y,c,b,c,a,d,b,o,t,u,k,f,y,b,p,o,n,p,y,a,l,1
b,s,p,b,p,a,d,b,r,t,c,y,f,n,e,u,y,t,c,k,v,l,1
b,g,y,b,s,f,w,n,r,b,z,k,f,g,n,p,o,t,z,n,c,d,1
k,y,p,b,y,n,w,b,p,b,c,s,k,e,c,u,o,t,n,k,s,w,1
c,s,y,b,p,f,d,n,k,b,b,f,k,y,p,u,y,o,n,h,n,p,1
c,y,g,b,n,a,w,b,n,b,e,s,y,b,c,u,n,o,f,w,c,l,1
f,f,g,t,l,a,d,b,u,t,b,f,k,g,e,p,y,o,s,w,t,w,1
c,s,e,b,a,d,w,n,o,t,u,s,f,o,b,u,o,t,p,u,c,g,1
x,f,p,t,l,f,d,n,r,t,r,y,f,o,e,u,w,t,e,n,t,g,1
s,y,u,b,l,d,d,n,o,t,b,y,f,p,n,p,w,o,s,y,t,m,1
b,y,c,b,m,n,w,b,n,b,b,f,f,b,b,p,w,t,s,r,t,l,1
c,f,g,t,a,d,c,n,y,t,c,k,s,e,c,u,n,o,n,n,c,u,1
s,y,n,t,n,a,c,n,k,b,c,y,y,n,g,p,n,n,f,n,a,w,1
b,y,b,b,s,d,w,n,o,b,r,s,k,g,p,p,n,t,c,h,c,w,1
f,g,b,t,n,d,w,b,w,t,b,y,f,p,b,p,w,o,n,h,s,u,1
b,f,y,b,a,a,w,n,g,b,z,s,f,p,n,p,w,o,c,h,s,u,1
c,y,y,t,l,d,w,b,r,t,b,s,y,c,g,u,y,o,e,h,s,l,1
f,f,c,b,l,d,w,b,o,b,r,y,k,p,w,p,w,t,f,y,a,l,1
c,y,w,b,m,f,w,b,p,t,?,s,f,o,g,p,n,n,p,h,t,u,1
f,y,y,t,a,f,d,b,o,t,c,y,s,c,w,u,y,t,l,y,a,u,1
x,g,e,b,s,f,c,n,w,t,?,y,y,c,c,u,o,t,l,r,n,u,1
c,y,g,t,a,f,d,b,k,b,r,y,y,b,p,p,w,o,z,y,t,m,1
k,f,p,t,f,n,c,b,k,b,z,k,k,b,g,u,o,t,f,b,t,m,1
b,y,e,b,f,f,d,b,p,b,r,y,s,c,p,p,o,n,c,b,t,d,1
k,g,u,b,a,f,d,b,n,b,c,f,k,e,o,p,o,n,f,o,c,u,1
k,s,n,t,m,d,d,b,k,b,e,y,y,e,y,p,n,t,n,h,s,p,1
k,f,n,b,n,n,w,b,h,t,?,s,y,b,e,u,w,o,n,w,n,u,1
k,s,e,b,l,f,w,b,e,t,c,k,k,n,n,p,n,t,f,b,v,d,1
s,s,w,b,m,n,c,b,g,b,e,f,f,b,w,u,y,n,p,o,c,w,1
x,s,u,b,p,f,w,b,w,t,?,f,y,w,o,p,n,o,c,k,a,l,1
b,y,c,t,a,f,c,b,y,b,e,y,y,n,c,u,n,o,p,y,v,d,1
c,y,y,b,p,a,w,b,k,t,c,k,f,o,c,p,w,t,s,b,v,d,1
c,f,u,b,c,a,c,b,w,b,?,s,f,n,b,p,y,n,z,y,s,u,1
s,s,g,b,s,n,d,n,y,t,c,f,y,g,o,p,o,t,s,y,a,d,1
k,y,r,b,f,d,w,n,e,t,e,f,y,e,y,p,o,t,e,h,a,l,1
x,f,e,t,c,f,d,b,g,t,u,y,f,g,n,p,w,n,n,h,n,p,1
f,s,b,t,f,a,w,b,w,b,r,k,s,y,c,p,w,n,l,k,s,l,1
x,y,b,t,c,n,c,b,k,b,e,k,f,w,g,u,n,n,f,y,n,p,1
f,f,u,b,y,n,w,n,g,b,z,f,s,b,w,p,n,n,s,n,c,p,1
x,f,p,t,c,n,d,b,w,t,e,s,s,o,g,p,y,t,c,b,c,g,1
c,f,g,b,y,a,w,n,e,b,u,y,s,e,g,p,y,n,l,k,s,d,1
c,s,b,t,s,n,d,n,h,b,r,s,k,b,b,p,y,t,c,b,t,u,1
f,g,b,b,s,a,d,b,r,b,e,s,s,w,e,p,n,t,z,u,a,u,1
c,g,w,b,a,a,d,b,b,t,z,s,f,b,g,u,o,o,c,h,t,p,1
c,y,u,t,n,f,w,b,b,t,r,f,s,g,o,p,y,o,z,r,c,u,1
c,f,c,t,s,n,c,n,n,b,e,k,f,b,e,u,o,t,l,n,t,m,1
f,g,w,b,a,n,d,b,u,b,r,k,f,b,c,p,n,t,s,h,a,w,1
c,y,w,b,n,d,c,b,o,t,e,y,k,o,o,u,n,o,s,o,n,m,1
b,g,r,b,l,a,d,b,h,b,r,f,f,o,n,p,y,t,z,n,a,l,1
s,y,p,t,l,f,w,n,o,b,r,k,y,p,g,u,w,t,c,b,n,u,1
c,y,b,b,n,a,d,n,o,t,u,f,y,y,e,p,o,o,e,y,s,u,1
s,s,p,t,y,a,w,n,e,b,e,y,k,c,w,p,o,o,f,o,c,u,1
s,y,b,b,f,d,d,n,b,b,z,s,k,c,p,u,w,t,f,o,s,p,1
s,f,b,b,p,d,d,n,u,b,b,y,s,e,g,u,n,t,c,w,v,d,1
x,s,u,b,n,d,d,n,b,t,u,s,f,e,g,p,o,t,z,w,n,u,1
k,g,c,b,y,n,w,b,o,t,?,f,f,e,o,p,n,o,c,o,c,w,1
f,g,w,t,n,n,c,b,n,t,c,y,f,g,b,u,o,t,z,y,c,g,1
k,s,y,b,p,f,w,b,b,t,?,s,s,p,p,u,o,n,c,b,a,p,1
b,f,w,t,y,f,w,b,y,b,c,k,f,o,w,u,w,n,l,h,s,g,1
b,g,r,t,m,n,d,b,o,b,r,s,s,c,y,u,n,n,f,r,c,m,1
k,f,n,b,a,f,w,b,k,b,r,s,y,w,o,u,y,t,z,h,s,m,1
x,f,u,b,c,f,c,n,b,t,?,k,s,p,p,u,n,n,l,n,c,d,1
x,f,r,t,y,f,w,b,p,b,z,s,f,c,c,p,w,t,n,n,a,u,1
x,y,g,b,f,a,w,b,k,t,z,k,k,o,w,u,n,o,n,u,v,g,1
c,s,g,b,s,f,w,b,g,t,u,y,f,y,p,u,o,t,s,k,n,g,1
s,g,y,b,s,d,c,n,o,b,b,f,s,p,y,p,w,t,z,n,n,m,1
k,y,e,t,y,n,c,n,y,t,e,s,s,b,n,p,o,t,s,u,a,u,1
s,y,y,b,l,f,d,n,r,b,?,f,y,e,b,p,o,t,c,r,s,w,1
x,g,n,t,a,n,c,b,h,b,?,f,k,p,b,p,y,t,c,h,v,g,1
f,f,b,b,f,f,c,n,g,t,u,f,s,n,p,p,n,n,f,o,a,w,1
f,s,n,b,m,n,d,b,w,b,u,f,k,o,g,u,y,t,p,k,n,m,1
f,f,e,b,p,d,w,n,p,t,u,y,k,g,g,u,o,n,c,k,t,m,1
x,s,n,b,f,a,c,n,h,t,e,s,f,p,b,u,w,n,e,u,n,m,1
x,f,b,b,a,n,d,b,u,b,r,f,k,g,n,p,w,n,s,k,s,l,1
k,s,n,t,s,d,c,b,b,t,b,f,y,o,w,p,y,n,z,b,n,w,1
s,f,y,b,n,f,d,n,y,t,b,y,k,c,o,u,o,t,e,o,n,g,1
k,g,n,t,l,n,w,b,b,t,u,k,s,e,y,p,o,o,z,h,t,g,1
b,g,g,t,s,n,w,b,b,t,r,f,f,o,n,p,o,t,c,r,a,w,1
b,y,p,t,a,a,d,b,r,b,e,k,k,w,n,p,w,o,z,y,a,u,1
k,s,n,t,s,d,d,b,u,b,r,k,f,g,w,u,y,t,z,h,a,p,1
x,s,u,t,f,f,d,n,p,t,u,s,s,c,y,p,n,t,e,k,c,p,1
s,s,y,b,y,f,d,n,g,t,b,s,y,b,e,p,y,n,n,h,s,d,1
f,y,r,t,s,f,c,b,b,b,c,y,k,b,e,p,o,o,c,k,t,l,1
c,g,e,t,c,n,c,b,k,t,?,y,k,e,w,p,n,t,n,h,a,w,1
b,f,c,b,l,f,w,n,e,t,e,f,s,w,y,p,n,o,c,b,v,p,1
k,f,u,t,s,d,c,n,k,b,z,k,f,g,w,p,n,o,f,u,t,m,1
b,s,b,b,m,f,w,b,r,b,e,f,s,c,n,u,w,o,c,b,v,g,1
s,f,g,b,f,d,d,b,p,t,c,s,k,y,o,p,n,o,e,r,n,m,1
c,y,c,t,a,d,c,n,h,b,b,y,f,n,o,u,n,o,z,o,t,d,1
b,g,b,t,f,f,c,n,e,b,u,k,k,b,o,p,o,t,l,n,v,g,1
k,s,p,t,a,f,w,n,h,t,e,k,s,o,c,p,o,o,e,h,s,u,1
s,y,g,b,p,d,c,b,n,t,c,y,k,c,y,u,w,n,e,n,a,d,1
c,g,g,t,s,f,d,b,e,t,?,y,k,c,y,u,w,n,s,h,n,l,1
k,y,r,b,n,a,d,b,h,b,r,s,f,o,p,p,n,n,c,n,c,m,1
c,g,r,b,s,d,d,n,r,t,e,y,k,o,c,u,w,o,e,k,s,u,1
b,g,u,t,m,f,w,b,n,b,?,s,s,e,c,u,y,o,c,r,n,g,1
b,s,r,t,p,f,c,b,o,b,?,y,s,b,g,p,w,t,l,n,c,g,1
s,y,n,t,c,d,w,b,b,b,b,s,k,o,b,u,n,t,f,o,s,g,1
c,g,p,t,c,d,w,b,r,b,r,k,k,p,y,u,y,n,s,b,t,p,1
f,g,r,b,s,f,w,n,p,t,?,s,k,y,w,u,y,o,n,h,t,g,1
b,g,p,t,c,n,w,n,p,t,u,s,y,g,b,u,n,t,n,h,n,d,1
f,y,b,b,a,n,w,n,b,b,?,y,s,w,o,u,n,o,l,h,n,d,1
f,y,b,t,n,a,w,b,e,b,e,k,s,p,b,u,n,t,l,h,n,d,1
c,s,b,t,c,d,c,b,k,t,b,k,k,c,c,p,o,n,e,o,a,d,1
c,g,y,t,c,d,c,b,p,b,c,k,s,b,w,u,n,o,p,r,t,u,1
k,y,b,b,l,a,c,n,k,b,e,f,s,g,w,p,o,n,c,n,t,g,1
b,f,c,t,f,d,w,b,b,b,?,y,k,o,e,p,y,t,e,y,a,p,1
s,y,g,b,f,f,d,b,y,t,z,s,s,b,o,p,n,n,p,b,t,g,1
k,y,g,b,s,a,w,n,h,b,c,y,k,b,e,u,w,n,s,k,v,p,1
b,y,y,t,s,d,w,n,b,b,e,f,y,p,e,u,o,t,n,o,s,p,1
b,f,p,t,m,a,d,b,h,t,c,y,f,y,n,p,y,o,f,o,a,d,1
s,f,b,b,y,d,c,b,k,t,?,s,y,w,o,u,o,o,e,u,a,w,1
b,s,y,b,s,d,w,b,w,b,r,k,y,b,o,u,w,n,s,w,a,l,1
k,f,p,t,l,a,c,b,n,b,c,f,y,g,e,u,y,n,p,b,s,u,1
c,f,p,t,y,f,d,b,b,b,b,k,y,n,p,u,n,n,s,k,t,l,1
c,s,u,t,c,f,w,b,h,t,r,y,y,e,w,p,o,n,l,b,c,p,1
b,s,y,b,s,d,c,b,e,b,e,y,f,b,c,p,y,n,n,h,c,w,1
c,g,e,b,y,a,w,n,o,b,u,s,k,n,p,p,y,n,f,u,s,l,1
c,s,e,b,s,d,d,b,k,b,c,f,y,n,c,p,y,t,f,n,c,w,1
k,f,g,t,l,f,w,b,k,b,r,y,k,y,o,u,y,n,p,y,t,u,1
k,y,r,b,y,n,c,n,k,b,c,y,s,y,y,u,y,o,e,k,v,p,1
x,f,b,t,f,n,d,n,n,t,e,y,f,y,e,u,n,o,n,w,a,w,1
x,s,n,b,s,a,c,b,e,b,c,s,s,o,n,u,y,o,e,u,a,g,1
b,y,b,t,m,d,w,b,e,b,?,y,s,p,e,u,n,o,p,b,v,l,1
x,y,g,t,n,a,c,b,r,b,b,k,y,e,e,u,w,o,c,y,t,w,1
s,g,u,b,l,a,w,n,e,t,e,y,k,y,e,u,w,n,s,k,t,d,1
x,s,g,b,f,f,c,n,p,b,u,k,s,g,e,p,n,n,c,r,n,l,1
x,s,y,t,a,f,d,b,u,b,u,k,y,p,o,p,n,n,e,k,v,p,1
k,f,e,b,f,a,c,b,k,b,e,k,f,c,o,u,o,n,e,u,n,m,1
k,g,r,b,m,n,c,b,o,b,u,s,f,y,n,u,y,n,l,w,v,p,1
k,f,g,b,y,f,c,n,b,t,r,f,k,o,c,p,y,t,p,r,v,l,1
c,f,r,b,n,d,d,b,g,b,?,f,s,o,c,p,w,n,p,o,v,m,1
b,g,u,b,l,d,w,n,y,b,e,f,s,c,n,p,n,t,z,w,n,u,1
b,y,b,t,s,a,w,n,w,b,r,y,f,o,n,u,w,o,n,n,s,p,1
x,f,n,t,l,n,c,b,r,t,u,k,y,e,n,u,w,t,e,u,a,m,1
s,g,n,b,n,a,w,b,b,b,u,k,k,w,o,u,o,t,n,r,a,u,1
b,s,n,b,y,f,d,n,g,t,b,k,s,w,o,p,o,t,e,y,s,d,1
s,g,e,b,p,d,w,b,h,t,c,f,y,n,g,p,w,o,c,k,n,p,1
x,y,e,b,c,n,d,n,e,t,r,s,s,b,e,u,o,n,c,o,s,w,1
k,f,e,t,l,d,w,b,p,t,c,y,k,o,p,u,o,t,c,w,v,u,1
f,f,n,t,n,n,c,b,k,b,c,k,k,g,w,u,y,o,c,r,s,m,1
k,y,y,t,c,n,w,b,r,b,c,f,s,c,b,p,y,t,n,n,t,d,1
s,f,e,t,s,d,d,b,e,b,r,y,y,e,w,p,o,o,s,o,v,w,1
k,f,b,t,l,d,c,b,n,b,z,k,f,g,n,p,y,n,l,u,c,m,1
k,g,u,t,l,a,d,b,n,b,b,k,s,y,o,u,o,t,l,n,v,p,1
f,f,e,t,a,a,c,b,o,t,e,f,k,c,w,u,o,n,e,o,n,d,1
c,f,p,t,n,d,d,n,u,b,u,k,k,c,b,p,o,t,l,h,v,w,1
c,f,c,t,l,d,w,n,e,b,e,k,f,y,o,u,o,t,p,u,s,d,1
f,f,r,t,s,n,d,b,h,b,e,k,y,n,o,p,n,o,n,w,c,d,1
f,s,c,b,f,f,c,b,b,b,?,s,s,o,n,p,o,t,p,k,c,l,1
k,s,u,b,m,n,w,n,k,t,r,y,s,o,p,p,o,n,e,y,a,m,1
f,y,b,b,p,f,c,n,o,b,b,y,y,e,n,p,o,o,e,y,c,d,1
c,f,r,t,f,f,d,b,w,t,e,y,k,o,w,u,y,n,l,u,c,w,1
k,g,c,t,s,a,c,b,g,t,?,y,f,y,e,p,y,n,p,y,c,g,1
x,y,r,t,m,d,d,n,o,b,u,y,s,w,w,p,o,n,f,o,s,p,1
s,f,n,t,s,f,c,b,h,b,b,y,f,e,p,p,n,t,f,r,c,p,1
c,f,e,b,p,a,d,n,y,b,c,y,k,p,p,p,w,o,s,u,t,d,1
s,g,c,b,n,d,d,b,y,t,c,k,y,g,n,p,n,t,l,n,n,p,1
c,f,r,b,f,d,c,b,o,b,u,y,s,e,b,u,w,n,p,r,n,w,1
c,g,n,b,a,f,c,b,r,b,c,s,k,o,w,u,y,o,p,h,c,l,1
x,s,r,b,n,d,d,b,e,t,?,y,s,p,b,p,w,o,z,r,c,p,1
x,s,n,b,y,d,c,n,k,b,e,y,y,o,y,u,y,t,n,w,s,m,1
f,s,y,t,f,a,d,b,b,b,z,y,s,c,p,u,n,n,e,k,s,g,1
s,g,p,b,l,n,d,b,b,t,e,f,k,g,o,p,w,o,f,b,a,g,1
s,s,e,b,s,d,d,b,e,t,b,s,k,e,b,u,y,t,e,r,a,l,1
x,s,y,t,y,d,w,b,b,t,b,f,f,b,p,p,y,o,l,n,t,d,1
b,g,c,b,p,n,w,b,p,b,c,k,s,o,w,u,n,n,s,u,v,l,1
b,g,y,b,f,a,c,n,h,b,?,y,f,g,g,p,w,n,z,y,v,u,1
b,s,c,t,p,f,w,b,n,b,e,f,s,c,w,u,n,t,e,b,c,w,1
b,g,u,t,y,a,d,b,n,t,c,y,s,e,c,u,n,n,c,r,v,p,1
s,g,y,t,l,n,w,n,g,t,?,s,k,g,c,p,n,n,z,b,s,w,1
x,y,c,t,p,a,c,b,w,b,b,k,s,e,c,p,y,n,f,u,t,d,1
f,g,g,b,l,f,w,b,g,t,c,k,s,g,g,u,n,o,c,y,c,u,1
f,s,p,b,n,d,c,n,h,b,z,s,s,o,p,u,w,t,p,b,c,d,1
k,s,b,b,c,d,w,b,k,b,r,k,k,o,o,p,n,o,f,n,t,u,1
b,s,g,t,y,a,w,b,k,b,?,s,y,b,e,p,y,t,n,b,n,m,1
s,g,w,t,l,d,c,b,n,b,z,f,k,p,p,p,w,t,s,o,v,u,1
b,y,e,b,s,f,d,b,g,b,r,f,y,c,o,u,w,n,c,n,c,d,1
b,s,p,b,m,d,d,n,o,t,b,f,y,o,g,p,n,t,p,n,a,g,1
k,f,w,t,m,d,d,b,e,t,r,s,f,w,b,u,n,t,f,r,a,g,1
c,y,n,b,y,n,w,b,w,t,?,f,k,e,g,p,o,o,n,k,s,w,1
b,f,e,t,n,d,w,n,g,b,z,f,f,e,b,p,n,o,n,b,t,d,1
c,g,c,b,l,d,d,n,r,t,r,f,k,c,g,u,n,o,s,h,v,w,1
x,s,r,t,a,n,d,b,h,b,r,s,f,e,n,u,w,o,s,k,s,g,1
f,y,b,t,l,d,c,b,g,t,z,f,y,o,b,p,w,t,n,r,c,l,1
c,g,u,b,s,n,c,b,w,t,z,f,k,e,n,u,o,t,e,o,c,d,1
c,y,y,b,p,a,w,n,g,b,u,y,s,e,c,u,w,t,e,w,a,l,1
k,g,p,b,f,f,d,n,p,b,u,f,y,p,w,p,y,n,e,k,t,g,1
k,s,n,t,n,a,w,b,h,b,r,k,y,w,e,u,w,n,p,u,s,l,1
s,s,y,b,a,n,c,n,k,b,b,s,f,p,y,u,n,n,c,y,t,u,1
b,g,r,t,m,f,c,n,n,b,e,y,y,w,o,u,o,t,p,k,a,g,1
c,y,p,t,y,d,d,b,w,t,u,s,f,w,o,u,w,o,l,y,a,m,1
x,y,c,t,f,f,w,n,h,t,z,y,s,w,c,p,o,o,e,r,t,g,1
b,s,b,b,s,f,w,n,r,t,e,f,k,e,w,p,y,o,c,o,s,p,1
k,f,w,b,c,d,c,n,w,b,b,k,y,g,o,u,w,n,s,r,v,u,1
b,f,p,b,m,d,c,n,b,t,z,f,k,b,e,p,o,t,s,y,t,d,1
x,s,p,t,s,n,w,b,h,t,u,y,s,e,n,u,w,n,l,b,v,d,1
c,s,c,b,c,f,d,n,w,t,u,f,k,g,o,p,n,n,c,b,v,l,1
k,f,y,t,f,a,d,n,w,b,b,s,f,o,p,p,o,t,e,y,a,p,1
b,y,c,b,m,f,w,n,e,b,r,y,f,y,w,u,y,n,f,o,s,d,1
x,f,y,b,a,a,d,b,g,b,u,s,y,p,n,u,n,o,f,k,t,g,1
b,y,w,b,s,f,d,b,r,t,u,y,k,g,w,p,y,t,c,y,v,u,1
f,s,p,b,s,a,w,b,w,t,e,k,f,y,c,u,y,n,e,y,a,u,1
f,g,c,t,m,f,w,n,u,b,c,k,k,o,c,p,w,t,s,r,s,l,1
k,y,e,b,a,n,d,b,k,t,z,f,f,e,c,u,y,o,s,h,s,m,1
s,g,p,t,m,a,d,n,k,b,z,f,y,w,w,u,y,o,p,o,c,p,1
s,f,b,b,n,a,c,b,k,b,u,f,f,e,p,u,y,o,c,o,s,m,1
s,g,p,t,y,n,c,b,g,t,z,f,s,g,o,p,n,o,s,h,n,d,1
k,s,r,t,y,a,w,n,b,t,e,y,k,c,p,p,n,t,p,h,n,d,1
b,s,w,t,c,a,c,n,p,t,?,k,k,w,n,p,w,t,n,o,s,w,1
f,s,u,b,c,f,w,b,g,t,r,s,k,w,e,p,o,t,z,u,c,d,1
s,y,n,b,a,n,d,n,w,b,r,s,s,g,c,p,w,n,l,y,t,g,1
s,y,u,t,y,f,c,n,e,b,e,y,s,b,g,u,o,n,s,w,t,l,1
c,g,e,b,p,f,c,n,b,b,u,k,y,p,e,u,o,t,s,o,a,p,1
b,g,w,t,m,n,w,b,b,t,b,f,s,o,c,u,y,t,e,b,n,u,1
b,y,w,t,f,d,d,b,u,b,r,k,s,o,n,p,y,t,p,b,s,m,1
f,g,r,b,c,n,d,b,k,t,e,k,k,p,b,u,y,o,f,o,n,d,1
k,g,w,b,m,n,c,n,y,b,u,y,k,o,b,u,n,n,s,r,s,g,1
c,g,b,b,m,d,w,b,y,t,r,s,f,w,b,u,w,t,c,w,a,m,1
k,y,u,b,n,n,w,b,w,b,c,y,k,w,e,u,y,n,c,y,s,u,1
b,y,w,b,y,n,c,b,o,b,z,y,k,g,g,p,w,n,z,r,v,p,1
s,f,e,b,p,a,c,b,o,b,z,f,s,y,g,p,n,t,s,r,n,p,1
s,g,w,t,n,a,c,b,e,t,r,y,y,n,g,p,y,n,s,k,n,g,1
c,g,n,t,n,d,c,b,k,t,c,k,y,b,g,u,n,n,s,w,t,m,1
b,g,w,t,f,a,c,n,b,t,e,s,f,b,b,p,w,o,s,u,c,l,1
k,g,g,t,c,a,w,n,p,b,e,k,s,c,g,u,n,o,l,r,v,w,1
x,g,g,t,c,n,w,n,e,t,b,s,y,e,n,u,y,n,p,h,a,l,1
x,g,e,t,c,a,w,b,e,t,r,s,s,n,c,u,w,n,s,o,s,u,1
k,s,n,t,f,a,d,n,y,t,?,y,y,e,o,u,o,n,e,w,s,g,1
x,s,r,t,s,f,c,b,e,b,e,y,y,o,c,p,y,t,l,n,s,p,1
k,f,u,b,c,n,c,n,k,b,b,k,y,w,y,u,o,n,f,h,s,u,1
k,s,r,t,c,d,d,n,h,t,u,s,y,w,p,p,o,o,z,b,a,d,1
k,f,w,t,m,n,d,b,b,b,b,k,s,y,n,u,o,t,l,r,c,u,1
k,f,r,b,m,d,c,b,g,b,e,f,y,n,p,p,y,n,e,b,s,w,1
b,f,w,b,p,n,c,b,e,b,?,s,s,b,p,p,n,t,s,h,n,w,1
b,f,e,t,a,a,c,b,r,t,e,f,y,o,y,p,o,t,l,r,t,l,1
b,y,p,t,l,f,w,b,b,t,z,k,f,e,b,u,w,o,p,o,c,w,1
b,g,r,t,f,f,d,b,p,b,r,y,k,n,o,p,w,n,c,y,n,m,1
f,f,p,b,m,n,w,n,e,b,b,f,y,w,o,u,n,o,c,r,c,d,1
f,y,e,t,s,a,d,b,b,t,c,k,y,e,g,u,o,n,s,k,c,p,1
c,y,e,t,f,n,c,b,y,b,r,k,f,w,p,p,w,n,p,k,t,w,1
f,f,b,t,m,d,d,n,e,t,z,f,y,b,w,p,n,n,p,w,a,l,1
f,y,r,t,p,f,w,b,w,t,b,y,y,o,w,u,o,n,s,r,c,d,1
k,f,r,b,y,a,c,n,g,t,b,s,k,y,o,p,o,t,n,o,a,u,1
c,s,y,b,l,d,c,n,k,b,u,k,y,n,b,p,n,n,f,o,a,w,1
f,s,r,t,c,f,c,n,h,b,u,f,s,c,p,p,o,t,n,o,t,g,1
f,y,p,t,l,f,d,b,o,b,z,y,y,c,p,p,w,o,z,w,s,l,1
f,f,g,t,s,n,d,n,o,t,z,f,s,b,e,u,o,n,f,b,v,g,1
k,f,n,b,a,a,w,n,b,b,r,f,y,n,g,u,n,n,f,r,v,l,1
s,s,b,t,f,d,d,n,k,t,z,y,y,o,w,p,w,o,s,h,c,p,1
f,s,y,t,p,f,d,n,u,t,b,s,s,c,p,u,n,n,z,u,a,m,1
b,f,u,b,n,f,w,n,e,t,?,f,k,w,b,p,y,t,z,n,n,m,1
b,f,y,t,m,n,w,b,n,b,?,k,s,g,e,u,o,o,p,u,v,w,1
x,f,r,t,y,d,d,b,e,t,z,f,s,o,e,p,o,o,e,b,v,m,1
b,g,n,b,s,a,c,b,b,b,r,k,f,p,b,u,o,n,e,w,s,g,1
f,f,n,t,a,d,w,b,e,b,?,y,s,y,o,p,y,t,z,u,c,p,1
k,y,g,b,a,a,d,b,p,t,u,k,k,e,b,p,y,t,c,u,s,u,1
f,g,e,b,p,f,w,b,p,t,u,y,s,e,w,p,o,t,s,r,c,p,1
k,y,y,b,c,d,d,n,e,t,u,k,f,c,b,u,y,n,l,k,t,u,1
s,y,w,b,y,d,d,n,p,t,?,s,s,e,n,u,y,t,z,u,s,m,1
s,g,b,t,p,f,d,n,h,b,u,f,k,b,c,p,y,t,p,w,v,d,1
b,f,n,t,m,d,c,n,u,t,?,y,s,n,p,p,n,o,z,b,a,g,1
b,g,g,t,m,n,d,n,g,b,?,k,k,g,b,u,y,n,c,y,s,l,1
s,f,p,b,c,n,d,b,r,b,e,s,f,e,b,u,w,n,z,k,v,d,1
x,f,g,t,a,d,d,b,k,t,?,y,f,e,w,p,y,t,z,u,s,w,1
s,y,b,t,y,a,w,b,p,b,?,k,k,w,e,u,w,t,c,n,t,d,1
b,f,r,t,a,a,d,n,g,t,z,y,f,g,p,u,w,n,n,k,t,g,1
b,f,u,b,p,n,c,b,o,b,b,f,k,g,n,u,y,n,f,r,a,l,1
c,g,w,t,s,a,w,b,g,b,r,k,k,w,e,p,w,n,l,o,t,u,1
s,y,y,b,y,a,w,n,o,b,z,k,f,w,e,p,n,o,z,w,c,w,1
f,s,g,t,p,n,w,n,h,b,c,s,s,e,b,p,o,o,n,o,t,p,1
b,y,r,b,a,a,w,n,p,t,e,y,k,o,b,u,y,o,c,b,c,l,1
k,y,n,t,l,d,d,b,u,t,c,s,k,e,b,u,n,n,f,h,s,p,1
x,g,r,b,f,n,c,b,h,b,?,s,s,c,g,u,n,o,p,h,v,p,1
c,s,e,b,l,n,w,b,o,b,b,f,f,w,o,u,n,n,l,n,t,p,1
x,f,c,b,p,a,w,b,g,t,e,k,k,y,y,u,w,t,e,n,a,w,1
b,s,g,t,a,f,w,b,p,t,?,f,y,n,p,u,y,n,z,y,n,u,1
s,s,c,t,y,d,d,n,k,t,?,f,f,o,n,p,y,n,n,h,a,g,1
s,f,b,b,m,d,c,n,e,t,e,y,f,p,c,p,w,o,n,h,c,p,1
s,s,y,t,l,a,w,n,g,t,u,s,y,e,e,p,o,n,z,n,a,w,1
s,s,w,t,a,n,w,n,w,b,c,y,s,y,b,p,y,n,e,b,n,w,1
b,f,g,b,f,f,d,b,r,t,b,f,k,w,o,u,y,t,f,k,c,l,1
c,g,g,t,l,a,w,n,k,b,?,k,s,n,w,p,n,o,n,k,t,m,1
f,g,w,t,a,n,w,b,h,t,u,s,k,b,o,u,w,t,e,k,s,l,1
k,g,p,t,n,f,w,b,w,b,z,s,f,b,e,p,y,o,f,w,a,u,1
s,f,w,t,l,n,d,b,w,b,c,y,y,b,p,p,o,n,s,w,c,p,1
b,y,n,t,a,d,w,n,n,t,b,k,k,g,b,u,o,o,e,w,v,p,1
x,s,u,b,f,n,c,b,r,t,c,s,s,w,n,u,w,o,e,y,t,g,1
x,y,y,b,a,a,w,b,o,b,b,y,s,w,y,u,w,t,s,w,a,m,1
k,s,n,b,f,d,c,b,u,t,?,s,f,b,n,u,n,o,p,h,s,m,1
x,f,p,b,s,n,c,b,y,b,u,s,f,b,c,u,o,o,l,n,v,l,1
f,g,g,b,p,a,d,b,b,b,r,k,y,y,w,p,y,t,f,n,a,g,1
c,y,p,b,l,n,d,b,y,t,r,f,f,e,e,u,n,t,s,k,c,l,1
b,f,g,t,p,d,w,n,o,b,z,y,f,b,e,p,o,o,e,o,n,w,1
b,g,n,b,y,a,w,n,y,t,r,y,s,o,n,p,n,n,z,k,t,w,1
f,s,g,b,l,d,c,n,o,b,z,k,f,g,b,p,n,t,l,b,v,m,1
s,f,g,b,y,d,d,n,r,t,z,k,f,y,b,p,w,o,s,h,t,l,1
x,f,r,b,l,d,w,b,w,t,c,s,k,e,e,u,w,o,e,r,c,p,1
f,s,u,b,n,f,c,b,w,t,b,k,s,o,n,u,w,n,p,w,s,p,1
k,s,c,b,m,a,c,n,u,t,e,f,s,o,y,p,w,o,f,u,a,p,1
k,s,u,t,c,f,w,n,y,b,z,k,y,n,y,p,o,o,l,o,c,p,1
x,y,u,b,m,d,d,b,g,b,r,s,y,n,o,p,o,o,e,y,a,g,1
c,y,p,b,f,d,c,b,e,b,z,k,f,w,b,u,y,t,l,u,s,d,1
s,g,w,b,l,d,c,n,h,b,c,k,k,b,c,u,o,t,l,b,v,l,1
c,s,e,t,y,f,w,n,y,t,e,k,f,g,c,p,y,t,s,w,n,w,1
c,y,u,b,m,f,w,n,n,b,z,y,y,p,o,p,y,n,c,o,a,m,1
x,s,e,t,y,n,d,n,p,b,?,s,s,n,c,p,y,t,c,b,s,m,1
k,f,n,t,l,d,w,b,h,b,u,s,f,c,w,u,o,o,p,r,t,p,1
x,g,y,b,m,d,d,b,r,b,c,f,s,e,b,p,w,t,e,h,n,p,1
x,f,u,b,a,n,c,n,w,t,e,y,s,w,y,p,n,t,f,w,a,d,1
c,g,y,b,p,f,c,b,b,t,b,k,y,n,o,p,y,t,z,k,a,d,1
k,g,c,b,f,n,c,b,e,b,r,s,k,p,g,p,o,t,z,k,n,d,1
b,g,e,t,m,d,c,b,r,b,b,k,f,w,g,u,o,n,p,r,a,l,1
f,f,w,t,l,n,c,b,w,b,e,y,k,b,b,u,y,t,p,w,n,u,1
k,s,w,b,n,a,d,b,h,t,z,s,s,o,g,u,y,n,e,h,s,d,1
b,y,n,t,a,a,w,n,h,t,r,y,f,w,w,u,y,o,p,w,v,m,1
c,y,e,t,p,f,d,b,o,b,b,y,k,w,o,p,y,t,s,u,c,g,1
f,f,n,b,a,d,w,n,g,t,?,k,y,w,y,p,o,o,e,w,n,u,1
x,g,n,b,n,f,c,b,y,t,r,k,f,b,b,u,o,n,f,k,v,w,1
b,s,u,b,n,d,d,b,h,b,r,y,k,n,w,u,y,t,c,r,t,w,1
f,f,b,t,s,d,d,b,w,t,e,k,f,y,e,u,o,o,p,w,c,w,1
s,g,u,b,l,f,c,b,n,b,c,y,k,o,w,u,n,o,e,r,a,u,1
f,y,g,b,y,n,w,n,u,t,z,f,f,w,n,p,o,o,z,y,a,p,1
b,f,u,b,s,f,d,b,k,t,r,f,k,c,e,p,n,o,l,h,n,m,1
s,f,u,t,p,f,w,n,u,b,r,f,f,g,o,u,n,o,l,u,t,l,1
b,g,r,t,l,d,c,b,h,t,c,s,f,y,y,p,o,t,f,y,t,p,1
s,s,p,b,l,d,c,n,p,t,e,f,f,o,c,u,y,t,p,w,n,d,1
f,f,g,t,f,a,d,b,u,t,?,y,y,y,c,u,y,n,n,b,a,w,1
k,s,n,t,y,n,w,b,o,b,e,y,k,g,g,p,y,o,n,k,s,d,1
k,f,n,b,y,f,w,b,u,t,z,k,k,p,w,u,o,n,p,u,n,m,1
s,y,b,t,m,a,c,n,n,t,c,k,f,y,c,p,y,t,e,y,t,g,1
k,g,p,t,l,n,w,b,k,t,u,k,s,e,e,p,y,o,p,k,s,g,1
f,s,u,t,p,a,c,b,g,b,z,s,f,g,g,p,o,o,n,k,s,g,1
k,f,w,b,n,d,c,b,y,t,u,s,k,w,p,p,n,n,l,k,t,l,1
k,s,n,t,y,f,d,n,o,b,z,k,f,n,w,u,n,o,e,y,n,d,1
s,y,n,t,l,d,c,n,n,t,b,y,k,p,b,u,n,o,f,o,t,p,1
x,s,r,b,m,f,w,n,u,t,u,k,f,e,y,p,n,n,n,h,c,w,1
f,f,c,b,a,d,c,n,h,t,z,f,f,o,g,u,o,o,c,y,c,u,1
k,f,b,b,f,f,d,n,h,t,r,s,y,e,e,p,n,t,s,u,t,d,1
x,s,w,b,m,d,c,n,o,t,e,k,f,o,w,u,o,o,l,w,t,g,1
x,y,y,b,y,f,w,n,o,t,u,y,k,g,e,u,n,o,z,y,n,g,1
x,f,u,t,y,d,w,n,o,t,c,k,k,b,o,p,n,o,f,w,s,p,1
x,f,w,t,m,f,d,b,k,t,b,k,s,p,g,p,o,n,s,n,s,p,1
f,g,w,t,s,a,c,n,e,b,u,f,k,g,p,p,y,o,n,k,c,p,1
k,y,y,b,p,n,w,n,o,b,b,f,y,n,c,p,n,t,p,h,v,l,1
s,f,b,b,y,n,c,b,o,b,r,k,k,e,e,u,n,t,s,r,s,w,1
c,g,c,t,n,d,d,n,h,t,r,k,s,n,w,p,y,n,e,w,c,l,1
b,s,p,t,y,n,d,n,u,t,c,k,s,p,o,u,o,n,f,n,a,u,1
k,s,g,b,y,f,c,b,b,b,e,s,k,p,n,p,y,t,c,n,a,p,1
b,g,e,t,c,a,w,n,k,b,u,f,y,e,n,p,n,t,n,y,a,l,1
x,g,p,b,l,n,w,b,u,b,u,y,f,w,w,u,y,n,n,r,t,u,1
c,g,e,b,l,n,w,n,p,t,z,y,y,n,o,u,n,n,n,b,c,m,1
s,y,b,t,n,f,d,n,k,b,e,s,s,e,p,u,n,n,s,y,c,u,1
f,y,w,b,f,a,w,n,o,b,b,s,s,c,o,u,o,t,s,h,a,g,1
f,y,c,t,f,f,w,b,p,b,z,y,f,e,o,p,y,t,e,w,c,l,1
k,g,u,t,s,f,w,b,r,t,b,s,y,n,g,u,n,o,p,o,v,p,1
f,g,b,t,s,f,w,n,b,b,z,y,y,g,c,p,n,o,n,r,c,m,1
f,g,c,t,y,d,w,b,o,b,z,y,s,c,c,u,o,n,z,h,c,l,1
c,s,c,b,n,n,d,b,o,b,b,f,s,b,o,u,o,n,f,b,a,w,1
b,s,e,b,m,f,c,b,g,b,r,s,y,p,w,u,w,n,p,u,n,w,1
b,f,e,b,l,f,c,n,g,b,z,f,y,b,p,u,y,t,n,h,n,m,1
f,y,c,b,y,a,w,n,y,b,?,k,f,e,p,p,y,n,s,y,v,p,1
b,g,w,b,m,n,c,b,y,t,z,y,y,w,n,u,w,t,p,n,n,g,1
x,g,b,b,n,a,w,n,y,t,b,s,y,p,y,u,n,t,c,h,v,p,1
s,g,n,t,s,f,d,b,k,t,r,f,y,y,w,p,y,o,z,w,n,p,1
x,f,w,t,c,a,c,n,w,b,b,s,y,y,y,p,n,t,l,n,n,w,1
k,s,y,t,l,n,w,b,k,b,?,s,s,o,y,p,n,t,p,o,n,g,1
b,f,y,b,n,n,d,b,r,b,e,k,y,g,c,u,o,t,f,w,s,w,1
k,y,c,b,a,a,d,n,k,t,z,k,y,b,y,p,w,o,l,n,t,p,1
b,y,e,b,f,d,w,n,w,b,e,k,y,b,n,p,n,t,z,h,n,g,1
c,g,u,t,a,a,w,b,e,t,c,k,k,y,y,p,n,o,p,b,n,d,1
x,s,b,b,p,f,d,b,e,b,u,y,f,e,c,u,w,o,f,u,c,p,1
x,y,u,b,f,f,w,b,g,b,c,f,f,o,n,p,w,t,p,b,n,d,1
s,s,c,t,p,f,c,b,g,b,c,y,y,c,o,u,y,n,p,o,t,m,1
b,f,c,t,f,d,w,b,y,b,c,k,f,c,w,u,y,t,z,b,n,d,1
x,f,y,t,l,f,c,b,h,b,z,s,f,w,p,p,n,t,z,r,n,d,1
x,y,e,t,y,n,d,b,p,t,u,k,k,b,g,p,w,n,c,r,n,g,1
c,s,u,b,a,a,c,b,e,b,r,y,s,n,b,p,w,t,s,o,a,m,1
c,f,e,b,n,n,c,b,h,b,?,y,y,n,c,u,n,t,c,b,t,g,1
b,f,g,t,n,d,w,n,w,t,u,f,y,b,w,p,w,t,c,r,t,u,1
s,y,b,b,a,n,w,b,h,b,c,f,y,g,g,u,o,o,p,h,c,u,1
c,s,n,b,m,n,c,n,u,b,?,k,s,b,e,u,n,o,n,k,t,d,1
s,g,w,t,l,f,d,b,e,b,r,s,s,w,y,p,o,n,s,b,a,m,1
x,f,y,t,c,f,c,b,w,b,b,y,f,o,e,p,n,n,e,w,t,d,1
x,s,g,b,m,f,d,b,n,t,z,y,y,c,c,p,w,n,s,w,v,w,1
s,g,w,b,p,a,c,n,y,b,?,y,y,b,g,u,w,o,n,o,c,u,1
s,f,c,b,a,f,c,n,y,t,?,s,s,b,g,p,y,n,e,o,n,u,1
x,f,c,b,c,n,w,n,p,t,z,y,k,p,e,u,o,o,s,r,n,u,1
c,f,u,b,y,f,c,n,o,t,z,y,s,c,w,u,n,o,z,w,v,l,1
s,f,y,t,y,d,d,n,y,b,e,y,k,n,p,p,o,o,z,r,a,u,1
c,g,w,b,m,n,w,b,r,t,e,s,k,y,n,p,y,t,l,y,a,g,1
x,f,n,b,l,f,c,b,g,b,b,f,f,c,e,p,o,o,s,r,n,w,1
f,g,c,t,m,n,c,n,p,t,u,k,k,w,n,p,o,t,s,k,s,l,1
s,s,g,b,a,a,d,b,h,t,z,f,k,w,g,p,w,n,p,k,t,l,1
f,g,w,b,n,d,c,b,o,b,u,s,s,g,n,p,w,o,c,y,c,u,1
x,g,c,t,p,a,d,n,b,b,?,y,f,w,e,p,y,o,l,r,a,m,1
k,s,y,b,f,n,w,b,h,t,z,f,f,e,w,p,n,o,l,k,v,p,1
c,g,e,t,a,n,d,b,p,t,c,f,s,y,c,p,y,n,z,u,t,d,1
b,s,p,t,l,d,c,n,r,b,u,s,f,e,w,u,n,n,s,b,t,l,1
s,f,e,t,y,d,d,n,r,b,?,y,k,w,b,u,n,t,p,r,n,p,1
f,g,r,t,l,n,c,b,n,t,u,y,y,b,n,u,w,t,l,u,c,l,1
x,f,g,t,s,a,d,n,e,t,e,s,f,o,n,p,w,t,f,y,v,u,1
k,g,b,b,f,a,w,n,b,t,?,k,f,o,c,p,n,t,e,o,a,l,1
k,s,u,b,f,a,c,b,k,b,z,y,s,y,c,u,y,n,f,u,s,l,1
k,g,u,b,f,n,d,b,u,b,e,k,s,b,p,u,y,n,s,k,s,g,1
s,s,w,t,y,d,c,n,k,b,r,k,f,b,e,p,o,t,c,k,s,m,1
f,y,r,t,n,n,c,b,b,t,?,s,f,e,o,u,n,t,c,r,v,l,1
k,s,n,t,p,n,w,n,h,t,e,k,y,c,y,p,w,t,s,n,n,d,1
s,g,g,b,y,d,d,n,g,t,z,y,s,e,n,u,n,t,n,n,a,g,1
f,s,y,b,a,d,d,n,h,b,e,k,y,g,c,u,o,o,c,n,t,d,1
s,s,b,b,p,d,w,b,w,b,r,y,y,g,c,u,w,n,p,h,v,p,1
s,s,y,b,f,f,w,b,p,b,r,f,s,c,e,p,w,n,e,n,s,g,1
k,f,b,b,y,n,c,n,y,t,z,f,f,o,y,p,w,o,p,u,t,g,1
f,f,u,b,c,d,w,b,r,t,r,f,k,b,w,u,y,n,e,r,n,g,1
s,f,r,t,y,f,d,n,b,t,?,k,y,w,b,u,n,o,l,u,t,d,1
x,f,r,b,s,a,w,n,y,t,c,f,k,y,n,u,n,o,n,w,c,d,1
k,g,c,t,f,d,c,b,k,b,e,f,s,o,e,p,n,n,p,y,c,m,1
f,f,g,t,m,f,c,b,y,t,?,y,y,b,n,p,o,n,c,y,v,d,1
b,g,u,b,s,d,d,n,h,t,r,y,k,e,y,u,n,o,p,r,a,w,1
k,y,g,b,a,n,w,n,k,b,u,k,f,n,p,u,o,t,c,h,t,g,1
x,y,e,b,m,d,w,n,r,b,b,f,f,b,g,p,w,t,p,w,c,l,1
k,y,g,b,f,f,d,n,y,t,r,f,k,o,b,p,y,o,c,r,c,l,1
x,y,p,b,y,d,c,b,w,t,u,y,s,w,c,p,y,t,f,o,a,g,1
k,g,b,t,m,a,c,n,h,b,c,f,f,w,c,u,n,o,z,n,n,w,1
s,y,y,b,a,d,c,n,k,b,c,y,s,g,o,u,o,o,s,n,a,p,1
k,s,p,b,s,d,w,b,w,t,c,y,y,w,w,u,n,t,f,o,s,g,1
b,f,p,b,p,d,d,n,e,t,z,s,k,w,n,p,o,t,f,n,s,p,1
s,y,n,t,f,a,w,b,u,t,u,k,s,e,c,u,y,t,f,b,s,d,1
s,f,c,b,c,a,w,n,w,b,z,y,y,o,e,p,y,t,f,w,v,p,1
f,s,y,t,m,d,c,n,g,t,u,y,k,g,c,u,n,t,s,o,s,w,1
s,g,n,b,a,f,c,b,e,t,u,f,y,n,e,p,n,n,s,w,c,w,1
b,y,y,t,n,a,w,b,u,t,c,f,s,b,c,u,o,t,l,o,c,p,1
s,s,y,t,n,d,d,n,p,b,b,y,f,n,w,u,n,o,p,n,s,d,1
b,f,p,b,y,f,c,n,g,b,e,k,k,p,b,p,o,t,e,w,a,u,1
s,s,g,b,a,a,w,b,p,t,?,f,f,n,c,u,o,t,p,h,t,d,1
f,s,e,b,c,d,d,b,n,b,z,f,f,w,o,p,y,t,c,o,v,p,1
k,f,b,b,s,d,d,n,w,b,b,f,f,c,c,u,w,n,c,k,v,u,1
x,y,n,t,l,a,d,b,p,t,e,f,f,b,p,u,y,t,l,r,a,l,1
b,s,y,t,s,f,d,n,n,t,z,f,s,c,y,u,n,t,p,w,t,w,1
s,f,r,t,a,f,w,b,r,b,u,k,k,y,c,p,n,o,s,k,a,m,1
c,g,g,b,n,d,d,n,y,t,z,k,y,b,g,p,o,t,l,k,t,m,1
f,s,e,t,s,a,c,b,o,b,?,k,f,o,g,u,o,o,n,o,a,l,1
f,f,n,b,p,a,c,n,n,b,u,y,k,c,e,u,o,t,z,b,s,p,1
x,y,b,t,m,n,w,n,y,t,r,f,k,o,c,u,o,o,e,n,n,w,1
k,y,w,b,y,f,d,b,r,t,z,k,k,b,b,p,y,t,s,r,v,g,1
x,g,w,b,f,f,w,b,b,t,?,k,k,o,w,u,n,n,z,w,v,u,1
x,y,p,b,f,f,d,n,p,b,c,s,k,e,n,p,w,t,z,h,n,g,1
s,g,b,b,p,n,c,b,e,t,z,k,s,y,c,u,o,n,s,r,c,l,1
x,f,b,b,m,f,c,n,o,b,u,k,y,y,c,u,w,t,e,h,c,l,1
x,g,e,b,c,d,d,n,p,b,c,y,k,c,w,p,n,t,l,u,c,w,1
k,f,b,b,l,d,c,b,k,t,?,f,k,e,o,u,w,n,p,o,c,p,1
s,g,w,b,y,a,c,n,e,t,c,k,s,w,e,p,n,o,e,o,c,w,1
k,f,c,b,s,f,w,b,p,t,z,y,f,b,e,p,n,t,z,n,v,p,1
k,f,n,b,n,n,c,n,w,t,r,s,y,g,p,p,y,t,s,w,n,d,1
f,g,p,b,l,d,d,n,y,t,z,s,k,c,y,p,w,o,z,b,a,l,1
x,f,b,b,y,n,w,b,y,t,?,y,k,w,n,u,w,t,p,h,t,l,1
c,s,b,b,p,d,d,b,n,b,u,k,y,p,y,p,y,o,s,w,t,p,1
k,s,g,b,m,a,c,b,w,t,c,f,y,o,e,p,y,n,f,k,c,p,1
f,f,g,b,a,f,d,n,y,b,b,f,f,e,w,u,n,o,s,o,c,l,1
x,g,b,t,l,d,w,n,g,b,c,y,k,w,w,p,y,n,e,k,n,d,1
b,f,c,b,p,d,c,b,p,t,r,k,y,e,y,p,n,n,z,o,v,l,1
c,g,g,t,l,a,c,n,g,b,e,f,s,e,o,p,n,n,p,b,a,p,1
c,y,y,b,s,f,c,b,w,b,r,y,f,w,c,u,y,o,z,h,a,u,1
s,y,c,b,c,d,c,n,y,t,z,s,k,b,n,u,o,t,s,k,a,l,1
s,f,e,t,n,n,c,b,e,b,?,s,s,b,w,u,w,o,c,n,a,m,1
k,f,c,b,a,d,d,b,b,t,?,s,f,p,w,p,w,t,f,n,v,g,1
c,s,u,b,s,a,w,b,y,t,u,f,y,y,b,u,y,t,p,h,n,d,1
k,y,n,b,c,a,d,b,g,t,?,f,k,g,o,u,n,t,f,k,v,l,1
k,s,p,t,a,d,w,n,n,t,z,s,f,c,g,u,n,o,c,w,c,p,1
s,y,n,t,f,n,w,b,r,t,r,s,k,p,c,p,n,n,n,o,v,m,1
x,s,u,t,p,n,c,n,n,b,?,s,s,n,n,u,n,t,n,o,a,g,1
s,g,u,b,a,a,d,b,w,b,z,k,y,o,p,u,w,t,f,n,a,u,1
b,g,r,b,y,a,d,n,h,b,z,k,k,o,w,p,n,o,c,r,v,w,1
k,y,c,b,f,d,d,b,n,t,b,s,s,c,w,u,y,t,n,n,c,u,1
f,y,w,b,m,d,c,n,w,b,?,k,s,b,p,p,y,n,n,h,t,l,1
b,y,n,b,m,a,d,n,g,b,e,k,f,n,g,p,y,o,e,n,a,p,1
x,f,e,b,y,a,w,n,g,b,e,f,y,n,b,u,n,o,s,h,a,m,1
s,y,e,t,y,d,w,n,h,b,?,s,s,g,w,p,n,n,f,b,a,w,1
k,s,c,t,a,n,c,n,y,b,u,s,s,b,b,p,o,t,z,n,s,g,1
c,f,w,t,p,n,c,b,u,t,c,y,y,p,c,p,o,o,c,b,c,l,1
c,s,y,t,m,n,w,n,n,b,?,k,y,w,w,p,y,n,s,h,v,p,1
b,y,c,t,m,n,c,n,b,b,z,f,s,g,o,u,w,o,s,b,t,l,1
x,f,y,b,p,a,c,b,u,t,u,s,s,b,e,u,o,n,n,b,c,w,1
f,f,c,b,c,f,c,b,k,t,b,y,y,y,b,u,y,t,n,n,a,w,1
c,f,p,t,l,a,w,n,n,b,?,s,k,g,g,p,y,n,z,k,c,p,1
k,y,n,t,p,n,w,b,n,t,c,f,s,y,b,u,n,n,n,o,v,g,1
c,g,r,b,a,n,c,n,e,t,e,k,y,c,g,u,y,o,p,u,s,p,1
f,y,c,t,a,a,d,n,e,b,r,k,s,y,p,u,y,t,s,b,a,g,1
s,s,w,b,l,d,w,n,p,b,e,y,y,n,o,p,y,t,e,o,c,d,1
x,f,p,t,n,a,d,n,o,b,b,f,s,w,p,u,o,n,p,r,n,g,1
f,y,b,b,n,f,d,n,w,b,u,f,k,c,y,u,y,n,p,u,s,w,1
f,s,b,t,s,d,c,b,o,b,b,y,f,n,p,u,w,o,c,w,t,m,1
c,f,e,b,n,d,c,b,y,t,c,k,y,e,o,p,n,o,e,b,v,m,1
s,g,r,t,p,d,c,b,h,b,?,k,f,w,e,p,n,o,s,w,c,p,1
k,f,p,t,p,a,c,b,g,b,z,y,k,p,n,p,n,t,e,w,s,u,1
b,g,b,t,n,d,d,b,k,b,e,k,y,g,b,u,y,o,l,o,c,u,1
s,y,e,b,m,a,c,n,r,t,r,s,y,y,n,u,w,o,n,n,c,u,1
x,f,p,b,n,d,c,b,n,t,u,f,y,g,e,p,w,t,p,k,s,m,1
s,f,r,t,l,f,c,n,y,b,u,s,f,w,w,p,y,n,e,w,s,u,1
k,g,n,t,f,a,w,n,o,b,u,s,k,o,p,u,n,o,n,r,t,g,1
s,y,r,t,y,a,w,b,w,b,z,y,y,w,y,p,o,n,p,w,c,d,1
k,g,b,b,a,a,d,b,e,t,r,k,k,y,e,p,o,n,f,u,a,w,1
s,y,g,t,m,d,c,n,w,b,b,s,s,b,c,u,n,n,z,u,s,p,1
c,g,c,b,f,d,c,n,u,t,u,f,f,o,b,p,n,o,z,b,n,u,1
k,s,c,b,a,d,c,b,o,b,u,y,s,y,g,p,y,n,s,u,v,m,1
c,y,c,t,a,a,w,b,n,b,b,y,k,p,y,p,y,t,p,y,a,g,1
x,s,r,b,y,f,w,n,n,b,u,f,s,y,g,u,w,n,z,k,n,m,1
k,s,g,b,p,d,w,n,b,t,?,y,s,o,b,u,n,t,p,b,t,m,1
k,s,g,b,a,n,w,b,k,t,c,k,f,y,n,u,y,n,s,y,n,w,1
b,y,c,b,a,a,d,b,g,b,e,f,k,w,y,p,o,t,f,r,c,m,1
s,g,g,t,c,a,d,b,p,t,r,k,k,c,c,p,n,t,e,u,t,p,1
f,g,g,b,n,a,w,b,w,b,r,s,f,e,n,u,w,n,f,r,v,d,1
c,y,g,t,y,d,d,n,h,t,z,k,f,g,c,p,n,t,p,o,s,g,1
b,y,n,b,p,n,w,n,r,t,z,f,s,w,o,u,n,n,e,o,t,p,1
b,g,u,b,m,d,c,n,n,t,?,k,f,p,n,p,n,t,p,n,a,g,1
c,g,b,b,p,n,d,n,o,t,r,k,f,n,y,p,n,n,z,n,c,g,1
c,g,g,t,a,a,c,n,h,t,?,k,k,w,y,u,o,n,c,n,a,m,1
x,y,y,b,y,a,c,n,g,b,z,s,y,e,o,u,o,n,l,u,c,u,1
x,f,u,b,p,f,w,b,b,b,u,s,f,y,p,p,w,n,n,w,v,w,1
x,f,b,t,l,f,w,b,e,t,u,y,k,g,y,u,w,n,e,y,s,p,1
f,s,g,b,y,d,d,n,w,t,r,s,f,w,b,u,w,t,s,w,v,u,1
x,s,g,b,l,d,d,n,w,t,z,y,s,c,b,u,w,n,n,o,a,w,1
f,g,b,t,f,n,d,n,h,t,u,y,f,g,n,u,n,t,f,n,n,l,1
x,g,e,b,p,f,d,n,y,t,?,s,y,b,e,p,n,o,z,h,n,u,1
k,s,c,b,s,f,c,n,y,t,e,y,y,g,g,u,o,o,c,y,a,d,1
s,g,c,b,l,n,d,b,k,b,r,k,f,b,n,p,w,o,l,y,n,u,1
k,g,n,t,m,f,d,b,e,t,z,f,k,o,e,p,w,t,n,u,s,u,1
s,g,e,t,c,a,w,n,n,t,b,y,s,e,w,u,w,o,s,o,v,l,1
c,f,r,t,p,a,c,n,y,t,?,y,k,b,c,u,y,t,n,r,c,g,1
b,f,p,b,m,d,d,b,h,t,e,f,s,e,g,p,y,o,p,u,n,p,1
x,f,e,t,a,f,w,n,r,t,z,k,s,w,b,p,w,n,z,o,s,g,1
x,y,n,b,n,f,w,b,h,b,r,s,s,b,b,p,y,n,e,h,s,g,1
f,g,c,t,m,a,c,n,k,t,r,s,s,o,p,u,n,o,n,b,v,g,1
x,s,c,t,c,n,w,b,g,b,u,f,y,g,y,p,o,n,l,y,n,u,1
s,s,e,t,m,a,d,n,k,b,u,y,y,e,c,u,w,t,l,b,c,l,1
c,f,c,b,m,d,c,n,k,t,u,f,k,g,e,u,w,o,n,r,a,d,1
b,s,b,b,p,f,w,n,b,t,c,s,s,b,n,p,o,n,z,n,v,u,1
k,f,e,b,n,f,w,n,p,b,?,k,f,w,n,p,w,t,f,h,v,d,1
x,s,e,t,f,f,d,n,g,b,?,k,s,g,o,u,y,t,n,w,t,d,1
x,s,c,t,p,f,w,n,b,b,?,f,y,n,b,p,w,t,f,b,v,m,1
k,g,y,t,m,d,c,b,o,b,z,f,k,n,e,p,o,o,e,y,n,w,1
s,g,e,b,m,d,w,b,w,b,u,y,k,c,o,p,o,n,l,y,a,m,1
x,s,r,t,a,f,d,b,u,b,e,y,s,c,g,u,o,t,z,r,a,w,1
b,f,n,b,a,d,d,n,y,b,z,k,f,p,w,u,n,o,n,n,v,g,1
b,g,c,t,a,d,c,n,u,t,?,s,k,w,b,p,w,n,e,b,n,w,1
k,y,y,t,c,n,c,n,r,b,?,s,k,w,e,u,w,n,l,r,n,l,1
b,y,n,t,c,f,d,n,e,b,b,f,k,p,b,u,o,n,l,w,c,u,1
b,g,y,t,p,f,d,n,y,t,c,s,f,y,b,p,w,n,f,n,n,l,1
s,s,u,b,y,a,d,n,b,b,b,k,y,n,w,p,y,n,l,u,a,g,1
c,f,w,t,m,a,d,b,g,b,r,y,s,b,p,u,o,o,p,y,a,m,1
x,f,n,t,m,f,d,n,p,b,b,k,f,w,c,u,w,t,l,b,a,u,1
b,y,u,t,s,f,c,b,e,b,c,s,f,w,w,u,w,t,e,b,a,w,1
s,g,g,t,p,f,d,n,w,t,b,k,s,g,b,p,o,t,l,r,s,p,1
b,g,u,b,s,a,w,b,o,b,c,k,k,y,n,p,o,n,s,h,t,m,1
s,g,g,t,a,d,w,n,w,b,b,y,s,e,g,p,n,n,s,k,s,p,1
x,s,n,b,a,a,c,n,r,t,e,s,y,c,o,p,w,n,c,y,a,w,1
b,y,g,t,c,f,c,b,p,t,z,f,f,o,g,u,n,t,p,n,s,m,1
k,g,p,t,y,d,w,n,g,t,e,y,s,w,y,p,n,n,n,u,a,w,1
x,g,y,b,y,d,w,n,n,t,c,f,k,y,c,u,n,o,n,b,n,p,1
k,g,n,b,m,d,c,b,b,b,b,k,y,g,p,p,n,t,l,k,a,g,1
x,y,y,t,a,n,w,n,o,b,r,y,f,w,b,p,o,n,e,o,s,g,1
k,g,p,t,m,a,w,b,o,t,b,y,k,n,b,u,o,o,p,r,s,u,1
s,f,n,b,l,n,d,b,g,b,?,k,k,y,o,p,n,n,f,o,s,w,1
s,f,n,b,n,a,d,b,w,t,c,s,k,o,y,u,w,n,l,h,t,d,1
f,y,p,t,p,a,d,b,p,b,c,f,s,n,b,u,y,n,n,n,c,l,1
c,s,u,t,s,a,d,n,g,t,e,f,f,y,b,u,n,o,f,b,t,d,1
s,s,b,b,n,d,d,n,g,b,b,s,y,b,c,p,n,o,z,k,a,w,1
c,g,y,t,s,f,w,b,w,t,z,k,k,b,n,u,y,n,s,b,v,u,1
k,y,w,t,y,d,d,b,r,b,c,s,y,n,e,p,n,t,z,b,a,l,1
c,y,g,b,s,d,d,n,e,b,?,f,y,e,n,u,n,o,e,h,a,m,1
b,f,r,t,c,d,d,b,b,b,z,s,s,e,o,u,y,n,f,h,n,m,1
f,s,c,b,y,f,c,b,k,b,b,f,k,o,y,u,o,t,e,o,a,m,1
b,s,w,t,m,n,d,n,n,b,c,s,y,o,w,p,y,t,p,k,v,g,1
f,y,e,t,s,n,d,b,n,b,c,y,s,b,e,u,o,o,n,o,n,g,1
f,y,u,t,f,n,w,b,e,b,e,f,y,e,o,u,n,o,e,h,v,d,1
x,y,e,t,n,n,w,b,e,b,b,y,y,c,c,p,w,t,e,w,s,u,1
f,s,u,t,c,a,c,b,b,b,?,k,s,b,g,p,y,o,p,b,n,u,1
f,f,y,b,a,f,w,n,p,b,b,k,y,n,y,p,y,o,e,h,v,p,1
k,f,c,t,l,f,c,n,p,b,?,s,f,c,e,u,y,t,c,b,n,l,1
f,f,r,b,m,n,w,b,p,t,c,f,k,e,n,p,o,o,n,w,v,p,1
f,y,w,b,p,n,d,b,n,t,c,k,s,c,e,u,o,n,f,o,a,u,1
x,y,c,b,n,a,c,n,e,b,z,f,y,n,o,p,o,o,z,h,v,l,1
k,y,p,t,a,n,w,b,r,t,e,f,k,c,p,p,n,o,e,k,n,w,1
f,f,b,t,p,a,c,n,e,b,u,k,k,y,w,p,w,n,z,k,t,u,1
s,g,y,t,s,a,d,n,p,b,c,k,k,g,w,p,n,t,p,h,t,u,1
b,s,c,t,s,d,w,b,n,b,r,k,y,o,y,u,y,o,s,k,t,l,1
k,g,p,b,p,d,c,n,u,b,b,s,f,o,c,u,y,n,z,k,s,m,1
f,g,c,b,n,d,d,b,p,t,u,k,f,c,n,u,o,n,p,h,a,l,1
f,g,p,b,l,f,d,b,r,b,b,k,k,p,p,p,y,t,l,w,c,l,1
b,g,n,b,n,a,w,n,y,t,e,k,f,w,w,p,o,n,z,o,v,g,1
s,g,y,b,y,f,w,n,h,b,u,s,s,c,g,u,n,o,l,r,c,m,1
s,s,c,t,y,n,c,n,u,b,c,f,s,e,g,u,n,n,f,w,n,u,1
s,f,y,t,m,a,w,n,r,t,c,s,f,w,c,u,y,o,l,h,t,m,1
x,y,y,b,y,d,w,b,e,t,b,y,f,g,o,u,y,o,s,u,c,d,1
f,y,g,t,m,d,w,n,u,t,r,f,s,y,o,u,w,o,c,k,c,d,1
c,s,c,t,a,d,d,n,u,t,r,k,k,c,w,p,n,t,e,y,a,p,1
s,s,c,t,m,n,c,b,o,t,b,y,f,b,g,u,w,o,p,o,s,m,1
k,f,w,b,p,d,w,b,b,t,c,s,s,g,n,u,n,t,l,r,a,l,1
k,f,p,t,y,d,d,b,g,b,b,k,k,c,b,p,n,n,f,n,t,g,1
s,y,n,b,s,f,d,n,b,t,z,y,s,y,o,p,y,n,n,h,t,p,1
f,y,b,b,m,d,w,b,o,t,u,s,f,g,p,u,o,n,p,b,v,m,1
f,y,n,t,m,n,c,n,w,b,?,f,y,w,g,p,w,t,n,b,v,d,1
x,y,p,t,a,n,c,b,g,t,b,s,s,y,n,u,n,n,l,n,c,d,1
b,s,w,b,y,n,c,n,o,b,r,f,s,y,o,p,n,o,e,k,s,g,1
f,y,y,b,c,d,c,n,u,t,u,k,k,w,e,u,w,o,e,k,c,p,1
k,s,b,b,m,f,w,n,o,t,u,k,k,e,e,u,y,n,z,n,v,p,1
b,g,n,b,f,f,d,n,w,t,?,y,k,o,o,u,n,t,p,k,c,m,1
k,f,e,t,p,n,d,n,h,t,?,k,f,g,c,u,y,t,c,k,t,m,1
s,s,n,b,a,n,w,b,o,b,?,s,s,o,p,p,y,t,c,r,c,u,1
x,y,r,b,a,n,c,b,n,t,e,s,k,p,b,p,w,n,f,w,t,p,1
s,f,c,t,a,f,w,b,g,t,b,f,y,w,g,p,n,n,e,h,a,g,1
x,y,n,t,n,n,w,b,y,t,c,y,y,c,y,p,o,t,e,o,c,u,1
b,y,b,t,p,a,d,n,w,t,?,k,k,w,y,u,o,n,l,u,v,g,1
b,y,c,b,c,n,w,n,w,t,b,y,k,n,g,u,y,n,n,u,t,d,1
k,g,g,t,a,n,w,b,e,t,u,k,y,e,b,p,y,o,f,h,n,u,1
x,f,p,b,f,f,w,b,g,t,r,y,y,w,o,p,w,n,s,y,t,w,1
b,f,p,b,s,d,c,n,r,t,b,y,f,n,b,p,y,t,f,u,t,m,1
f,s,r,b,s,f,c,b,b,t,?,k,s,y,c,u,o,n,p,r,t,p,1
b,y,w,b,s,d,d,n,g,t,z,y,s,y,n,p,y,o,n,r,v,w,1
f,g,y,b,m,n,c,n,n,b,?,f,s,b,y,u,n,o,z,y,s,l,1
f,g,p,t,a,n,c,n,o,t,r,f,f,w,o,p,w,t,l,b,s,d,1
x,y,y,t,m,a,w,b,w,b,?,k,s,g,p,p,w,o,c,w,c,g,1
c,f,c,t,l,d,d,n,k,t,e,y,y,c,g,u,o,t,n,k,n,l,1
k,f,n,t,l,a,c,n,b,b,b,k,s,o,n,p,y,t,n,h,c,g,1
b,s,u,t,c,a,d,n,e,b,c,f,f,w,e,u,w,n,f,h,c,p,1
x,f,c,t,l,n,w,n,p,b,c,s,k,n,b,u,n,o,z,b,v,u,1
b,y,w,t,p,n,d,b,r,t,r,y,f,n,g,u,y,n,p,b,c,l,1
x,f,p,t,n,f,w,b,p,b,c,k,y,b,y,u,o,n,l,r,v,w,1
f,f,n,t,a,n,w,n,e,b,z,y,s,w,e,p,n,o,s,h,c,m,1
x,y,u,t,f,a,w,b,g,b,e,k,y,w,e,p,n,t,c,b,c,l,1
x,s,n,t,m,a,c,b,n,b,b,s,k,g,p,u,w,o,f,y,a,g,1
b,s,b,b,m,f,c,b,w,b,u,f,f,p,w,p,o,o,c,o,t,d,1
x,y,g,t,a,d,c,n,b,t,u,s,y,c,b,u,n,t,p,u,t,g,1
b,y,n,t,p,f,w,n,w,b,u,y,k,c,c,u,o,o,e,r,s,u,1
f,y,w,b,c,n,d,b,k,b,b,y,f,p,n,u,o,t,e,r,n,w,1
k,s,w,b,y,d,w,b,k,b,u,f,s,c,p,u,o,o,n,o,a,g,1
k,g,r,t,n,d,w,n,n,b,b,y,y,o,g,p,w,t,c,r,a,u,1
k,g,e,t,c,a,w,n,r,b,c,f,y,b,c,u,y,t,f,k,v,w,1
k,g,b,t,f,n,d,n,b,b,e,k,k,c,w,u,o,n,f,k,n,w,1
f,y,y,t,c,n,c,b,e,t,?,y,k,g,e,p,y,o,c,r,a,g,1
x,s,c,t,l,f,c,b,y,t,c,f,s,p,c,u,w,n,c,o,c,p,1
k,s,g,t,c,f,c,n,h,b,c,y,f,n,w,u,o,n,f,y,c,g,1
c,g,u,t,y,n,w,n,g,t,r,f,k,n,y,u,n,n,l,k,v,u,1
k,y,e,t,l,d,w,n,u,b,z,f,y,o,c,u,o,o,c,b,a,g,1
f,s,g,t,c,n,c,b,g,b,r,y,f,b,b,u,w,o,s,r,a,p,1
c,f,g,b,l,f,w,b,h,b,?,y,y,b,w,u,w,t,f,u,t,w,1
f,y,r,b,s,n,w,b,h,t,?,k,y,g,g,p,y,o,s,k,t,w,1
b,g,r,t,m,n,w,b,p,b,r,s,s,w,b,p,o,o,s,o,v,d,1
x,g,e,t,l,a,c,n,k,t,z,f,f,e,n,p,w,t,c,y,a,l,1
x,s,p,t,c,n,w,b,k,b,b,f,f,e,p,p,y,o,l,b,v,m,1
x,f,w,b,s,n,c,b,p,t,c,s,y,p,y,p,y,o,c,u,c,w,1
f,g,e,b,l,a,d,b,n,b,?,s,k,c,c,u,o,n,s,o,s,m,1
s,s,w,b,c,a,c,n,p,t,u,y,k,p,g,u,w,n,p,w,n,g,1
x,y,p,b,c,d,c,b,y,b,?,y,k,p,w,u,y,n,f,u,v,g,1
k,s,u,b,l,a,w,n,y,b,b,f,k,c,o,p,y,t,c,b,t,g,1
k,y,p,b,y,f,d,b,o,t,?,s,y,p,n,u,w,t,e,u,c,p,1
k,s,p,b,m,n,d,n,b,b,u,k,f,g,n,u,n,t,n,r,t,u,1
f,s,n,b,p,n,d,n,g,t,b,k,f,p,p,u,w,t,l,b,v,g,1
x,g,c,b,c,n,c,b,w,b,r,s,k,c,g,p,n,o,z,n,t,d,1
c,f,p,t,y,f,w,n,o,b,r,y,y,w,p,p,o,o,f,n,a,m,1
x,s,w,b,c,a,d,n,n,t,c,y,y,y,p,u,o,o,s,b,c,p,1
b,f,b,t,s,d,d,n,k,b,e,s,k,e,o,u,y,t,e,u,v,d,1
b,g,p,b,y,a,c,n,e,b,u,s,k,y,e,u,y,t,s,h,a,u,1
s,s,n,b,f,d,d,b,n,t,b,f,k,e,b,u,n,t,z,n,n,l,1
k,f,p,t,a,n,w,n,o,b,c,f,k,p,e,u,n,o,c,y,t,u,1
c,f,r,b,p,d,d,b,n,b,c,y,f,w,y,p,y,o,s,u,v,l,1
s,g,p,b,m,f,d,b,n,b,r,f,f,w,o,u,w,n,f,k,n,g,1
c,f,w,t,f,n,d,n,y,b,b,s,s,g,g,u,y,t,s,k,s,m,1
s,f,w,b,n,d,c,n,r,b,?,f,k,y,y,p,o,o,p,h,v,u,1
b,s,c,t,s,d,d,b,r,b,u,k,k,y,b,p,w,o,e,w,a,l,1
x,f,y,b,m,d,d,b,b,b,z,f,y,c,w,u,n,o,n,r,c,m,1
s,f,n,b,f,f,d,n,b,b,u,y,s,y,y,u,n,n,l,h,a,l,1
b,g,r,b,c,n,w,b,y,b,b,k,s,b,o,u,y,t,p,h,v,l,1
s,g,w,t,a,n,d,b,u,b,e,y,f,p,w,u,o,o,z,b,t,l,1
c,y,p,t,a,n,w,n,p,t,c,s,k,n,w,p,w,o,z,b,c,d,1
f,s,r,t,l,n,d,b,g,t,c,y,f,n,p,p,n,o,z,w,v,g,1
k,g,e,b,f,n,d,n,h,b,e,s,k,o,e,p,o,o,l,h,c,g,1
b,y,e,t,y,d,c,n,r,t,b,f,k,w,o,u,w,n,l,r,v,w,1
s,y,g,t,s,f,c,b,p,b,e,f,y,n,e,u,y,o,s,w,t,m,1
k,s,p,b,y,f,w,n,w,t,r,y,f,g,e,p,y,n,z,h,n,m,1
f,f,n,t,n,a,c,b,w,b,b,s,f,g,e,p,w,o,f,y,c,l,1
c,y,r,t,p,a,c,n,b,b,c,s,k,e,n,u,n,o,n,h,c,d,1
c,y,e,b,s,f,c,n,g,t,c,s,k,e,e,u,o,t,s,w,n,p,1
s,g,e,b,n,d,w,n,n,t,b,s,y,p,n,u,y,t,f,b,v,l,1
b,y,e,t,m,a,c,b,n,t,?,k,f,w,g,u,o,o,n,h,v,w,1
f,y,n,b,s,a,c,b,o,b,r,y,f,c,g,p,y,o,e,k,n,d,1
x,y,e,t,l,a,c,b,y,b,c,s,s,e,o,u,n,o,p,o,c,g,1
f,y,g,b,c,a,w,n,r,b,z,k,k,e,g,u,n,o,f,r,t,p,1
k,g,r,b,n,a,c,n,o,b,z,f,k,b,b,u,w,n,n,h,v,w,1
b,g,g,t,y,f,w,n,u,b,r,f,s,w,c,u,y,o,l,n,a,d,1
b,s,u,b,m,d,d,b,o,t,c,k,y,p,p,p,n,o,s,o,v,u,1
k,f,e,t,a,n,d,n,k,t,u,f,f,w,p,p,o,t,l,n,n,p,1
x,y,u,t,c,n,w,b,k,b,b,f,s,w,w,p,w,n,e,r,s,d,1
k,f,p,b,l,a,w,n,e,b,r,y,f,w,e,p,n,n,c,r,t,l,1
b,y,y,b,n,f,d,b,r,t,e,f,s,o,w,u,n,o,f,u,v,u,1
x,y,w,t,p,d,w,b,w,b,e,y,s,n,n,p,n,t,f,n,t,d,1
k,g,r,t,f,n,w,b,r,b,b,k,k,p,b,p,w,t,s,o,n,l,1
f,y,w,b,s,a,w,n,p,t,u,s,f,y,o,p,y,o,c,b,s,w,1
k,s,p,b,m,a,w,b,w,t,e,y,s,e,o,p,y,n,e,k,a,m,1
s,f,e,b,p,a,d,b,h,t,u,y,y,n,n,p,y,t,e,y,v,w,1
s,s,g,b,l,f,d,b,b,t,b,y,y,p,b,p,o,n,s,k,t,g,1
f,y,e,t,l,f,c,b,h,t,z,k,y,y,w,p,o,o,f,u,c,u,1
x,s,b,t,l,a,c,n,y,t,e,y,k,y,p,p,n,t,z,w,n,u,1
x,s,u,b,y,d,d,n,u,b,z,y,y,w,n,u,w,n,e,y,t,d,1
c,f,b,b,n,a,d,b,r,b,b,s,k,p,o,u,o,o,p,n,c,p,1
f,g,e,t,f,d,d,b,p,t,u,f,f,e,b,u,n,t,f,y,c,g,1
b,g,e,b,a,n,d,b,u,t,?,k,y,w,w,p,n,n,s,k,a,d,1
f,f,w,t,l,d,d,n,b,t,?,f,y,o,n,u,w,o,l,h,t,p,1
c,y,e,t,p,n,d,n,b,t,e,f,k,b,g,p,n,n,s,o,c,w,1
f,s,r,b,m,n,w,n,p,t,u,k,y,o,g,u,o,t,e,w,v,p,1
b,f,n,t,n,a,c,b,b,t,e,k,s,n,o,u,y,o,l,b,a,m,1
s,s,u,t,s,a,c,b,p,b,c,s,k,e,n,u,o,o,z,w,c,w,1
c,g,u,t,c,f,c,b,p,b,u,y,f,o,n,p,o,o,s,k,t,m,1
s,f,r,t,c,d,c,b,p,t,z,y,s,w,c,p,w,n,s,n,n,d,1
c,f,c,b,l,f,c,b,n,b,?,k,y,e,w,u,n,t,e,u,n,g,1
f,f,u,t,m,d,c,b,h,t,z,s,f,n,e,u,y,t,f,w,n,p,1
b,s,u,t,c,a,c,n,o,t,e,y,k,g,c,p,w,t,f,y,a,d,1
c,s,c,t,f,a,w,n,e,t,e,f,y,e,b,u,w,o,l,y,v,m,1
k,g,p,b,l,f,c,b,p,b,z,f,f,y,e,u,n,t,p,h,s,d,1
x,g,w,b,a,n,c,n,k,t,e,s,f,y,o,p,o,n,c,k,v,w,1
b,y,w,b,m,a,d,n,p,b,e,f,y,b,e,u,n,n,f,w,t,d,1
x,f,b,b,p,n,w,b,w,b,?,y,k,n,o,p,n,n,e,n,s,m,1
f,f,g,t,s,d,d,n,r,b,u,y,f,p,w,u,w,t,c,o,s,p,1
f,g,c,b,a,n,d,n,p,b,b,k,s,b,b,p,n,n,c,o,c,p,1
k,f,w,t,l,n,c,n,g,b,z,k,f,p,c,p,w,n,s,b,a,m,1
b,g,p,t,m,a,w,n,n,t,?,k,f,o,b,p,w,t,z,o,c,d,1
s,s,g,t,y,d,d,b,p,t,z,y,s,w,e,p,o,o,s,k,n,d,1
s,y,y,t,n,n,d,n,h,t,b,s,s,y,n,u,y,t,n,n,t,u,1
s,y,y,b,l,a,c,n,g,b,?,y,k,g,y,p,o,o,l,n,v,p,1
k,f,u,t,f,f,c,n,k,t,c,f,y,y,p,u,w,n,f,o,a,w,1
s,g,y,t,p,d,c,b,e,t,z,s,s,p,n,u,w,n,f,k,s,l,1
s,s,g,b,m,d,d,n,r,t,u,k,s,g,p,p,y,n,l,h,v,d,1
x,y,p,b,s,a,w,b,e,t,b,s,y,o,p,p,n,t,e,b,c,u,1
k,s,u,t,c,a,c,b,e,t,u,f,s,g,p,u,w,n,z,u,s,p,1
c,f,r,b,a,f,w,b,w,b,z,f,k,e,e,u,y,n,s,h,s,l,1
s,s,p,t,s,a,d,n,u,b,?,y,y,c,y,p,n,t,p,u,s,p,1
k,g,n,b,c,f,d,n,n,t,u,s,s,n,o,p,o,n,n,r,n,l,1
b,f,y,t,s,n,d,b,b,t,b,y,f,w,y,p,n,n,e,k,c,w,1
k,y,p,t,a,n,w,b,e,b,e,s,f,b,p,p,o,n,n,y,c,w,1
k,y,g,b,s,f,c,n,u,t,z,k,k,g,o,u,o,n,p,n,n,p,1
k,f,p,t,y,a,d,b,w,b,?,y,s,o,b,p,y,t,f,b,n,p,1
f,s,c,t,y,f,w,n,n,t,z,f,f,w,b,p,o,t,e,y,a,d,1
f,y,b,t,a,a,c,n,g,t,z,f,k,b,n,p,n,o,p,y,a,l,1
c,g,c,t,f,d,d,b,r,b,z,f,y,w,n,u,w,o,n,w,t,p,1
s,s,y,b,l,n,w,b,w,b,r,y,y,o,b,u,o,t,s,o,t,g,1
c,g,n,b,m,f,w,b,w,b,z,k,y,n,y,p,n,t,z,n,v,m,1
c,g,p,t,s,a,w,b,o,t,z,f,k,w,e,u,o,t,s,h,c,w,1
s,f,g,t,p,n,w,b,n,t,r,k,k,n,e,u,w,o,n,u,t,d,1
s,g,e,t,m,n,c,b,p,b,?,k,s,o,o,u,o,o,z,r,n,l,1
s,g,p,t,l,f,d,b,e,t,z,y,k,g,c,u,y,t,f,u,s,d,1
f,g,w,t,n,a,c,b,b,b,c,k,k,y,b,p,w,o,e,u,a,p,1
f,s,u,b,y,n,d,n,e,b,?,k,y,o,p,u,w,o,n,k,a,d,1
x,y,c,t,s,f,c,b,k,b,z,s,k,b,y,u,w,n,p,w,c,p,1
b,y,r,t,l,a,w,n,r,t,b,f,s,g,y,p,o,t,p,b,c,l,1
x,f,y,t,y,f,d,n,y,t,e,f,f,g,c,u,o,o,z,b,c,m,1
s,s,g,t,l,f,c,b,e,t,e,s,k,c,e,u,n,o,z,u,a,l,1
k,y,g,b,n,f,w,n,y,t,e,f,k,o,n,p,n,o,n,b,n,l,1
f,f,e,b,m,n,w,n,h,t,r,y,f,w,w,p,w,o,f,k,v,w,1
k,g,b,b,l,f,w,n,h,t,b,s,f,p,g,p,o,o,s,r,n,w,1
c,y,c,b,c,n,w,b,h,b,b,k,y,w,e,p,o,o,l,b,n,u,1
s,f,c,t,n,a,w,b,g,t,u,k,y,n,p,u,w,n,l,b,t,m,1
s,f,w,t,m,a,w,b,p,b,u,y,y,n,b,p,n,t,p,h,t,m,1
c,s,w,b,y,f,c,b,n,b,z,y,k,n,c,p,n,n,f,k,s,p,1
k,s,b,t,c,d,c,b,b,b,r,y,s,p,o,p,y,t,f,r,s,w,1
s,g,u,b,m,a,d,b,r,b,c,s,y,c,n,u,n,o,e,h,n,d,1
s,s,b,b,y,a,d,n,r,t,e,f,s,p,c,p,y,o,s,h,a,u,1
f,f,b,t,l,n,d,n,b,b,z,k,y,g,n,u,y,o,n,h,s,m,1
s,y,r,b,l,n,w,b,u,t,?,f,y,p,e,u,o,t,n,h,s,l,1
k,s,p,t,n,n,d,b,g,b,r,y,f,o,p,p,o,o,n,h,a,g,1
b,y,r,b,n,d,d,n,n,t,c,s,k,p,g,u,o,t,z,r,s,u,1
b,s,p,b,p,a,d,n,h,t,r,f,k,g,g,p,y,n,f,u,s,m,1
x,y,w,t,a,d,c,b,n,t,z,f,s,p,p,u,n,o,l,u,v,g,1
k,g,n,t,a,f,d,n,k,t,b,s,s,n,o,p,y,n,c,o,s,g,1
f,y,b,b,m,f,d,b,y,b,u,s,s,o,w,u,w,t,s,r,a,l,1
f,f,e,b,y,a,d,n,y,t,c,y,k,b,n,u,o,o,z,b,n,w,1
k,s,c,b,a,a,c,b,b,t,c,k,s,e,b,p,y,o,f,b,t,w,1
f,y,w,b,p,a,w,n,g,t,e,y,y,y,b,u,w,n,z,o,c,p,1
s,g,n,b,n,d,d,b,u,t,c,y,k,e,e,u,w,t,n,r,s,u,1
c,f,n,b,l,d,d,n,h,b,z,k,s,p,n,u,y,t,p,o,v,w,1
b,g,p,t,f,n,d,b,w,t,?,f,k,b,y,u,w,t,z,k,s,l,1
s,f,r,t,c,n,w,n,r,b,r,f,y,o,p,p,y,t,s,o,v,u,1
s,g,g,b,a,a,c,b,k,b,e,y,k,y,w,p,w,t,c,y,a,d,1
x,y,n,t,f,f,d,b,p,t,?,y,y,e,g,p,w,t,l,b,s,m,1
c,y,u,t,f,a,c,b,e,t,?,s,k,y,n,u,n,n,s,k,a,g,1
b,y,n,b,n,n,w,n,b,b,r,k,k,e,w,u,y,t,e,o,v,d,1
c,g,b,t,f,d,c,n,b,t,b,y,y,y,e,u,o,o,s,y,c,g,1
x,g,g,t,n,a,c,b,y,t,e,y,y,e,w,u,w,o,f,u,a,g,1
c,y,g,b,p,n,w,n,h,t,z,y,y,w,n,u,y,t,p,k,c,d,1
x,y,g,b,c,a,w,n,y,b,c,s,f,o,o,p,y,o,f,b,n,p,1
b,s,n,t,f,a,w,b,r,t,r,f,y,n,b,p,o,t,f,w,t,m,1
b,g,g,b,l,d,w,n,w,b,c,y,s,o,o,u,o,o,n,b,c,w,1
s,y,c,t,s,d,w,b,g,t,?,y,k,y,w,p,n,t,c,k,n,m,1
c,s,n,t,s,f,d,n,e,b,c,s,f,w,p,p,y,t,z,n,v,g,1
b,g,w,t,p,f,d,b,o,t,?,f,y,b,b,u,w,t,z,u,n,w,1
c,s,p,t,p,n,w,n,e,t,b,k,s,p,e,u,w,o,p,h,n,l,1
b,f,p,b,p,f,c,n,g,b,e,y,f,c,o,p,w,t,z,o,v,m,1
f,g,b,b,y,a,w,b,y,b,r,k,y,g,p,p,y,t,n,u,c,p,1
x,g,c,t,y,a,d,n,n,b,?,k,s,b,o,u,n,o,e,o,c,w,1
c,s,b,b,c,f,d,n,r,t,z,f,s,w,w,u,w,n,l,k,s,p,1
k,y,g,t,f,n,w,b,h,t,z,f,s,n,c,p,o,t,n,o,t,m,1
s,s,r,t,c,d,w,b,w,t,r,y,f,g,c,u,n,o,f,b,n,w,1
b,f,y,t,a,n,c,b,e,t,b,f,s,n,c,u,n,n,c,n,s,m,1
x,f,n,b,p,a,d,n,y,b,z,k,k,w,w,u,y,n,p,u,v,d,1
x,g,w,t,f,n,c,n,r,b,e,k,s,w,c,p,o,t,e,r,t,u,1
s,y,n,b,p,f,c,b,o,t,?,s,k,b,b,u,o,t,c,u,t,d,1
x,s,c,t,a,f,w,b,n,b,r,f,s,y,b,p,n,o,l,u,c,m,1
x,y,p,b,l,n,d,b,k,t,z,y,s,y,w,p,y,o,s,h,c,d,1
f,f,r,b,a,d,w,b,b,b,e,f,k,c,y,p,y,n,l,k,c,d,1
b,f,g,b,s,n,d,n,k,t,c,y,s,e,w,u,n,o,f,n,n,u,1
b,s,r,b,y,n,w,b,p,t,b,k,s,p,n,u,n,o,z,w,a,l,1
b,f,y,t,p,a,d,b,r,b,?,s,s,c,e,p,w,n,l,b,v,d,1
c,g,n,t,m,d,d,b,y,t,?,s,s,w,n,p,y,t,f,r,n,w,1
s,y,b,t,s,n,d,b,y,t,u,s,f,p,p,p,n,o,z,h,n,d,1
b,f,u,b,s,a,d,n,b,b,c,y,y,w,y,u,y,t,p,u,n,p,1
c,f,n,b,c,n,d,b,w,t,z,y,k,e,e,p,w,n,n,y,v,m,1
c,g,p,t,y,f,d,b,p,b,?,f,y,b,n,p,n,t,p,y,t,d,1
b,f,g,b,p,f,d,b,e,t,?,k,k,b,o,p,w,t,p,h,v,u,1
c,s,b,b,l,a,d,b,b,b,e,y,s,o,w,u,y,t,s,y,c,u,1
s,g,c,b,l,d,w,n,n,b,b,k,s,y,n,p,n,o,l,b,c,p,1
s,g,e,b,l,a,d,n,e,b,?,k,k,b,c,p,n,n,e,y,s,g,1
b,s,p,b,p,d,w,b,k,b,e,s,y,o,g,p,o,n,c,u,c,g,1
k,y,w,t,f,f,w,b,k,t,?,f,s,e,y,p,w,n,n,w,s,p,1
x,g,u,t,y,f,c,n,h,t,u,k,k,c,o,u,w,t,c,n,t,g,1
k,f,g,b,l,n,w,b,w,t,z,k,y,c,y,u,n,t,s,w,v,l,1
f,y,r,t,c,a,w,b,r,t,c,k,k,c,c,u,n,o,e,r,s,m,1
k,g,b,b,a,f,c,n,r,t,u,k,k,g,y,u,n,n,s,n,c,u,1
x,y,e,t,m,f,w,b,k,t,c,y,y,y,b,p,n,t,l,u,a,u,1
c,y,c,t,a,d,w,n,k,t,r,y,y,p,n,u,y,n,f,n,n,g,1
f,s,n,t,m,a,d,b,g,b,?,f,f,e,n,p,o,t,z,w,a,w,1
s,g,b,t,a,n,d,b,h,t,b,f,s,p,g,p,n,t,c,b,n,p,1
k,s,y,t,a,d,d,n,h,t,?,k,s,c,b,u,y,o,c,n,s,m,1
c,f,p,b,m,f,d,n,u,b,b,k,f,e,b,u,w,t,p,u,s,m,1
k,y,n,t,y,d,w,b,o,b,b,f,s,w,o,u,n,o,n,k,a,m,1
x,g,e,t,m,d,w,b,r,t,?,y,f,y,g,p,n,n,s,k,s,m,1
s,s,p,b,y,n,w,b,r,b,c,f,k,e,p,u,o,n,c,b,a,m,1
x,s,y,b,s,a,w,b,n,b,b,s,s,y,w,u,n,n,e,o,t,d,1
b,s,p,t,c,a,d,n,o,b,?,y,s,b,n,p,y,t,l,k,s,p,1
c,s,y,b,a,d,c,b,p,t,e,y,f,b,g,u,y,t,e,u,a,d,1
x,g,n,b,m,a,d,n,g,t,c,f,f,w,o,u,w,t,n,k,c,l,1
f,g,u,b,f,a,c,n,r,t,e,s,f,c,w,p,n,t,e,y,t,d,1
x,s,n,b,s,a,d,b,o,t,e,s,k,y,o,p,n,o,s,r,a,w,1
x,g,c,b,n,n,d,n,r,t,z,k,f,b,o,p,n,o,c,w,v,u,1
c,f,r,b,f,f,c,n,h,t,?,s,f,n,g,u,o,t,n,n,a,l,1
b,f,r,b,c,d,w,b,b,t,?,y,f,p,b,u,o,t,p,o,c,l,1
b,g,u,t,m,f,d,n,n,t,e,k,y,c,o,p,w,t,c,u,a,l,1
b,f,r,b,y,d,c,n,o,b,u,y,s,w,o,u,n,n,s,r,t,u,1
x,s,e,t,a,a,c,b,y,b,c,f,k,p,c,u,w,o,s,k,t,d,1
f,y,p,b,p,d,d,b,h,b,b,s,y,o,g,u,y,t,e,y,t,d,1
b,f,w,b,c,d,d,n,h,t,u,s,f,w,y,u,o,t,s,h,n,g,1
x,y,c,b,c,n,w,b,e,t,u,s,f,e,g,u,w,n,n,w,t,w,1
b,y,b,t,l,a,w,n,n,t,b,f,y,g,n,u,w,t,s,y,v,g,1
s,f,n,t,f,a,d,n,r,b,b,y,s,e,e,p,o,n,s,k,v,p,1
c,f,e,b,p,a,w,b,o,b,z,f,y,b,g,u,n,t,c,k,t,u,1
s,s,u,b,n,n,c,b,h,b,z,s,f,w,y,u,o,n,n,n,c,m,1
k,f,r,t,a,a,d,n,y,t,b,f,f,w,g,u,y,o,f,b,c,l,1
b,s,e,t,p,n,c,b,u,t,?,f,s,y,g,u,n,n,z,w,c,m,1
c,f,g,b,f,d,d,b,u,t,c,y,f,y,c,u,n,n,n,b,n,w,1
x,s,b,b,c,n,w,n,y,t,?,y,k,b,p,u,y,o,e,b,a,l,1
b,f,y,b,y,d,c,n,e,b,c,s,f,n,o,u,w,n,z,h,a,l,1
x,y,u,t,s,n,w,b,g,t,e,f,y,o,y,u,n,t,c,b,c,g,1
s,g,w,b,f,f,d,n,n,b,c,k,f,c,c,p,w,o,e,b,t,m,1
f,g,w,b,l,a,d,b,e,t,u,f,k,e,b,u,n,t,z,k,v,l,1
b,g,p,b,l,f,w,n,y,t,r,f,f,e,w,u,w,t,l,n,n,g,1
f,g,u,t,m,d,d,b,b,t,?,f,y,c,e,u,w,o,e,r,a,l,1
f,s,b,b,y,a,w,n,g,b,z,s,k,o,w,p,n,o,n,k,c,d,1
b,s,r,b,p,n,d,n,k,b,e,s,k,y,g,p,o,o,l,o,n,m,1
k,s,p,t,m,a,c,n,y,t,r,y,k,e,e,p,o,o,p,b,s,d,1
b,y,p,b,n,d,c,n,g,t,?,k,f,w,g,p,y,t,c,h,n,g,1
s,f,e,b,y,f,d,b,w,b,e,f,k,p,o,u,y,o,z,w,c,d,1
s,g,b,t,f,f,c,b,k,b,u,f,y,o,y,u,n,o,e,k,t,g,1
b,s,n,b,n,n,c,n,y,b,c,y,f,b,c,u,w,o,n,b,a,u,1
x,g,g,t,s,f,w,b,y,t,b,s,y,c,g,u,w,t,p,w,v,d,1
k,g,g,t,l,n,c,b,g,t,c,y,s,n,b,p,o,o,n,o,s,w,1
k,f,y,t,n,d,w,n,u,b,z,y,f,w,o,p,n,n,z,b,a,p,1
f,s,u,b,n,n,c,n,r,t,e,y,s,c,w,p,w,o,p,h,t,m,1
f,s,n,b,f,a,c,n,w,b,u,s,y,o,y,p,w,n,z,u,a,g,1
c,f,e,t,l,f,d,b,y,b,?,y,k,p,g,u,o,o,z,u,n,w,1
c,g,b,t,l,d,c,b,p,b,?,s,y,g,y,u,y,t,p,y,c,w,1
f,y,n,t,m,d,w,b,e,b,e,f,k,o,w,p,n,n,l,w,n,w,1
f,s,u,b,c,n,c,b,b,t,e,y,k,g,b,p,y,t,l,w,s,u,1
c,s,g,t,y,f,c,b,n,b,z,s,y,c,b,p,n,t,p,b,a,g,1
k,g,r,b,a,d,c,n,w,b,r,y,k,y,o,p,w,o,l,h,v,m,1
x,g,c,b,n,d,c,n,k,t,c,f,f,y,c,p,o,n,c,r,t,d,1
s,s,g,b,m,a,w,b,y,b,e,f,f,w,c,p,y,n,n,u,c,p,1
f,y,n,t,s,a,d,b,b,t,c,f,s,c,b,u,o,t,p,n,t,u,1
s,y,n,b,f,n,c,b,y,b,e,s,y,g,p,u,n,t,z,o,v,l,1
f,f,w,b,a,f,d,n,h,t,u,s,s,g,b,p,w,o,f,u,v,d,1
f,s,w,b,m,a,c,b,e,b,u,k,s,n,e,p,n,t,n,o,v,g,1
s,y,r,t,n,f,w,n,y,t,c,s,y,n,c,u,n,t,z,b,a,g,1
k,y,w,b,n,n,c,b,b,b,r,s,f,e,p,u,w,o,f,n,a,w,1
s,s,e,b,c,d,d,b,p,t,c,s,y,o,p,p,w,t,l,h,n,p,1
k,f,r,b,s,d,d,n,y,t,z,k,y,n,g,p,w,o,n,n,a,w,1
c,s,y,b,a,d,w,n,n,b,u,s,k,w,n,u,o,t,f,y,v,d,1
x,s,w,b,l,a,d,b,u,t,z,y,y,b,g,u,w,t,e,h,c,g,1
c,y,y,b,m,f,c,n,w,t,u,y,y,y,o,u,o,o,s,r,n,m,1
b,g,c,b,c,f,d,b,u,t,e,f,k,e,g,p,n,o,l,b,a,d,1
c,g,p,b,y,a,c,n,r,b,c,k,s,b,g,u,y,o,n,u,n,g,1
b,g,y,t,n,f,c,b,e,t,u,k,f,c,y,u,o,t,n,r,v,d,1
b,s,g,t,c,a,c,n,r,t,b,k,y,n,w,p,w,o,s,o,s,w,1
c,s,b,t,n,a,w,n,r,t,r,y,s,w,o,u,n,t,e,o,n,l,1
s,s,u,t,f,f,c,n,p,t,c,k,y,n,b,p,w,t,e,y,s,l,1
f,g,e,b,p,d,c,b,b,t,b,f,s,o,b,u,n,o,z,o,v,u,1
x,y,u,t,n,a,d,n,u,b,b,s,s,g,c,p,w,n,f,n,n,w,1
f,g,w,t,f,n,w,b,k,t,b,y,s,n,y,u,n,n,c,y,n,m,1
k,g,e,t,f,d,c,b,w,b,c,k,s,b,e,u,w,t,l,k,n,d,1
b,g,n,b,a,a,w,b,k,b,?,k,k,b,w,u,n,n,n,b,s,m,1
c,y,n,b,s,a,c,b,u,b,?,y,f,p,c,p,y,t,e,w,c,d,1
b,g,w,b,n,a,c,n,e,t,z,k,f,w,n,p,n,n,l,o,n,u,1
c,s,b,t,m,d,w,b,u,t,u,y,y,e,w,u,o,n,p,n,t,l,1
x,f,e,t,f,f,w,n,y,t,z,f,s,y,o,p,n,t,c,n,a,m,1
f,s,w,b,l,d,d,b,b,t,e,y,f,c,b,u,y,n,p,o,n,m,1
b,g,u,b,f,n,d,b,w,b,?,y,y,c,e,p,y,n,z,y,a,g,1
f,g,n,b,c,n,c,n,e,b,b,k,f,g,c,u,o,t,l,n,a,u,1
c,s,g,b,n,d,c,b,p,b,c,y,s,y,o,u,w,n,p,k,s,d,1
c,s,e,t,n,a,w,b,b,b,r,y,f,n,p,p,y,n,f,y,n,g,1
b,s,c,b,s,d,d,b,o,t,u,y,f,p,w,u,y,n,e,h,n,d,1
f,f,r,b,l,n,w,n,k,t,e,s,y,n,c,p,o,o,e,y,n,w,1
s,s,b,b,p,n,w,b,p,t,r,k,k,b,n,p,n,n,c,r,s,l,1
x,s,p,b,f,d,c,n,k,t,u,s,s,g,c,p,w,n,z,b,t,p,1
k,f,r,b,s,a,d,b,w,b,e,k,f,w,g,u,w,t,f,b,t,m,1
b,g,p,b,l,n,w,b,p,b,?,s,y,w,w,u,n,n,p,o,v,l,1
c,f,r,b,m,f,d,b,h,t,e,f,s,b,b,p,w,o,f,k,c,g,1
x,f,c,b,f,f,d,n,p,t,z,k,s,b,o,u,y,t,c,u,c,g,1
b,s,n,t,y,f,w,b,y,t,?,k,y,e,e,u,o,o,p,n,n,g,1
k,g,e,b,m,d,d,b,w,b,u,k,k,o,y,p,n,o,c,y,t,d,1
k,s,c,b,s,n,d,n,p,t,r,y,s,w,n,p,y,o,n,n,t,p,1
k,y,r,t,y,n,c,b,u,t,z,y,s,e,y,u,y,o,n,n,n,g,1
b,y,b,b,y,d,d,n,y,t,z,k,k,c,w,u,w,t,e,w,v,p,1
s,s,r,t,y,d,w,b,k,t,z,f,k,c,y,u,y,n,p,n,t,l,1
x,g,y,b,l,a,c,n,p,t,c,f,s,y,y,u,y,n,c,y,c,l,1
b,g,w,b,l,f,w,n,y,t,r,k,f,y,p,u,y,o,s,k,n,l,1
b,y,n,t,n,n,d,n,u,b,c,s,f,g,o,u,n,t,l,n,s,m,1
c,g,e,t,n,d,w,b,p,t,b,f,f,o,p,p,o,t,p,w,s,m,1
x,s,u,t,a,n,d,n,u,b,z,k,s,b,c,u,w,o,s,n,t,w,1
c,g,c,t,y,a,c,n,o,b,?,s,k,w,o,u,y,n,f,o,t,d,1
f,s,n,b,m,f,w,n,r,t,r,s,k,n,p,p,w,n,c,y,a,u,1
x,g,g,b,p,f,w,b,y,b,b,k,s,g,c,u,w,o,p,b,s,u,1
f,g,b,b,c,f,c,b,o,b,?,f,k,o,p,u,y,o,z,k,t,g,1
f,y,y,t,l,f,w,b,g,b,b,f,k,n,p,u,o,n,f,w,v,p,1
k,g,y,b,p,f,w,n,p,b,b,k,s,y,w,u,w,t,z,u,v,p,1
c,s,w,t,p,n,d,n,o,t,u,f,k,g,n,u,n,n,z,r,c,p,1
f,f,n,t,y,a,c,b,n,b,?,y,k,e,n,p,y,n,z,n,v,l,1
c,f,g,t,s,f,w,b,u,b,b,f,y,e,c,u,n,t,e,h,s,m,1
c,g,e,b,m,n,d,n,n,t,z,k,y,e,e,u,y,t,f,y,c,g,1
c,f,c,b,a,n,d,n,g,t,e,k,k,y,n,u,n,o,n,o,n,d,1
c,g,r,t,s,d,w,n,n,t,?,y,s,c,c,u,n,o,c,b,t,d,1
f,f,u,t,y,a,d,n,g,b,c,s,k,c,p,p,o,o,f,o,c,p,1
f,y,p,t,y,n,c,n,b,b,u,f,k,y,e,u,o,t,z,n,n,m,1
s,g,e,t,l,n,c,n,o,b,b,y,y,n,b,p,o,n,s,h,c,m,1
k,s,n,b,y,d,d,b,u,b,z,k,k,b,n,p,y,t,l,o,n,l,1
k,g,u,b,f,n,w,n,o,b,?,y,s,w,n,p,w,o,f,n,a,m,1
k,y,w,b,s,f,c,b,e,b,e,y,s,w,p,u,w,t,p,b,v,u,1
s,s,g,t,l,d,c,b,u,t,c,k,k,o,c,p,y,o,e,y,c,w,1
f,y,y,t,n,d,d,b,b,b,r,y,k,o,g,p,o,t,p,n,n,m,1
f,f,b,b,y,n,w,n,r,b,e,f,s,w,w,u,w,t,s,b,a,l,1
c,y,p,b,n,d,c,n,p,b,e,y,s,n,w,p,o,n,f,w,n,u,1
k,y,e,b,p,d,d,b,y,t,b,s,k,y,c,p,y,n,s,h,v,u,1
c,y,e,t,l,n,w,b,b,b,r,y,f,o,w,p,w,o,p,y,n,l,1
f,g,n,b,n,n,c,b,y,b,e,f,s,b,c,u,n,o,e,b,a,g,1
f,g,g,b,n,a,c,b,r,b,c,y,k,c,c,u,y,t,n,n,s,p,1
x,f,c,b,f,f,w,n,r,b,b,f,y,b,p,p,w,t,n,o,t,d,1
b,f,u,b,a,f,c,b,y,t,u,f,k,e,n,u,n,o,p,r,a,g,1
c,y,b,t,f,a,w,b,n,t,b,y,s,w,g,u,o,n,p,y,n,d,1
f,s,p,t,p,n,c,n,g,t,z,f,k,e,e,p,o,o,s,n,c,m,1
b,f,b,b,a,a,d,b,o,b,u,k,k,o,p,u,o,n,l,w,t,p,1
s,f,p,b,f,f,c,b,k,b,z,f,y,e,p,p,n,t,f,n,s,p,1
k,y,p,b,l,f,w,b,r,b,?,k,f,n,n,u,o,o,z,n,n,w,1
s,s,u,b,c,d,d,b,y,b,e,y,k,g,w,p,y,o,c,w,a,g,1
c,g,e,t,y,f,c,b,n,b,r,s,k,n,y,u,y,t,s,n,t,p,1
s,f,n,t,p,f,c,b,k,b,z,s,s,g,o,p,n,n,e,w,a,p,1
f,g,g,t,n,d,d,n,r,b,c,s,f,n,b,u,n,n,p,r,v,d,1
b,g,n,t,y,d,w,b,n,t,r,f,f,p,o,p,y,n,c,y,c,l,1
b,f,e,b,m,a,w,b,n,t,b,f,f,c,b,u,w,n,p,k,c,g,1
f,s,u,t,a,d,d,n,p,t,r,y,s,c,b,p,w,t,e,h,v,g,1
s,f,e,b,f,a,d,b,g,b,b,f,y,p,e,p,n,o,z,k,v,p,1
x,g,p,t,f,d,d,b,h,b,e,y,s,w,o,u,n,n,l,h,a,l,1
k,f,u,b,p,f,c,n,p,t,c,k,f,n,b,u,o,n,z,u,v,u,1
c,g,u,b,m,f,c,n,w,b,e,k,s,p,p,p,y,n,z,y,a,p,1
k,s,y,t,s,d,c,n,u,b,e,s,s,w,n,p,w,o,f,h,c,w,1
b,s,g,t,f,d,w,b,y,t,z,s,f,p,p,p,o,t,f,r,v,l,1
k,f,w,b,s,n,d,b,e,b,?,y,f,n,w,u,w,n,n,y,t,p,1
k,g,w,b,y,f,w,n,u,b,z,s,k,b,w,p,n,n,n,u,s,l,1
k,f,g,b,a,a,c,n,o,b,?,f,k,c,c,p,y,t,z,b,c,p,1
c,f,n,t,n,a,c,n,w,b,z,k,f,b,y,u,o,o,n,y,v,m,1
k,y,r,t,n,n,w,b,b,b,e,k,k,p,g,u,y,t,s,h,c,u,1
x,f,r,t,y,n,d,n,h,t,b,y,k,b,p,p,o,n,z,o,v,g,1
f,s,y,t,s,n,d,b,k,b,r,s,f,y,b,p,y,n,c,r,n,u,1
s,f,g,t,l,f,w,b,k,b,z,f,s,e,n,u,o,o,e,u,a,d,1
x,y,r,t,l,d,c,n,u,b,z,y,f,e,n,u,y,n,c,w,t,m,1
x,s,b,b,l,a,w,b,w,b,u,k,k,g,g,p,w,o,e,n,v,w,1
x,y,g,b,p,f,w,b,b,t,?,s,y,o,p,p,w,o,z,r,s,w,1
b,s,c,t,a,d,w,b,r,t,?,y,y,o,n,u,y,o,s,w,v,u,1
s,y,u,t,l,d,w,b,w,t,?,f,f,n,e,u,o,t,c,w,n,u,1
s,y,n,b,p,f,w,b,y,t,u,f,k,b,n,u,w,t,e,w,n,g,1
k,y,y,t,a,a,d,b,p,b,e,f,y,g,g,p,o,n,e,n,c,u,1
x,g,u,b,m,n,c,b,b,b,z,y,f,c,o,p,n,n,c,n,a,l,1
c,y,e,t,m,f,w,n,p,t,u,f,s,p,g,u,w,n,s,y,t,g,1
s,f,n,b,n,a,c,n,p,b,e,y,k,n,p,u,y,n,l,o,t,l,1
k,g,e,t,p,d,w,n,y,t,r,s,y,b,o,p,w,o,f,r,c,w,1
x,f,b,t,f,f,w,b,r,b,z,k,k,g,o,u,o,n,e,y,n,m,1
k,f,r,t,n,a,d,n,w,t,b,f,k,p,g,u,o,t,c,u,t,u,1
s,f,w,t,n,a,d,n,h,b,r,s,k,o,e,p,n,n,e,w,t,m,1
x,f,c,t,p,f,w,b,n,t,?,k,f,c,e,p,o,n,c,h,c,w,1
f,y,n,t,a,a,d,n,g,t,c,k,y,e,b,p,n,o,n,h,v,l,1
s,s,p,b,c,d,c,b,e,t,c,y,s,y,o,u,n,o,p,b,a,p,1
x,y,y,t,f,d,w,b,o,t,c,y,s,n,o,u,n,t,z,o,v,l,1
f,y,y,b,s,n,d,b,p,b,b,y,f,y,g,u,w,t,n,u,c,m,1
b,s,e,t,n,d,w,n,p,t,c,f,f,y,b,p,o,o,z,r,s,d,1
x,y,e,t,m,f,c,n,o,t,r,k,k,p,o,u,w,t,n,n,n,g,1
f,f,b,t,a,d,c,n,k,b,u,y,k,p,o,p,y,t,z,y,c,m,1
s,y,c,t,f,f,c,b,h,t,r,s,k,y,n,u,y,t,f,n,t,l,1
f,f,e,b,a,f,w,n,n,t,c,f,s,c,w,u,w,t,c,y,s,p,1
k,y,n,b,c,a,d,b,h,b,e,f,k,b,p,u,y,n,z,r,c,d,1
f,g,e,t,l,a,c,b,h,t,e,s,s,c,b,u,n,n,l,u,s,p,1
f,f,n,b,y,d,c,n,n,t,r,k,y,c,w,u,o,o,c,b,s,u,1
x,s,u,b,f,a,d,b,w,b,u,f,y,y,n,p,n,t,l,n,c,m,1
x,s,c,b,l,n,d,n,y,t,r,y,k,o,w,p,w,o,f,o,a,w,1
s,g,c,t,m,f,w,b,n,b,b,f,s,p,w,u,o,t,l,o,t,w,1
c,s,u,t,c,d,c,b,r,t,r,f,y,g,w,u,n,o,c,k,s,p,1
k,y,u,t,y,n,d,n,k,b,e,k,s,p,y,u,w,n,e,r,t,w,1
c,s,y,b,m,n,d,b,y,b,u,k,k,w,b,p,n,o,e,w,n,p,1
s,f,r,b,p,d,c,n,b,b,c,f,y,y,w,u,o,n,e,y,t,d,1
c,y,b,b,c,a,w,b,p,b,r,f,y,c,p,u,w,o,l,u,s,l,1
b,f,y,b,a,n,w,b,o,b,z,s,y,y,g,p,y,o,s,n,t,m,1
x,g,g,b,a,d,w,b,g,b,c,f,k,p,w,u,w,n,c,u,t,u,1
c,g,g,b,f,d,c,b,o,b,b,k,s,n,e,p,n,o,n,r,s,w,1
s,y,g,b,a,a,c,n,o,t,b,k,y,o,w,p,n,o,z,n,v,g,1
c,f,c,b,s,a,w,n,g,t,c,y,y,o,c,u,n,t,c,u,v,w,1
f,f,b,b,p,n,w,b,y,t,u,s,f,e,c,p,n,t,s,b,a,g,1
s,s,g,t,f,a,c,b,e,b,z,k,y,y,e,p,y,o,f,n,a,d,1
k,g,b,t,c,n,c,n,o,b,z,f,k,o,g,u,w,n,z,n,a,d,1
b,s,w,t,f,n,c,b,w,t,z,f,y,g,g,u,w,n,f,u,a,p,1
c,g,u,t,c,a,d,n,r,b,b,y,k,e,p,p,o,n,e,r,s,g,1
b,y,p,b,n,f,c,b,g,t,?,s,k,e,w,u,w,n,z,k,c,g,1
x,f,n,b,p,a,w,n,w,t,b,k,k,p,b,p,y,n,f,n,t,m,1
f,s,c,t,f,a,d,b,b,t,b,k,s,n,o,u,o,n,s,w,a,p,1
k,f,y,b,m,d,d,b,n,t,z,y,y,e,w,p,o,o,p,y,n,d,1
s,s,u,t,f,n,d,b,e,t,e,y,y,g,b,u,n,o,f,h,c,m,1
b,g,y,b,m,d,w,b,o,t,e,f,f,e,y,u,n,n,f,h,s,g,1
c,y,u,b,f,n,c,n,y,b,c,y,k,y,n,p,w,o,p,u,s,u,1
c,s,n,b,s,d,c,n,n,t,u,y,k,e,g,p,o,o,s,o,c,w,1
f,s,e,t,l,f,c,b,y,t,u,s,s,y,n,u,y,o,s,r,t,l,1
b,s,c,b,l,n,c,b,n,b,?,s,s,c,e,u,n,t,p,y,v,g,1
b,y,n,b,n,d,d,n,y,t,c,f,k,o,y,u,n,t,e,b,t,w,1
x,f,y,b,a,n,c,b,n,t,e,f,k,n,n,u,n,t,z,k,n,u,1
x,s,y,b,f,d,d,n,k,b,c,y,f,y,w,u,n,o,z,y,s,l,1
x,f,e,t,s,d,w,b,n,t,?,f,k,c,p,p,n,o,f,o,n,u,1
f,s,u,b,p,d,d,n,r,t,b,f,s,o,c,p,n,o,e,u,s,u,1
s,f,w,b,s,d,c,n,g,t,c,y,f,o,n,u,w,o,p,r,t,d,1
b,f,b,t,p,f,w,n,r,b,r,y,f,p,w,u,n,n,z,w,n,l,1
b,g,g,t,c,f,w,b,b,t,r,y,k,w,b,u,o,n,n,k,t,m,1
s,y,r,t,n,d,d,n,e,b,e,s,k,w,c,u,o,n,p,b,a,g,1
x,g,g,b,l,d,c,b,u,t,?,k,y,y,o,u,o,n,p,h,c,m,1
c,s,w,b,p,d,w,b,e,b,u,y,k,c,p,u,n,t,n,w,c,u,1
k,y,e,b,c,n,c,b,k,b,r,f,s,e,w,p,o,t,p,b,n,g,1
f,s,y,b,l,n,d,n,b,b,e,y,f,g,w,u,y,o,z,b,v,w,1
f,f,c,t,a,d,c,n,n,b,e,k,f,p,w,u,n,o,l,w,v,g,1
c,y,b,b,m,a,w,n,w,t,b,f,y,c,g,u,n,o,s,w,s,d,1
c,s,b,t,a,d,w,n,b,t,u,y,y,w,e,p,w,t,l,u,c,m,1
k,f,y,t,m,n,d,b,k,t,z,s,k,e,c,u,n,t,c,h,c,u,1
b,s,g,b,l,n,c,n,h,b,r,s,k,e,w,u,w,n,z,b,n,u,1
f,s,u,b,p,d,c,b,k,t,b,k,y,p,n,p,o,n,c,k,v,d,1
f,s,e,b,y,n,c,b,b,t,b,k,f,p,y,u,y,n,z,b,t,u,1
s,f,y,b,s,d,w,b,o,t,r,y,y,g,c,p,n,t,n,n,n,w,1
c,f,r,t,s,f,w,b,o,t,c,f,y,o,e,u,w,o,p,u,a,d,1
x,f,u,t,n,n,d,b,b,t,r,y,f,y,b,p,o,o,n,h,a,p,1
c,s,u,t,f,n,d,n,o,b,u,f,s,y,g,p,w,o,z,b,s,w,1
s,s,b,b,l,a,w,n,n,t,c,f,k,g,e,p,n,o,l,k,s,m,1
b,y,p,b,a,f,w,n,g,b,z,f,s,c,b,u,o,t,c,n,n,d,1
c,s,p,t,p,n,d,n,b,t,z,k,s,c,e,u,y,n,c,y,t,g,1
f,g,r,b,y,d,c,b,h,b,z,f,s,o,w,u,y,o,n,h,v,l,1
f,y,y,b,y,a,w,n,h,t,z,s,k,n,p,p,w,t,c,o,s,m,1
k,y,p,b,f,n,w,n,e,t,z,f,f,c,y,p,o,t,s,k,t,p,1
b,g,g,b,l,f,d,b,p,b,c,k,s,c,o,u,w,n,f,u,n,d,1
b,f,g,t,s,n,c,n,e,b,r,y,f,e,w,u,w,t,p,k,n,w,1
f,y,p,b,l,d,w,b,h,b,c,s,f,n,n,p,w,t,l,r,v,l,1
f,s,r,b,f,d,d,n,y,b,?,k,y,o,y,u,w,o,p,y,s,d,1
f,s,b,b,s,n,d,n,r,b,z,s,s,o,y,p,n,t,z,k,a,l,1
k,s,c,t,s,n,d,n,n,b,c,s,s,o,n,u,n,o,s,k,v,w,1
c,y,c,t,p,n,w,n,g,b,?,s,s,c,o,p,w,o,n,w,s,d,1
s,s,n,b,c,d,c,b,h,t,b,s,k,w,w,u,n,o,p,h,v,g,1
b,y,w,t,s,d,w,b,p,t,e,s,s,o,w,p,y,n,l,k,s,u,1
b,y,b,t,f,f,c,b,b,t,z,f,y,w,n,p,w,n,p,n,c,d,1
k,y,w,b,n,a,d,n,k,b,b,k,s,b,p,u,y,o,f,n,s,d,1
s,y,p,t,y,f,c,b,p,b,c,y,k,o,c,p,n,o,c,r,t,m,1
k,s,g,t,y,f,d,b,p,b,e,y,f,c,c,p,n,t,p,y,n,l,1
k,s,u,b,y,d,d,b,r,b,e,k,s,c,b,u,o,o,n,u,t,u,1
f,f,b,b,m,n,d,n,u,b,b,f,f,o,y,u,w,n,l,n,n,u,1
x,f,r,t,c,n,d,b,n,t,?,k,y,n,g,p,y,o,f,r,v,d,1
x,s,g,t,l,a,c,n,e,t,e,f,f,o,p,p,o,n,p,r,v,l,1
s,g,n,t,p,a,d,n,n,t,u,f,f,w,n,u,o,o,c,k,n,l,1
x,f,e,t,c,n,c,b,w,b,u,k,f,c,e,u,n,o,l,y,v,u,1
k,f,p,b,c,d,c,b,y,b,z,f,k,g,g,u,y,o,n,r,s,l,1
s,s,u,t,f,d,w,b,h,b,u,k,s,w,g,u,o,n,p,r,v,m,1
c,s,g,b,p,f,d,n,h,t,c,y,k,y,p,p,n,o,e,k,s,p,1
k,y,c,b,a,a,w,b,n,t,z,y,f,e,w,p,n,n,l,n,v,w,1
b,g,g,b,y,n,d,b,b,b,e,k,k,e,c,u,y,o,z,y,a,d,1
x,f,y,t,n,n,c,n,b,t,r,k,k,b,o,u,w,n,p,u,v,w,1
b,f,e,t,f,d,c,b,o,t,b,y,s,y,e,u,y,t,z,u,a,m,1
b,f,n,b,m,a,c,b,n,t,r,f,k,w,w,p,n,t,e,y,s,m,1
s,f,g,t,a,d,d,b,o,b,c,k,k,e,o,u,w,o,e,r,s,d,1
s,y,p,b,m,a,c,b,u,b,b,s,f,o,c,p,o,n,f,y,v,l,1
f,y,b,b,p,n,d,b,n,t,b,f,s,c,e,u,w,n,e,n,a,u,1
b,f,n,b,s,a,w,b,n,b,?,f,k,g,b,p,w,o,s,b,c,m,1
b,f,b,t,s,a,d,n,n,t,?,f,s,c,o,u,o,o,l,u,t,m,1
c,g,c,b,c,d,w,n,b,t,r,y,s,p,b,p,y,o,c,n,a,p,1
k,f,b,b,p,a,w,b,w,b,u,k,s,b,b,u,w,t,z,k,a,l,1
s,y,g,t,p,d,c,n,k,t,u,f,s,y,w,u,w,t,z,h,c,u,1
x,f,u,t,s,d,d,n,u,t,r,k,k,e,b,u,y,n,n,r,t,p,1
s,s,p,t,f,d,d,b,h,b,z,y,f,w,c,p,o,o,n,y,t,d,1
b,y,u,b,m,f,c,b,u,b,u,s,y,o,y,u,o,t,p,w,t,m,1
f,s,r,t,y,f,d,n,h,t,b,s,f,w,c,p,y,t,e,r,t,d,1
x,f,p,b,l,n,c,n,e,t,b,y,y,p,y,p,y,o,e,w,v,p,1
b,s,e,t,c,n,d,b,e,b,r,k,y,c,y,u,w,o,p,k,a,d,1
b,y,y,b,a,d,c,b,k,t,u,k,k,n,p,u,n,n,e,k,t,l,1
k,s,w,b,n,n,c,n,h,b,z,k,s,y,y,u,y,n,n,r,a,l,1
x,g,r,b,a,a,w,n,e,t,z,s,k,n,e,p,o,o,f,r,v,p,1
x,s,c,t,s,a,d,n,p,b,b,s,s,e,p,u,o,o,n,o,s,d,1
x,y,e,t,a,d,c,b,h,b,z,y,s,o,y,u,w,t,c,h,a,m,1
s,s,e,b,y,d,d,b,p,t,r,y,s,b,o,p,w,o,s,y,c,l,1
b,f,e,t,n,n,w,b,w,t,z,k,s,w,g,p,n,n,l,w,c,u,1
c,g,r,b,l,a,c,n,y,b,r,s,y,g,n,u,o,t,z,r,c,p,1
f,y,r,b,c,d,w,n,y,t,r,y,k,p,b,p,o,n,l,y,c,g,1
k,g,g,b,s,f,c,n,o,t,c,y,f,p,g,u,n,t,z,y,c,g,1
x,f,y,b,s,f,d,b,h,t,u,f,f,n,g,p,w,t,e,w,a,w,1
x,s,n,b,l,f,c,n,w,b,u,f,f,p,c,u,o,t,s,y,v,d,1
c,s,u,t,a,d,d,b,h,t,r,y,k,n,e,p,o,o,f,k,a,p,1
b,s,r,b,l,d,w,b,o,t,e,f,s,p,g,u,n,o,s,k,a,u,1
c,s,e,t,c,n,w,n,g,t,b,k,f,g,b,u,w,n,c,u,c,g,1
c,g,p,b,a,n,w,n,g,b,z,f,y,w,g,p,y,o,s,w,a,p,1
s,y,y,t,y,n,w,b,b,b,u,s,f,e,p,p,y,t,l,u,t,u,1
b,g,g,b,f,d,d,b,u,t,u,f,f,p,c,p,y,o,l,k,s,p,1
k,f,p,b,n,a,w,b,r,b,e,f,f,n,p,u,y,t,n,h,s,w,1
c,g,g,t,a,d,d,b,u,t,c,s,f,o,c,p,w,t,p,n,a,w,1
s,s,y,b,n,f,d,n,p,t,e,y,f,g,g,p,w,t,e,b,c,d,1
f,s,p,t,l,a,w,n,u,b,e,s,y,w,g,p,n,n,l,o,v,m,1
b,y,p,b,l,d,d,n,b,b,u,f,f,e,o,u,w,o,c,o,v,u,1
x,g,e,b,l,a,d,b,y,b,e,k,s,c,y,p,w,t,c,r,s,g,1
c,g,y,t,s,f,d,n,o,t,?,y,s,b,b,u,n,o,f,o,s,m,1
f,f,n,t,n,f,w,b,o,t,r,k,s,y,n,u,w,t,l,u,v,d,1
k,f,n,b,m,d,w,b,p,b,?,k,k,e,y,p,o,o,f,n,c,m,1
k,y,p,t,s,d,c,b,e,t,u,y,k,y,b,p,n,o,n,w,a,w,1
k,f,u,t,f,n,c,b,w,t,c,s,f,p,b,u,w,t,p,h,c,w,1
c,y,p,b,p,a,d,n,n,b,?,k,f,p,b,u,n,n,c,o,v,l,1
k,f,p,t,p,n,w,n,h,t,b,y,k,n,w,p,y,t,c,k,t,w,1
k,s,g,b,c,d,d,n,h,b,e,y,k,p,y,u,n,o,f,u,n,m,1
b,y,p,b,l,n,w,n,e,b,c,f,f,b,g,u,w,n,s,y,t,l,1
f,f,u,t,a,a,w,b,y,t,?,f,f,e,e,u,y,n,s,o,a,w,1
k,f,r,t,l,n,c,n,k,b,e,y,f,o,o,u,n,o,s,h,t,d,1
b,f,y,b,a,f,d,n,r,b,c,k,y,e,w,u,w,n,s,k,n,u,1
c,y,u,b,y,f,d,b,o,b,z,s,k,y,c,u,n,n,c,n,s,p,1
b,g,w,t,f,f,d,b,g,b,c,k,s,e,p,p,o,o,p,r,s,u,1
x,f,g,t,y,f,w,b,r,b,z,f,f,o,g,p,w,o,s,b,c,u,1
x,s,b,b,l,a,c,b,h,t,u,k,k,n,o,p,o,n,f,o,v,g,1
c,y,c,t,m,d,d,n,b,b,e,f,k,c,e,u,y,o,e,k,c,g,1
b,g,r,t,c,d,c,b,e,b,b,y,y,y,g,p,y,n,f,r,v,u,1
b,f,n,b,p,n,c,n,o,t,r,k,k,p,c,u,n,o,f,u,s,p,1
c,f,e,b,p,a,w,n,n,b,z,k,y,y,w,u,w,n,p,k,t,d,1
b,y,y,t,f,d,d,n,b,b,e,s,k,w,c,u,n,t,n,w,t,d,1
s,s,g,b,s,n,w,b,w,b,c,s,f,c,c,u,y,n,p,k,c,d,1
c,s,g,t,c,a,d,b,k,t,b,y,k,o,b,u,w,o,e,b,c,u,1
f,g,b,t,m,d,c,n,o,b,c,f,f,w,p,u,n,t,l,o,t,l,1
c,y,b,t,n,n,w,n,u,b,?,y,f,b,o,u,n,o,p,h,a,u,1
x,y,w,b,n,d,w,b,e,b,b,y,f,y,w,p,n,n,p,n,n,m,1
x,f,n,t,c,f,w,b,u,b,e,k,y,w,e,u,w,n,l,h,a,u,1
c,g,w,t,f,n,c,b,y,b,b,s,f,n,p,p,w,n,l,k,s,p,1
s,s,p,t,a,d,w,n,o,b,?,k,f,e,y,p,y,t,n,k,c,m,1
k,g,n,b,y,n,w,n,y,t,u,k,k,c,y,p,o,o,z,k,t,d,1
c,s,b,b,f,n,d,n,g,b,e,s,f,e,e,p,w,o,n,r,v,d,1
c,s,p,b,a,a,w,b,g,b,u,k,k,c,g,u,n,n,z,o,v,g,1
c,y,u,t,l,d,c,n,h,b,b,y,s,y,o,u,o,o,p,h,v,u,1
c,g,u,b,p,d,d,n,h,t,z,k,y,y,e,p,y,o,c,b,n,d,1
c,g,g,b,y,n,c,b,h,t,r,s,f,c,y,p,n,n,n,y,n,l,1
b,y,w,b,c,a,w,b,p,t,e,f,k,g,p,p,w,o,f,b,c,u,1
b,s,w,t,l,f,d,b,p,b,b,s,f,w,y,u,y,o,l,k,a,m,1
c,f,b,b,s,n,w,b,u,t,c,y,k,n,y,p,n,t,l,n,s,l,1
s,g,c,b,y,d,c,b,g,b,e,y,s,e,y,u,y,t,c,b,a,d,1
c,y,n,t,n,n,c,n,p,b,e,s,f,g,w,p,o,t,n,w,n,l,1
b,s,e,b,m,d,w,b,p,b,r,s,k,e,o,p,n,o,l,o,n,p,1
k,s,n,t,p,n,d,n,y,t,e,y,k,p,n,p,w,n,l,o,t,m,1
k,g,b,t,a,n,d,n,k,t,c,f,s,c,c,u,w,t,s,h,n,m,1
x,f,g,b,c,n,w,n,h,b,b,f,f,e,e,p,w,n,p,n,s,u,1
b,y,e,t,p,d,c,n,o,t,e,k,k,w,n,p,w,n,p,b,a,p,1
b,y,c,b,y,n,d,n,g,b,b,f,k,e,e,p,w,t,f,u,t,m,1
c,y,r,b,c,f,d,n,g,t,u,y,s,w,e,u,w,o,s,r,v,l,1
x,y,u,b,f,f,w,b,k,t,z,k,k,p,o,u,o,n,l,r,s,l,1
x,y,g,t,a,a,w,b,b,t,z,s,k,w,y,p,w,o,n,r,v,g,1
x,g,c,b,f,n,d,b,p,b,?,s,y,o,o,u,o,o,p,k,v,u,1
f,g,b,b,l,f,c,n,g,t,e,f,y,g,o,p,o,n,s,u,n,g,1
c,s,g,b,c,f,d,b,w,t,b,k,y,o,c,p,o,t,l,h,n,w,1
k,y,u,t,a,d,w,b,y,t,b,k,k,y,n,u,n,o,p,u,n,d,1
k,g,g,t,a,d,d,b,g,t,z,s,k,o,c,p,w,o,p,h,a,g,1
s,g,c,t,l,d,w,n,n,t,?,s,f,b,b,p,n,o,f,h,t,l,1
c,s,n,t,c,f,w,n,n,t,z,k,y,o,y,u,w,o,s,n,a,l,1
k,y,b,t,l,n,w,n,n,b,c,f,s,w,p,u,o,n,s,r,n,d,1
s,s,c,t,m,f,w,b,o,b,e,s,s,w,y,u,y,o,n,r,v,l,1
c,y,r,t,l,f,d,b,k,b,?,s,f,g,g,p,n,o,e,b,a,d,1
k,y,w,t,m,f,w,b,b,b,r,f,k,e,e,u,w,n,p,r,n,w,1
x,f,p,t,f,n,c,n,y,b,e,s,f,c,e,p,o,o,l,o,c,l,1
k,s,w,t,a,f,d,n,n,t,e,s,y,n,e,u,w,o,z,y,c,u,1
x,s,c,t,n,d,w,n,u,t,e,s,y,c,o,u,w,n,l,o,n,m,1
b,y,b,b,s,f,w,n,u,t,u,k,f,w,e,u,w,o,f,u,t,u,1
s,s,u,b,l,f,c,n,b,t,?,s,s,b,e,u,n,o,e,k,t,m,1
x,s,e,t,s,n,c,n,r,t,b,s,k,o,n,u,n,n,z,o,a,l,1
x,s,g,b,m,d,w,b,h,t,b,k,y,o,p,p,w,t,l,n,s,l,1
f,s,w,b,a,f,d,b,y,t,r,y,y,e,e,p,w,o,n,k,s,g,1
x,f,c,t,l,n,d,n,n,t,c,f,k,y,p,u,w,o,c,y,a,m,1
k,s,b,b,s,f,d,b,e,b,z,f,y,e,o,u,y,t,n,w,t,p,1
b,s,r,b,f,f,d,b,w,b,?,s,f,c,c,p,y,n,n,r,t,m,1
b,s,y,b,y,a,d,b,e,t,b,s,s,o,c,u,o,n,f,k,t,l,1
s,f,g,t,n,n,d,b,g,t,c,s,s,o,n,p,w,t,f,n,t,m,1
x,f,b,t,p,n,d,b,u,t,e,s,f,e,c,p,w,n,p,k,n,w,1
b,y,p,b,m,f,w,n,h,t,e,k,f,g,o,p,o,t,s,r,n,d,1
x,s,u,t,l,a,w,b,g,b,u,s,s,g,n,u,w,n,s,b,v,d,1
f,y,e,t,y,f,c,b,n,t,e,y,y,w,g,u,y,n,c,w,a,g,1
b,s,e,t,s,a,w,n,r,b,c,y,k,b,p,p,y,n,s,w,v,u,1
x,g,y,b,s,f,c,n,y,t,e,s,f,c,n,p,y,n,s,r,t,p,1
k,y,g,t,c,n,c,n,u,b,?,s,s,n,e,p,w,n,f,h,c,d,1
c,s,g,t,a,d,w,n,o,t,r,y,f,g,w,u,y,n,f,o,a,g,1
s,y,p,b,n,a,c,n,h,b,r,s,y,y,e,p,w,o,c,y,c,p,1
f,s,e,b,s,a,d,b,u,t,b,y,f,c,o,p,n,t,p,o,v,w,1
s,f,w,b,s,d,w,n,b,t,b,s,k,o,c,u,n,o,c,y,v,l,1
b,y,u,b,p,d,d,b,y,b,e,k,y,w,c,u,y,t,s,r,n,p,1
k,g,b,b,n,f,w,b,r,t,u,s,y,e,e,p,w,o,f,y,n,u,1
x,f,w,t,f,d,w,n,u,t,?,s,s,n,e,p,w,n,n,r,s,w,1
x,s,g,t,m,a,w,b,n,b,z,k,k,w,c,p,w,t,s,b,c,w,1
k,g,n,b,n,a,c,n,b,b,c,y,y,o,y,p,w,o,c,k,c,m,1
b,f,g,b,c,n,d,b,u,b,c,k,y,p,w,p,n,t,f,o,c,w,1
c,s,e,b,l,f,d,n,g,b,c,k,y,p,p,p,w,t,p,o,v,w,1
f,s,r,b,a,a,c,n,h,t,u,s,f,g,y,u,y,t,n,w,v,m,1
c,f,b,t,c,a,d,b,o,t,c,f,s,b,c,u,n,t,s,u,a,p,1
c,y,u,t,f,d,d,b,y,b,e,y,y,b,y,u,y,t,e,w,t,m,1
b,y,y,b,y,f,d,n,o,b,e,s,y,w,c,p,n,o,e,y,c,l,1
c,f,n,t,f,f,d,b,o,t,c,k,y,w,c,u,y,o,l,n,n,d,1
c,s,w,b,y,f,c,n,y,t,r,s,f,b,p,u,o,n,e,n,t,g,1
c,s,n,b,c,n,d,b,e,b,z,y,k,w,e,u,n,t,n,n,s,u,1
f,y,g,t,c,d,d,b,w,t,r,y,y,g,n,u,n,t,l,k,a,w,1
f,y,p,t,s,n,d,b,u,b,z,f,f,e,p,p,w,o,f,b,a,p,1
k,y,w,t,f,n,c,b,u,b,e,f,k,n,p,u,o,t,n,u,s,d,1
x,f,b,b,f,a,w,n,g,b,?,f,f,e,n,p,w,t,n,o,c,l,1
k,s,b,t,s,a,w,n,h,b,r,f,s,b,o,u,w,t,s,r,c,p,1
f,f,w,b,l,n,d,n,e,b,r,k,y,p,b,u,y,n,z,n,n,g,1
s,y,e,t,f,a,w,n,y,b,?,s,y,n,b,u,o,n,f,k,n,u,1
f,g,b,b,a,a,c,n,g,b,?,y,f,o,w,p,o,o,s,k,a,d,1
s,y,y,t,s,f,d,n,r,b,e,k,y,b,w,p,w,n,f,o,s,g,1
k,y,y,t,y,n,w,n,k,b,u,s,s,g,b,p,n,n,c,o,a,d,1
x,s,g,t,m,n,c,n,o,b,c,k,f,p,b,p,y,n,p,w,n,u,1
s,f,u,t,p,f,d,b,o,b,b,s,s,e,b,u,y,o,n,r,t,w,1
s,s,p,t,p,a,c,n,e,b,u,y,k,e,c,p,w,o,f,o,t,p,1
x,s,g,t,m,n,w,n,b,b,e,y,f,y,p,p,n,t,l,u,s,p,1
c,g,e,b,m,n,d,n,p,b,?,k,k,n,w,p,n,n,c,u,n,u,1
b,y,r,t,m,f,d,b,h,b,z,y,f,e,c,u,o,n,p,n,s,d,1
x,y,g,b,n,a,w,n,e,t,?,f,f,p,o,u,y,o,c,y,n,g,1
c,s,r,b,m,f,w,b,b,b,u,y,k,n,p,u,y,n,n,b,s,l,1
b,g,r,b,n,d,c,n,o,b,c,y,y,c,n,u,y,o,p,u,s,l,1
k,y,y,t,s,n,c,b,y,t,c,k,k,c,g,p,y,n,f,y,c,u,1
k,g,c,t,n,d,c,n,r,t,e,y,k,o,e,p,n,n,z,o,c,p,1
c,s,y,t,s,d,d,b,y,b,c,s,s,c,y,u,n,t,e,k,a,w,1
s,s,p,b,y,d,d,n,y,b,e,f,y,b,p,p,o,t,c,u,c,g,1
b,f,y,b,l,n,c,n,b,b,b,k,s,w,e,p,y,n,f,r,c,p,1
b,y,e,t,y,d,c,b,r,b,?,y,s,w,o,u,o,o,e,o,n,l,1
x,y,w,b,n,a,w,b,b,b,c,k,f,o,y,p,n,n,e,n,t,m,1
f,s,u,b,m,n,w,b,e,b,z,y,f,c,g,p,w,n,e,b,a,m,1
f,s,p,t,m,d,d,b,p,b,z,s,f,g,g,p,n,o,l,y,c,p,1
f,f,c,b,m,n,d,n,p,b,?,f,k,o,y,p,n,t,f,o,n,g,1
c,s,c,t,c,f,c,n,k,t,c,f,y,o,b,p,o,o,l,k,v,d,1
k,f,u,t,y,f,w,b,p,t,e,s,s,w,n,u,w,t,s,u,n,m,1
k,s,u,b,m,d,c,n,e,t,b,f,y,b,y,p,o,n,e,r,v,l,1
c,g,w,b,a,a,c,n,e,b,z,f,f,c,g,p,w,o,c,o,v,g,1
b,g,r,b,s,f,w,b,g,b,z,f,k,p,y,p,n,n,l,n,t,u,1
c,y,b,b,y,f,w,b,n,b,r,y,y,p,n,p,y,o,l,r,v,d,1
b,s,b,t,s,a,w,n,g,b,b,y,y,w,y,u,y,o,p,b,t,l,1
k,g,w,b,f,a,c,n,k,b,u,f,k,n,y,p,w,t,c,h,s,l,1
k,s,g,b,m,d,w,n,h,t,c,s,k,y,b,u,y,o,f,b,s,p,1
k,y,g,b,s,f,d,b,r,b,c,s,f,o,o,u,n,t,z,h,n,u,1
f,y,u,b,p,d,c,n,p,t,b,s,k,y,y,p,o,o,l,o,n,d,1
s,s,r,b,a,a,c,b,u,b,?,f,y,o,o,p,o,o,p,r,c,u,1
f,g,y,b,y,f,d,n,u,t,e,f,y,y,n,p,o,t,e,u,a,g,1
c,g,n,t,a,f,d,n,g,t,u,s,y,w,o,u,n,o,s,w,n,l,1
k,f,g,t,m,n,w,n,h,t,z,k,f,e,g,u,n,o,z,k,n,d,1
c,g,c,b,y,f,w,b,p,b,b,f,s,c,p,p,y,o,n,r,c,g,1
b,f,e,t,c,a,d,b,e,t,u,f,s,c,w,p,y,t,l,b,n,g,1
x,f,c,b,c,n,d,b,o,b,r,y,s,n,g,p,n,t,l,k,v,p,1
b,s,p,t,p,d,w,n,y,t,z,y,k,y,o,u,y,t,l,h,n,l,1
b,f,p,t,f,f,w,b,g,t,u,s,y,n,y,p,n,o,f,y,n,d,1
f,y,g,b,p,f,w,b,p,t,u,f,f,o,g,p,y,n,n,h,t,l,1
c,y,y,b,l,a,c,n,g,b,e,s,f,n,b,u,w,n,e,w,s,m,1
c,g,b,t,c,a,c,b,k,b,u,k,f,w,y,u,n,t,s,n,n,l,1
