Date,Year,Month,Quarter,Product_Category,Region,Sales,Units_Sold,Marketing_Spend,Promotions,Price_Per_Unit,Customer_Count,Previous_Month_Sales
2015-01,2015,1,1,Electronics,North,43761,910,3705,2,48.09,119,0
2015-01,2015,1,1,Electronics,South,41533,931,3446,2,44.61,178,0
2015-01,2015,1,1,Electronics,East,46386,1233,3527,1,37.62,275,0
2015-01,2015,1,1,Electronics,West,43775,614,2327,2,71.29,134,0
2015-01,2015,1,1,Electronics,Central,48771,611,6977,1,79.82,167,0
2015-01,2015,1,1,Clothing,North,32720,431,2997,2,75.92,91,0
2015-01,2015,1,1,Clothing,South,34591,500,2598,1,69.18,58,0
2015-01,2015,1,1,Clothing,East,36413,1451,4134,1,25.1,236,0
2015-01,2015,1,1,Clothing,West,31611,1364,4741,2,23.18,211,0
2015-01,2015,1,1,Clothing,Central,25669,1126,1676,2,22.8,120,0
2015-01,2015,1,1,Home,North,30918,377,4552,4,82.01,86,0
2015-01,2015,1,1,Home,South,25311,374,2027,2,67.68,98,0
2015-01,2015,1,1,Home,East,38583,592,4560,1,65.17,73,0
2015-01,2015,1,1,Home,West,22163,258,3063,2,85.9,75,0
2015-01,2015,1,1,Home,Central,21150,469,3117,0,45.1,69,0
2015-01,2015,1,1,Food,North,28296,305,2134,1,92.77,53,0
2015-01,2015,1,1,Food,South,17857,354,1270,2,50.44,54,0
2015-01,2015,1,1,Food,East,26790,421,3475,1,63.63,49,0
2015-01,2015,1,1,Food,West,22201,320,1395,4,69.38,38,0
2015-01,2015,1,1,Food,Central,23241,799,3390,2,29.09,121,0
2015-01,2015,1,1,Beauty,North,20897,234,2316,2,89.3,24,0
2015-01,2015,1,1,Beauty,South,20501,288,2714,2,71.18,76,0
2015-01,2015,1,1,Beauty,East,25120,267,1986,1,94.08,55,0
2015-01,2015,1,1,Beauty,West,18529,201,2506,1,92.18,22,0
2015-01,2015,1,1,Beauty,Central,18208,244,1962,0,74.62,49,0
2015-02,2015,2,1,Electronics,North,47249,482,6060,1,98.03,93,0
2015-02,2015,2,1,Electronics,South,40820,681,3917,0,59.94,179,0
2015-02,2015,2,1,Electronics,East,42100,545,2555,1,77.25,137,0
2015-02,2015,2,1,Electronics,West,39430,443,2725,1,89.01,116,0
2015-02,2015,2,1,Electronics,Central,40453,452,3401,2,89.5,114,0
2015-02,2015,2,1,Clothing,North,31219,597,2883,1,52.29,158,0
2015-02,2015,2,1,Clothing,South,28528,288,3641,1,99.06,31,0
2015-02,2015,2,1,Clothing,East,37151,755,3909,2,49.21,105,0
2015-02,2015,2,1,Clothing,West,31861,532,2696,1,59.89,103,0
2015-02,2015,2,1,Clothing,Central,30051,1321,2131,0,22.75,292,0
2015-02,2015,2,1,Home,North,28580,714,4038,1,40.03,125,0
2015-02,2015,2,1,Home,South,25515,619,1329,4,41.22,165,0
2015-02,2015,2,1,Home,East,29661,322,1909,1,92.11,50,0
2015-02,2015,2,1,Home,West,24836,1197,3585,1,20.75,322,0
2015-02,2015,2,1,Home,Central,22065,808,2185,2,27.31,130,0
2015-02,2015,2,1,Food,North,28156,287,2447,2,98.1,64,0
2015-02,2015,2,1,Food,South,20740,244,2388,2,85.0,40,0
2015-02,2015,2,1,Food,East,28730,316,3758,0,90.92,58,0
2015-02,2015,2,1,Food,West,25027,289,3362,1,86.6,30,0
2015-02,2015,2,1,Food,Central,18782,198,1723,1,94.86,22,0
2015-02,2015,2,1,Beauty,North,18933,264,1498,1,71.72,29,0
2015-02,2015,2,1,Beauty,South,20489,796,1827,0,25.74,117,0
2015-02,2015,2,1,Beauty,East,24104,576,3542,2,41.85,59,0
2015-02,2015,2,1,Beauty,West,16801,178,1863,1,94.39,48,0
2015-02,2015,2,1,Beauty,Central,17211,822,2439,2,20.94,188,0
2015-03,2015,3,1,Electronics,North,45838,760,6753,1,60.31,109,0
2015-03,2015,3,1,Electronics,South,62346,774,5538,0,80.55,135,0
2015-03,2015,3,1,Electronics,East,65605,2684,5845,1,24.44,645,0
2015-03,2015,3,1,Electronics,West,52697,799,4642,2,65.95,96,0
2015-03,2015,3,1,Electronics,Central,62537,1148,3946,1,54.47,334,0
2015-03,2015,3,1,Clothing,North,51228,2359,4614,2,21.72,506,0
2015-03,2015,3,1,Clothing,South,39802,465,5932,2,85.6,123,0
2015-03,2015,3,1,Clothing,East,41842,836,5840,0,50.05,104,0
2015-03,2015,3,1,Clothing,West,37147,1509,3519,3,24.62,448,0
2015-03,2015,3,1,Clothing,Central,46609,1437,6017,3,32.43,168,0
2015-03,2015,3,1,Home,North,36385,629,3259,2,57.85,183,0
2015-03,2015,3,1,Home,South,41099,680,3892,1,60.44,159,0
2015-03,2015,3,1,Home,East,53798,670,6642,2,80.3,194,0
2015-03,2015,3,1,Home,West,40041,584,4697,1,68.56,146,0
2015-03,2015,3,1,Home,Central,37281,800,5165,1,46.6,96,0
2015-03,2015,3,1,Food,North,33742,431,1920,0,78.29,65,0
2015-03,2015,3,1,Food,South,33723,493,4013,2,68.4,98,0
2015-03,2015,3,1,Food,East,37487,469,2603,2,79.93,83,0
2015-03,2015,3,1,Food,West,30515,406,3364,2,75.16,100,0
2015-03,2015,3,1,Food,Central,34629,504,3564,0,68.71,148,0
2015-03,2015,3,1,Beauty,North,33164,337,1840,1,98.41,85,0
2015-03,2015,3,1,Beauty,South,32682,428,3949,1,76.36,66,0
2015-03,2015,3,1,Beauty,East,29313,502,3827,1,58.39,53,0
2015-03,2015,3,1,Beauty,West,23736,278,2662,0,85.38,70,0
2015-03,2015,3,1,Beauty,Central,31252,828,3117,1,37.74,87,0
2015-04,2015,4,2,Electronics,North,62119,1351,9301,3,45.98,219,0
2015-04,2015,4,2,Electronics,South,69749,3340,5036,2,20.88,867,0
2015-04,2015,4,2,Electronics,East,68367,1205,9702,2,56.74,289,0
2015-04,2015,4,2,Electronics,West,57822,591,7553,1,97.84,101,0
2015-04,2015,4,2,Electronics,Central,66608,2829,8458,3,23.54,317,0
2015-04,2015,4,2,Clothing,North,54360,549,5216,0,99.02,128,0
2015-04,2015,4,2,Clothing,South,45418,1513,2512,2,30.02,421,0
2015-04,2015,4,2,Clothing,East,47552,1122,2526,1,42.38,223,0
2015-04,2015,4,2,Clothing,West,41084,1395,4742,2,29.45,219,0
2015-04,2015,4,2,Clothing,Central,43003,1079,6100,2,39.85,206,0
2015-04,2015,4,2,Home,North,39497,501,3937,0,78.84,59,0
2015-04,2015,4,2,Home,South,37270,914,3805,2,40.78,263,0
2015-04,2015,4,2,Home,East,46296,478,2531,2,96.85,77,0
2015-04,2015,4,2,Home,West,36018,791,2841,3,45.53,109,0
2015-04,2015,4,2,Home,Central,44350,1320,3611,1,33.6,383,0
2015-04,2015,4,2,Food,North,38668,644,5479,2,60.04,93,0
2015-04,2015,4,2,Food,South,34905,389,2394,3,89.73,50,0
2015-04,2015,4,2,Food,East,41080,1790,5879,1,22.95,210,0
2015-04,2015,4,2,Food,West,26710,349,2653,1,76.53,93,0
2015-04,2015,4,2,Food,Central,37207,542,4174,2,68.65,68,0
2015-04,2015,4,2,Beauty,North,35403,384,4696,1,92.2,80,0
2015-04,2015,4,2,Beauty,South,31293,783,3362,1,39.97,121,0
2015-04,2015,4,2,Beauty,East,30088,558,4006,3,53.92,135,0
2015-04,2015,4,2,Beauty,West,25852,352,2710,2,73.44,70,0
2015-04,2015,4,2,Beauty,Central,27790,395,2805,3,70.35,78,0
2015-05,2015,5,2,Electronics,North,61301,748,8900,2,81.95,224,0
2015-05,2015,5,2,Electronics,South,57135,653,4597,2,87.5,161,0
2015-05,2015,5,2,Electronics,East,61378,1092,6681,3,56.21,288,0
2015-05,2015,5,2,Electronics,West,55452,971,5173,2,57.11,100,0
2015-05,2015,5,2,Electronics,Central,53488,593,3203,2,90.2,163,0
2015-05,2015,5,2,Clothing,North,51802,2124,6108,1,24.39,371,0
2015-05,2015,5,2,Clothing,South,35644,685,3605,1,52.04,121,0
2015-05,2015,5,2,Clothing,East,52763,1464,4171,1,36.04,228,0
2015-05,2015,5,2,Clothing,West,34472,407,2112,1,84.7,58,0
2015-05,2015,5,2,Clothing,Central,49809,911,3506,3,54.68,155,0
2015-05,2015,5,2,Home,North,49897,748,2732,0,66.71,75,0
2015-05,2015,5,2,Home,South,42021,871,3563,3,48.24,159,0
2015-05,2015,5,2,Home,East,40260,1755,3943,0,22.94,239,0
2015-05,2015,5,2,Home,West,38378,524,3491,1,73.24,94,0
2015-05,2015,5,2,Home,Central,41582,710,6226,0,58.57,153,0
2015-05,2015,5,2,Food,North,32601,481,3414,1,67.78,81,0
2015-05,2015,5,2,Food,South,35351,952,1863,1,37.13,260,0
2015-05,2015,5,2,Food,East,34844,479,5014,2,72.74,89,0
2015-05,2015,5,2,Food,West,35598,540,2119,3,65.92,150,0
2015-05,2015,5,2,Food,Central,30301,387,4532,1,78.3,54,0
2015-05,2015,5,2,Beauty,North,32684,1097,3842,2,29.79,259,0
2015-05,2015,5,2,Beauty,South,27254,1224,1413,2,22.27,335,0
2015-05,2015,5,2,Beauty,East,35662,432,5192,1,82.55,76,0
2015-05,2015,5,2,Beauty,West,27957,489,3519,4,57.17,129,0
2015-05,2015,5,2,Beauty,Central,29050,571,2425,1,50.88,60,0
2015-06,2015,6,2,Electronics,North,69445,3340,10241,2,20.79,543,0
2015-06,2015,6,2,Electronics,South,53671,1303,7115,3,41.19,276,0
2015-06,2015,6,2,Electronics,East,62068,899,6327,1,69.04,160,0
2015-06,2015,6,2,Electronics,West,48481,707,3772,0,68.57,109,0
2015-06,2015,6,2,Electronics,Central,62797,1903,5588,3,33.0,460,0
2015-06,2015,6,2,Clothing,North,54995,627,8214,2,87.71,107,0
2015-06,2015,6,2,Clothing,South,44457,610,5109,2,72.88,95,0
2015-06,2015,6,2,Clothing,East,43236,810,3062,3,53.38,187,0
2015-06,2015,6,2,Clothing,West,45064,901,6012,2,50.02,228,0
2015-06,2015,6,2,Clothing,Central,41995,1196,4873,2,35.11,328,0
2015-06,2015,6,2,Home,North,45727,597,4776,2,76.59,119,0
2015-06,2015,6,2,Home,South,36857,465,5506,2,79.26,110,0
2015-06,2015,6,2,Home,East,46991,871,6349,1,53.95,184,0
2015-06,2015,6,2,Home,West,33283,1174,2501,2,28.35,230,0
2015-06,2015,6,2,Home,Central,40537,1331,5968,3,30.46,183,0
2015-06,2015,6,2,Food,North,35896,700,4618,1,51.28,175,0
2015-06,2015,6,2,Food,South,33883,487,2035,2,69.57,83,0
2015-06,2015,6,2,Food,East,34734,422,2835,2,82.31,48,0
2015-06,2015,6,2,Food,West,39864,423,5446,0,94.24,43,0
2015-06,2015,6,2,Food,Central,34559,365,4006,2,94.68,92,0
2015-06,2015,6,2,Beauty,North,37779,393,4190,2,96.13,102,0
2015-06,2015,6,2,Beauty,South,34223,666,3165,3,51.39,193,0
2015-06,2015,6,2,Beauty,East,37206,547,5381,2,68.02,153,0
2015-06,2015,6,2,Beauty,West,24122,299,2928,1,80.68,87,0
2015-06,2015,6,2,Beauty,Central,33957,659,2284,1,51.53,166,0
2015-07,2015,7,3,Electronics,North,62893,2194,6893,1,28.67,318,0
2015-07,2015,7,3,Electronics,South,63076,1249,8478,2,50.5,239,0
2015-07,2015,7,3,Electronics,East,62431,1172,6511,1,53.27,285,0
2015-07,2015,7,3,Electronics,West,57821,678,5611,0,85.28,189,0
2015-07,2015,7,3,Electronics,Central,66841,1224,8987,1,54.61,163,0
2015-07,2015,7,3,Clothing,North,48865,917,3577,1,53.29,239,0
2015-07,2015,7,3,Clothing,South,50274,1353,4193,5,37.16,329,0
2015-07,2015,7,3,Clothing,East,52609,1322,6958,3,39.8,320,0
2015-07,2015,7,3,Clothing,West,45741,565,3457,3,80.96,162,0
2015-07,2015,7,3,Clothing,Central,40238,469,3437,1,85.8,105,0
2015-07,2015,7,3,Home,North,47279,1064,5435,3,44.44,226,0
2015-07,2015,7,3,Home,South,39347,739,2918,2,53.24,218,0
2015-07,2015,7,3,Home,East,49938,2339,6397,0,21.35,505,0
2015-07,2015,7,3,Home,West,34411,1600,3908,0,21.51,222,0
2015-07,2015,7,3,Home,Central,43028,620,2785,3,69.4,80,0
2015-07,2015,7,3,Food,North,39384,1042,4329,2,37.8,221,0
2015-07,2015,7,3,Food,South,34890,680,3823,1,51.31,75,0
2015-07,2015,7,3,Food,East,39680,714,4035,1,55.57,107,0
2015-07,2015,7,3,Food,West,27106,1247,3061,1,21.74,267,0
2015-07,2015,7,3,Food,Central,30109,338,2543,2,89.08,35,0
2015-07,2015,7,3,Beauty,North,33615,339,4265,0,99.16,34,0
2015-07,2015,7,3,Beauty,South,29441,637,2751,2,46.22,119,0
2015-07,2015,7,3,Beauty,East,36523,384,3461,1,95.11,102,0
2015-07,2015,7,3,Beauty,West,27778,768,3569,1,36.17,198,0
2015-07,2015,7,3,Beauty,Central,31718,1297,3695,1,24.45,298,0
2015-08,2015,8,3,Electronics,North,68404,1608,5360,1,42.54,185,0
2015-08,2015,8,3,Electronics,South,46561,883,5814,1,52.73,89,0
2015-08,2015,8,3,Electronics,East,54622,2689,5143,2,20.31,622,0
2015-08,2015,8,3,Electronics,West,57827,682,7462,1,84.79,190,0
2015-08,2015,8,3,Electronics,Central,60313,1138,6896,1,53.0,230,0
2015-08,2015,8,3,Clothing,North,49559,513,4130,1,96.61,91,0
2015-08,2015,8,3,Clothing,South,39969,1674,4487,2,23.88,489,0
2015-08,2015,8,3,Clothing,East,48146,491,4965,2,98.06,80,0
2015-08,2015,8,3,Clothing,West,40419,755,3191,2,53.54,105,0
2015-08,2015,8,3,Clothing,Central,47331,737,2996,1,64.22,109,0
2015-08,2015,8,3,Home,North,48340,762,6748,2,63.44,176,0
2015-08,2015,8,3,Home,South,37008,413,3166,3,89.61,52,0
2015-08,2015,8,3,Home,East,43310,882,5971,1,49.1,143,0
2015-08,2015,8,3,Home,West,38868,783,3150,2,49.64,164,0
2015-08,2015,8,3,Home,Central,41258,960,6188,2,42.98,172,0
2015-08,2015,8,3,Food,North,43196,758,6452,1,56.99,183,0
2015-08,2015,8,3,Food,South,28061,400,3148,0,70.15,119,0
2015-08,2015,8,3,Food,East,48467,1037,2487,3,46.74,234,0
2015-08,2015,8,3,Food,West,32800,679,3278,0,48.31,154,0
2015-08,2015,8,3,Food,Central,33450,999,2199,1,33.48,119,0
2015-08,2015,8,3,Beauty,North,36744,430,2201,2,85.45,109,0
2015-08,2015,8,3,Beauty,South,32389,330,4732,1,98.15,83,0
2015-08,2015,8,3,Beauty,East,36334,1068,3952,2,34.02,117,0
2015-08,2015,8,3,Beauty,West,28065,405,2931,2,69.3,57,0
2015-08,2015,8,3,Beauty,Central,30620,797,2753,2,38.42,87,0
2015-09,2015,9,3,Electronics,North,54802,757,5108,2,72.39,160,0
2015-09,2015,9,3,Electronics,South,63919,716,6901,4,89.27,85,0
2015-09,2015,9,3,Electronics,East,73661,3306,10921,3,22.28,430,0
2015-09,2015,9,3,Electronics,West,49240,585,4249,2,84.17,95,0
2015-09,2015,9,3,Electronics,Central,59738,823,7779,0,72.59,116,0
2015-09,2015,9,3,Clothing,North,46360,508,3351,1,91.26,108,0
2015-09,2015,9,3,Clothing,South,40405,435,4256,3,92.89,78,0
2015-09,2015,9,3,Clothing,East,45878,535,4795,2,85.75,66,0
2015-09,2015,9,3,Clothing,West,44447,1073,3971,1,41.42,129,0
2015-09,2015,9,3,Clothing,Central,45485,684,4467,1,66.5,108,0
2015-09,2015,9,3,Home,North,45630,806,4485,1,56.61,199,0
2015-09,2015,9,3,Home,South,36492,472,2234,1,77.31,134,0
2015-09,2015,9,3,Home,East,44207,866,3816,2,51.05,185,0
2015-09,2015,9,3,Home,West,38928,802,2233,2,48.54,177,0
2015-09,2015,9,3,Home,Central,41599,2067,3338,2,20.13,210,0
2015-09,2015,9,3,Food,North,42372,2062,4203,1,20.55,451,0
2015-09,2015,9,3,Food,South,30062,441,3000,1,68.17,110,0
2015-09,2015,9,3,Food,East,30409,370,2174,1,82.19,81,0
2015-09,2015,9,3,Food,West,28778,322,2472,4,89.37,55,0
2015-09,2015,9,3,Food,Central,31413,329,4694,2,95.48,77,0
2015-09,2015,9,3,Beauty,North,29557,503,2913,0,58.76,109,0
2015-09,2015,9,3,Beauty,South,29414,742,2025,1,39.64,208,0
2015-09,2015,9,3,Beauty,East,32236,332,2817,2,97.1,84,0
2015-09,2015,9,3,Beauty,West,25663,284,3090,0,90.36,63,0
2015-09,2015,9,3,Beauty,Central,28958,377,3723,1,76.81,66,0
2015-10,2015,10,4,Electronics,North,81605,819,11574,1,99.64,122,0
2015-10,2015,10,4,Electronics,South,60347,646,3684,3,93.42,129,0
2015-10,2015,10,4,Electronics,East,66526,805,8971,0,82.64,187,0
2015-10,2015,10,4,Electronics,West,54912,615,7597,4,89.29,99,0
2015-10,2015,10,4,Electronics,Central,64825,743,4377,2,87.25,169,0
2015-10,2015,10,4,Clothing,North,47170,561,4927,2,84.08,65,0
2015-10,2015,10,4,Clothing,South,52045,1915,7086,1,27.18,279,0
2015-10,2015,10,4,Clothing,East,44266,1609,5417,1,27.51,199,0
2015-10,2015,10,4,Clothing,West,41758,1244,4525,2,33.57,186,0
2015-10,2015,10,4,Clothing,Central,43890,460,2701,1,95.41,123,0
2015-10,2015,10,4,Home,North,44983,786,5602,1,57.23,167,0
2015-10,2015,10,4,Home,South,38633,1139,4878,0,33.92,259,0
2015-10,2015,10,4,Home,East,44141,1627,5082,0,27.13,180,0
2015-10,2015,10,4,Home,West,33448,1212,3529,0,27.6,229,0
2015-10,2015,10,4,Home,Central,40731,752,5105,2,54.16,210,0
2015-10,2015,10,4,Food,North,26626,475,1541,1,56.05,138,0
2015-10,2015,10,4,Food,South,36770,578,3110,0,63.62,134,0
2015-10,2015,10,4,Food,East,38173,832,4712,2,45.88,94,0
2015-10,2015,10,4,Food,West,28030,1317,2606,3,21.28,357,0
2015-10,2015,10,4,Food,Central,30336,805,1965,1,37.68,119,0
2015-10,2015,10,4,Beauty,North,32535,400,1771,1,81.34,100,0
2015-10,2015,10,4,Beauty,South,30060,1299,1984,0,23.14,346,0
2015-10,2015,10,4,Beauty,East,36035,840,3458,1,42.9,224,0
2015-10,2015,10,4,Beauty,West,28410,300,1478,0,94.7,86,0
2015-10,2015,10,4,Beauty,Central,35656,534,2031,3,66.77,66,0
2015-11,2015,11,4,Electronics,North,172467,1791,23352,1,96.3,239,0
2015-11,2015,11,4,Electronics,South,137514,2456,8668,1,55.99,649,0
2015-11,2015,11,4,Electronics,East,176893,4398,25859,1,40.22,1225,0
2015-11,2015,11,4,Electronics,West,127345,3922,11214,1,32.47,401,0
2015-11,2015,11,4,Electronics,Central,130134,6031,10983,1,21.58,963,0
2015-11,2015,11,4,Clothing,North,107320,3730,15968,1,28.77,912,0
2015-11,2015,11,4,Clothing,South,76319,1083,10460,2,70.47,200,0
2015-11,2015,11,4,Clothing,East,113475,1156,7922,1,98.16,317,0
2015-11,2015,11,4,Clothing,West,96466,1608,6153,1,59.99,258,0
2015-11,2015,11,4,Clothing,Central,104440,1261,13502,2,82.82,175,0
2015-11,2015,11,4,Home,North,107989,1214,11778,1,88.95,284,0
2015-11,2015,11,4,Home,South,106312,1205,7018,2,88.23,248,0
2015-11,2015,11,4,Home,East,109835,2099,16042,2,52.33,599,0
2015-11,2015,11,4,Home,West,88110,1220,5739,2,72.22,357,0
2015-11,2015,11,4,Home,Central,97953,1168,7652,2,83.86,324,0
2015-11,2015,11,4,Food,North,88306,947,10626,0,93.25,194,0
2015-11,2015,11,4,Food,South,81060,1074,6374,1,75.47,241,0
2015-11,2015,11,4,Food,East,97669,1006,6683,2,97.09,136,0
2015-11,2015,11,4,Food,West,81662,2452,8303,1,33.3,595,0
2015-11,2015,11,4,Food,Central,77416,944,5680,0,82.01,228,0
2015-11,2015,11,4,Beauty,North,99869,1324,13068,1,75.43,296,0
2015-11,2015,11,4,Beauty,South,72241,1105,8223,2,65.38,259,0
2015-11,2015,11,4,Beauty,East,66794,2704,5428,0,24.7,336,0
2015-11,2015,11,4,Beauty,West,67000,1240,5534,2,54.03,236,0
2015-11,2015,11,4,Beauty,Central,72494,1627,7718,3,44.56,330,0
2015-12,2015,12,4,Electronics,North,192007,4633,23673,3,41.44,1241,0
2015-12,2015,12,4,Electronics,South,129606,2469,13071,3,52.49,537,0
2015-12,2015,12,4,Electronics,East,162592,6131,21128,1,26.52,1557,0
2015-12,2015,12,4,Electronics,West,109792,4505,14989,3,24.37,561,0
2015-12,2015,12,4,Electronics,Central,124673,1956,17839,1,63.74,360,0
2015-12,2015,12,4,Clothing,North,133241,1374,8675,2,96.97,179,0
2015-12,2015,12,4,Clothing,South,119458,1475,17416,1,80.99,219,0
2015-12,2015,12,4,Clothing,East,130770,1919,12393,1,68.14,446,0
2015-12,2015,12,4,Clothing,West,110098,3359,13944,0,32.78,986,0
2015-12,2015,12,4,Clothing,Central,101298,1228,12816,1,82.49,174,0
2015-12,2015,12,4,Home,North,132249,1526,14369,1,86.66,447,0
2015-12,2015,12,4,Home,South,96358,1619,12753,2,59.52,200,0
2015-12,2015,12,4,Home,East,106975,1509,14313,0,70.89,410,0
2015-12,2015,12,4,Home,West,85560,1078,5415,0,79.37,180,0
2015-12,2015,12,4,Home,Central,98013,2253,7461,2,43.5,305,0
2015-12,2015,12,4,Food,North,119393,1497,16339,0,79.75,447,0
2015-12,2015,12,4,Food,South,80074,1498,6826,1,53.45,282,0
2015-12,2015,12,4,Food,East,97931,1327,8757,3,73.8,144,0
2015-12,2015,12,4,Food,West,71740,972,8184,2,73.81,144,0
2015-12,2015,12,4,Food,Central,90963,2388,12379,2,38.09,698,0
2015-12,2015,12,4,Beauty,North,89201,892,6064,0,100.0,194,0
2015-12,2015,12,4,Beauty,South,66169,1807,6012,3,36.62,495,0
2015-12,2015,12,4,Beauty,East,94537,1070,11528,1,88.35,259,0
2015-12,2015,12,4,Beauty,West,68592,1430,3441,4,47.97,428,0
2015-12,2015,12,4,Beauty,Central,68430,1408,4733,1,48.6,307,0
2016-01,2016,1,1,Electronics,North,53211,563,6048,2,94.51,125,0
2016-01,2016,1,1,Electronics,South,35948,568,3008,3,63.29,169,0
2016-01,2016,1,1,Electronics,East,46679,575,2343,1,81.18,100,0
2016-01,2016,1,1,Electronics,West,33343,383,3833,1,87.06,104,0
2016-01,2016,1,1,Electronics,Central,43470,440,2983,2,98.8,112,0
2016-01,2016,1,1,Clothing,North,33018,353,3833,1,93.54,75,0
2016-01,2016,1,1,Clothing,South,27799,380,1698,3,73.16,63,0
2016-01,2016,1,1,Clothing,East,38214,590,5188,0,64.77,150,0
2016-01,2016,1,1,Clothing,West,33220,520,1779,1,63.88,73,0
2016-01,2016,1,1,Clothing,Central,41062,1050,5504,2,39.11,246,0
2016-01,2016,1,1,Home,North,32049,1331,2072,3,24.08,305,0
2016-01,2016,1,1,Home,South,29729,808,2244,1,36.79,219,0
2016-01,2016,1,1,Home,East,32502,338,2391,3,96.16,55,0
2016-01,2016,1,1,Home,West,28042,311,1943,1,90.17,48,0
2016-01,2016,1,1,Home,Central,25293,280,3118,4,90.33,59,0
2016-01,2016,1,1,Food,North,29303,368,2666,2,79.63,51,0
2016-01,2016,1,1,Food,South,21605,577,1927,1,37.44,58,0
2016-01,2016,1,1,Food,East,36158,1591,3829,2,22.73,417,0
2016-01,2016,1,1,Food,West,26871,646,3016,2,41.6,104,0
2016-01,2016,1,1,Food,Central,22363,300,1589,3,74.54,79,0
2016-01,2016,1,1,Beauty,North,21016,233,1983,3,90.2,33,0
2016-01,2016,1,1,Beauty,South,17116,250,2377,3,68.46,43,0
2016-01,2016,1,1,Beauty,East,24884,256,3149,0,97.2,71,0
2016-01,2016,1,1,Beauty,West,20762,319,3056,1,65.08,94,0
2016-01,2016,1,1,Beauty,Central,23240,715,2173,2,32.5,179,0
2016-02,2016,2,1,Electronics,North,44971,539,4497,1,83.43,128,0
2016-02,2016,2,1,Electronics,South,45220,2242,4052,4,20.17,361,0
2016-02,2016,2,1,Electronics,East,49449,565,2687,1,87.52,72,0
2016-02,2016,2,1,Electronics,West,41271,783,5832,0,52.71,89,0
2016-02,2016,2,1,Electronics,Central,45650,531,5298,2,85.97,64,0
2016-02,2016,2,1,Clothing,North,35001,494,2825,3,70.85,108,0
2016-02,2016,2,1,Clothing,South,33126,846,4766,2,39.16,152,0
2016-02,2016,2,1,Clothing,East,37823,680,3488,1,55.62,177,0
2016-02,2016,2,1,Clothing,West,30022,622,4463,0,48.27,89,0
2016-02,2016,2,1,Clothing,Central,30245,422,2117,1,71.67,44,0
2016-02,2016,2,1,Home,North,26674,625,1731,0,42.68,157,0
2016-02,2016,2,1,Home,South,23495,600,1993,2,39.16,157,0
2016-02,2016,2,1,Home,East,29411,1024,2127,3,28.72,166,0
2016-02,2016,2,1,Home,West,28768,339,2149,0,84.86,78,0
2016-02,2016,2,1,Home,Central,25957,303,1767,1,85.67,84,0
2016-02,2016,2,1,Food,North,27797,910,3182,2,30.55,200,0
2016-02,2016,2,1,Food,South,25909,344,1415,3,75.32,35,0
2016-02,2016,2,1,Food,East,33009,1163,4610,1,28.38,336,0
2016-02,2016,2,1,Food,West,22083,310,1797,1,71.24,75,0
2016-02,2016,2,1,Food,Central,25323,353,2836,1,71.74,58,0
2016-02,2016,2,1,Beauty,North,29075,857,2933,2,33.93,136,0
2016-02,2016,2,1,Beauty,South,24345,264,2842,1,92.22,44,0
2016-02,2016,2,1,Beauty,East,27016,524,1978,3,51.56,69,0
2016-02,2016,2,1,Beauty,West,23013,591,2118,0,38.94,140,0
2016-02,2016,2,1,Beauty,Central,22350,285,1448,1,78.42,78,0
2016-03,2016,3,1,Electronics,North,66844,811,7606,1,82.42,167,0
2016-03,2016,3,1,Electronics,South,54620,622,4639,1,87.81,72,0
2016-03,2016,3,1,Electronics,East,56733,937,7901,0,60.55,175,0
2016-03,2016,3,1,Electronics,West,49394,1131,6229,4,43.67,213,0
2016-03,2016,3,1,Electronics,Central,62564,636,7625,3,98.37,169,0
2016-03,2016,3,1,Clothing,North,44012,474,4699,1,92.85,100,0
2016-03,2016,3,1,Clothing,South,50285,531,4492,0,94.7,122,0
2016-03,2016,3,1,Clothing,East,60166,784,6020,3,76.74,197,0
2016-03,2016,3,1,Clothing,West,42603,1927,2910,2,22.11,515,0
2016-03,2016,3,1,Clothing,Central,41037,1411,4572,1,29.08,144,0
2016-03,2016,3,1,Home,North,42923,1601,5898,3,26.81,479,0
2016-03,2016,3,1,Home,South,34691,852,1900,1,40.72,151,0
2016-03,2016,3,1,Home,East,49665,806,5875,2,61.62,201,0
2016-03,2016,3,1,Home,West,30500,307,1586,2,99.35,66,0
2016-03,2016,3,1,Home,Central,37580,746,5237,3,50.38,149,0
2016-03,2016,3,1,Food,North,45227,621,4359,0,72.83,170,0
2016-03,2016,3,1,Food,South,35906,467,1828,0,76.89,109,0
2016-03,2016,3,1,Food,East,45407,661,2295,2,68.69,148,0
2016-03,2016,3,1,Food,West,37180,1461,3101,1,25.45,369,0
2016-03,2016,3,1,Food,Central,30792,952,3381,2,32.34,266,0
2016-03,2016,3,1,Beauty,North,42937,454,3439,2,94.57,58,0
2016-03,2016,3,1,Beauty,South,32022,594,1767,2,53.91,158,0
2016-03,2016,3,1,Beauty,East,32987,577,4801,2,57.17,90,0
2016-03,2016,3,1,Beauty,West,29278,572,4082,3,51.19,114,0
2016-03,2016,3,1,Beauty,Central,36086,371,3650,2,97.27,46,0
2016-04,2016,4,2,Electronics,North,76798,888,9448,2,86.48,200,0
2016-04,2016,4,2,Electronics,South,65051,1664,3330,0,39.09,262,0
2016-04,2016,4,2,Electronics,East,65561,2447,8070,1,26.79,591,0
2016-04,2016,4,2,Electronics,West,62563,871,5513,1,71.83,111,0
2016-04,2016,4,2,Electronics,Central,65345,1401,4103,1,46.64,215,0
2016-04,2016,4,2,Clothing,North,54676,572,6811,0,95.59,97,0
2016-04,2016,4,2,Clothing,South,50681,730,4904,1,69.43,119,0
2016-04,2016,4,2,Clothing,East,52912,970,6517,1,54.55,280,0
2016-04,2016,4,2,Clothing,West,41738,425,4776,1,98.21,43,0
2016-04,2016,4,2,Clothing,Central,45651,520,3524,0,87.79,60,0
2016-04,2016,4,2,Home,North,40372,576,3576,0,70.09,112,0
2016-04,2016,4,2,Home,South,39423,1041,3001,0,37.87,201,0
2016-04,2016,4,2,Home,East,54067,2297,7837,1,23.54,670,0
2016-04,2016,4,2,Home,West,40951,526,5959,0,77.85,131,0
2016-04,2016,4,2,Home,Central,36779,381,3376,1,96.53,72,0
2016-04,2016,4,2,Food,North,44957,966,5581,2,46.54,241,0
2016-04,2016,4,2,Food,South,33220,420,4010,0,79.1,81,0
2016-04,2016,4,2,Food,East,47259,1005,2718,4,47.02,135,0
2016-04,2016,4,2,Food,West,27888,336,2080,1,83.0,63,0
2016-04,2016,4,2,Food,Central,37496,795,4742,2,47.16,183,0
2016-04,2016,4,2,Beauty,North,33940,497,3850,1,68.29,142,0
2016-04,2016,4,2,Beauty,South,29939,309,2887,2,96.89,38,0
2016-04,2016,4,2,Beauty,East,34218,1001,4096,0,34.18,131,0
2016-04,2016,4,2,Beauty,West,27516,342,1869,1,80.46,81,0
2016-04,2016,4,2,Beauty,Central,31051,704,4204,2,44.11,80,0
2016-05,2016,5,2,Electronics,North,62680,2314,7772,2,27.09,438,0
2016-05,2016,5,2,Electronics,South,59313,2258,5651,2,26.27,293,0
2016-05,2016,5,2,Electronics,East,76497,980,9190,1,78.06,291,0
2016-05,2016,5,2,Electronics,West,58702,1821,7607,1,32.24,526,0
2016-05,2016,5,2,Electronics,Central,63710,1884,6564,2,33.82,461,0
2016-05,2016,5,2,Clothing,North,49894,552,6178,0,90.39,110,0
2016-05,2016,5,2,Clothing,South,47343,478,6220,1,99.04,84,0
2016-05,2016,5,2,Clothing,East,60210,1000,3988,2,60.21,237,0
2016-05,2016,5,2,Clothing,West,46423,491,5523,2,94.55,71,0
2016-05,2016,5,2,Clothing,Central,42133,800,5544,1,52.67,131,0
2016-05,2016,5,2,Home,North,49929,605,5744,1,82.53,104,0
2016-05,2016,5,2,Home,South,42467,661,2305,1,64.25,162,0
2016-05,2016,5,2,Home,East,51620,628,7043,1,82.2,94,0
2016-05,2016,5,2,Home,West,40179,1081,2364,0,37.17,289,0
2016-05,2016,5,2,Home,Central,42126,612,4560,3,68.83,143,0
2016-05,2016,5,2,Food,North,41184,1375,2738,3,29.95,197,0
2016-05,2016,5,2,Food,South,38030,468,3142,1,81.26,92,0
2016-05,2016,5,2,Food,East,50343,573,5366,1,87.86,150,0
2016-05,2016,5,2,Food,West,28457,389,2099,2,73.15,43,0
2016-05,2016,5,2,Food,Central,36007,853,4431,1,42.21,108,0
2016-05,2016,5,2,Beauty,North,31682,352,3325,2,90.01,39,0
2016-05,2016,5,2,Beauty,South,34675,1095,3989,0,31.67,297,0
2016-05,2016,5,2,Beauty,East,30341,722,3116,2,42.02,139,0
2016-05,2016,5,2,Beauty,West,24992,353,3531,2,70.8,102,0
2016-05,2016,5,2,Beauty,Central,31244,402,2294,1,77.72,76,0
2016-06,2016,6,2,Electronics,North,68485,781,9687,2,87.69,186,0
2016-06,2016,6,2,Electronics,South,60075,887,8477,0,67.73,161,0
2016-06,2016,6,2,Electronics,East,74435,1662,7651,3,44.79,326,0
2016-06,2016,6,2,Electronics,West,49200,1401,4622,3,35.12,277,0
2016-06,2016,6,2,Electronics,Central,68095,1446,8329,3,47.09,367,0
2016-06,2016,6,2,Clothing,North,43548,713,5488,2,61.08,138,0
2016-06,2016,6,2,Clothing,South,45253,1398,4459,2,32.37,300,0
2016-06,2016,6,2,Clothing,East,54153,903,4980,1,59.97,219,0
2016-06,2016,6,2,Clothing,West,43018,567,5317,3,75.87,124,0
2016-06,2016,6,2,Clothing,Central,49681,1906,6979,0,26.07,299,0
2016-06,2016,6,2,Home,North,42122,920,2297,2,45.78,247,0
2016-06,2016,6,2,Home,South,37195,454,3728,0,81.93,80,0
2016-06,2016,6,2,Home,East,47735,2042,6859,0,23.38,420,0
2016-06,2016,6,2,Home,West,42372,1008,2633,1,42.04,123,0
2016-06,2016,6,2,Home,Central,38924,557,4774,3,69.88,67,0
2016-06,2016,6,2,Food,North,43289,634,2470,1,68.28,112,0
2016-06,2016,6,2,Food,South,34557,386,3604,1,89.53,99,0
2016-06,2016,6,2,Food,East,35110,1001,4444,0,35.07,235,0
2016-06,2016,6,2,Food,West,41541,518,4558,2,80.19,149,0
2016-06,2016,6,2,Food,Central,31920,415,3846,2,76.92,44,0
2016-06,2016,6,2,Beauty,North,36257,897,3000,0,40.42,100,0
2016-06,2016,6,2,Beauty,South,28818,939,3371,1,30.69,251,0
2016-06,2016,6,2,Beauty,East,39938,711,3404,1,56.17,198,0
2016-06,2016,6,2,Beauty,West,25364,275,2304,1,92.23,64,0
2016-06,2016,6,2,Beauty,Central,30719,803,2411,3,38.26,187,0
2016-07,2016,7,3,Electronics,North,64381,1524,7354,3,42.24,367,0
2016-07,2016,7,3,Electronics,South,62062,1782,4097,1,34.83,324,0
2016-07,2016,7,3,Electronics,East,64599,711,6931,1,90.86,108,0
2016-07,2016,7,3,Electronics,West,55742,851,8006,0,65.5,245,0
2016-07,2016,7,3,Electronics,Central,62685,712,4105,1,88.04,121,0
2016-07,2016,7,3,Clothing,North,58419,1108,6474,2,52.72,216,0
2016-07,2016,7,3,Clothing,South,46464,1975,3935,0,23.53,563,0
2016-07,2016,7,3,Clothing,East,52301,744,3333,2,70.3,118,0
2016-07,2016,7,3,Clothing,West,43513,1299,5210,0,33.5,232,0
2016-07,2016,7,3,Clothing,Central,43103,457,3311,2,94.32,96,0
2016-07,2016,7,3,Home,North,46686,837,4942,0,55.78,145,0
2016-07,2016,7,3,Home,South,38825,796,4878,1,48.78,238,0
2016-07,2016,7,3,Home,East,52787,1876,4901,1,28.14,548,0
2016-07,2016,7,3,Home,West,45507,856,6771,2,53.16,194,0
2016-07,2016,7,3,Home,Central,44320,634,4893,2,69.91,134,0
2016-07,2016,7,3,Food,North,40897,1115,4776,2,36.68,303,0
2016-07,2016,7,3,Food,South,40226,1427,4075,0,28.19,377,0
2016-07,2016,7,3,Food,East,42160,1098,2951,1,38.4,252,0
2016-07,2016,7,3,Food,West,32204,371,3613,3,86.8,58,0
2016-07,2016,7,3,Food,Central,34331,828,3377,0,41.46,192,0
2016-07,2016,7,3,Beauty,North,39731,869,2724,2,45.72,148,0
2016-07,2016,7,3,Beauty,South,31975,1220,1881,0,26.21,133,0
2016-07,2016,7,3,Beauty,East,34007,508,4911,3,66.94,131,0
2016-07,2016,7,3,Beauty,West,27156,751,3266,1,36.16,157,0
2016-07,2016,7,3,Beauty,Central,28709,344,3085,3,83.46,66,0
2016-08,2016,8,3,Electronics,North,69201,1836,4504,2,37.69,283,0
2016-08,2016,8,3,Electronics,South,58199,846,6647,2,68.79,132,0
2016-08,2016,8,3,Electronics,East,74430,2145,4850,0,34.7,268,0
2016-08,2016,8,3,Electronics,West,50342,673,5609,2,74.8,153,0
2016-08,2016,8,3,Electronics,Central,63344,2915,6836,0,21.73,691,0
2016-08,2016,8,3,Clothing,North,57783,1724,4388,3,33.52,478,0
2016-08,2016,8,3,Clothing,South,43490,690,3726,1,63.03,184,0
2016-08,2016,8,3,Clothing,East,51346,831,4039,0,61.79,204,0
2016-08,2016,8,3,Clothing,West,48292,558,2791,0,86.54,87,0
2016-08,2016,8,3,Clothing,Central,41419,793,2183,2,52.23,91,0
2016-08,2016,8,3,Home,North,46091,542,3337,1,85.04,109,0
2016-08,2016,8,3,Home,South,46716,590,6708,1,79.18,125,0
2016-08,2016,8,3,Home,East,53997,1973,6051,0,27.37,455,0
2016-08,2016,8,3,Home,West,36943,436,2793,1,84.73,82,0
2016-08,2016,8,3,Home,Central,49041,1090,6411,0,44.99,219,0
2016-08,2016,8,3,Food,North,30300,409,3275,1,74.08,113,0
2016-08,2016,8,3,Food,South,32571,1027,3039,2,31.71,209,0
2016-08,2016,8,3,Food,East,49893,643,5259,0,77.59,95,0
2016-08,2016,8,3,Food,West,35268,1485,5198,2,23.75,158,0
2016-08,2016,8,3,Food,Central,44970,2152,5631,2,20.9,250,0
2016-08,2016,8,3,Beauty,North,41396,425,3335,2,97.4,93,0
2016-08,2016,8,3,Beauty,South,31771,394,4603,2,80.64,60,0
2016-08,2016,8,3,Beauty,East,38881,1035,2566,3,37.57,219,0
2016-08,2016,8,3,Beauty,West,27256,330,3488,1,82.59,98,0
2016-08,2016,8,3,Beauty,Central,30146,350,3997,0,86.13,64,0
2016-09,2016,9,3,Electronics,North,55838,1400,8303,2,39.88,305,0
2016-09,2016,9,3,Electronics,South,65994,693,6489,3,95.23,85,0
2016-09,2016,9,3,Electronics,East,70116,1950,8976,1,35.96,234,0
2016-09,2016,9,3,Electronics,West,55626,1522,3094,2,36.55,330,0
2016-09,2016,9,3,Electronics,Central,82013,821,8375,2,99.89,234,0
2016-09,2016,9,3,Clothing,North,58990,1135,5582,2,51.97,278,0
2016-09,2016,9,3,Clothing,South,48195,488,6429,2,98.76,138,0
2016-09,2016,9,3,Clothing,East,48841,681,3908,5,71.72,127,0
2016-09,2016,9,3,Clothing,West,40287,1214,2109,1,33.19,266,0
2016-09,2016,9,3,Clothing,Central,53964,561,6656,1,96.19,141,0
2016-09,2016,9,3,Home,North,42772,966,5570,2,44.28,280,0
2016-09,2016,9,3,Home,South,36737,584,4730,1,62.91,172,0
2016-09,2016,9,3,Home,East,45671,821,3596,1,55.63,197,0
2016-09,2016,9,3,Home,West,38751,1427,4307,1,27.16,363,0
2016-09,2016,9,3,Home,Central,44246,644,4615,1,68.7,86,0
2016-09,2016,9,3,Food,North,41099,791,2490,1,51.96,207,0
2016-09,2016,9,3,Food,South,25503,436,2416,2,58.49,120,0
2016-09,2016,9,3,Food,East,42452,454,2619,2,93.51,122,0
2016-09,2016,9,3,Food,West,38427,665,4717,0,57.78,134,0
2016-09,2016,9,3,Food,Central,31084,321,2195,2,96.83,74,0
2016-09,2016,9,3,Beauty,North,45283,556,6696,2,81.44,105,0
2016-09,2016,9,3,Beauty,South,24610,1048,3189,1,23.48,225,0
2016-09,2016,9,3,Beauty,East,40357,1822,4215,1,22.15,376,0
2016-09,2016,9,3,Beauty,West,25467,416,1755,1,61.22,105,0
2016-09,2016,9,3,Beauty,Central,35144,579,4505,2,60.7,135,0
2016-10,2016,10,4,Electronics,North,77145,1932,6249,3,39.93,432,0
2016-10,2016,10,4,Electronics,South,63256,1191,7860,1,53.11,345,0
2016-10,2016,10,4,Electronics,East,80252,996,5924,1,80.57,229,0
2016-10,2016,10,4,Electronics,West,52731,1534,6178,1,34.37,211,0
2016-10,2016,10,4,Electronics,Central,65839,795,3377,0,82.82,161,0
2016-10,2016,10,4,Clothing,North,55143,1587,4442,2,34.75,411,0
2016-10,2016,10,4,Clothing,South,52238,832,4107,1,62.79,179,0
2016-10,2016,10,4,Clothing,East,46829,914,5206,2,51.24,264,0
2016-10,2016,10,4,Clothing,West,46190,601,5347,2,76.86,77,0
2016-10,2016,10,4,Clothing,Central,39520,1460,4188,2,27.07,434,0
2016-10,2016,10,4,Home,North,52771,579,4234,0,91.14,103,0
2016-10,2016,10,4,Home,South,38569,1071,3660,0,36.01,289,0
2016-10,2016,10,4,Home,East,40368,437,3565,2,92.38,113,0
2016-10,2016,10,4,Home,West,39040,845,3815,3,46.2,134,0
2016-10,2016,10,4,Home,Central,38214,864,4161,1,44.23,254,0
2016-10,2016,10,4,Food,North,39640,1398,5567,0,28.35,349,0
2016-10,2016,10,4,Food,South,37165,1102,2276,0,33.73,194,0
2016-10,2016,10,4,Food,East,39735,474,2394,1,83.83,80,0
2016-10,2016,10,4,Food,West,31816,466,2873,2,68.27,113,0
2016-10,2016,10,4,Food,Central,37917,392,1999,1,96.73,55,0
2016-10,2016,10,4,Beauty,North,32419,1599,1717,2,20.27,405,0
2016-10,2016,10,4,Beauty,South,30454,616,2679,2,49.44,141,0
2016-10,2016,10,4,Beauty,East,38266,556,3737,1,68.82,72,0
2016-10,2016,10,4,Beauty,West,25771,744,2053,1,34.64,199,0
2016-10,2016,10,4,Beauty,Central,31332,1023,2091,3,30.63,252,0
2016-11,2016,11,4,Electronics,North,168532,3579,16115,2,47.09,728,0
2016-11,2016,11,4,Electronics,South,149142,3724,11731,3,40.05,871,0
2016-11,2016,11,4,Electronics,East,145090,1565,17051,3,92.71,178,0
2016-11,2016,11,4,Electronics,West,113613,2392,11525,2,47.5,625,0
2016-11,2016,11,4,Electronics,Central,162787,2480,23450,1,65.64,448,0
2016-11,2016,11,4,Clothing,North,129540,4342,17727,0,29.83,1156,0
2016-11,2016,11,4,Clothing,South,108326,2500,7033,2,43.33,308,0
2016-11,2016,11,4,Clothing,East,128652,2814,7396,1,45.72,698,0
2016-11,2016,11,4,Clothing,West,98562,1433,10154,2,68.78,325,0
2016-11,2016,11,4,Clothing,Central,119370,5160,14430,3,23.13,1059,0
2016-11,2016,11,4,Home,North,122858,3679,8266,1,33.39,465,0
2016-11,2016,11,4,Home,South,94653,1165,13362,1,81.25,256,0
2016-11,2016,11,4,Home,East,100798,1422,7221,0,70.88,280,0
2016-11,2016,11,4,Home,West,84926,1477,7682,0,57.5,169,0
2016-11,2016,11,4,Home,Central,114173,1641,15463,3,69.58,171,0
2016-11,2016,11,4,Food,North,107400,2676,11372,2,40.13,785,0
2016-11,2016,11,4,Food,South,75330,912,7952,1,82.6,243,0
2016-11,2016,11,4,Food,East,88768,950,10687,0,93.44,138,0
2016-11,2016,11,4,Food,West,89981,1204,4500,1,74.74,146,0
2016-11,2016,11,4,Food,Central,83423,955,9098,2,87.35,127,0
2016-11,2016,11,4,Beauty,North,81905,1023,12014,1,80.06,183,0
2016-11,2016,11,4,Beauty,South,78327,1344,11602,2,58.28,308,0
2016-11,2016,11,4,Beauty,East,91396,955,6420,2,95.7,194,0
2016-11,2016,11,4,Beauty,West,70068,1239,7840,1,56.55,235,0
2016-11,2016,11,4,Beauty,Central,94065,1797,8664,0,52.35,517,0
2016-12,2016,12,4,Electronics,North,155048,6461,10689,3,24.0,1632,0
2016-12,2016,12,4,Electronics,South,149686,3937,16881,0,38.02,1143,0
2016-12,2016,12,4,Electronics,East,148746,3396,17801,2,43.8,997,0
2016-12,2016,12,4,Electronics,West,136392,3776,15930,1,36.12,737,0
2016-12,2016,12,4,Electronics,Central,161326,2531,11810,1,63.74,484,0
2016-12,2016,12,4,Clothing,North,132738,2119,16552,1,62.64,567,0
2016-12,2016,12,4,Clothing,South,93574,1348,13012,2,69.42,172,0
2016-12,2016,12,4,Clothing,East,122399,4564,15512,2,26.82,604,0
2016-12,2016,12,4,Clothing,West,112794,3271,11983,3,34.48,844,0
2016-12,2016,12,4,Clothing,Central,114897,3539,12246,1,32.47,793,0
2016-12,2016,12,4,Home,North,121196,1963,6572,0,61.74,504,0
2016-12,2016,12,4,Home,South,93258,4584,9314,1,20.34,517,0
2016-12,2016,12,4,Home,East,118056,4014,6413,1,29.41,420,0
2016-12,2016,12,4,Home,West,121322,1283,13537,0,94.56,148,0
2016-12,2016,12,4,Home,Central,107657,2128,13985,2,50.59,364,0
2016-12,2016,12,4,Food,North,103731,1221,7066,1,84.96,244,0
2016-12,2016,12,4,Food,South,87438,1277,9313,1,68.47,161,0
2016-12,2016,12,4,Food,East,124891,2871,6968,1,43.5,295,0
2016-12,2016,12,4,Food,West,73683,1013,7663,2,72.74,148,0
2016-12,2016,12,4,Food,Central,85162,969,8851,2,87.89,255,0
2016-12,2016,12,4,Beauty,North,79839,2886,8184,1,27.66,628,0
2016-12,2016,12,4,Beauty,South,69886,785,9085,1,89.03,89,0
2016-12,2016,12,4,Beauty,East,99833,2232,13510,1,44.73,577,0
2016-12,2016,12,4,Beauty,West,66569,2557,4592,2,26.03,582,0
2016-12,2016,12,4,Beauty,Central,85799,932,8365,3,92.06,183,0
2017-01,2017,1,1,Electronics,North,50161,647,4176,2,77.53,66,0
2017-01,2017,1,1,Electronics,South,44089,1809,6437,1,24.37,372,0
2017-01,2017,1,1,Electronics,East,39339,427,3178,1,92.13,81,0
2017-01,2017,1,1,Electronics,West,41251,629,3452,2,65.58,153,0
2017-01,2017,1,1,Electronics,Central,53209,920,5590,3,57.84,160,0
2017-01,2017,1,1,Clothing,North,43241,996,5691,1,43.41,212,0
2017-01,2017,1,1,Clothing,South,34707,381,4622,2,91.09,68,0
2017-01,2017,1,1,Clothing,East,42683,493,4459,1,86.58,89,0
2017-01,2017,1,1,Clothing,West,36374,575,3592,1,63.26,159,0
2017-01,2017,1,1,Clothing,Central,35313,426,4960,2,82.89,50,0
2017-01,2017,1,1,Home,North,33213,593,3608,1,56.01,135,0
2017-01,2017,1,1,Home,South,23504,474,1506,2,49.59,60,0
2017-01,2017,1,1,Home,East,34378,459,4620,1,74.9,53,0
2017-01,2017,1,1,Home,West,33152,1439,3427,1,23.04,221,0
2017-01,2017,1,1,Home,Central,31279,648,2734,2,48.27,154,0
2017-01,2017,1,1,Food,North,24361,354,3244,0,68.82,59,0
2017-01,2017,1,1,Food,South,23428,433,1563,2,54.11,74,0
2017-01,2017,1,1,Food,East,25520,672,1506,2,37.98,74,0
2017-01,2017,1,1,Food,West,28816,609,4093,2,47.32,107,0
2017-01,2017,1,1,Food,Central,23906,1139,2184,0,20.99,218,0
2017-01,2017,1,1,Beauty,North,27609,535,2093,2,51.61,142,0
2017-01,2017,1,1,Beauty,South,22015,620,2213,1,35.51,178,0
2017-01,2017,1,1,Beauty,East,25266,390,3684,1,64.78,63,0
2017-01,2017,1,1,Beauty,West,18050,577,1328,2,31.28,159,0
2017-01,2017,1,1,Beauty,Central,22405,254,2061,2,88.21,73,0
2017-02,2017,2,1,Electronics,North,45459,544,4861,1,83.56,62,0
2017-02,2017,2,1,Electronics,South,44517,664,4286,1,67.04,189,0
2017-02,2017,2,1,Electronics,East,54966,559,5570,1,98.33,129,0
2017-02,2017,2,1,Electronics,West,44817,459,4129,0,97.64,105,0
2017-02,2017,2,1,Electronics,Central,43781,603,2305,2,72.61,176,0
2017-02,2017,2,1,Clothing,North,40729,410,2431,0,99.34,100,0
2017-02,2017,2,1,Clothing,South,32359,722,3033,1,44.82,153,0
2017-02,2017,2,1,Clothing,East,35016,1272,4379,2,27.53,319,0
2017-02,2017,2,1,Clothing,West,29941,1150,3887,1,26.04,136,0
2017-02,2017,2,1,Clothing,Central,27213,416,3743,2,65.42,45,0
2017-02,2017,2,1,Home,North,27533,298,1425,1,92.39,88,0
2017-02,2017,2,1,Home,South,33003,569,2077,2,58.0,108,0
2017-02,2017,2,1,Home,East,39543,425,4864,3,93.04,86,0
2017-02,2017,2,1,Home,West,24215,303,3273,1,79.92,77,0
2017-02,2017,2,1,Home,Central,31641,448,4613,2,70.63,50,0
2017-02,2017,2,1,Food,North,35588,1599,2982,2,22.26,267,0
2017-02,2017,2,1,Food,South,27082,788,3934,1,34.37,154,0
2017-02,2017,2,1,Food,East,31960,1308,4474,2,24.43,319,0
2017-02,2017,2,1,Food,West,26187,286,2064,1,91.56,31,0
2017-02,2017,2,1,Food,Central,28444,738,2133,1,38.54,76,0
2017-02,2017,2,1,Beauty,North,22744,508,1869,1,44.77,105,0
2017-02,2017,2,1,Beauty,South,22157,432,1512,1,51.29,69,0
2017-02,2017,2,1,Beauty,East,25748,709,3046,0,36.32,188,0
2017-02,2017,2,1,Beauty,West,18477,697,2138,3,26.51,205,0
2017-02,2017,2,1,Beauty,Central,23427,585,2139,3,40.05,130,0
2017-03,2017,3,1,Electronics,North,67717,1575,5299,3,42.99,296,0
2017-03,2017,3,1,Electronics,South,66167,2723,8023,2,24.3,732,0
2017-03,2017,3,1,Electronics,East,82547,1323,5622,1,62.39,202,0
2017-03,2017,3,1,Electronics,West,59429,1582,4709,1,37.57,323,0
2017-03,2017,3,1,Electronics,Central,73107,864,4770,0,84.61,182,0
2017-03,2017,3,1,Clothing,North,56566,2801,8419,2,20.19,787,0
2017-03,2017,3,1,Clothing,South,44222,505,3103,2,87.57,132,0
2017-03,2017,3,1,Clothing,East,65851,726,7370,0,90.7,201,0
2017-03,2017,3,1,Clothing,West,45850,463,3311,1,99.03,73,0
2017-03,2017,3,1,Clothing,Central,45288,603,5985,4,75.1,67,0
2017-03,2017,3,1,Home,North,47554,693,4607,2,68.62,111,0
2017-03,2017,3,1,Home,South,45138,568,2932,2,79.47,143,0
2017-03,2017,3,1,Home,East,48232,623,3442,2,77.42,94,0
2017-03,2017,3,1,Home,West,40360,945,3083,3,42.71,147,0
2017-03,2017,3,1,Home,Central,47063,984,5733,2,47.83,260,0
2017-03,2017,3,1,Food,North,40202,509,5210,0,78.98,76,0
2017-03,2017,3,1,Food,South,35512,792,5252,1,44.84,123,0
2017-03,2017,3,1,Food,East,48210,771,5120,3,62.53,134,0
2017-03,2017,3,1,Food,West,35899,373,3601,2,96.24,41,0
2017-03,2017,3,1,Food,Central,44089,645,5762,3,68.36,175,0
2017-03,2017,3,1,Beauty,North,31969,373,4674,3,85.71,101,0
2017-03,2017,3,1,Beauty,South,29970,437,1960,1,68.58,89,0
2017-03,2017,3,1,Beauty,East,40024,700,5693,2,57.18,158,0
2017-03,2017,3,1,Beauty,West,30858,427,4533,2,72.27,112,0
2017-03,2017,3,1,Beauty,Central,36013,914,3752,3,39.4,257,0
2017-04,2017,4,2,Electronics,North,63849,2817,8978,2,22.67,731,0
2017-04,2017,4,2,Electronics,South,66602,988,7102,2,67.41,208,0
2017-04,2017,4,2,Electronics,East,77085,898,5294,1,85.84,93,0
2017-04,2017,4,2,Electronics,West,57255,2112,6044,1,27.11,626,0
2017-04,2017,4,2,Electronics,Central,64593,1344,9262,1,48.06,305,0
2017-04,2017,4,2,Clothing,North,56692,746,8214,1,75.99,214,0
2017-04,2017,4,2,Clothing,South,46931,1347,5825,2,34.84,168,0
2017-04,2017,4,2,Clothing,East,60220,689,5007,2,87.4,195,0
2017-04,2017,4,2,Clothing,West,40267,1522,4628,2,26.46,213,0
2017-04,2017,4,2,Clothing,Central,51911,703,4328,0,73.84,132,0
2017-04,2017,4,2,Home,North,45522,884,3179,2,51.5,204,0
2017-04,2017,4,2,Home,South,32433,696,1925,2,46.6,151,0
2017-04,2017,4,2,Home,East,47512,921,4525,0,51.59,160,0
2017-04,2017,4,2,Home,West,35788,582,4810,1,61.49,141,0
2017-04,2017,4,2,Home,Central,47672,476,2737,1,100.15,123,0
2017-04,2017,4,2,Food,North,42328,460,4313,2,92.02,120,0
2017-04,2017,4,2,Food,South,33199,903,2720,2,36.77,196,0
2017-04,2017,4,2,Food,East,31752,376,3161,3,84.45,77,0
2017-04,2017,4,2,Food,West,36307,944,4525,3,38.46,276,0
2017-04,2017,4,2,Food,Central,45018,908,4039,1,49.58,155,0
2017-04,2017,4,2,Beauty,North,31359,1150,3235,2,27.27,161,0
2017-04,2017,4,2,Beauty,South,30191,1028,2142,2,29.37,243,0
2017-04,2017,4,2,Beauty,East,37658,525,2316,1,71.73,133,0
2017-04,2017,4,2,Beauty,West,29537,555,4349,2,53.22,59,0
2017-04,2017,4,2,Beauty,Central,28298,785,3590,1,36.05,192,0
2017-05,2017,5,2,Electronics,North,61569,900,4196,2,68.41,185,0
2017-05,2017,5,2,Electronics,South,56947,823,3192,2,69.19,92,0
2017-05,2017,5,2,Electronics,East,73035,1564,8160,1,46.7,223,0
2017-05,2017,5,2,Electronics,West,62396,753,9282,1,82.86,105,0
2017-05,2017,5,2,Electronics,Central,68845,2521,7945,2,27.31,506,0
2017-05,2017,5,2,Clothing,North,48972,560,5449,0,87.45,119,0
2017-05,2017,5,2,Clothing,South,43876,539,5804,3,81.4,133,0
2017-05,2017,5,2,Clothing,East,57372,1298,8224,2,44.2,305,0
2017-05,2017,5,2,Clothing,West,42546,2117,2672,2,20.1,362,0
2017-05,2017,5,2,Clothing,Central,53652,1371,7929,0,39.13,149,0
2017-05,2017,5,2,Home,North,54318,1351,5763,0,40.21,288,0
2017-05,2017,5,2,Home,South,39788,1772,5375,2,22.45,252,0
2017-05,2017,5,2,Home,East,60223,955,7224,2,63.06,277,0
2017-05,2017,5,2,Home,West,35189,430,3157,2,81.83,114,0
2017-05,2017,5,2,Home,Central,43928,472,4582,2,93.07,127,0
2017-05,2017,5,2,Food,North,43688,446,6378,2,97.96,66,0
2017-05,2017,5,2,Food,South,33438,445,3050,3,75.14,56,0
2017-05,2017,5,2,Food,East,37179,693,4003,0,53.65,94,0
2017-05,2017,5,2,Food,West,36937,560,3021,2,65.96,141,0
2017-05,2017,5,2,Food,Central,38411,492,3952,2,78.07,99,0
2017-05,2017,5,2,Beauty,North,39816,430,5775,2,92.6,96,0
2017-05,2017,5,2,Beauty,South,32393,507,1801,1,63.89,87,0
2017-05,2017,5,2,Beauty,East,39940,1336,4813,2,29.9,280,0
2017-05,2017,5,2,Beauty,West,32529,449,2661,2,72.45,57,0
2017-05,2017,5,2,Beauty,Central,33968,361,2836,2,94.09,101,0
2017-06,2017,6,2,Electronics,North,77411,858,9020,1,90.22,247,0
2017-06,2017,6,2,Electronics,South,57109,1119,2889,0,51.04,309,0
2017-06,2017,6,2,Electronics,East,72665,2490,9310,0,29.18,325,0
2017-06,2017,6,2,Electronics,West,62659,937,3545,2,66.87,231,0
2017-06,2017,6,2,Electronics,Central,75181,823,8991,2,91.35,107,0
2017-06,2017,6,2,Clothing,North,54162,1434,4360,2,37.77,219,0
2017-06,2017,6,2,Clothing,South,53616,546,3395,0,98.2,70,0
2017-06,2017,6,2,Clothing,East,45410,2048,3469,2,22.17,413,0
2017-06,2017,6,2,Clothing,West,44485,1145,5574,1,38.85,128,0
2017-06,2017,6,2,Clothing,Central,48928,2170,7042,1,22.55,623,0
2017-06,2017,6,2,Home,North,40929,461,2164,1,88.78,101,0
2017-06,2017,6,2,Home,South,40679,965,5081,2,42.15,144,0
2017-06,2017,6,2,Home,East,54911,1631,3105,1,33.67,299,0
2017-06,2017,6,2,Home,West,44030,1959,4143,2,22.48,411,0
2017-06,2017,6,2,Home,Central,38441,415,2950,0,92.63,113,0
2017-06,2017,6,2,Food,North,42027,555,2577,2,75.72,100,0
2017-06,2017,6,2,Food,South,38912,545,5148,1,71.4,128,0
2017-06,2017,6,2,Food,East,41552,519,5728,4,80.06,96,0
2017-06,2017,6,2,Food,West,33566,346,1733,2,97.01,52,0
2017-06,2017,6,2,Food,Central,34426,414,3880,1,83.15,85,0
2017-06,2017,6,2,Beauty,North,36831,823,4020,2,44.75,195,0
2017-06,2017,6,2,Beauty,South,31451,498,4455,3,63.15,106,0
2017-06,2017,6,2,Beauty,East,30136,401,1955,0,75.15,59,0
2017-06,2017,6,2,Beauty,West,33135,617,3030,1,53.7,90,0
2017-06,2017,6,2,Beauty,Central,27147,478,1363,2,56.79,75,0
2017-07,2017,7,3,Electronics,North,72027,1373,7240,2,52.46,140,0
2017-07,2017,7,3,Electronics,South,59227,1387,5305,0,42.7,325,0
2017-07,2017,7,3,Electronics,East,80240,1793,11367,0,44.75,345,0
2017-07,2017,7,3,Electronics,West,65326,1653,6070,2,39.52,184,0
2017-07,2017,7,3,Electronics,Central,61234,1043,8223,2,58.71,131,0
2017-07,2017,7,3,Clothing,North,49868,596,4776,2,83.67,177,0
2017-07,2017,7,3,Clothing,South,50612,952,4928,1,53.16,281,0
2017-07,2017,7,3,Clothing,East,54780,1023,7844,1,53.55,299,0
2017-07,2017,7,3,Clothing,West,53767,643,3041,0,83.62,138,0
2017-07,2017,7,3,Clothing,Central,58769,636,8254,1,92.4,154,0
2017-07,2017,7,3,Home,North,46363,1802,2727,2,25.73,440,0
2017-07,2017,7,3,Home,South,38333,730,3072,2,52.51,137,0
2017-07,2017,7,3,Home,East,44582,644,2332,1,69.23,115,0
2017-07,2017,7,3,Home,West,40363,1118,2745,1,36.1,301,0
2017-07,2017,7,3,Home,Central,42172,519,5058,1,81.26,120,0
2017-07,2017,7,3,Food,North,46322,1370,3933,1,33.81,381,0
2017-07,2017,7,3,Food,South,40090,902,3902,0,44.45,151,0
2017-07,2017,7,3,Food,East,44592,630,3320,2,70.78,66,0
2017-07,2017,7,3,Food,West,30726,634,2784,1,48.46,171,0
2017-07,2017,7,3,Food,Central,31460,485,2960,1,64.87,142,0
2017-07,2017,7,3,Beauty,North,35141,356,2412,1,98.71,35,0
2017-07,2017,7,3,Beauty,South,34641,807,2022,1,42.93,185,0
2017-07,2017,7,3,Beauty,East,36148,480,4278,2,75.31,94,0
2017-07,2017,7,3,Beauty,West,25513,676,2354,1,37.74,109,0
2017-07,2017,7,3,Beauty,Central,34377,837,3789,1,41.07,122,0
2017-08,2017,8,3,Electronics,North,79604,1451,11385,0,54.86,433,0
2017-08,2017,8,3,Electronics,South,54982,990,7031,2,55.54,142,0
2017-08,2017,8,3,Electronics,East,88544,1353,6156,2,65.44,180,0
2017-08,2017,8,3,Electronics,West,57303,653,7270,0,87.75,180,0
2017-08,2017,8,3,Electronics,Central,71043,1046,5541,0,67.92,293,0
2017-08,2017,8,3,Clothing,North,53486,737,7557,1,72.57,97,0
2017-08,2017,8,3,Clothing,South,52305,1668,4950,3,31.36,343,0
2017-08,2017,8,3,Clothing,East,56220,687,7392,1,81.83,154,0
2017-08,2017,8,3,Clothing,West,41124,908,4123,1,45.29,180,0
2017-08,2017,8,3,Clothing,Central,51611,1026,4223,2,50.3,103,0
2017-08,2017,8,3,Home,North,51393,649,3804,2,79.19,78,0
2017-08,2017,8,3,Home,South,39734,449,3669,1,88.49,45,0
2017-08,2017,8,3,Home,East,50048,845,3735,2,59.23,233,0
2017-08,2017,8,3,Home,West,46516,586,4968,3,79.38,127,0
2017-08,2017,8,3,Home,Central,40932,539,2227,2,75.94,138,0
2017-08,2017,8,3,Food,North,39450,937,4284,1,42.1,175,0
2017-08,2017,8,3,Food,South,40205,507,2173,1,79.3,149,0
2017-08,2017,8,3,Food,East,50314,1898,2749,1,26.51,290,0
2017-08,2017,8,3,Food,West,26416,628,3172,2,42.06,66,0
2017-08,2017,8,3,Food,Central,41023,528,3339,3,77.7,95,0
2017-08,2017,8,3,Beauty,North,39037,1488,4336,2,26.23,205,0
2017-08,2017,8,3,Beauty,South,31077,360,4070,2,86.33,92,0
2017-08,2017,8,3,Beauty,East,37411,687,5500,0,54.46,105,0
2017-08,2017,8,3,Beauty,West,29154,1312,3037,2,22.22,311,0
2017-08,2017,8,3,Beauty,Central,32451,611,4366,1,53.11,128,0
2017-09,2017,9,3,Electronics,North,73481,780,6131,2,94.21,185,0
2017-09,2017,9,3,Electronics,South,62554,1446,5610,1,43.26,173,0
2017-09,2017,9,3,Electronics,East,83088,1872,4262,1,44.38,349,0
2017-09,2017,9,3,Electronics,West,59439,956,5828,2,62.17,108,0
2017-09,2017,9,3,Electronics,Central,67563,1329,4800,1,50.84,285,0
2017-09,2017,9,3,Clothing,North,47294,811,6221,0,58.32,182,0
2017-09,2017,9,3,Clothing,South,44433,476,3885,0,93.35,48,0
2017-09,2017,9,3,Clothing,East,49073,1000,5806,1,49.07,236,0
2017-09,2017,9,3,Clothing,West,47541,2291,5442,3,20.75,446,0
2017-09,2017,9,3,Clothing,Central,54095,1032,4767,2,52.42,224,0
2017-09,2017,9,3,Home,North,51313,587,5595,0,87.42,75,0
2017-09,2017,9,3,Home,South,43775,1756,3768,1,24.93,526,0
2017-09,2017,9,3,Home,East,54927,1698,5992,0,32.35,206,0
2017-09,2017,9,3,Home,West,39732,530,3991,2,74.97,82,0
2017-09,2017,9,3,Home,Central,49373,526,2907,0,93.87,108,0
2017-09,2017,9,3,Food,North,43572,1022,6133,2,42.63,214,0
2017-09,2017,9,3,Food,South,32429,344,2856,1,94.27,89,0
2017-09,2017,9,3,Food,East,47585,1747,2828,2,27.24,175,0
2017-09,2017,9,3,Food,West,30384,595,4344,3,51.07,63,0
2017-09,2017,9,3,Food,Central,37247,397,2673,1,93.82,117,0
2017-09,2017,9,3,Beauty,North,41673,1869,3936,2,22.3,533,0
2017-09,2017,9,3,Beauty,South,31700,412,4125,0,76.94,64,0
2017-09,2017,9,3,Beauty,East,38876,1251,5224,2,31.08,283,0
2017-09,2017,9,3,Beauty,West,28165,454,4067,1,62.04,72,0
2017-09,2017,9,3,Beauty,Central,37911,676,4383,2,56.08,91,0
2017-10,2017,10,4,Electronics,North,70886,3540,9271,1,20.02,897,0
2017-10,2017,10,4,Electronics,South,64969,694,4052,2,93.62,74,0
2017-10,2017,10,4,Electronics,East,78017,1698,5166,2,45.95,270,0
2017-10,2017,10,4,Electronics,West,48665,742,5583,1,65.59,91,0
2017-10,2017,10,4,Electronics,Central,60422,766,6911,1,78.88,224,0
2017-10,2017,10,4,Clothing,North,57305,830,5482,0,69.04,117,0
2017-10,2017,10,4,Clothing,South,48565,1329,7024,1,36.54,380,0
2017-10,2017,10,4,Clothing,East,63460,1125,5608,0,56.41,329,0
2017-10,2017,10,4,Clothing,West,48764,743,6280,1,65.63,164,0
2017-10,2017,10,4,Clothing,Central,44543,822,4617,3,54.19,169,0
2017-10,2017,10,4,Home,North,56441,2121,7737,1,26.61,606,0
2017-10,2017,10,4,Home,South,44881,1180,6048,0,38.03,336,0
2017-10,2017,10,4,Home,East,53159,622,5292,1,85.46,179,0
2017-10,2017,10,4,Home,West,43715,1067,2438,2,40.97,117,0
2017-10,2017,10,4,Home,Central,49842,538,5029,1,92.64,58,0
2017-10,2017,10,4,Food,North,48474,833,6816,1,58.19,179,0
2017-10,2017,10,4,Food,South,32925,500,1902,2,65.85,101,0
2017-10,2017,10,4,Food,East,46322,824,2613,2,56.22,160,0
2017-10,2017,10,4,Food,West,27303,718,2061,1,38.03,126,0
2017-10,2017,10,4,Food,Central,35473,401,1866,2,88.46,67,0
2017-10,2017,10,4,Beauty,North,32178,504,2703,2,63.85,123,0
2017-10,2017,10,4,Beauty,South,32008,721,1991,1,44.39,80,0
2017-10,2017,10,4,Beauty,East,40417,513,5249,0,78.79,84,0
2017-10,2017,10,4,Beauty,West,30920,940,2223,2,32.89,247,0
2017-10,2017,10,4,Beauty,Central,30932,374,2400,2,82.71,68,0
2017-11,2017,11,4,Electronics,North,205414,2504,12679,1,82.03,638,0
2017-11,2017,11,4,Electronics,South,145173,2071,7804,1,70.1,264,0
2017-11,2017,11,4,Electronics,East,192599,3663,15898,3,52.58,582,0
2017-11,2017,11,4,Electronics,West,140888,1532,17359,3,91.96,320,0
2017-11,2017,11,4,Electronics,Central,167670,5335,21835,2,31.43,624,0
2017-11,2017,11,4,Clothing,North,123082,1625,11694,0,75.74,452,0
2017-11,2017,11,4,Clothing,South,117550,1627,14942,1,72.25,317,0
2017-11,2017,11,4,Clothing,East,136853,2349,15599,2,58.26,683,0
2017-11,2017,11,4,Clothing,West,131897,2689,7304,2,49.05,440,0
2017-11,2017,11,4,Clothing,Central,114045,1561,9582,0,73.06,453,0
2017-11,2017,11,4,Home,North,133905,1753,16122,2,76.39,398,0
2017-11,2017,11,4,Home,South,112979,1287,9861,2,87.78,203,0
2017-11,2017,11,4,Home,East,135443,1836,15135,0,73.77,219,0
2017-11,2017,11,4,Home,West,106954,1142,9779,2,93.65,222,0
2017-11,2017,11,4,Home,Central,101522,3582,14494,3,28.34,505,0
2017-11,2017,11,4,Food,North,103975,2029,10475,0,51.24,243,0
2017-11,2017,11,4,Food,South,86634,978,4906,2,88.58,291,0
2017-11,2017,11,4,Food,East,112682,3143,8249,1,35.85,469,0
2017-11,2017,11,4,Food,West,82074,2040,7143,3,40.23,204,0
2017-11,2017,11,4,Food,Central,89264,1226,11508,1,72.81,253,0
2017-11,2017,11,4,Beauty,North,101687,1713,8618,1,59.36,458,0
2017-11,2017,11,4,Beauty,South,77065,2720,7140,2,28.33,687,0
2017-11,2017,11,4,Beauty,East,99368,1916,9649,2,51.86,503,0
2017-11,2017,11,4,Beauty,West,65494,1868,6582,1,35.06,370,0
2017-11,2017,11,4,Beauty,Central,68373,2278,7428,0,30.01,574,0
2017-12,2017,12,4,Electronics,North,182675,3309,20691,1,55.21,596,0
2017-12,2017,12,4,Electronics,South,137958,4308,14780,2,32.02,562,0
2017-12,2017,12,4,Electronics,East,195455,6666,12496,1,29.32,1070,0
2017-12,2017,12,4,Electronics,West,163626,4138,12230,1,39.54,1211,0
2017-12,2017,12,4,Electronics,Central,149633,2241,12080,3,66.77,358,0
2017-12,2017,12,4,Clothing,North,123346,5138,6652,4,24.01,714,0
2017-12,2017,12,4,Clothing,South,117664,1852,13466,1,63.53,418,0
2017-12,2017,12,4,Clothing,East,164891,4815,18739,1,34.25,1379,0
2017-12,2017,12,4,Clothing,West,96952,989,11019,2,98.03,198,0
2017-12,2017,12,4,Clothing,Central,115823,2430,15766,1,47.66,563,0
2017-12,2017,12,4,Home,North,127268,2288,14009,2,55.62,534,0
2017-12,2017,12,4,Home,South,102683,3587,12120,2,28.63,814,0
2017-12,2017,12,4,Home,East,125438,1844,17987,1,68.02,495,0
2017-12,2017,12,4,Home,West,101039,2232,5965,3,45.27,229,0
2017-12,2017,12,4,Home,Central,111263,1513,15115,3,73.54,278,0
2017-12,2017,12,4,Food,North,95318,3517,8318,3,27.1,684,0
2017-12,2017,12,4,Food,South,87880,2587,9986,4,33.97,726,0
2017-12,2017,12,4,Food,East,109045,1098,14656,2,99.31,325,0
2017-12,2017,12,4,Food,West,83069,3169,5160,0,26.21,914,0
2017-12,2017,12,4,Food,Central,102624,1061,7834,1,96.72,232,0
2017-12,2017,12,4,Beauty,North,97855,1598,6399,0,61.24,368,0
2017-12,2017,12,4,Beauty,South,88833,1880,8767,3,47.25,486,0
2017-12,2017,12,4,Beauty,East,104447,1100,11519,1,94.95,134,0
2017-12,2017,12,4,Beauty,West,76733,2632,10518,2,29.15,774,0
2017-12,2017,12,4,Beauty,Central,91117,3264,9232,1,27.92,690,0
2018-01,2018,1,1,Electronics,North,47274,500,3326,2,94.55,105,0
2018-01,2018,1,1,Electronics,South,41329,977,2572,1,42.3,259,0
2018-01,2018,1,1,Electronics,East,51321,600,2899,2,85.53,121,0
2018-01,2018,1,1,Electronics,West,50278,633,4256,1,79.43,136,0
2018-01,2018,1,1,Electronics,Central,40941,559,5120,2,73.24,69,0
2018-01,2018,1,1,Clothing,North,38935,751,2795,1,51.84,130,0
2018-01,2018,1,1,Clothing,South,33695,381,2394,3,88.44,70,0
2018-01,2018,1,1,Clothing,East,40008,740,5755,2,54.06,115,0
2018-01,2018,1,1,Clothing,West,32912,1043,4627,1,31.56,144,0
2018-01,2018,1,1,Clothing,Central,32608,1368,2370,0,23.84,148,0
2018-01,2018,1,1,Home,North,38537,881,4719,1,43.74,263,0
2018-01,2018,1,1,Home,South,33862,1498,2040,1,22.6,150,0
2018-01,2018,1,1,Home,East,41192,440,2385,3,93.62,114,0
2018-01,2018,1,1,Home,West,27991,350,2390,1,79.97,65,0
2018-01,2018,1,1,Home,Central,36173,363,5194,0,99.65,104,0
2018-01,2018,1,1,Food,North,27447,682,2897,0,40.24,189,0
2018-01,2018,1,1,Food,South,28010,609,2305,4,45.99,96,0
2018-01,2018,1,1,Food,East,34942,352,4760,1,99.27,95,0
2018-01,2018,1,1,Food,West,24766,470,3659,2,52.69,70,0
2018-01,2018,1,1,Food,Central,26393,675,3353,1,39.1,163,0
2018-01,2018,1,1,Beauty,North,27129,1010,1411,3,26.86,271,0
2018-01,2018,1,1,Beauty,South,29620,1129,4307,1,26.24,280,0
2018-01,2018,1,1,Beauty,East,30709,363,2411,2,84.6,74,0
2018-01,2018,1,1,Beauty,West,21609,394,2866,1,54.85,95,0
2018-01,2018,1,1,Beauty,Central,27482,392,1566,4,70.11,105,0
2018-02,2018,2,1,Electronics,North,49900,789,4796,2,63.24,179,0
2018-02,2018,2,1,Electronics,South,39231,712,2991,2,55.1,86,0
2018-02,2018,2,1,Electronics,East,64088,787,6163,3,81.43,158,0
2018-02,2018,2,1,Electronics,West,43661,466,3115,1,93.69,113,0
2018-02,2018,2,1,Electronics,Central,43967,964,6177,1,45.61,231,0
2018-02,2018,2,1,Clothing,North,37850,680,4580,2,55.66,176,0
2018-02,2018,2,1,Clothing,South,34313,388,3348,2,88.44,42,0
2018-02,2018,2,1,Clothing,East,43600,860,2330,3,50.7,205,0
2018-02,2018,2,1,Clothing,West,28975,858,1821,2,33.77,151,0
2018-02,2018,2,1,Clothing,Central,33705,1591,2636,2,21.18,302,0
2018-02,2018,2,1,Home,North,39761,479,3822,1,83.01,78,0
2018-02,2018,2,1,Home,South,41227,424,2706,1,97.23,73,0
2018-02,2018,2,1,Home,East,42935,660,2148,2,65.05,172,0
2018-02,2018,2,1,Home,West,24134,502,1646,1,48.08,59,0
2018-02,2018,2,1,Home,Central,28862,408,2008,3,70.74,110,0
2018-02,2018,2,1,Food,North,32576,476,2937,1,68.44,109,0
2018-02,2018,2,1,Food,South,24693,408,1337,2,60.52,47,0
2018-02,2018,2,1,Food,East,40782,1602,3491,1,25.46,292,0
2018-02,2018,2,1,Food,West,27916,572,4045,2,48.8,113,0
2018-02,2018,2,1,Food,Central,29615,427,2519,2,69.36,69,0
2018-02,2018,2,1,Beauty,North,23344,490,1740,2,47.64,129,0
2018-02,2018,2,1,Beauty,South,22961,358,1964,0,64.14,63,0
2018-02,2018,2,1,Beauty,East,30757,314,3064,2,97.95,66,0
2018-02,2018,2,1,Beauty,West,22729,494,3384,2,46.01,75,0
2018-02,2018,2,1,Beauty,Central,24069,432,3130,0,55.72,119,0
2018-03,2018,3,1,Electronics,North,70903,743,5609,2,95.43,190,0
2018-03,2018,3,1,Electronics,South,67185,1161,6157,2,57.87,153,0
2018-03,2018,3,1,Electronics,East,74641,1919,6333,1,38.9,374,0
2018-03,2018,3,1,Electronics,West,61792,792,3416,1,78.02,227,0
2018-03,2018,3,1,Electronics,Central,69771,3357,9248,3,20.78,767,0
2018-03,2018,3,1,Clothing,North,55353,809,4611,2,68.42,107,0
2018-03,2018,3,1,Clothing,South,51698,837,7293,1,61.77,116,0
2018-03,2018,3,1,Clothing,East,66835,822,4174,3,81.31,210,0
2018-03,2018,3,1,Clothing,West,44984,537,2852,1,83.77,109,0
2018-03,2018,3,1,Clothing,Central,56089,1642,3823,1,34.16,219,0
2018-03,2018,3,1,Home,North,48664,957,3035,2,50.85,241,0
2018-03,2018,3,1,Home,South,41619,1754,4943,1,23.73,477,0
2018-03,2018,3,1,Home,East,48206,799,5899,2,60.33,162,0
2018-03,2018,3,1,Home,West,37346,414,2790,1,90.21,52,0
2018-03,2018,3,1,Home,Central,47115,563,5321,0,83.69,63,0
2018-03,2018,3,1,Food,North,40800,609,4152,3,67.0,128,0
2018-03,2018,3,1,Food,South,44854,535,3949,1,83.84,157,0
2018-03,2018,3,1,Food,East,46209,1211,5426,3,38.16,294,0
2018-03,2018,3,1,Food,West,42420,595,2395,1,71.29,138,0
2018-03,2018,3,1,Food,Central,50222,626,6073,2,80.23,93,0
2018-03,2018,3,1,Beauty,North,34348,976,2495,0,35.19,156,0
2018-03,2018,3,1,Beauty,South,32728,805,1790,2,40.66,234,0
2018-03,2018,3,1,Beauty,East,36873,480,5246,1,76.82,122,0
2018-03,2018,3,1,Beauty,West,30521,377,4002,1,80.96,94,0
2018-03,2018,3,1,Beauty,Central,28382,489,2673,3,58.04,76,0
2018-04,2018,4,2,Electronics,North,73059,1065,5391,2,68.6,166,0
2018-04,2018,4,2,Electronics,South,57121,1196,7348,2,47.76,330,0
2018-04,2018,4,2,Electronics,East,76701,866,8538,2,88.57,124,0
2018-04,2018,4,2,Electronics,West,61449,771,3242,2,79.7,143,0
2018-04,2018,4,2,Electronics,Central,69413,2144,9560,1,32.38,564,0
2018-04,2018,4,2,Clothing,North,47036,747,3984,2,62.97,180,0
2018-04,2018,4,2,Clothing,South,48629,1143,6754,2,42.55,254,0
2018-04,2018,4,2,Clothing,East,54477,668,4703,3,81.55,116,0
2018-04,2018,4,2,Clothing,West,43882,440,2525,1,99.73,111,0
2018-04,2018,4,2,Clothing,Central,60497,975,6359,0,62.05,285,0
2018-04,2018,4,2,Home,North,58853,816,3047,1,72.12,85,0
2018-04,2018,4,2,Home,South,42014,473,2925,2,88.82,54,0
2018-04,2018,4,2,Home,East,61578,721,8173,3,85.41,119,0
2018-04,2018,4,2,Home,West,50822,833,5180,0,61.01,156,0
2018-04,2018,4,2,Home,Central,47831,665,3725,0,71.93,88,0
2018-04,2018,4,2,Food,North,40833,475,4578,1,85.96,69,0
2018-04,2018,4,2,Food,South,35646,449,5209,2,79.39,129,0
2018-04,2018,4,2,Food,East,43458,833,3199,3,52.17,109,0
2018-04,2018,4,2,Food,West,36577,1346,4663,1,27.17,159,0
2018-04,2018,4,2,Food,Central,31236,1376,2245,0,22.7,272,0
2018-04,2018,4,2,Beauty,North,40445,773,5669,0,52.32,166,0
2018-04,2018,4,2,Beauty,South,26260,732,2950,1,35.87,82,0
2018-04,2018,4,2,Beauty,East,37457,439,3572,2,85.32,75,0
2018-04,2018,4,2,Beauty,West,33191,456,3624,3,72.79,130,0
2018-04,2018,4,2,Beauty,Central,34909,510,4803,2,68.45,132,0
2018-05,2018,5,2,Electronics,North,76838,3530,8980,1,21.77,362,0
2018-05,2018,5,2,Electronics,South,67136,1318,4756,2,50.94,342,0
2018-05,2018,5,2,Electronics,East,80364,969,4344,2,82.93,156,0
2018-05,2018,5,2,Electronics,West,60430,2210,5174,2,27.34,570,0
2018-05,2018,5,2,Electronics,Central,64305,903,4713,3,71.21,126,0
2018-05,2018,5,2,Clothing,North,60018,1964,8557,2,30.56,434,0
2018-05,2018,5,2,Clothing,South,43160,1100,4172,2,39.24,219,0
2018-05,2018,5,2,Clothing,East,67685,812,7126,0,83.36,237,0
2018-05,2018,5,2,Clothing,West,36995,407,2600,0,90.9,108,0
2018-05,2018,5,2,Clothing,Central,60101,996,3888,0,60.34,291,0
2018-05,2018,5,2,Home,North,50821,1228,5031,3,41.39,137,0
2018-05,2018,5,2,Home,South,46088,694,6588,1,66.41,183,0
2018-05,2018,5,2,Home,East,49967,2473,4544,0,20.21,518,0
2018-05,2018,5,2,Home,West,41858,769,4293,0,54.43,164,0
2018-05,2018,5,2,Home,Central,42611,1085,3330,3,39.27,199,0
2018-05,2018,5,2,Food,North,40634,952,5935,1,42.68,224,0
2018-05,2018,5,2,Food,South,38938,537,4300,3,72.51,147,0
2018-05,2018,5,2,Food,East,43764,473,4148,1,92.52,121,0
2018-05,2018,5,2,Food,West,33415,506,2072,3,66.04,143,0
2018-05,2018,5,2,Food,Central,39368,400,5260,1,98.42,117,0
2018-05,2018,5,2,Beauty,North,45250,472,2886,2,95.87,55,0
2018-05,2018,5,2,Beauty,South,29997,495,2470,3,60.6,85,0
2018-05,2018,5,2,Beauty,East,42372,848,3826,1,49.97,153,0
2018-05,2018,5,2,Beauty,West,30336,597,1542,0,50.81,150,0
2018-05,2018,5,2,Beauty,Central,32122,484,4719,0,66.37,111,0
2018-06,2018,6,2,Electronics,North,86846,1400,8802,3,62.03,317,0
2018-06,2018,6,2,Electronics,South,64547,2036,7833,2,31.7,225,0
2018-06,2018,6,2,Electronics,East,97675,1287,7048,3,75.89,300,0
2018-06,2018,6,2,Electronics,West,64562,787,8860,2,82.04,129,0
2018-06,2018,6,2,Electronics,Central,62066,1072,7296,1,57.9,287,0
2018-06,2018,6,2,Clothing,North,56032,759,4816,3,73.82,216,0
2018-06,2018,6,2,Clothing,South,43553,449,4458,2,97.0,52,0
2018-06,2018,6,2,Clothing,East,62840,1329,9063,3,47.28,266,0
2018-06,2018,6,2,Clothing,West,55012,1049,6532,2,52.44,180,0
2018-06,2018,6,2,Clothing,Central,59043,2481,8413,1,23.8,738,0
2018-06,2018,6,2,Home,North,44710,535,4638,3,83.57,109,0
2018-06,2018,6,2,Home,South,39231,602,3132,1,65.17,177,0
2018-06,2018,6,2,Home,East,44815,669,3931,2,66.99,149,0
2018-06,2018,6,2,Home,West,37557,898,2843,0,41.82,165,0
2018-06,2018,6,2,Home,Central,43796,1468,4776,4,29.83,375,0
2018-06,2018,6,2,Food,North,34924,619,2020,0,56.42,78,0
2018-06,2018,6,2,Food,South,34945,630,3692,1,55.47,81,0
2018-06,2018,6,2,Food,East,47248,1833,4437,2,25.78,246,0
2018-06,2018,6,2,Food,West,35661,680,2225,1,52.44,99,0
2018-06,2018,6,2,Food,Central,38671,572,4701,2,67.61,144,0
2018-06,2018,6,2,Beauty,North,39645,1204,5286,2,32.93,152,0
2018-06,2018,6,2,Beauty,South,35101,1534,5124,1,22.88,384,0
2018-06,2018,6,2,Beauty,East,43734,449,6219,3,97.4,97,0
2018-06,2018,6,2,Beauty,West,34403,506,4570,1,67.99,62,0
2018-06,2018,6,2,Beauty,Central,32019,388,3859,1,82.52,115,0
2018-07,2018,7,3,Electronics,North,70805,1672,7562,0,42.35,498,0
2018-07,2018,7,3,Electronics,South,69165,791,4171,3,87.44,95,0
2018-07,2018,7,3,Electronics,East,88971,1752,10457,3,50.78,387,0
2018-07,2018,7,3,Electronics,West,59710,1452,8785,1,41.12,207,0
2018-07,2018,7,3,Electronics,Central,66073,1992,8521,2,33.17,451,0
2018-07,2018,7,3,Clothing,North,58536,774,4721,2,75.63,149,0
2018-07,2018,7,3,Clothing,South,49702,500,6740,2,99.4,68,0
2018-07,2018,7,3,Clothing,East,59091,2613,5964,1,22.61,278,0
2018-07,2018,7,3,Clothing,West,52778,574,3797,1,91.95,96,0
2018-07,2018,7,3,Clothing,Central,45475,868,3572,1,52.39,116,0
2018-07,2018,7,3,Home,North,50403,674,4114,2,74.78,88,0
2018-07,2018,7,3,Home,South,35035,406,4259,0,86.29,98,0
2018-07,2018,7,3,Home,East,50809,1177,3952,3,43.17,149,0
2018-07,2018,7,3,Home,West,38176,818,5425,1,46.67,163,0
2018-07,2018,7,3,Home,Central,46945,667,3432,1,70.38,172,0
2018-07,2018,7,3,Food,North,49865,2472,5789,3,20.17,674,0
2018-07,2018,7,3,Food,South,45232,795,6710,2,56.9,129,0
2018-07,2018,7,3,Food,East,37832,1276,5381,1,29.65,233,0
2018-07,2018,7,3,Food,West,32669,1477,3042,2,22.12,404,0
2018-07,2018,7,3,Food,Central,42312,627,5825,3,67.48,165,0
2018-07,2018,7,3,Beauty,North,37236,570,2165,3,65.33,160,0
2018-07,2018,7,3,Beauty,South,33985,551,2013,1,61.68,144,0
2018-07,2018,7,3,Beauty,East,42425,504,2921,0,84.18,145,0
2018-07,2018,7,3,Beauty,West,29531,366,2795,1,80.69,93,0
2018-07,2018,7,3,Beauty,Central,30265,354,4324,3,85.49,53,0
2018-08,2018,8,3,Electronics,North,74005,857,8185,1,86.35,180,0
2018-08,2018,8,3,Electronics,South,61340,631,8587,3,97.21,111,0
2018-08,2018,8,3,Electronics,East,90839,1558,10656,0,58.3,427,0
2018-08,2018,8,3,Electronics,West,77035,1574,9269,1,48.94,199,0
2018-08,2018,8,3,Electronics,Central,48901,937,6364,2,52.19,143,0
2018-08,2018,8,3,Clothing,North,54010,578,4316,3,93.44,162,0
2018-08,2018,8,3,Clothing,South,49064,1501,6657,1,32.69,192,0
2018-08,2018,8,3,Clothing,East,60879,1035,4015,0,58.82,219,0
2018-08,2018,8,3,Clothing,West,44924,556,5025,2,80.8,114,0
2018-08,2018,8,3,Clothing,Central,54486,1317,6511,4,41.37,256,0
2018-08,2018,8,3,Home,North,54533,2611,6506,3,20.89,706,0
2018-08,2018,8,3,Home,South,38454,1216,4930,1,31.62,309,0
2018-08,2018,8,3,Home,East,52667,596,6243,0,88.37,77,0
2018-08,2018,8,3,Home,West,42373,907,3009,0,46.72,147,0
2018-08,2018,8,3,Home,Central,43972,804,2641,1,54.69,127,0
2018-08,2018,8,3,Food,North,47668,759,2464,1,62.8,78,0
2018-08,2018,8,3,Food,South,39364,555,5722,2,70.93,65,0
2018-08,2018,8,3,Food,East,52990,1353,3001,3,39.16,224,0
2018-08,2018,8,3,Food,West,31707,410,4326,1,77.33,102,0
2018-08,2018,8,3,Food,Central,37662,424,2060,1,88.83,73,0
2018-08,2018,8,3,Beauty,North,40110,639,4104,2,62.77,91,0
2018-08,2018,8,3,Beauty,South,33367,407,1695,3,81.98,46,0
2018-08,2018,8,3,Beauty,East,42081,606,2604,2,69.44,102,0
2018-08,2018,8,3,Beauty,West,31574,912,4551,0,34.62,175,0
2018-08,2018,8,3,Beauty,Central,35009,402,4528,3,87.09,47,0
2018-09,2018,9,3,Electronics,North,72880,2176,5441,2,33.49,586,0
2018-09,2018,9,3,Electronics,South,71723,1951,3789,0,36.76,383,0
2018-09,2018,9,3,Electronics,East,88171,2326,6282,2,37.91,380,0
2018-09,2018,9,3,Electronics,West,71515,2980,10534,2,24.0,459,0
2018-09,2018,9,3,Electronics,Central,78342,1153,11030,2,67.95,324,0
2018-09,2018,9,3,Clothing,North,51955,532,2988,1,97.66,123,0
2018-09,2018,9,3,Clothing,South,51218,698,6898,0,73.38,190,0
2018-09,2018,9,3,Clothing,East,52377,750,4612,3,69.84,106,0
2018-09,2018,9,3,Clothing,West,48507,536,3418,2,90.5,101,0
2018-09,2018,9,3,Clothing,Central,52783,1666,6476,2,31.68,337,0
2018-09,2018,9,3,Home,North,53370,974,7162,3,54.79,281,0
2018-09,2018,9,3,Home,South,45731,1084,3138,2,42.19,150,0
2018-09,2018,9,3,Home,East,46558,1037,6595,0,44.9,124,0
2018-09,2018,9,3,Home,West,44424,1099,2724,3,40.42,111,0
2018-09,2018,9,3,Home,Central,45466,485,5976,1,93.74,142,0
2018-09,2018,9,3,Food,North,45159,990,2511,2,45.62,122,0
2018-09,2018,9,3,Food,South,38214,1193,3255,2,32.03,134,0
2018-09,2018,9,3,Food,East,45349,1359,6374,1,33.37,211,0
2018-09,2018,9,3,Food,West,34620,986,2727,4,35.11,223,0
2018-09,2018,9,3,Food,Central,42496,874,2471,0,48.62,199,0
2018-09,2018,9,3,Beauty,North,37685,430,3333,1,87.64,67,0
2018-09,2018,9,3,Beauty,South,31564,1277,1790,2,24.72,136,0
2018-09,2018,9,3,Beauty,East,35673,920,2356,2,38.77,145,0
2018-09,2018,9,3,Beauty,West,29795,318,3051,2,93.69,55,0
2018-09,2018,9,3,Beauty,Central,36276,1667,5287,0,21.76,448,0
2018-10,2018,10,4,Electronics,North,81906,1142,7207,1,71.72,201,0
2018-10,2018,10,4,Electronics,South,58480,2239,7029,3,26.12,290,0
2018-10,2018,10,4,Electronics,East,83285,950,11205,3,87.67,217,0
2018-10,2018,10,4,Electronics,West,63736,1627,6575,2,39.17,369,0
2018-10,2018,10,4,Electronics,Central,61485,2016,8370,2,30.5,430,0
2018-10,2018,10,4,Clothing,North,44483,977,5719,2,45.53,262,0
2018-10,2018,10,4,Clothing,South,41394,1565,4653,1,26.45,438,0
2018-10,2018,10,4,Clothing,East,62100,680,6645,0,91.32,194,0
2018-10,2018,10,4,Clothing,West,48113,1304,4891,2,36.9,386,0
2018-10,2018,10,4,Clothing,Central,57537,2710,8616,0,21.23,655,0
2018-10,2018,10,4,Home,North,48953,770,3122,1,63.58,151,0
2018-10,2018,10,4,Home,South,32533,1287,4667,1,25.28,344,0
2018-10,2018,10,4,Home,East,48543,701,3749,0,69.25,174,0
2018-10,2018,10,4,Home,West,34078,1060,2192,0,32.15,160,0
2018-10,2018,10,4,Home,Central,45670,971,2380,1,47.03,268,0
2018-10,2018,10,4,Food,North,44949,858,4798,1,52.39,187,0
2018-10,2018,10,4,Food,South,36298,746,5130,0,48.66,164,0
2018-10,2018,10,4,Food,East,39124,989,3417,4,39.56,278,0
2018-10,2018,10,4,Food,West,35517,782,2653,4,45.42,207,0
2018-10,2018,10,4,Food,Central,39085,556,3686,0,70.3,125,0
2018-10,2018,10,4,Beauty,North,31347,624,2574,2,50.24,160,0
2018-10,2018,10,4,Beauty,South,31289,815,3775,1,38.39,206,0
2018-10,2018,10,4,Beauty,East,29090,333,2144,2,87.36,57,0
2018-10,2018,10,4,Beauty,West,28456,338,3751,2,84.19,34,0
2018-10,2018,10,4,Beauty,Central,35119,541,3448,1,64.91,74,0
2018-11,2018,11,4,Electronics,North,164945,2316,10666,1,71.22,645,0
2018-11,2018,11,4,Electronics,South,162985,2130,17687,1,76.52,340,0
2018-11,2018,11,4,Electronics,East,224709,3466,33338,2,64.83,347,0
2018-11,2018,11,4,Electronics,West,179756,2073,15557,4,86.71,417,0
2018-11,2018,11,4,Electronics,Central,159037,7854,18325,1,20.25,2136,0
2018-11,2018,11,4,Clothing,North,139682,1470,20068,1,95.02,236,0
2018-11,2018,11,4,Clothing,South,128256,2423,7072,0,52.93,427,0
2018-11,2018,11,4,Clothing,East,181826,1896,18451,2,95.9,258,0
2018-11,2018,11,4,Clothing,West,138732,1850,11369,2,74.99,408,0
2018-11,2018,11,4,Clothing,Central,140576,1436,14731,0,97.89,426,0
2018-11,2018,11,4,Home,North,118532,1275,12667,1,92.97,349,0
2018-11,2018,11,4,Home,South,116148,2981,12510,1,38.96,809,0
2018-11,2018,11,4,Home,East,140652,2560,11267,4,54.94,549,0
2018-11,2018,11,4,Home,West,118854,2225,7101,3,53.42,599,0
2018-11,2018,11,4,Home,Central,107914,1480,6672,2,72.91,188,0
2018-11,2018,11,4,Food,North,126339,2325,8491,1,54.34,443,0
2018-11,2018,11,4,Food,South,82960,937,5038,3,88.54,211,0
2018-11,2018,11,4,Food,East,133199,1484,16711,3,89.76,372,0
2018-11,2018,11,4,Food,West,84436,1514,10880,2,55.77,435,0
2018-11,2018,11,4,Food,Central,98347,1064,5585,2,92.43,139,0
2018-11,2018,11,4,Beauty,North,91796,3818,6845,2,24.04,855,0
2018-11,2018,11,4,Beauty,South,68764,811,6667,0,84.79,134,0
2018-11,2018,11,4,Beauty,East,101216,2045,6569,3,49.49,468,0
2018-11,2018,11,4,Beauty,West,63273,956,5078,2,66.19,256,0
2018-11,2018,11,4,Beauty,Central,85068,1039,10446,2,81.87,193,0
2018-12,2018,12,4,Electronics,North,206502,6171,24991,1,33.46,1067,0
2018-12,2018,12,4,Electronics,South,180099,1807,24242,0,99.67,399,0
2018-12,2018,12,4,Electronics,East,196936,2603,20496,1,75.66,667,0
2018-12,2018,12,4,Electronics,West,177061,5193,21071,0,34.1,1033,0
2018-12,2018,12,4,Electronics,Central,173020,2409,9346,0,71.82,292,0
2018-12,2018,12,4,Clothing,North,150303,1753,16837,2,85.74,332,0
2018-12,2018,12,4,Clothing,South,108358,1316,8604,2,82.34,166,0
2018-12,2018,12,4,Clothing,East,163437,5241,20941,3,31.18,681,0
2018-12,2018,12,4,Clothing,West,140088,1797,10987,2,77.96,215,0
2018-12,2018,12,4,Clothing,Central,131769,1889,13180,0,69.76,269,0
2018-12,2018,12,4,Home,North,126253,1342,14857,0,94.08,289,0
2018-12,2018,12,4,Home,South,115729,5072,8726,2,22.82,582,0
2018-12,2018,12,4,Home,East,132900,1485,12567,0,89.49,341,0
2018-12,2018,12,4,Home,West,109966,1128,11831,1,97.49,121,0
2018-12,2018,12,4,Home,Central,121674,3916,15923,1,31.07,811,0
2018-12,2018,12,4,Food,North,115953,1222,9128,1,94.89,271,0
2018-12,2018,12,4,Food,South,97792,1606,10914,2,60.89,338,0
2018-12,2018,12,4,Food,East,87312,1049,8148,2,83.23,244,0
2018-12,2018,12,4,Food,West,103992,1282,13059,1,81.12,170,0
2018-12,2018,12,4,Food,Central,106054,1302,10141,3,81.45,149,0
2018-12,2018,12,4,Beauty,North,96808,2706,9826,1,35.78,551,0
2018-12,2018,12,4,Beauty,South,87226,1037,4499,1,84.11,185,0
2018-12,2018,12,4,Beauty,East,113458,1855,12555,1,61.16,277,0
2018-12,2018,12,4,Beauty,West,85560,1369,4767,1,62.5,305,0
2018-12,2018,12,4,Beauty,Central,103235,1440,10473,2,71.69,176,0
2019-01,2019,1,1,Electronics,North,61164,1425,5046,3,42.92,366,0
2019-01,2019,1,1,Electronics,South,47607,1163,4343,1,40.93,201,0
2019-01,2019,1,1,Electronics,East,55268,742,2902,3,74.49,169,0
2019-01,2019,1,1,Electronics,West,53696,808,3747,1,66.46,194,0
2019-01,2019,1,1,Electronics,Central,55738,593,4861,0,93.99,107,0
2019-01,2019,1,1,Clothing,North,41412,801,3922,3,51.7,220,0
2019-01,2019,1,1,Clothing,South,34000,488,4062,1,69.67,59,0
2019-01,2019,1,1,Clothing,East,46182,838,5559,2,55.11,184,0
2019-01,2019,1,1,Clothing,West,31522,572,4502,2,55.11,61,0
2019-01,2019,1,1,Clothing,Central,32861,445,1840,2,73.84,58,0
2019-01,2019,1,1,Home,North,38757,588,4194,1,65.91,157,0
2019-01,2019,1,1,Home,South,34391,737,2552,1,46.66,215,0
2019-01,2019,1,1,Home,East,34878,738,5198,0,47.26,94,0
2019-01,2019,1,1,Home,West,33438,864,3103,2,38.7,158,0
2019-01,2019,1,1,Home,Central,35092,414,5127,3,84.76,113,0
2019-01,2019,1,1,Food,North,33311,885,3455,0,37.64,233,0
2019-01,2019,1,1,Food,South,31717,1175,3356,2,26.99,246,0
2019-01,2019,1,1,Food,East,36073,974,3938,1,37.04,148,0
2019-01,2019,1,1,Food,West,26188,382,2411,3,68.55,113,0
2019-01,2019,1,1,Food,Central,27134,368,3822,2,73.73,64,0
2019-01,2019,1,1,Beauty,North,27614,593,3773,2,46.57,104,0
2019-01,2019,1,1,Beauty,South,28552,562,3641,1,50.8,88,0
2019-01,2019,1,1,Beauty,East,31284,330,2685,1,94.8,82,0
2019-01,2019,1,1,Beauty,West,21153,233,2996,3,90.79,26,0
2019-01,2019,1,1,Beauty,Central,24588,645,1299,3,38.12,82,0
2019-02,2019,2,1,Electronics,North,62775,1316,3933,1,47.7,374,0
2019-02,2019,2,1,Electronics,South,57725,618,3508,2,93.41,78,0
2019-02,2019,2,1,Electronics,East,51367,1008,3190,1,50.96,113,0
2019-02,2019,2,1,Electronics,West,42249,479,4334,0,88.2,88,0
2019-02,2019,2,1,Electronics,Central,44782,447,4087,1,100.18,89,0
2019-02,2019,2,1,Clothing,North,39957,672,3059,3,59.46,158,0
2019-02,2019,2,1,Clothing,South,36307,631,2635,0,57.54,63,0
2019-02,2019,2,1,Clothing,East,45354,1591,3235,0,28.51,417,0
2019-02,2019,2,1,Clothing,West,35380,698,2147,4,50.69,170,0
2019-02,2019,2,1,Clothing,Central,33292,489,4488,1,68.08,112,0
2019-02,2019,2,1,Home,North,33791,1258,2472,1,26.86,353,0
2019-02,2019,2,1,Home,South,35826,466,3249,1,76.88,77,0
2019-02,2019,2,1,Home,East,41180,607,2940,1,67.84,81,0
2019-02,2019,2,1,Home,West,27648,294,3606,3,94.04,46,0
2019-02,2019,2,1,Home,Central,27699,293,2734,2,94.54,41,0
2019-02,2019,2,1,Food,North,24618,261,3357,1,94.32,49,0
2019-02,2019,2,1,Food,South,24883,283,1955,2,87.93,64,0
2019-02,2019,2,1,Food,East,34434,470,3019,2,73.26,122,0
2019-02,2019,2,1,Food,West,31687,480,3835,2,66.01,91,0
2019-02,2019,2,1,Food,Central,28016,1027,2177,2,27.28,123,0
2019-02,2019,2,1,Beauty,North,26068,329,3779,0,79.23,74,0
2019-02,2019,2,1,Beauty,South,24900,330,1715,0,75.45,92,0
2019-02,2019,2,1,Beauty,East,33751,708,1916,2,47.67,112,0
2019-02,2019,2,1,Beauty,West,22110,469,2941,1,47.14,127,0
2019-02,2019,2,1,Beauty,Central,23285,243,3349,0,95.82,33,0
2019-03,2019,3,1,Electronics,North,63378,744,6503,0,85.19,187,0
2019-03,2019,3,1,Electronics,South,81506,1906,6384,2,42.76,436,0
2019-03,2019,3,1,Electronics,East,72453,1463,9017,2,49.52,327,0
2019-03,2019,3,1,Electronics,West,53819,1143,6389,3,47.09,338,0
2019-03,2019,3,1,Electronics,Central,69898,2345,8788,1,29.81,260,0
2019-03,2019,3,1,Clothing,North,61636,981,4477,2,62.83,185,0
2019-03,2019,3,1,Clothing,South,52296,1474,6735,2,35.48,150,0
2019-03,2019,3,1,Clothing,East,81357,2971,7293,0,27.38,422,0
2019-03,2019,3,1,Clothing,West,47281,506,2700,2,93.44,66,0
2019-03,2019,3,1,Clothing,Central,64666,960,7962,2,67.36,132,0
2019-03,2019,3,1,Home,North,49140,1571,5084,2,31.28,240,0
2019-03,2019,3,1,Home,South,47340,600,4324,3,78.9,97,0
2019-03,2019,3,1,Home,East,56404,1081,7350,2,52.18,152,0
2019-03,2019,3,1,Home,West,41619,903,3985,2,46.09,171,0
2019-03,2019,3,1,Home,Central,54154,1212,5009,2,44.68,205,0
2019-03,2019,3,1,Food,North,39763,481,2345,2,82.67,94,0
2019-03,2019,3,1,Food,South,49075,1478,3452,0,33.2,375,0
2019-03,2019,3,1,Food,East,52319,550,6614,1,95.13,154,0
2019-03,2019,3,1,Food,West,39229,616,4020,4,63.68,98,0
2019-03,2019,3,1,Food,Central,44753,599,4257,1,74.71,60,0
2019-03,2019,3,1,Beauty,North,35545,546,4172,0,65.1,156,0
2019-03,2019,3,1,Beauty,South,31997,439,3478,2,72.89,72,0
2019-03,2019,3,1,Beauty,East,36308,438,5085,2,82.89,88,0
2019-03,2019,3,1,Beauty,West,32927,492,4006,0,66.92,144,0
2019-03,2019,3,1,Beauty,Central,41478,685,5324,1,60.55,90,0
2019-04,2019,4,2,Electronics,North,69782,2590,7914,1,26.94,719,0
2019-04,2019,4,2,Electronics,South,71640,1400,10391,0,51.17,358,0
2019-04,2019,4,2,Electronics,East,85237,1378,5732,0,61.86,228,0
2019-04,2019,4,2,Electronics,West,52443,554,7701,2,94.66,59,0
2019-04,2019,4,2,Electronics,Central,75228,1322,5610,2,56.9,219,0
2019-04,2019,4,2,Clothing,North,59228,1084,4834,1,54.64,260,0
2019-04,2019,4,2,Clothing,South,47082,496,4049,2,94.92,118,0
2019-04,2019,4,2,Clothing,East,58576,641,6366,2,91.38,118,0
2019-04,2019,4,2,Clothing,West,46041,724,5523,1,63.59,121,0
2019-04,2019,4,2,Clothing,Central,59098,2472,4509,2,23.91,459,0
2019-04,2019,4,2,Home,North,50902,2176,4391,2,23.39,259,0
2019-04,2019,4,2,Home,South,47060,912,5117,2,51.6,188,0
2019-04,2019,4,2,Home,East,55046,1524,3456,0,36.12,164,0
2019-04,2019,4,2,Home,West,44115,1131,2310,2,39.01,291,0
2019-04,2019,4,2,Home,Central,54688,1097,7688,1,49.85,136,0
2019-04,2019,4,2,Food,North,38628,1121,3445,1,34.46,277,0
2019-04,2019,4,2,Food,South,42800,1609,6070,2,26.6,357,0
2019-04,2019,4,2,Food,East,46467,712,6066,2,65.26,202,0
2019-04,2019,4,2,Food,West,38874,528,4346,2,73.62,109,0
2019-04,2019,4,2,Food,Central,37500,839,3173,1,44.7,194,0
2019-04,2019,4,2,Beauty,North,37380,650,2614,3,57.51,104,0
2019-04,2019,4,2,Beauty,South,36919,1082,4262,1,34.12,198,0
2019-04,2019,4,2,Beauty,East,35804,463,3355,3,77.33,84,0
2019-04,2019,4,2,Beauty,West,33328,594,3629,2,56.11,100,0
2019-04,2019,4,2,Beauty,Central,38290,570,3936,1,67.18,153,0
2019-05,2019,5,2,Electronics,North,85653,1577,5832,1,54.31,289,0
2019-05,2019,5,2,Electronics,South,69016,793,3901,0,87.03,227,0
2019-05,2019,5,2,Electronics,East,76300,1230,5849,1,62.03,196,0
2019-05,2019,5,2,Electronics,West,69127,2707,4399,3,25.54,415,0
2019-05,2019,5,2,Electronics,Central,75145,918,9899,2,81.86,250,0
2019-05,2019,5,2,Clothing,North,55504,2131,5613,0,26.05,508,0
2019-05,2019,5,2,Clothing,South,48703,938,6239,1,51.92,100,0
2019-05,2019,5,2,Clothing,East,58523,1009,5873,2,58.0,163,0
2019-05,2019,5,2,Clothing,West,43122,1339,5439,0,32.2,218,0
2019-05,2019,5,2,Clothing,Central,65508,1933,7467,0,33.89,222,0
2019-05,2019,5,2,Home,North,49830,546,5997,1,91.26,77,0
2019-05,2019,5,2,Home,South,45815,875,5062,1,52.36,115,0
2019-05,2019,5,2,Home,East,51375,807,3100,2,63.66,117,0
2019-05,2019,5,2,Home,West,48228,1147,6160,2,42.05,116,0
2019-05,2019,5,2,Home,Central,51019,653,4237,2,78.13,116,0
2019-05,2019,5,2,Food,North,45471,916,4215,2,49.64,241,0
2019-05,2019,5,2,Food,South,40074,610,2648,1,65.7,77,0
2019-05,2019,5,2,Food,East,50077,1086,3116,3,46.11,146,0
2019-05,2019,5,2,Food,West,42097,700,2502,3,60.14,102,0
2019-05,2019,5,2,Food,Central,36917,1628,3778,2,22.68,313,0
2019-05,2019,5,2,Beauty,North,30968,322,2498,2,96.17,58,0
2019-05,2019,5,2,Beauty,South,33181,472,1953,1,70.3,125,0
2019-05,2019,5,2,Beauty,East,43827,543,2970,3,80.71,102,0
2019-05,2019,5,2,Beauty,West,34393,685,1752,0,50.21,119,0
2019-05,2019,5,2,Beauty,Central,38076,419,4540,1,90.87,116,0
2019-06,2019,6,2,Electronics,North,72572,2060,9662,0,35.23,591,0
2019-06,2019,6,2,Electronics,South,59735,997,5118,1,59.91,103,0
2019-06,2019,6,2,Electronics,East,94952,2125,10317,1,44.68,277,0
2019-06,2019,6,2,Electronics,West,68791,2804,3996,2,24.53,468,0
2019-06,2019,6,2,Electronics,Central,81320,1017,7297,3,79.96,160,0
2019-06,2019,6,2,Clothing,North,64062,783,6762,2,81.82,173,0
2019-06,2019,6,2,Clothing,South,53234,599,6903,1,88.87,107,0
2019-06,2019,6,2,Clothing,East,59732,1242,7391,1,48.09,222,0
2019-06,2019,6,2,Clothing,West,42960,1269,2196,1,33.85,360,0
2019-06,2019,6,2,Clothing,Central,54271,953,6692,1,56.95,173,0
2019-06,2019,6,2,Home,North,51453,834,3625,3,61.69,226,0
2019-06,2019,6,2,Home,South,42173,579,2399,1,72.84,74,0
2019-06,2019,6,2,Home,East,57514,730,6026,1,78.79,206,0
2019-06,2019,6,2,Home,West,36590,947,2947,2,38.64,134,0
2019-06,2019,6,2,Home,Central,50600,644,5070,3,78.57,165,0
2019-06,2019,6,2,Food,North,48673,920,4292,1,52.91,94,0
2019-06,2019,6,2,Food,South,37826,428,2028,1,88.38,43,0
2019-06,2019,6,2,Food,East,47597,630,2857,1,75.55,131,0
2019-06,2019,6,2,Food,West,39211,562,5309,0,69.77,118,0
2019-06,2019,6,2,Food,Central,46359,1338,4284,2,34.65,242,0
2019-06,2019,6,2,Beauty,North,37763,1703,3047,1,22.17,182,0
2019-06,2019,6,2,Beauty,South,34188,1079,3774,2,31.68,243,0
2019-06,2019,6,2,Beauty,East,41215,839,3025,2,49.12,189,0
2019-06,2019,6,2,Beauty,West,33131,963,3166,1,34.4,138,0
2019-06,2019,6,2,Beauty,Central,36473,597,3419,1,61.09,64,0
2019-07,2019,7,3,Electronics,North,81786,971,4715,3,84.23,249,0
2019-07,2019,7,3,Electronics,South,63026,873,4194,1,72.19,205,0
2019-07,2019,7,3,Electronics,East,70844,1306,9041,0,54.25,270,0
2019-07,2019,7,3,Electronics,West,70600,805,9812,3,87.7,141,0
2019-07,2019,7,3,Electronics,Central,76956,1148,7575,1,67.03,140,0
2019-07,2019,7,3,Clothing,North,63830,874,6165,0,73.03,116,0
2019-07,2019,7,3,Clothing,South,56728,704,7959,2,80.58,194,0
2019-07,2019,7,3,Clothing,East,67154,995,6597,2,67.49,154,0
2019-07,2019,7,3,Clothing,West,58293,913,5583,2,63.85,220,0
2019-07,2019,7,3,Clothing,Central,59661,630,6474,0,94.7,168,0
2019-07,2019,7,3,Home,North,55648,901,2941,4,61.76,116,0
2019-07,2019,7,3,Home,South,52358,637,3395,1,82.19,121,0
2019-07,2019,7,3,Home,East,55414,1281,7534,0,43.26,333,0
2019-07,2019,7,3,Home,West,38271,752,4304,3,50.89,180,0
2019-07,2019,7,3,Home,Central,50398,884,6716,0,57.01,149,0
2019-07,2019,7,3,Food,North,52224,686,3755,2,76.13,117,0
2019-07,2019,7,3,Food,South,43991,486,4714,2,90.52,78,0
2019-07,2019,7,3,Food,East,49482,624,3833,0,79.3,129,0
2019-07,2019,7,3,Food,West,38765,741,2943,2,52.31,213,0
2019-07,2019,7,3,Food,Central,43528,461,6388,0,94.42,111,0
2019-07,2019,7,3,Beauty,North,44707,692,5380,1,64.61,109,0
2019-07,2019,7,3,Beauty,South,39129,506,4270,1,77.33,150,0
2019-07,2019,7,3,Beauty,East,45898,635,3522,2,72.28,77,0
2019-07,2019,7,3,Beauty,West,38387,440,3248,2,87.24,113,0
2019-07,2019,7,3,Beauty,Central,30981,557,2883,0,55.62,57,0
2019-08,2019,8,3,Electronics,North,89183,3427,5010,1,26.02,707,0
2019-08,2019,8,3,Electronics,South,61199,1225,3066,1,49.96,351,0
2019-08,2019,8,3,Electronics,East,81332,851,11386,2,95.57,128,0
2019-08,2019,8,3,Electronics,West,70728,1674,5414,1,42.25,235,0
2019-08,2019,8,3,Electronics,Central,70494,1678,6412,2,42.01,286,0
2019-08,2019,8,3,Clothing,North,55123,1159,4452,1,47.56,172,0
2019-08,2019,8,3,Clothing,South,55919,808,7029,1,69.21,114,0
2019-08,2019,8,3,Clothing,East,49453,532,5439,1,92.96,154,0
2019-08,2019,8,3,Clothing,West,52267,1066,7587,3,49.03,123,0
2019-08,2019,8,3,Clothing,Central,53629,665,4822,3,80.65,148,0
2019-08,2019,8,3,Home,North,54009,700,6936,0,77.16,132,0
2019-08,2019,8,3,Home,South,47100,526,3418,2,89.54,105,0
2019-08,2019,8,3,Home,East,51669,2019,5142,2,25.59,273,0
2019-08,2019,8,3,Home,West,46258,756,4605,2,61.19,212,0
2019-08,2019,8,3,Home,Central,51797,900,2745,1,57.55,130,0
2019-08,2019,8,3,Food,North,49583,770,4540,0,64.39,209,0
2019-08,2019,8,3,Food,South,38318,439,5032,3,87.28,69,0
2019-08,2019,8,3,Food,East,51587,844,4884,3,61.12,178,0
2019-08,2019,8,3,Food,West,34610,530,1949,0,65.3,144,0
2019-08,2019,8,3,Food,Central,42918,744,3876,1,57.69,205,0
2019-08,2019,8,3,Beauty,North,43957,749,3066,0,58.69,171,0
2019-08,2019,8,3,Beauty,South,37270,409,5527,0,91.12,60,0
2019-08,2019,8,3,Beauty,East,39970,514,4744,1,77.76,138,0
2019-08,2019,8,3,Beauty,West,32050,470,2173,0,68.19,62,0
2019-08,2019,8,3,Beauty,Central,34646,524,4485,2,66.12,61,0
2019-09,2019,9,3,Electronics,North,74823,950,8918,2,78.76,167,0
2019-09,2019,9,3,Electronics,South,70581,1566,7321,0,45.07,374,0
2019-09,2019,9,3,Electronics,East,87433,2853,5285,2,30.65,623,0
2019-09,2019,9,3,Electronics,West,59391,1575,8043,2,37.71,192,0
2019-09,2019,9,3,Electronics,Central,91248,2258,9718,3,40.41,574,0
2019-09,2019,9,3,Clothing,North,56359,816,7578,3,69.07,233,0
2019-09,2019,9,3,Clothing,South,44713,505,3959,0,88.54,61,0
2019-09,2019,9,3,Clothing,East,62965,1023,8536,2,61.55,110,0
2019-09,2019,9,3,Clothing,West,48354,835,3066,1,57.91,248,0
2019-09,2019,9,3,Clothing,Central,62642,1022,4198,0,61.29,192,0
2019-09,2019,9,3,Home,North,57949,588,5145,3,98.55,128,0
2019-09,2019,9,3,Home,South,47936,681,3054,3,70.39,142,0
2019-09,2019,9,3,Home,East,51363,540,5365,3,95.12,116,0
2019-09,2019,9,3,Home,West,47396,590,5322,1,80.33,124,0
2019-09,2019,9,3,Home,Central,53020,784,2983,3,67.63,197,0
2019-09,2019,9,3,Food,North,45115,652,2479,3,69.19,176,0
2019-09,2019,9,3,Food,South,36550,1510,3420,0,24.21,160,0
2019-09,2019,9,3,Food,East,44316,848,5626,2,52.26,123,0
2019-09,2019,9,3,Food,West,41104,732,2213,1,56.15,140,0
2019-09,2019,9,3,Food,Central,40810,1054,5388,0,38.72,295,0
2019-09,2019,9,3,Beauty,North,43269,1658,6040,1,26.1,350,0
2019-09,2019,9,3,Beauty,South,37733,397,3238,1,95.05,92,0
2019-09,2019,9,3,Beauty,East,35346,1437,4211,1,24.6,229,0
2019-09,2019,9,3,Beauty,West,30847,788,2084,1,39.15,201,0
2019-09,2019,9,3,Beauty,Central,32554,447,2841,3,72.83,51,0
2019-10,2019,10,4,Electronics,North,79742,870,5559,2,91.66,97,0
2019-10,2019,10,4,Electronics,South,67576,1170,5564,0,57.76,181,0
2019-10,2019,10,4,Electronics,East,70954,2286,3788,0,31.04,654,0
2019-10,2019,10,4,Electronics,West,56957,753,6325,1,75.64,178,0
2019-10,2019,10,4,Electronics,Central,81744,1136,6632,0,71.96,172,0
2019-10,2019,10,4,Clothing,North,58697,2231,8684,2,26.31,446,0
2019-10,2019,10,4,Clothing,South,41681,1074,4440,3,38.81,248,0
2019-10,2019,10,4,Clothing,East,61142,744,8653,0,82.18,214,0
2019-10,2019,10,4,Clothing,West,62258,1102,7739,2,56.5,224,0
2019-10,2019,10,4,Clothing,Central,54849,645,2920,2,85.04,101,0
2019-10,2019,10,4,Home,North,59637,946,4765,2,63.04,245,0
2019-10,2019,10,4,Home,South,43863,1327,4740,0,33.05,141,0
2019-10,2019,10,4,Home,East,56789,698,3322,1,81.36,205,0
2019-10,2019,10,4,Home,West,42993,1354,3863,1,31.75,398,0
2019-10,2019,10,4,Home,Central,47896,508,4882,2,94.28,81,0
2019-10,2019,10,4,Food,North,42746,835,3886,3,51.19,238,0
2019-10,2019,10,4,Food,South,39761,583,2319,1,68.2,143,0
2019-10,2019,10,4,Food,East,48033,522,3351,1,92.02,60,0
2019-10,2019,10,4,Food,West,34247,728,2838,1,47.04,217,0
2019-10,2019,10,4,Food,Central,39346,561,4805,2,70.14,157,0
2019-10,2019,10,4,Beauty,North,40740,682,3842,1,59.74,172,0
2019-10,2019,10,4,Beauty,South,32907,605,1691,1,54.39,73,0
2019-10,2019,10,4,Beauty,East,47316,2192,3237,0,21.59,478,0
2019-10,2019,10,4,Beauty,West,27724,437,1830,2,63.44,120,0
2019-10,2019,10,4,Beauty,Central,34850,940,2714,1,37.07,149,0
2019-11,2019,11,4,Electronics,North,197232,5210,17598,2,37.86,1111,0
2019-11,2019,11,4,Electronics,South,163966,3860,20090,1,42.48,644,0
2019-11,2019,11,4,Electronics,East,242408,4394,31339,2,55.17,764,0
2019-11,2019,11,4,Electronics,West,138838,1620,15062,2,85.7,394,0
2019-11,2019,11,4,Electronics,Central,181948,1939,22929,2,93.84,392,0
2019-11,2019,11,4,Clothing,North,151014,3571,17719,1,42.29,827,0
2019-11,2019,11,4,Clothing,South,116171,5370,8316,2,21.63,1480,0
2019-11,2019,11,4,Clothing,East,149861,2002,12689,3,74.86,357,0
2019-11,2019,11,4,Clothing,West,104992,1663,14842,1,63.13,174,0
2019-11,2019,11,4,Clothing,Central,131437,5041,15238,2,26.07,1339,0
2019-11,2019,11,4,Home,North,124509,1564,15287,1,79.61,332,0
2019-11,2019,11,4,Home,South,115479,3836,9299,0,30.1,396,0
2019-11,2019,11,4,Home,East,133338,1550,10066,0,86.02,438,0
2019-11,2019,11,4,Home,West,91951,2718,11713,1,33.83,352,0
2019-11,2019,11,4,Home,Central,126908,5172,10642,1,24.54,863,0
2019-11,2019,11,4,Food,North,124588,1899,18463,3,65.61,199,0
2019-11,2019,11,4,Food,South,106908,1857,15808,3,57.57,426,0
2019-11,2019,11,4,Food,East,116984,3878,12567,1,30.17,1157,0
2019-11,2019,11,4,Food,West,89214,2047,10656,0,43.58,411,0
2019-11,2019,11,4,Food,Central,108976,2514,6984,1,43.35,298,0
2019-11,2019,11,4,Beauty,North,102409,1485,10823,1,68.96,439,0
2019-11,2019,11,4,Beauty,South,85592,3687,10270,2,23.21,871,0
2019-11,2019,11,4,Beauty,East,100570,1416,9075,1,71.02,313,0
2019-11,2019,11,4,Beauty,West,80272,1280,6901,2,62.71,280,0
2019-11,2019,11,4,Beauty,Central,92605,1756,11878,2,52.74,193,0
2019-12,2019,12,4,Electronics,North,188022,3297,10132,1,57.03,948,0
2019-12,2019,12,4,Electronics,South,202357,4366,16791,1,46.35,859,0
2019-12,2019,12,4,Electronics,East,194014,2673,21322,2,72.58,286,0
2019-12,2019,12,4,Electronics,West,170160,6736,24630,1,25.26,1191,0
2019-12,2019,12,4,Electronics,Central,163246,2319,11411,0,70.39,523,0
2019-12,2019,12,4,Clothing,North,134283,5348,8048,1,25.11,933,0
2019-12,2019,12,4,Clothing,South,120947,1761,15824,2,68.68,346,0
2019-12,2019,12,4,Clothing,East,149798,5428,17835,0,27.6,998,0
2019-12,2019,12,4,Clothing,West,116656,1800,9942,2,64.81,265,0
2019-12,2019,12,4,Clothing,Central,139592,3342,20192,1,41.77,417,0
2019-12,2019,12,4,Home,North,118892,1528,5978,2,77.81,373,0
2019-12,2019,12,4,Home,South,118758,1380,6916,2,86.06,349,0
2019-12,2019,12,4,Home,East,171123,2896,16250,0,59.09,324,0
2019-12,2019,12,4,Home,West,103182,1960,8102,1,52.64,451,0
2019-12,2019,12,4,Home,Central,140100,2957,10980,0,47.38,705,0
2019-12,2019,12,4,Food,North,115078,1907,15432,1,60.35,197,0
2019-12,2019,12,4,Food,South,79408,1171,10522,1,67.81,173,0
2019-12,2019,12,4,Food,East,117850,1228,10937,2,95.97,240,0
2019-12,2019,12,4,Food,West,111067,3016,8805,1,36.83,301,0
2019-12,2019,12,4,Food,Central,100004,1202,13570,3,83.2,358,0
2019-12,2019,12,4,Beauty,North,110285,1945,16174,2,56.7,344,0
2019-12,2019,12,4,Beauty,South,89013,1176,5808,1,75.69,348,0
2019-12,2019,12,4,Beauty,East,100377,2320,13207,3,43.27,561,0
2019-12,2019,12,4,Beauty,West,97828,1935,9376,2,50.56,330,0
2019-12,2019,12,4,Beauty,Central,81321,1147,7649,3,70.9,144,0
2020-01,2020,1,1,Electronics,North,53441,1649,5111,2,32.41,408,0
2020-01,2020,1,1,Electronics,South,54365,1190,8141,1,45.68,247,0
2020-01,2020,1,1,Electronics,East,57636,985,3812,1,58.51,108,0
2020-01,2020,1,1,Electronics,West,46232,466,3863,1,99.21,119,0
2020-01,2020,1,1,Electronics,Central,46189,1249,3653,2,36.98,154,0
2020-01,2020,1,1,Clothing,North,36220,535,4423,1,67.7,83,0
2020-01,2020,1,1,Clothing,South,29621,978,2351,2,30.29,278,0
2020-01,2020,1,1,Clothing,East,48756,1330,2776,2,36.66,208,0
2020-01,2020,1,1,Clothing,West,33713,802,2554,2,42.04,116,0
2020-01,2020,1,1,Clothing,Central,38233,412,2563,2,92.8,60,0
2020-01,2020,1,1,Home,North,34697,536,4774,2,64.73,123,0
2020-01,2020,1,1,Home,South,32837,354,4792,3,92.76,87,0
2020-01,2020,1,1,Home,East,38201,441,4759,2,86.62,52,0
2020-01,2020,1,1,Home,West,32111,353,2060,0,90.97,41,0
2020-01,2020,1,1,Home,Central,29165,328,3642,1,88.92,49,0
2020-01,2020,1,1,Food,North,35368,1417,2539,0,24.96,193,0
2020-01,2020,1,1,Food,South,30295,491,4448,0,61.7,56,0
2020-01,2020,1,1,Food,East,27828,357,2974,1,77.95,46,0
2020-01,2020,1,1,Food,West,33559,484,2401,1,69.34,58,0
2020-01,2020,1,1,Food,Central,28223,607,1575,1,46.5,124,0
2020-01,2020,1,1,Beauty,North,31689,767,4103,1,41.32,142,0
2020-01,2020,1,1,Beauty,South,27000,1135,1356,2,23.79,145,0
2020-01,2020,1,1,Beauty,East,29025,433,1897,3,67.03,103,0
2020-01,2020,1,1,Beauty,West,22538,237,2355,2,95.1,43,0
2020-01,2020,1,1,Beauty,Central,21263,358,2674,1,59.39,69,0
2020-02,2020,2,1,Electronics,North,52799,628,4920,1,84.07,102,0
2020-02,2020,2,1,Electronics,South,50327,2320,7190,1,21.69,597,0
2020-02,2020,2,1,Electronics,East,65926,1295,8663,2,50.91,382,0
2020-02,2020,2,1,Electronics,West,43883,1729,4417,0,25.38,495,0
2020-02,2020,2,1,Electronics,Central,59027,1114,4028,1,52.99,161,0
2020-02,2020,2,1,Clothing,North,40948,464,5837,1,88.25,83,0
2020-02,2020,2,1,Clothing,South,35409,354,2366,2,100.03,62,0
2020-02,2020,2,1,Clothing,East,51489,550,6883,0,93.62,68,0
2020-02,2020,2,1,Clothing,West,34953,1021,3928,2,34.23,116,0
2020-02,2020,2,1,Clothing,Central,46780,499,2526,2,93.75,50,0
2020-02,2020,2,1,Home,North,38531,1448,2020,2,26.61,361,0
2020-02,2020,2,1,Home,South,34944,1612,2890,2,21.68,219,0
2020-02,2020,2,1,Home,East,36139,1749,4898,3,20.66,247,0
2020-02,2020,2,1,Home,West,28271,384,1794,2,73.62,86,0
2020-02,2020,2,1,Home,Central,33461,548,4063,2,61.06,75,0
2020-02,2020,2,1,Food,North,35575,627,2759,3,56.74,158,0
2020-02,2020,2,1,Food,South,27304,727,2322,0,37.56,94,0
2020-02,2020,2,1,Food,East,37013,1125,2612,2,32.9,310,0
2020-02,2020,2,1,Food,West,27607,996,1853,0,27.72,144,0
2020-02,2020,2,1,Food,Central,28687,992,2065,0,28.92,123,0
2020-02,2020,2,1,Beauty,North,28717,353,3587,2,81.35,94,0
2020-02,2020,2,1,Beauty,South,22648,833,1608,1,27.19,206,0
2020-02,2020,2,1,Beauty,East,26562,904,3416,2,29.38,138,0
2020-02,2020,2,1,Beauty,West,19801,303,2783,3,65.35,43,0
2020-02,2020,2,1,Beauty,Central,25298,308,3406,2,82.14,84,0
2020-03,2020,3,1,Electronics,North,83126,1185,7178,3,70.15,346,0
2020-03,2020,3,1,Electronics,South,80370,2584,10310,2,31.1,602,0
2020-03,2020,3,1,Electronics,East,90319,2292,8703,2,39.41,256,0
2020-03,2020,3,1,Electronics,West,57327,910,6785,0,63.0,101,0
2020-03,2020,3,1,Electronics,Central,78943,2531,5391,2,31.19,665,0
2020-03,2020,3,1,Clothing,North,63337,664,5319,1,95.39,137,0
2020-03,2020,3,1,Clothing,South,53827,1420,7348,2,37.91,396,0
2020-03,2020,3,1,Clothing,East,66219,2429,6000,3,27.26,442,0
2020-03,2020,3,1,Clothing,West,45098,826,3227,1,54.6,107,0
2020-03,2020,3,1,Clothing,Central,59033,2556,2956,2,23.1,420,0
2020-03,2020,3,1,Home,North,58551,594,8208,2,98.57,123,0
2020-03,2020,3,1,Home,South,47219,562,3885,2,84.02,101,0
2020-03,2020,3,1,Home,East,63606,749,3559,1,84.92,182,0
2020-03,2020,3,1,Home,West,42467,478,6328,2,88.84,60,0
2020-03,2020,3,1,Home,Central,43758,453,5194,2,96.6,127,0
2020-03,2020,3,1,Food,North,45447,567,3083,1,80.15,122,0
2020-03,2020,3,1,Food,South,46523,1414,6948,1,32.9,381,0
2020-03,2020,3,1,Food,East,56907,896,5159,2,63.51,262,0
2020-03,2020,3,1,Food,West,39573,405,5154,2,97.71,99,0
2020-03,2020,3,1,Food,Central,47479,967,5383,1,49.1,284,0
2020-03,2020,3,1,Beauty,North,34709,903,5061,0,38.44,222,0
2020-03,2020,3,1,Beauty,South,43604,489,5887,0,89.17,61,0
2020-03,2020,3,1,Beauty,East,45465,948,3551,1,47.96,111,0
2020-03,2020,3,1,Beauty,West,36558,404,1975,1,90.49,105,0
2020-03,2020,3,1,Beauty,Central,29671,1387,3770,1,21.39,351,0
2020-04,2020,4,2,Electronics,North,85101,864,4348,0,98.5,168,0
2020-04,2020,4,2,Electronics,South,76257,3644,5034,2,20.93,523,0
2020-04,2020,4,2,Electronics,East,89266,3025,11886,3,29.51,895,0
2020-04,2020,4,2,Electronics,West,67644,713,5745,2,94.87,106,0
2020-04,2020,4,2,Electronics,Central,69896,897,8628,1,77.92,173,0
2020-04,2020,4,2,Clothing,North,59315,636,5324,2,93.26,180,0
2020-04,2020,4,2,Clothing,South,54021,728,5070,1,74.2,169,0
2020-04,2020,4,2,Clothing,East,54317,647,3124,1,83.95,77,0
2020-04,2020,4,2,Clothing,West,48502,1001,6805,2,48.45,134,0
2020-04,2020,4,2,Clothing,Central,53719,556,3583,4,96.62,63,0
2020-04,2020,4,2,Home,North,57506,2046,5674,2,28.11,274,0
2020-04,2020,4,2,Home,South,49095,793,7331,2,61.91,178,0
2020-04,2020,4,2,Home,East,57379,1487,5731,0,38.59,331,0
2020-04,2020,4,2,Home,West,42150,966,5366,2,43.63,133,0
2020-04,2020,4,2,Home,Central,52440,815,6987,2,64.34,139,0
2020-04,2020,4,2,Food,North,55666,1571,7863,1,35.43,355,0
2020-04,2020,4,2,Food,South,42113,642,3238,0,65.6,169,0
2020-04,2020,4,2,Food,East,56017,1062,6811,2,52.75,144,0
2020-04,2020,4,2,Food,West,36240,1598,4817,1,22.68,389,0
2020-04,2020,4,2,Food,Central,42100,532,4399,4,79.14,102,0
2020-04,2020,4,2,Beauty,North,42672,468,3444,2,91.18,100,0
2020-04,2020,4,2,Beauty,South,35626,409,2796,1,87.11,46,0
2020-04,2020,4,2,Beauty,East,47418,620,5157,2,76.48,137,0
2020-04,2020,4,2,Beauty,West,33901,1402,4481,3,24.18,221,0
2020-04,2020,4,2,Beauty,Central,34692,816,2537,3,42.51,155,0
2020-05,2020,5,2,Electronics,North,84914,1425,5604,2,59.59,357,0
2020-05,2020,5,2,Electronics,South,76719,2089,9227,3,36.73,548,0
2020-05,2020,5,2,Electronics,East,82080,1406,9717,2,58.38,408,0
2020-05,2020,5,2,Electronics,West,66130,882,5935,2,74.98,127,0
2020-05,2020,5,2,Electronics,Central,75459,1032,8876,3,73.12,282,0
2020-05,2020,5,2,Clothing,North,82043,897,4881,0,91.46,109,0
2020-05,2020,5,2,Clothing,South,52114,1415,5335,1,36.83,340,0
2020-05,2020,5,2,Clothing,East,58414,2288,4104,2,25.53,342,0
2020-05,2020,5,2,Clothing,West,45612,1460,5219,2,31.24,321,0
2020-05,2020,5,2,Clothing,Central,54746,819,6732,2,66.84,239,0
2020-05,2020,5,2,Home,North,52181,943,3662,1,55.34,229,0
2020-05,2020,5,2,Home,South,48426,497,3310,1,97.44,76,0
2020-05,2020,5,2,Home,East,52331,636,7269,1,82.28,159,0
2020-05,2020,5,2,Home,West,40239,406,2450,0,99.11,68,0
2020-05,2020,5,2,Home,Central,45000,623,3901,2,72.23,158,0
2020-05,2020,5,2,Food,North,58332,1446,4949,1,40.34,300,0
2020-05,2020,5,2,Food,South,50349,652,2790,1,77.22,179,0
2020-05,2020,5,2,Food,East,49851,1069,3924,3,46.63,159,0
2020-05,2020,5,2,Food,West,36587,377,5079,1,97.05,46,0
2020-05,2020,5,2,Food,Central,39513,465,2476,1,84.97,70,0
2020-05,2020,5,2,Beauty,North,47721,912,3169,1,52.33,162,0
2020-05,2020,5,2,Beauty,South,37283,1006,4683,1,37.06,138,0
2020-05,2020,5,2,Beauty,East,51321,534,4945,2,96.11,107,0
2020-05,2020,5,2,Beauty,West,33922,596,3572,3,56.92,114,0
2020-05,2020,5,2,Beauty,Central,34844,404,3023,3,86.25,109,0
2020-06,2020,6,2,Electronics,North,72627,1151,6774,2,63.1,318,0
2020-06,2020,6,2,Electronics,South,64391,1612,7553,2,39.94,447,0
2020-06,2020,6,2,Electronics,East,75462,1598,6628,1,47.22,361,0
2020-06,2020,6,2,Electronics,West,60603,2620,6260,2,23.13,305,0
2020-06,2020,6,2,Electronics,Central,62972,816,4118,0,77.17,159,0
2020-06,2020,6,2,Clothing,North,56980,1862,5090,2,30.6,331,0
2020-06,2020,6,2,Clothing,South,51900,924,3917,1,56.17,200,0
2020-06,2020,6,2,Clothing,East,71026,735,5877,3,96.63,188,0
2020-06,2020,6,2,Clothing,West,46870,508,6424,1,92.26,145,0
2020-06,2020,6,2,Clothing,Central,59305,767,8194,3,77.32,159,0
2020-06,2020,6,2,Home,North,69814,1129,7487,1,61.84,237,0
2020-06,2020,6,2,Home,South,48945,2235,4358,1,21.9,428,0
2020-06,2020,6,2,Home,East,62336,815,4536,3,76.49,93,0
2020-06,2020,6,2,Home,West,42259,479,4917,2,88.22,84,0
2020-06,2020,6,2,Home,Central,64151,1226,7061,2,52.33,205,0
2020-06,2020,6,2,Food,North,47400,532,6481,2,89.1,73,0
2020-06,2020,6,2,Food,South,38104,445,2107,1,85.63,76,0
2020-06,2020,6,2,Food,East,44511,1444,4274,1,30.82,350,0
2020-06,2020,6,2,Food,West,33467,717,2260,2,46.68,166,0
2020-06,2020,6,2,Food,Central,42853,448,2231,5,95.65,92,0
2020-06,2020,6,2,Beauty,North,37431,428,3119,2,87.46,110,0
2020-06,2020,6,2,Beauty,South,38163,973,5706,3,39.22,100,0
2020-06,2020,6,2,Beauty,East,42717,2075,4958,1,20.59,480,0
2020-06,2020,6,2,Beauty,West,32156,354,4790,2,90.84,81,0
2020-06,2020,6,2,Beauty,Central,37656,476,4664,1,79.11,58,0
2020-07,2020,7,3,Electronics,North,87098,1055,5269,0,82.56,266,0
2020-07,2020,7,3,Electronics,South,82128,1015,11535,0,80.91,281,0
2020-07,2020,7,3,Electronics,East,89257,1862,11487,0,47.94,473,0
2020-07,2020,7,3,Electronics,West,63299,1424,8378,1,44.45,381,0
2020-07,2020,7,3,Electronics,Central,83824,1297,12242,0,64.63,179,0
2020-07,2020,7,3,Clothing,North,64980,1018,6281,0,63.83,168,0
2020-07,2020,7,3,Clothing,South,56717,1017,7243,0,55.77,227,0
2020-07,2020,7,3,Clothing,East,69588,1246,9790,1,55.85,288,0
2020-07,2020,7,3,Clothing,West,49542,611,7348,1,81.08,73,0
2020-07,2020,7,3,Clothing,Central,63954,1314,3769,1,48.67,210,0
2020-07,2020,7,3,Home,North,63310,985,6528,1,64.27,114,0
2020-07,2020,7,3,Home,South,46067,1949,5738,0,23.64,416,0
2020-07,2020,7,3,Home,East,54095,1074,7873,2,50.37,114,0
2020-07,2020,7,3,Home,West,46145,1449,2767,1,31.85,197,0
2020-07,2020,7,3,Home,Central,48715,528,4137,2,92.26,119,0
2020-07,2020,7,3,Food,North,51693,1791,4122,2,28.86,270,0
2020-07,2020,7,3,Food,South,37038,451,2187,1,82.12,105,0
2020-07,2020,7,3,Food,East,46449,547,2562,2,84.92,73,0
2020-07,2020,7,3,Food,West,36306,629,5434,4,57.72,87,0
2020-07,2020,7,3,Food,Central,44807,1645,3953,2,27.24,360,0
2020-07,2020,7,3,Beauty,North,31175,489,3024,2,63.75,84,0
2020-07,2020,7,3,Beauty,South,31637,1468,3098,0,21.55,160,0
2020-07,2020,7,3,Beauty,East,49025,1083,5767,3,45.27,314,0
2020-07,2020,7,3,Beauty,West,42173,1266,3323,2,33.31,145,0
2020-07,2020,7,3,Beauty,Central,30855,525,3394,1,58.77,116,0
2020-08,2020,8,3,Electronics,North,70483,758,9179,2,92.99,194,0
2020-08,2020,8,3,Electronics,South,71184,1052,5904,0,67.67,263,0
2020-08,2020,8,3,Electronics,East,75353,988,9831,1,76.27,218,0
2020-08,2020,8,3,Electronics,West,72041,1619,7509,0,44.5,312,0
2020-08,2020,8,3,Electronics,Central,80403,996,7157,2,80.73,294,0
2020-08,2020,8,3,Clothing,North,60952,1605,3583,1,37.98,426,0
2020-08,2020,8,3,Clothing,South,48782,1060,3307,2,46.02,125,0
2020-08,2020,8,3,Clothing,East,54509,1210,6496,1,45.05,206,0
2020-08,2020,8,3,Clothing,West,49628,594,5137,0,83.55,112,0
2020-08,2020,8,3,Clothing,Central,57441,977,3843,0,58.79,268,0
2020-08,2020,8,3,Home,North,51380,1694,5447,3,30.33,407,0
2020-08,2020,8,3,Home,South,49148,1873,3630,1,26.24,504,0
2020-08,2020,8,3,Home,East,54438,998,5556,1,54.55,261,0
2020-08,2020,8,3,Home,West,42206,531,4049,0,79.48,152,0
2020-08,2020,8,3,Home,Central,54150,630,5467,1,85.95,132,0
2020-08,2020,8,3,Food,North,44857,562,4127,1,79.82,64,0
2020-08,2020,8,3,Food,South,45814,561,5401,2,81.66,71,0
2020-08,2020,8,3,Food,East,48923,602,3478,0,81.27,81,0
2020-08,2020,8,3,Food,West,36849,657,4556,3,56.09,150,0
2020-08,2020,8,3,Food,Central,45746,684,4272,1,66.88,153,0
2020-08,2020,8,3,Beauty,North,41205,1797,3279,2,22.93,244,0
2020-08,2020,8,3,Beauty,South,35877,874,3584,2,41.05,179,0
2020-08,2020,8,3,Beauty,East,38012,409,3985,1,92.94,80,0
2020-08,2020,8,3,Beauty,West,33415,505,3666,2,66.17,150,0
2020-08,2020,8,3,Beauty,Central,41883,499,5949,1,83.93,123,0
2020-09,2020,9,3,Electronics,North,87083,871,11723,3,99.98,242,0
2020-09,2020,9,3,Electronics,South,70768,714,6030,1,99.11,128,0
2020-09,2020,9,3,Electronics,East,84389,1297,10880,0,65.06,298,0
2020-09,2020,9,3,Electronics,West,57285,1797,8294,1,31.88,225,0
2020-09,2020,9,3,Electronics,Central,85815,1138,11859,0,75.41,270,0
2020-09,2020,9,3,Clothing,North,73566,2592,5400,1,28.38,648,0
2020-09,2020,9,3,Clothing,South,58662,1501,5193,2,39.08,400,0
2020-09,2020,9,3,Clothing,East,69347,981,6903,2,70.69,255,0
2020-09,2020,9,3,Clothing,West,41635,518,4271,0,80.38,118,0
2020-09,2020,9,3,Clothing,Central,55911,1353,7574,1,41.32,332,0
2020-09,2020,9,3,Home,North,48902,849,3914,2,57.6,246,0
2020-09,2020,9,3,Home,South,36187,412,3503,2,87.83,97,0
2020-09,2020,9,3,Home,East,55736,1010,5779,2,55.18,258,0
2020-09,2020,9,3,Home,West,47897,538,7028,1,89.03,97,0
2020-09,2020,9,3,Home,Central,47665,1313,5708,2,36.3,355,0
2020-09,2020,9,3,Food,North,43697,523,5914,0,83.55,83,0
2020-09,2020,9,3,Food,South,44663,471,4224,1,94.83,85,0
2020-09,2020,9,3,Food,East,42474,1066,5646,3,39.84,243,0
2020-09,2020,9,3,Food,West,41768,734,4085,1,56.9,127,0
2020-09,2020,9,3,Food,Central,42228,619,2734,2,68.22,150,0
2020-09,2020,9,3,Beauty,North,46936,1947,5848,1,24.11,334,0
2020-09,2020,9,3,Beauty,South,35914,453,5308,1,79.28,78,0
2020-09,2020,9,3,Beauty,East,47390,2173,4094,2,21.81,288,0
2020-09,2020,9,3,Beauty,West,35552,422,3344,1,84.25,121,0
2020-09,2020,9,3,Beauty,Central,33839,520,4143,2,65.08,103,0
2020-10,2020,10,4,Electronics,North,78634,954,10834,2,82.43,203,0
2020-10,2020,10,4,Electronics,South,69847,1406,8698,3,49.68,188,0
2020-10,2020,10,4,Electronics,East,96121,1693,13451,3,56.78,261,0
2020-10,2020,10,4,Electronics,West,49379,520,5252,2,94.96,138,0
2020-10,2020,10,4,Electronics,Central,86378,3637,8594,1,23.75,805,0
2020-10,2020,10,4,Clothing,North,53391,538,5206,3,99.24,130,0
2020-10,2020,10,4,Clothing,South,60114,747,3449,0,80.47,81,0
2020-10,2020,10,4,Clothing,East,74464,2969,6962,1,25.08,850,0
2020-10,2020,10,4,Clothing,West,57743,1144,7382,2,50.47,330,0
2020-10,2020,10,4,Clothing,Central,59126,637,8715,1,92.82,96,0
2020-10,2020,10,4,Home,North,75422,985,5220,1,76.57,153,0
2020-10,2020,10,4,Home,South,49803,1053,2760,1,47.3,113,0
2020-10,2020,10,4,Home,East,59177,1994,8858,0,29.68,400,0
2020-10,2020,10,4,Home,West,47104,1898,6128,0,24.82,392,0
2020-10,2020,10,4,Home,Central,57547,1330,8105,1,43.27,385,0
2020-10,2020,10,4,Food,North,49283,532,3361,3,92.64,62,0
2020-10,2020,10,4,Food,South,38716,397,4948,1,97.52,114,0
2020-10,2020,10,4,Food,East,61345,877,5798,3,69.95,155,0
2020-10,2020,10,4,Food,West,42783,2026,6111,2,21.12,566,0
2020-10,2020,10,4,Food,Central,42215,687,3005,0,61.45,146,0
2020-10,2020,10,4,Beauty,North,42105,632,4490,1,66.62,139,0
2020-10,2020,10,4,Beauty,South,39878,893,4416,2,44.66,205,0
2020-10,2020,10,4,Beauty,East,52218,1725,6117,1,30.27,436,0
2020-10,2020,10,4,Beauty,West,38654,770,3736,2,50.2,104,0
2020-10,2020,10,4,Beauty,Central,38813,1820,4727,2,21.33,445,0
2020-11,2020,11,4,Electronics,North,191678,5106,18043,0,37.54,1179,0
2020-11,2020,11,4,Electronics,South,194835,5507,15194,2,35.38,885,0
2020-11,2020,11,4,Electronics,East,235720,2972,23092,0,79.31,710,0
2020-11,2020,11,4,Electronics,West,181041,1910,15205,2,94.79,521,0
2020-11,2020,11,4,Electronics,Central,167507,3680,24992,2,45.52,644,0
2020-11,2020,11,4,Clothing,North,109484,1582,13940,1,69.21,174,0
2020-11,2020,11,4,Clothing,South,136785,6803,18556,1,20.11,1510,0
2020-11,2020,11,4,Clothing,East,164945,3971,19129,1,41.54,1077,0
2020-11,2020,11,4,Clothing,West,143758,2081,19361,2,69.08,461,0
2020-11,2020,11,4,Clothing,Central,124425,1300,10706,1,95.71,320,0
2020-11,2020,11,4,Home,North,124881,2180,10531,0,57.28,470,0
2020-11,2020,11,4,Home,South,100379,2100,13457,1,47.8,615,0
2020-11,2020,11,4,Home,East,139647,3919,8650,1,35.63,620,0
2020-11,2020,11,4,Home,West,112078,3846,15194,3,29.14,970,0
2020-11,2020,11,4,Home,Central,113023,5230,9266,1,21.61,1269,0
2020-11,2020,11,4,Food,North,141686,2690,9435,1,52.67,354,0
2020-11,2020,11,4,Food,South,99877,1451,7349,2,68.83,303,0
2020-11,2020,11,4,Food,East,128291,1973,9340,3,65.02,458,0
2020-11,2020,11,4,Food,West,80641,930,6462,1,86.71,224,0
2020-11,2020,11,4,Food,Central,109014,2044,8014,4,53.33,206,0
2020-11,2020,11,4,Beauty,North,95133,3718,11948,1,25.59,372,0
2020-11,2020,11,4,Beauty,South,93076,1169,5302,1,79.62,237,0
2020-11,2020,11,4,Beauty,East,114232,4200,6095,2,27.2,1247,0
2020-11,2020,11,4,Beauty,West,87719,2117,7951,1,41.44,325,0
2020-11,2020,11,4,Beauty,Central,96837,1671,5974,0,57.95,299,0
2020-12,2020,12,4,Electronics,North,223037,4653,22998,0,47.93,559,0
2020-12,2020,12,4,Electronics,South,191499,2894,23480,0,66.17,550,0
2020-12,2020,12,4,Electronics,East,197146,3108,18612,0,63.43,829,0
2020-12,2020,12,4,Electronics,West,158487,1749,17642,2,90.62,371,0
2020-12,2020,12,4,Electronics,Central,208429,3337,11147,0,62.46,520,0
2020-12,2020,12,4,Clothing,North,147362,2831,10486,1,52.05,401,0
2020-12,2020,12,4,Clothing,South,147067,1895,12939,2,77.61,404,0
2020-12,2020,12,4,Clothing,East,175513,2623,17159,1,66.91,559,0
2020-12,2020,12,4,Clothing,West,133871,6551,12728,3,20.44,1022,0
2020-12,2020,12,4,Clothing,Central,146994,1474,20413,2,99.72,310,0
2020-12,2020,12,4,Home,North,138990,3426,19555,2,40.57,812,0
2020-12,2020,12,4,Home,South,126984,1712,9090,2,74.17,471,0
2020-12,2020,12,4,Home,East,140128,2012,13307,1,69.65,344,0
2020-12,2020,12,4,Home,West,115058,3369,13944,2,34.15,392,0
2020-12,2020,12,4,Home,Central,145079,1645,16110,1,88.19,303,0
2020-12,2020,12,4,Food,North,104728,4000,10748,2,26.18,761,0
2020-12,2020,12,4,Food,South,101789,1878,7020,2,54.2,366,0
2020-12,2020,12,4,Food,East,118595,1440,17015,1,82.36,209,0
2020-12,2020,12,4,Food,West,95250,1895,10153,3,50.26,335,0
2020-12,2020,12,4,Food,Central,105521,1526,13579,1,69.15,370,0
2020-12,2020,12,4,Beauty,North,90703,4078,12447,2,22.24,1124,0
2020-12,2020,12,4,Beauty,South,85777,1740,7869,1,49.3,186,0
2020-12,2020,12,4,Beauty,East,103363,3735,6207,1,27.67,393,0
2020-12,2020,12,4,Beauty,West,87728,1698,9967,1,51.67,363,0
2020-12,2020,12,4,Beauty,Central,99869,3066,14941,2,32.57,900,0
2021-01,2021,1,1,Electronics,North,63322,1584,3258,2,39.98,298,0
2021-01,2021,1,1,Electronics,South,51572,1116,6608,1,46.21,251,0
2021-01,2021,1,1,Electronics,East,60885,649,9060,4,93.81,129,0
2021-01,2021,1,1,Electronics,West,55547,623,3429,2,89.16,130,0
2021-01,2021,1,1,Electronics,Central,56468,610,4468,2,92.57,84,0
2021-01,2021,1,1,Clothing,North,44330,615,3508,3,72.08,86,0
2021-01,2021,1,1,Clothing,South,35342,809,2886,2,43.69,116,0
2021-01,2021,1,1,Clothing,East,42773,498,4972,3,85.89,141,0
2021-01,2021,1,1,Clothing,West,35486,418,2620,2,84.89,125,0
2021-01,2021,1,1,Clothing,Central,38149,1706,4448,2,22.36,249,0
2021-01,2021,1,1,Home,North,40567,1450,5940,3,27.98,239,0
2021-01,2021,1,1,Home,South,33751,1070,2214,2,31.54,121,0
2021-01,2021,1,1,Home,East,36576,419,4560,1,87.29,89,0
2021-01,2021,1,1,Home,West,34737,910,2886,1,38.17,199,0
2021-01,2021,1,1,Home,Central,31346,483,1804,1,64.9,120,0
2021-01,2021,1,1,Food,North,39565,652,5538,0,60.68,133,0
2021-01,2021,1,1,Food,South,27992,332,3150,3,84.31,99,0
2021-01,2021,1,1,Food,East,35507,752,2086,0,47.22,88,0
2021-01,2021,1,1,Food,West,28370,402,4035,1,70.57,77,0
2021-01,2021,1,1,Food,Central,31692,1004,4329,4,31.57,235,0
2021-01,2021,1,1,Beauty,North,32740,628,2461,1,52.13,168,0
2021-01,2021,1,1,Beauty,South,22206,229,1644,1,96.97,28,0
2021-01,2021,1,1,Beauty,East,27898,342,3692,0,81.57,51,0
2021-01,2021,1,1,Beauty,West,25265,275,2663,2,91.87,62,0
2021-01,2021,1,1,Beauty,Central,29467,396,2167,1,74.41,83,0
2021-02,2021,2,1,Electronics,North,60071,2301,5894,0,26.11,350,0
2021-02,2021,2,1,Electronics,South,49092,1290,3437,2,38.06,292,0
2021-02,2021,2,1,Electronics,East,62513,710,8899,3,88.05,93,0
2021-02,2021,2,1,Electronics,West,49948,559,4472,1,89.35,57,0
2021-02,2021,2,1,Electronics,Central,46922,788,3705,2,59.55,221,0
2021-02,2021,2,1,Clothing,North,48837,718,3165,1,68.02,170,0
2021-02,2021,2,1,Clothing,South,35685,496,4423,2,71.95,64,0
2021-02,2021,2,1,Clothing,East,47109,494,2403,2,95.36,90,0
2021-02,2021,2,1,Clothing,West,37352,441,1941,3,84.7,126,0
2021-02,2021,2,1,Clothing,Central,39870,535,5296,0,74.52,91,0
2021-02,2021,2,1,Home,North,39414,428,4574,3,92.09,80,0
2021-02,2021,2,1,Home,South,35560,507,4618,3,70.14,85,0
2021-02,2021,2,1,Home,East,44348,534,3075,1,83.05,61,0
2021-02,2021,2,1,Home,West,33464,461,4609,2,72.59,80,0
2021-02,2021,2,1,Home,Central,36109,645,2156,2,55.98,97,0
2021-02,2021,2,1,Food,North,32937,429,2168,0,76.78,50,0
2021-02,2021,2,1,Food,South,30773,416,2407,2,73.97,121,0
2021-02,2021,2,1,Food,East,37288,1614,3906,0,23.1,185,0
2021-02,2021,2,1,Food,West,32241,472,2128,2,68.31,69,0
2021-02,2021,2,1,Food,Central,32497,1264,4767,1,25.71,305,0
2021-02,2021,2,1,Beauty,North,35103,520,2783,2,67.51,100,0
2021-02,2021,2,1,Beauty,South,21516,265,3006,0,81.19,45,0
2021-02,2021,2,1,Beauty,East,30301,311,2819,1,97.43,56,0
2021-02,2021,2,1,Beauty,West,23038,257,2912,2,89.64,50,0
2021-02,2021,2,1,Beauty,Central,26423,595,3297,0,44.41,136,0
2021-03,2021,3,1,Electronics,North,86877,1280,8030,1,67.87,328,0
2021-03,2021,3,1,Electronics,South,85001,3236,10130,2,26.27,453,0
2021-03,2021,3,1,Electronics,East,79513,3717,9975,3,21.39,578,0
2021-03,2021,3,1,Electronics,West,81034,1108,5311,2,73.14,234,0
2021-03,2021,3,1,Electronics,Central,82521,1068,9291,1,77.27,129,0
2021-03,2021,3,1,Clothing,North,49309,503,3792,2,98.03,107,0
2021-03,2021,3,1,Clothing,South,56429,752,5920,2,75.04,139,0
2021-03,2021,3,1,Clothing,East,59968,863,5589,0,69.49,118,0
2021-03,2021,3,1,Clothing,West,44697,467,5343,1,95.71,94,0
2021-03,2021,3,1,Clothing,Central,56427,2461,4101,2,22.93,431,0
2021-03,2021,3,1,Home,North,61920,623,5503,3,99.39,126,0
2021-03,2021,3,1,Home,South,42506,1138,5842,4,37.35,222,0
2021-03,2021,3,1,Home,East,72269,2337,8807,2,30.92,655,0
2021-03,2021,3,1,Home,West,50575,1333,5031,2,37.94,264,0
2021-03,2021,3,1,Home,Central,59192,2138,6895,2,27.69,407,0
2021-03,2021,3,1,Food,North,47410,660,5021,2,71.83,175,0
2021-03,2021,3,1,Food,South,44158,456,4025,0,96.84,117,0
2021-03,2021,3,1,Food,East,56390,832,7990,2,67.78,247,0
2021-03,2021,3,1,Food,West,49958,2051,5918,2,24.36,460,0
2021-03,2021,3,1,Food,Central,50827,1071,5858,1,47.46,114,0
2021-03,2021,3,1,Beauty,North,47770,542,2689,2,88.14,128,0
2021-03,2021,3,1,Beauty,South,42372,644,6281,1,65.8,78,0
2021-03,2021,3,1,Beauty,East,45444,691,3757,2,65.77,120,0
2021-03,2021,3,1,Beauty,West,33564,403,2856,1,83.29,56,0
2021-03,2021,3,1,Beauty,Central,38448,614,2995,1,62.62,103,0
2021-04,2021,4,2,Electronics,North,83278,2402,4236,2,34.67,376,0
2021-04,2021,4,2,Electronics,South,82657,1876,12032,1,44.06,307,0
2021-04,2021,4,2,Electronics,East,86584,2460,8227,1,35.2,574,0
2021-04,2021,4,2,Electronics,West,82697,898,5739,0,92.09,196,0
2021-04,2021,4,2,Electronics,Central,79427,902,11507,1,88.06,211,0
2021-04,2021,4,2,Clothing,North,64810,1004,6691,2,64.55,261,0
2021-04,2021,4,2,Clothing,South,58455,1127,8055,2,51.87,115,0
2021-04,2021,4,2,Clothing,East,65283,1179,6844,0,55.37,201,0
2021-04,2021,4,2,Clothing,West,56053,695,8167,3,80.65,126,0
2021-04,2021,4,2,Clothing,Central,59408,746,6273,2,79.64,166,0
2021-04,2021,4,2,Home,North,58771,1988,7220,2,29.56,414,0
2021-04,2021,4,2,Home,South,54416,704,2894,3,77.3,108,0
2021-04,2021,4,2,Home,East,52269,865,7298,0,60.43,230,0
2021-04,2021,4,2,Home,West,49805,656,7067,2,75.92,75,0
2021-04,2021,4,2,Home,Central,53847,1500,5303,4,35.9,221,0
2021-04,2021,4,2,Food,North,49088,505,5380,3,97.2,114,0
2021-04,2021,4,2,Food,South,39750,1048,4700,2,37.93,309,0
2021-04,2021,4,2,Food,East,55523,568,7156,2,97.75,62,0
2021-04,2021,4,2,Food,West,36886,444,5142,1,83.08,127,0
2021-04,2021,4,2,Food,Central,46361,2098,6506,1,22.1,488,0
2021-04,2021,4,2,Beauty,North,50767,751,3339,2,67.6,188,0
2021-04,2021,4,2,Beauty,South,41289,663,4587,2,62.28,133,0
2021-04,2021,4,2,Beauty,East,44833,1315,6660,1,34.09,355,0
2021-04,2021,4,2,Beauty,West,36940,470,2930,0,78.6,80,0
2021-04,2021,4,2,Beauty,Central,34652,1426,2227,3,24.3,252,0
2021-05,2021,5,2,Electronics,North,102307,1436,10525,1,71.24,199,0
2021-05,2021,5,2,Electronics,South,85900,1076,12534,2,79.83,243,0
2021-05,2021,5,2,Electronics,East,73270,1130,10502,1,64.84,317,0
2021-05,2021,5,2,Electronics,West,65855,1156,5545,0,56.97,122,0
2021-05,2021,5,2,Electronics,Central,69203,917,7587,2,75.47,274,0
2021-05,2021,5,2,Clothing,North,78634,1638,9657,2,48.01,201,0
2021-05,2021,5,2,Clothing,South,50721,612,4207,1,82.88,64,0
2021-05,2021,5,2,Clothing,East,65890,1180,3908,3,55.84,340,0
2021-05,2021,5,2,Clothing,West,50075,802,6795,0,62.44,226,0
2021-05,2021,5,2,Clothing,Central,52002,2232,7246,0,23.3,345,0
2021-05,2021,5,2,Home,North,54646,593,2935,2,92.15,156,0
2021-05,2021,5,2,Home,South,46441,578,3719,1,80.35,127,0
2021-05,2021,5,2,Home,East,49219,622,2472,1,79.13,174,0
2021-05,2021,5,2,Home,West,49325,1454,3906,1,33.92,206,0
2021-05,2021,5,2,Home,Central,46290,621,2441,2,74.54,142,0
2021-05,2021,5,2,Food,North,50374,1272,5705,1,39.6,322,0
2021-05,2021,5,2,Food,South,41902,1958,3558,2,21.4,208,0
2021-05,2021,5,2,Food,East,67242,735,7226,0,91.49,92,0
2021-05,2021,5,2,Food,West,45162,735,6610,3,61.44,139,0
2021-05,2021,5,2,Food,Central,40253,901,3302,0,44.68,167,0
2021-05,2021,5,2,Beauty,North,44476,507,3479,0,87.72,94,0
2021-05,2021,5,2,Beauty,South,39853,522,5288,0,76.35,153,0
2021-05,2021,5,2,Beauty,East,49735,1010,4903,1,49.24,274,0
2021-05,2021,5,2,Beauty,West,34339,521,3795,3,65.91,59,0
2021-05,2021,5,2,Beauty,Central,39529,919,4361,2,43.01,148,0
2021-06,2021,6,2,Electronics,North,82386,1032,11313,1,79.83,164,0
2021-06,2021,6,2,Electronics,South,75120,2660,4520,2,28.24,684,0
2021-06,2021,6,2,Electronics,East,88688,2349,5503,2,37.76,444,0
2021-06,2021,6,2,Electronics,West,72698,866,10084,0,83.95,155,0
2021-06,2021,6,2,Electronics,Central,82790,2886,8958,3,28.69,390,0
2021-06,2021,6,2,Clothing,North,63374,741,3720,1,85.52,160,0
2021-06,2021,6,2,Clothing,South,48475,2075,3650,1,23.36,401,0
2021-06,2021,6,2,Clothing,East,71806,940,10350,3,76.39,198,0
2021-06,2021,6,2,Clothing,West,48592,528,3958,1,92.03,125,0
2021-06,2021,6,2,Clothing,Central,49443,713,4763,1,69.35,169,0
2021-06,2021,6,2,Home,North,58020,1143,5557,2,50.76,143,0
2021-06,2021,6,2,Home,South,45708,1446,2737,1,31.61,429,0
2021-06,2021,6,2,Home,East,60081,774,8314,1,77.62,207,0
2021-06,2021,6,2,Home,West,46310,1045,4914,3,44.32,129,0
2021-06,2021,6,2,Home,Central,48528,774,4629,2,62.7,102,0
2021-06,2021,6,2,Food,North,46524,888,4140,1,52.39,254,0
2021-06,2021,6,2,Food,South,48089,686,4491,1,70.1,85,0
2021-06,2021,6,2,Food,East,59779,1544,5665,0,38.72,171,0
2021-06,2021,6,2,Food,West,38861,411,4081,1,94.55,79,0
2021-06,2021,6,2,Food,Central,48851,1360,3064,2,35.92,382,0
2021-06,2021,6,2,Beauty,North,38094,727,3800,0,52.4,105,0
2021-06,2021,6,2,Beauty,South,35871,372,1936,1,96.43,109,0
2021-06,2021,6,2,Beauty,East,49782,1895,3555,0,26.27,439,0
2021-06,2021,6,2,Beauty,West,30004,421,2003,2,71.27,123,0
2021-06,2021,6,2,Beauty,Central,38757,710,3701,2,54.59,82,0
2021-07,2021,7,3,Electronics,North,90289,1029,9910,1,87.74,239,0
2021-07,2021,7,3,Electronics,South,61477,2294,6977,2,26.8,435,0
2021-07,2021,7,3,Electronics,East,88499,1098,8148,0,80.6,233,0
2021-07,2021,7,3,Electronics,West,60266,808,5704,1,74.59,191,0
2021-07,2021,7,3,Electronics,Central,70600,1155,5900,0,61.13,254,0
2021-07,2021,7,3,Clothing,North,63538,1533,6703,0,41.45,384,0
2021-07,2021,7,3,Clothing,South,60218,1148,3867,1,52.45,121,0
2021-07,2021,7,3,Clothing,East,63695,1790,7705,2,35.58,441,0
2021-07,2021,7,3,Clothing,West,50224,512,4235,2,98.09,86,0
2021-07,2021,7,3,Clothing,Central,54159,553,7646,1,97.94,153,0
2021-07,2021,7,3,Home,North,60648,803,3485,2,75.53,140,0
2021-07,2021,7,3,Home,South,45619,992,2895,1,45.99,216,0
2021-07,2021,7,3,Home,East,61805,1668,8485,2,37.05,300,0
2021-07,2021,7,3,Home,West,41040,562,3643,2,73.02,88,0
2021-07,2021,7,3,Home,Central,48587,1917,2436,0,25.35,534,0
2021-07,2021,7,3,Food,North,50024,1065,5328,0,46.97,247,0
2021-07,2021,7,3,Food,South,44624,785,5574,2,56.85,189,0
2021-07,2021,7,3,Food,East,53452,1071,5111,0,49.91,279,0
2021-07,2021,7,3,Food,West,36077,837,4026,2,43.1,138,0
2021-07,2021,7,3,Food,Central,46316,1131,3532,3,40.95,202,0
2021-07,2021,7,3,Beauty,North,35351,913,4845,2,38.72,213,0
2021-07,2021,7,3,Beauty,South,35203,924,2545,3,38.1,222,0
2021-07,2021,7,3,Beauty,East,59053,2049,5287,1,28.82,379,0
2021-07,2021,7,3,Beauty,West,38856,413,5350,0,94.08,66,0
2021-07,2021,7,3,Beauty,Central,42634,604,4959,2,70.59,118,0
2021-08,2021,8,3,Electronics,North,100586,1204,14522,0,83.54,131,0
2021-08,2021,8,3,Electronics,South,69468,790,7986,0,87.93,108,0
2021-08,2021,8,3,Electronics,East,82772,2204,6075,2,37.56,559,0
2021-08,2021,8,3,Electronics,West,81761,910,9217,1,89.85,152,0
2021-08,2021,8,3,Electronics,Central,95112,2944,12674,0,32.31,591,0
2021-08,2021,8,3,Clothing,North,56076,687,5551,2,81.62,75,0
2021-08,2021,8,3,Clothing,South,60281,1051,3939,1,57.36,112,0
2021-08,2021,8,3,Clothing,East,63092,2495,7360,3,25.29,686,0
2021-08,2021,8,3,Clothing,West,54388,656,6268,3,82.91,120,0
2021-08,2021,8,3,Clothing,Central,53105,1807,3317,1,29.39,320,0
2021-08,2021,8,3,Home,North,66058,1458,3402,1,45.31,434,0
2021-08,2021,8,3,Home,South,56351,1039,7147,1,54.24,292,0
2021-08,2021,8,3,Home,East,60181,1416,6012,0,42.5,330,0
2021-08,2021,8,3,Home,West,49257,518,2566,1,95.09,133,0
2021-08,2021,8,3,Home,Central,46598,682,4799,1,68.33,194,0
2021-08,2021,8,3,Food,North,52038,670,7712,4,77.67,155,0
2021-08,2021,8,3,Food,South,35004,474,3837,1,73.85,80,0
2021-08,2021,8,3,Food,East,62125,1081,4669,1,57.47,200,0
2021-08,2021,8,3,Food,West,43110,555,3059,0,77.68,61,0
2021-08,2021,8,3,Food,Central,47391,1067,6405,1,44.42,192,0
2021-08,2021,8,3,Beauty,North,41198,708,5505,1,58.19,207,0
2021-08,2021,8,3,Beauty,South,36708,512,2896,1,71.7,94,0
2021-08,2021,8,3,Beauty,East,43786,1185,6444,0,36.95,151,0
2021-08,2021,8,3,Beauty,West,39970,816,5462,0,48.98,223,0
2021-08,2021,8,3,Beauty,Central,35245,418,1923,1,84.32,49,0
2021-09,2021,9,3,Electronics,North,83132,926,4787,2,89.78,235,0
2021-09,2021,9,3,Electronics,South,82720,1144,4971,2,72.31,320,0
2021-09,2021,9,3,Electronics,East,94111,3167,6048,2,29.72,380,0
2021-09,2021,9,3,Electronics,West,67014,905,4721,0,74.05,245,0
2021-09,2021,9,3,Electronics,Central,82307,2415,6233,1,34.08,482,0
2021-09,2021,9,3,Clothing,North,59870,924,4275,1,64.79,248,0
2021-09,2021,9,3,Clothing,South,53743,876,7420,0,61.35,245,0
2021-09,2021,9,3,Clothing,East,62728,1585,4455,3,39.58,237,0
2021-09,2021,9,3,Clothing,West,46597,1386,6815,0,33.62,291,0
2021-09,2021,9,3,Clothing,Central,66884,2061,9787,0,32.45,227,0
2021-09,2021,9,3,Home,North,60228,723,6811,1,83.3,170,0
2021-09,2021,9,3,Home,South,55243,2642,7063,1,20.91,297,0
2021-09,2021,9,3,Home,East,57473,741,4219,2,77.56,93,0
2021-09,2021,9,3,Home,West,44494,1336,6078,2,33.3,229,0
2021-09,2021,9,3,Home,Central,43800,570,3345,2,76.84,119,0
2021-09,2021,9,3,Food,North,48567,1254,4121,3,38.73,227,0
2021-09,2021,9,3,Food,South,42113,1170,4376,1,35.99,250,0
2021-09,2021,9,3,Food,East,50270,813,6399,2,61.83,89,0
2021-09,2021,9,3,Food,West,38236,915,2086,1,41.79,230,0
2021-09,2021,9,3,Food,Central,42438,798,2227,1,53.18,223,0
2021-09,2021,9,3,Beauty,North,41056,962,4551,1,42.68,188,0
2021-09,2021,9,3,Beauty,South,39767,511,3451,2,77.82,136,0
2021-09,2021,9,3,Beauty,East,40749,995,2301,1,40.95,205,0
2021-09,2021,9,3,Beauty,West,34004,427,2094,3,79.63,56,0
2021-09,2021,9,3,Beauty,Central,33482,499,2927,0,67.1,102,0
2021-10,2021,10,4,Electronics,North,91924,4395,5544,1,20.92,565,0
2021-10,2021,10,4,Electronics,South,76749,2301,7866,2,33.35,458,0
2021-10,2021,10,4,Electronics,East,103562,2177,6604,1,47.57,530,0
2021-10,2021,10,4,Electronics,West,62746,2778,4047,3,22.59,427,0
2021-10,2021,10,4,Electronics,Central,80603,1038,10005,2,77.65,159,0
2021-10,2021,10,4,Clothing,North,71764,1552,10633,1,46.24,360,0
2021-10,2021,10,4,Clothing,South,52133,2006,4795,2,25.99,553,0
2021-10,2021,10,4,Clothing,East,65455,2548,8788,2,25.69,546,0
2021-10,2021,10,4,Clothing,West,51226,680,6138,0,75.33,125,0
2021-10,2021,10,4,Clothing,Central,60691,1821,8976,2,33.33,481,0
2021-10,2021,10,4,Home,North,50478,513,7370,2,98.4,56,0
2021-10,2021,10,4,Home,South,40589,472,4630,1,85.99,118,0
2021-10,2021,10,4,Home,East,45330,1138,5240,0,39.83,320,0
2021-10,2021,10,4,Home,West,43459,823,2575,2,52.81,119,0
2021-10,2021,10,4,Home,Central,41229,452,3066,2,91.21,76,0
2021-10,2021,10,4,Food,North,51042,1100,5549,1,46.4,160,0
2021-10,2021,10,4,Food,South,43345,459,6381,1,94.43,119,0
2021-10,2021,10,4,Food,East,49604,583,6052,2,85.08,157,0
2021-10,2021,10,4,Food,West,45597,720,4051,4,63.33,141,0
2021-10,2021,10,4,Food,Central,49204,616,6135,0,79.88,119,0
2021-10,2021,10,4,Beauty,North,45855,1036,3983,1,44.26,200,0
2021-10,2021,10,4,Beauty,South,33040,473,1971,1,69.85,80,0
2021-10,2021,10,4,Beauty,East,49648,1005,7355,0,49.4,298,0
2021-10,2021,10,4,Beauty,West,32158,405,2877,1,79.4,57,0
2021-10,2021,10,4,Beauty,Central,35349,1678,2148,3,21.07,223,0
2021-11,2021,11,4,Electronics,North,214266,3031,29901,2,70.69,392,0
2021-11,2021,11,4,Electronics,South,178421,5757,11422,1,30.99,1097,0
2021-11,2021,11,4,Electronics,East,212900,2971,30602,1,71.66,639,0
2021-11,2021,11,4,Electronics,West,199405,3654,18470,2,54.57,449,0
2021-11,2021,11,4,Electronics,Central,191682,2183,14123,3,87.81,529,0
2021-11,2021,11,4,Clothing,North,161686,4016,17800,0,40.26,479,0
2021-11,2021,11,4,Clothing,South,115084,1273,7132,1,90.4,353,0
2021-11,2021,11,4,Clothing,East,178207,2488,25154,2,71.63,478,0
2021-11,2021,11,4,Clothing,West,131442,1566,17609,3,83.93,266,0
2021-11,2021,11,4,Clothing,Central,162624,1737,10713,0,93.62,299,0
2021-11,2021,11,4,Home,North,114026,1811,14134,2,62.96,333,0
2021-11,2021,11,4,Home,South,131517,2038,16920,2,64.53,378,0
2021-11,2021,11,4,Home,East,154113,4968,13265,1,31.02,1283,0
2021-11,2021,11,4,Home,West,127685,1754,18752,2,72.8,343,0
2021-11,2021,11,4,Home,Central,142515,2079,19141,1,68.55,413,0
2021-11,2021,11,4,Food,North,133980,6059,18044,2,22.11,1164,0
2021-11,2021,11,4,Food,South,107761,2792,12596,3,38.6,428,0
2021-11,2021,11,4,Food,East,110442,2230,6860,1,49.53,545,0
2021-11,2021,11,4,Food,West,118303,1229,8219,2,96.26,342,0
2021-11,2021,11,4,Food,Central,116632,1274,10054,3,91.55,168,0
2021-11,2021,11,4,Beauty,North,111748,1133,6309,1,98.63,185,0
2021-11,2021,11,4,Beauty,South,96865,2643,8374,2,36.65,773,0
2021-11,2021,11,4,Beauty,East,104889,1634,6590,2,64.19,218,0
2021-11,2021,11,4,Beauty,West,82305,2986,8449,1,27.56,755,0
2021-11,2021,11,4,Beauty,Central,92561,1902,10808,0,48.67,489,0
2021-12,2021,12,4,Electronics,North,188836,3164,22452,1,59.68,791,0
2021-12,2021,12,4,Electronics,South,178110,2509,26565,3,70.99,572,0
2021-12,2021,12,4,Electronics,East,225497,3577,32282,0,63.04,665,0
2021-12,2021,12,4,Electronics,West,163454,3124,18568,2,52.32,590,0
2021-12,2021,12,4,Electronics,Central,206689,2099,13971,2,98.47,496,0
2021-12,2021,12,4,Clothing,North,159195,2667,22602,2,59.69,777,0
2021-12,2021,12,4,Clothing,South,143602,4600,10843,1,31.22,460,0
2021-12,2021,12,4,Clothing,East,158287,3892,22989,2,40.67,704,0
2021-12,2021,12,4,Clothing,West,119711,3580,11571,0,33.44,728,0
2021-12,2021,12,4,Clothing,Central,160332,1986,21893,3,80.73,383,0
2021-12,2021,12,4,Home,North,139839,2832,15498,2,49.38,669,0
2021-12,2021,12,4,Home,South,128225,1447,13953,1,88.61,391,0
2021-12,2021,12,4,Home,East,173995,1887,13228,2,92.21,501,0
2021-12,2021,12,4,Home,West,101454,1836,9635,0,55.26,502,0
2021-12,2021,12,4,Home,Central,107976,1243,9906,3,86.87,232,0
2021-12,2021,12,4,Food,North,116842,2311,11512,1,50.56,311,0
2021-12,2021,12,4,Food,South,94699,1207,8061,1,78.46,330,0
2021-12,2021,12,4,Food,East,140185,3340,12104,3,41.97,569,0
2021-12,2021,12,4,Food,West,117330,2723,13558,3,43.09,544,0
2021-12,2021,12,4,Food,Central,128979,4822,7198,2,26.75,1021,0
2021-12,2021,12,4,Beauty,North,113114,2863,6148,3,39.51,408,0
2021-12,2021,12,4,Beauty,South,92922,1416,13746,2,65.62,403,0
2021-12,2021,12,4,Beauty,East,113684,2153,6659,2,52.8,291,0
2021-12,2021,12,4,Beauty,West,100346,4188,5103,0,23.96,1118,0
2021-12,2021,12,4,Beauty,Central,88295,1433,4501,1,61.62,353,0
2022-01,2022,1,1,Electronics,North,54536,1111,5012,1,49.09,265,0
2022-01,2022,1,1,Electronics,South,57881,595,3498,2,97.28,132,0
2022-01,2022,1,1,Electronics,East,58529,620,5038,3,94.4,64,0
2022-01,2022,1,1,Electronics,West,49466,517,2544,1,95.68,140,0
2022-01,2022,1,1,Electronics,Central,55210,1677,4236,1,32.92,221,0
2022-01,2022,1,1,Clothing,North,47325,657,3166,0,72.03,166,0
2022-01,2022,1,1,Clothing,South,38948,398,3063,1,97.86,62,0
2022-01,2022,1,1,Clothing,East,45812,673,4492,1,68.07,94,0
2022-01,2022,1,1,Clothing,West,36181,752,2437,2,48.11,193,0
2022-01,2022,1,1,Clothing,Central,44088,1283,2543,2,34.36,307,0
2022-01,2022,1,1,Home,North,43484,839,2226,2,51.83,228,0
2022-01,2022,1,1,Home,South,38879,495,3664,0,78.54,135,0
2022-01,2022,1,1,Home,East,38600,437,2591,0,88.33,112,0
2022-01,2022,1,1,Home,West,35350,387,3514,3,91.34,54,0
2022-01,2022,1,1,Home,Central,41440,1039,3835,2,39.88,234,0
2022-01,2022,1,1,Food,North,36278,863,2100,3,42.04,162,0
2022-01,2022,1,1,Food,South,33384,467,4577,2,71.49,95,0
2022-01,2022,1,1,Food,East,37757,500,4667,2,75.51,127,0
2022-01,2022,1,1,Food,West,32061,639,3124,2,50.17,64,0
2022-01,2022,1,1,Food,Central,37155,1272,5251,1,29.21,141,0
2022-01,2022,1,1,Beauty,North,35120,1072,2545,2,32.76,195,0
2022-01,2022,1,1,Beauty,South,21612,575,3236,0,37.59,109,0
2022-01,2022,1,1,Beauty,East,30102,584,3710,3,51.54,84,0
2022-01,2022,1,1,Beauty,West,28418,996,2357,3,28.53,197,0
2022-01,2022,1,1,Beauty,Central,28231,366,1905,1,77.13,43,0
2022-02,2022,2,1,Electronics,North,59005,755,6665,1,78.15,213,0
2022-02,2022,2,1,Electronics,South,56229,666,7460,3,84.43,160,0
2022-02,2022,2,1,Electronics,East,66696,908,9976,2,73.45,118,0
2022-02,2022,2,1,Electronics,West,49711,765,6043,0,64.98,132,0
2022-02,2022,2,1,Electronics,Central,53107,974,6599,1,54.52,228,0
2022-02,2022,2,1,Clothing,North,45044,672,2903,2,67.03,156,0
2022-02,2022,2,1,Clothing,South,34008,1359,4391,0,25.02,274,0
2022-02,2022,2,1,Clothing,East,48837,663,3681,2,73.66,144,0
2022-02,2022,2,1,Clothing,West,43178,837,4659,1,51.59,98,0
2022-02,2022,2,1,Clothing,Central,44815,905,3504,2,49.52,172,0
2022-02,2022,2,1,Home,North,41792,506,4076,0,82.59,55,0
2022-02,2022,2,1,Home,South,34101,517,3882,1,65.96,62,0
2022-02,2022,2,1,Home,East,39288,499,3819,1,78.73,80,0
2022-02,2022,2,1,Home,West,34827,925,1840,0,37.65,186,0
2022-02,2022,2,1,Home,Central,34622,438,2751,1,79.05,73,0
2022-02,2022,2,1,Food,North,42469,1359,4380,0,31.25,288,0
2022-02,2022,2,1,Food,South,31211,552,4487,1,56.54,158,0
2022-02,2022,2,1,Food,East,39673,771,3551,1,51.46,106,0
2022-02,2022,2,1,Food,West,36314,419,2060,1,86.67,95,0
2022-02,2022,2,1,Food,Central,26793,357,3779,0,75.05,49,0
2022-02,2022,2,1,Beauty,North,38782,606,5811,1,64.0,70,0
2022-02,2022,2,1,Beauty,South,28708,496,3907,3,57.88,118,0
2022-02,2022,2,1,Beauty,East,31725,423,4579,1,75.0,111,0
2022-02,2022,2,1,Beauty,West,22979,975,1238,0,23.57,272,0
2022-02,2022,2,1,Beauty,Central,27430,569,3005,3,48.21,63,0
2022-03,2022,3,1,Electronics,North,88940,1951,8810,1,45.59,451,0
2022-03,2022,3,1,Electronics,South,74736,1277,9066,1,58.52,332,0
2022-03,2022,3,1,Electronics,East,91966,2097,12595,3,43.86,328,0
2022-03,2022,3,1,Electronics,West,87979,1892,8380,2,46.5,419,0
2022-03,2022,3,1,Electronics,Central,85590,1100,4532,1,77.81,276,0
2022-03,2022,3,1,Clothing,North,77360,3028,4354,2,25.55,370,0
2022-03,2022,3,1,Clothing,South,61297,1062,3420,1,57.72,283,0
2022-03,2022,3,1,Clothing,East,56249,2371,7984,2,23.72,285,0
2022-03,2022,3,1,Clothing,West,52449,1090,3727,2,48.12,315,0
2022-03,2022,3,1,Clothing,Central,61280,627,9008,1,97.74,183,0
2022-03,2022,3,1,Home,North,62271,1198,3641,3,51.98,186,0
2022-03,2022,3,1,Home,South,48239,784,6488,2,61.53,210,0
2022-03,2022,3,1,Home,East,64101,1797,4130,1,35.67,213,0
2022-03,2022,3,1,Home,West,48123,1105,6933,1,43.55,196,0
2022-03,2022,3,1,Home,Central,58488,1556,5522,2,37.59,251,0
2022-03,2022,3,1,Food,North,49191,1145,5809,2,42.96,241,0
2022-03,2022,3,1,Food,South,36492,381,3351,2,95.78,101,0
2022-03,2022,3,1,Food,East,53239,689,7003,0,77.27,139,0
2022-03,2022,3,1,Food,West,42393,1136,2410,2,37.32,214,0
2022-03,2022,3,1,Food,Central,52937,1100,4652,0,48.12,168,0
2022-03,2022,3,1,Beauty,North,38715,1675,3659,0,23.11,478,0
2022-03,2022,3,1,Beauty,South,41760,702,5602,4,59.49,140,0
2022-03,2022,3,1,Beauty,East,49495,1167,3279,2,42.41,181,0
2022-03,2022,3,1,Beauty,West,27644,285,3303,2,97.0,29,0
2022-03,2022,3,1,Beauty,Central,36965,591,3694,1,62.55,92,0
2022-04,2022,4,2,Electronics,North,91077,1406,6280,2,64.78,413,0
2022-04,2022,4,2,Electronics,South,84461,859,5168,1,98.32,193,0
2022-04,2022,4,2,Electronics,East,81406,1032,8970,1,78.88,306,0
2022-04,2022,4,2,Electronics,West,65987,2500,5108,0,26.39,588,0
2022-04,2022,4,2,Electronics,Central,86574,902,10391,2,95.98,138,0
2022-04,2022,4,2,Clothing,North,68337,1614,9186,2,42.34,243,0
2022-04,2022,4,2,Clothing,South,56624,633,7090,3,89.45,70,0
2022-04,2022,4,2,Clothing,East,66091,1650,7933,2,40.06,381,0
2022-04,2022,4,2,Clothing,West,58323,934,6601,1,62.44,206,0
2022-04,2022,4,2,Clothing,Central,64677,656,7456,2,98.59,134,0
2022-04,2022,4,2,Home,North,61406,790,7535,0,77.73,153,0
2022-04,2022,4,2,Home,South,49794,2026,5749,1,24.58,602,0
2022-04,2022,4,2,Home,East,64311,818,4238,2,78.62,117,0
2022-04,2022,4,2,Home,West,45444,977,5477,1,46.51,172,0
2022-04,2022,4,2,Home,Central,54073,833,3879,2,64.91,122,0
2022-04,2022,4,2,Food,North,45631,1357,6280,0,33.63,265,0
2022-04,2022,4,2,Food,South,48421,635,4311,1,76.25,135,0
2022-04,2022,4,2,Food,East,49308,1067,5702,2,46.21,181,0
2022-04,2022,4,2,Food,West,44210,502,3104,1,88.07,56,0
2022-04,2022,4,2,Food,Central,55598,863,6411,3,64.42,168,0
2022-04,2022,4,2,Beauty,North,44047,1220,2377,2,36.1,195,0
2022-04,2022,4,2,Beauty,South,39182,1075,2690,1,36.45,149,0
2022-04,2022,4,2,Beauty,East,46034,958,6321,2,48.05,156,0
2022-04,2022,4,2,Beauty,West,35188,380,3306,1,92.6,62,0
2022-04,2022,4,2,Beauty,Central,38385,441,3186,1,87.04,85,0
2022-05,2022,5,2,Electronics,North,90982,1273,13624,0,71.47,162,0
2022-05,2022,5,2,Electronics,South,81592,1000,9031,0,81.59,294,0
2022-05,2022,5,2,Electronics,East,87576,987,9585,2,88.73,203,0
2022-05,2022,5,2,Electronics,West,71038,1332,5054,2,53.33,176,0
2022-05,2022,5,2,Electronics,Central,75499,1561,7320,2,48.37,353,0
2022-05,2022,5,2,Clothing,North,64035,1250,8605,1,51.23,369,0
2022-05,2022,5,2,Clothing,South,56367,607,5854,1,92.86,123,0
2022-05,2022,5,2,Clothing,East,66470,1020,6701,2,65.17,301,0
2022-05,2022,5,2,Clothing,West,61489,1413,9146,3,43.52,182,0
2022-05,2022,5,2,Clothing,Central,60827,862,8793,2,70.56,233,0
2022-05,2022,5,2,Home,North,69775,1171,6428,2,59.59,203,0
2022-05,2022,5,2,Home,South,48409,785,3843,1,61.67,140,0
2022-05,2022,5,2,Home,East,57107,954,4799,2,59.86,110,0
2022-05,2022,5,2,Home,West,54713,620,3602,3,88.25,88,0
2022-05,2022,5,2,Home,Central,46886,492,3326,2,95.3,147,0
2022-05,2022,5,2,Food,North,54690,1434,7720,2,38.14,336,0
2022-05,2022,5,2,Food,South,47102,1892,5359,2,24.9,494,0
2022-05,2022,5,2,Food,East,58437,1109,7561,2,52.69,267,0
2022-05,2022,5,2,Food,West,42426,579,3737,1,73.27,78,0
2022-05,2022,5,2,Food,Central,44421,2016,6155,3,22.03,329,0
2022-05,2022,5,2,Beauty,North,42446,1048,3009,1,40.5,242,0
2022-05,2022,5,2,Beauty,South,33339,460,2525,0,72.48,137,0
2022-05,2022,5,2,Beauty,East,46560,682,4314,2,68.27,143,0
2022-05,2022,5,2,Beauty,West,38403,426,2208,1,90.15,99,0
2022-05,2022,5,2,Beauty,Central,39742,496,5228,0,80.12,64,0
2022-06,2022,6,2,Electronics,North,76793,777,11200,1,98.83,195,0
2022-06,2022,6,2,Electronics,South,76773,909,5201,1,84.46,199,0
2022-06,2022,6,2,Electronics,East,112506,4254,6281,1,26.45,1015,0
2022-06,2022,6,2,Electronics,West,67589,1228,4619,0,55.04,223,0
2022-06,2022,6,2,Electronics,Central,68847,1542,6361,2,44.65,443,0
2022-06,2022,6,2,Clothing,North,69454,1054,6693,1,65.9,231,0
2022-06,2022,6,2,Clothing,South,50784,589,3351,0,86.22,163,0
2022-06,2022,6,2,Clothing,East,68657,948,7318,3,72.42,164,0
2022-06,2022,6,2,Clothing,West,53459,941,4924,0,56.81,137,0
2022-06,2022,6,2,Clothing,Central,59899,923,7613,2,64.9,201,0
2022-06,2022,6,2,Home,North,64582,2137,5698,0,30.22,467,0
2022-06,2022,6,2,Home,South,46190,563,5075,2,82.04,83,0
2022-06,2022,6,2,Home,East,63485,1670,8310,2,38.01,483,0
2022-06,2022,6,2,Home,West,41240,448,2093,2,92.05,79,0
2022-06,2022,6,2,Home,Central,53485,1744,6657,1,30.67,513,0
2022-06,2022,6,2,Food,North,55407,1393,3371,2,39.78,216,0
2022-06,2022,6,2,Food,South,41323,498,3995,2,82.98,132,0
2022-06,2022,6,2,Food,East,59957,749,6312,1,80.05,193,0
2022-06,2022,6,2,Food,West,46108,1627,4252,1,28.34,485,0
2022-06,2022,6,2,Food,Central,41846,1276,5384,1,32.79,168,0
2022-06,2022,6,2,Beauty,North,41480,743,5161,2,55.83,109,0
2022-06,2022,6,2,Beauty,South,43475,827,4450,2,52.57,244,0
2022-06,2022,6,2,Beauty,East,51875,899,6380,1,57.7,196,0
2022-06,2022,6,2,Beauty,West,35671,430,4503,1,82.96,121,0
2022-06,2022,6,2,Beauty,Central,40703,782,2505,1,52.05,144,0
2022-07,2022,7,3,Electronics,North,81457,3457,12208,2,23.56,644,0
2022-07,2022,7,3,Electronics,South,75909,816,10862,2,93.03,152,0
2022-07,2022,7,3,Electronics,East,112252,4824,9839,1,23.27,952,0
2022-07,2022,7,3,Electronics,West,70642,1984,7429,1,35.61,322,0
2022-07,2022,7,3,Electronics,Central,76268,1922,6104,3,39.68,494,0
2022-07,2022,7,3,Clothing,North,54741,1441,3934,3,37.99,381,0
2022-07,2022,7,3,Clothing,South,55367,1088,7866,3,50.89,119,0
2022-07,2022,7,3,Clothing,East,78428,806,8926,4,97.31,176,0
2022-07,2022,7,3,Clothing,West,54661,754,4720,2,72.49,221,0
2022-07,2022,7,3,Clothing,Central,66911,1075,3999,1,62.24,179,0
2022-07,2022,7,3,Home,North,57240,1260,4336,2,45.43,265,0
2022-07,2022,7,3,Home,South,50336,1425,3066,0,35.32,146,0
2022-07,2022,7,3,Home,East,61630,858,7532,1,71.83,157,0
2022-07,2022,7,3,Home,West,46561,536,6899,1,86.87,102,0
2022-07,2022,7,3,Home,Central,52772,692,3295,1,76.26,98,0
2022-07,2022,7,3,Food,North,55765,1751,6475,2,31.85,380,0
2022-07,2022,7,3,Food,South,48785,604,5398,1,80.77,126,0
2022-07,2022,7,3,Food,East,58052,2444,3039,2,23.75,642,0
2022-07,2022,7,3,Food,West,35734,383,2761,1,93.3,52,0
2022-07,2022,7,3,Food,Central,48145,650,2706,1,74.07,156,0
2022-07,2022,7,3,Beauty,North,43678,2178,4048,2,20.05,218,0
2022-07,2022,7,3,Beauty,South,42844,964,4588,2,44.44,169,0
2022-07,2022,7,3,Beauty,East,43743,858,4751,2,50.98,112,0
2022-07,2022,7,3,Beauty,West,36576,507,1842,2,72.14,134,0
2022-07,2022,7,3,Beauty,Central,42879,664,2518,0,64.58,86,0
2022-08,2022,8,3,Electronics,North,96114,2170,8355,0,44.29,557,0
2022-08,2022,8,3,Electronics,South,71006,711,3887,3,99.87,212,0
2022-08,2022,8,3,Electronics,East,101706,2775,8762,0,36.65,516,0
2022-08,2022,8,3,Electronics,West,69202,1136,10234,2,60.92,182,0
2022-08,2022,8,3,Electronics,Central,97425,4766,8918,0,20.44,966,0
2022-08,2022,8,3,Clothing,North,62846,2310,6377,2,27.21,664,0
2022-08,2022,8,3,Clothing,South,59783,775,5273,1,77.14,95,0
2022-08,2022,8,3,Clothing,East,72538,1228,6153,0,59.07,347,0
2022-08,2022,8,3,Clothing,West,55010,851,6834,1,64.64,88,0
2022-08,2022,8,3,Clothing,Central,54546,947,3721,1,57.6,190,0
2022-08,2022,8,3,Home,North,77037,1042,4747,2,73.93,107,0
2022-08,2022,8,3,Home,South,44829,669,5882,2,67.01,149,0
2022-08,2022,8,3,Home,East,72851,1002,8994,2,72.71,133,0
2022-08,2022,8,3,Home,West,47969,908,2424,1,52.83,267,0
2022-08,2022,8,3,Home,Central,52603,744,3430,0,70.7,103,0
2022-08,2022,8,3,Food,North,52447,1059,3530,1,49.53,150,0
2022-08,2022,8,3,Food,South,44810,657,6696,0,68.2,79,0
2022-08,2022,8,3,Food,East,57494,819,4965,3,70.2,130,0
2022-08,2022,8,3,Food,West,44761,669,3980,2,66.91,99,0
2022-08,2022,8,3,Food,Central,52467,690,7604,1,76.04,140,0
2022-08,2022,8,3,Beauty,North,47281,962,2401,1,49.15,111,0
2022-08,2022,8,3,Beauty,South,40811,770,4071,1,53.0,214,0
2022-08,2022,8,3,Beauty,East,53697,2161,7358,1,24.85,588,0
2022-08,2022,8,3,Beauty,West,37313,606,2622,2,61.57,179,0
2022-08,2022,8,3,Beauty,Central,39542,632,4757,0,62.57,89,0
2022-09,2022,9,3,Electronics,North,83181,2285,7906,1,36.4,525,0
2022-09,2022,9,3,Electronics,South,90837,3004,6339,1,30.24,622,0
2022-09,2022,9,3,Electronics,East,77466,2485,6487,3,31.17,666,0
2022-09,2022,9,3,Electronics,West,69679,1129,4656,2,61.72,338,0
2022-09,2022,9,3,Electronics,Central,87539,2972,11131,3,29.45,635,0
2022-09,2022,9,3,Clothing,North,67107,675,6426,2,99.42,181,0
2022-09,2022,9,3,Clothing,South,67981,1599,5817,1,42.51,406,0
2022-09,2022,9,3,Clothing,East,70728,1083,4938,2,65.31,251,0
2022-09,2022,9,3,Clothing,West,61367,704,6320,1,87.17,104,0
2022-09,2022,9,3,Clothing,Central,55594,1227,5323,1,45.31,228,0
2022-09,2022,9,3,Home,North,61580,975,3619,4,63.16,160,0
2022-09,2022,9,3,Home,South,49132,744,4014,3,66.04,166,0
2022-09,2022,9,3,Home,East,69985,1122,10390,2,62.38,307,0
2022-09,2022,9,3,Home,West,43240,646,4983,1,66.93,183,0
2022-09,2022,9,3,Home,Central,56794,1389,7619,0,40.89,242,0
2022-09,2022,9,3,Food,North,54670,758,3032,2,72.12,115,0
2022-09,2022,9,3,Food,South,44356,831,4965,2,53.38,177,0
2022-09,2022,9,3,Food,East,56614,624,4086,1,90.73,154,0
2022-09,2022,9,3,Food,West,49053,754,4430,1,65.06,200,0
2022-09,2022,9,3,Food,Central,43957,667,4266,1,65.9,66,0
2022-09,2022,9,3,Beauty,North,43406,879,4695,0,49.38,214,0
2022-09,2022,9,3,Beauty,South,33707,472,4001,2,71.41,131,0
2022-09,2022,9,3,Beauty,East,47212,1037,3671,2,45.53,172,0
2022-09,2022,9,3,Beauty,West,38605,905,4988,1,42.66,253,0
2022-09,2022,9,3,Beauty,Central,43432,1012,4335,1,42.92,275,0
2022-10,2022,10,4,Electronics,North,85325,1038,11705,1,82.2,180,0
2022-10,2022,10,4,Electronics,South,73544,841,9858,3,87.45,88,0
2022-10,2022,10,4,Electronics,East,94790,1384,5218,2,68.49,369,0
2022-10,2022,10,4,Electronics,West,71531,2246,3673,1,31.85,498,0
2022-10,2022,10,4,Electronics,Central,85398,1458,9377,3,58.57,230,0
2022-10,2022,10,4,Clothing,North,72549,965,9488,2,75.18,122,0
2022-10,2022,10,4,Clothing,South,63223,2784,6074,2,22.71,456,0
2022-10,2022,10,4,Clothing,East,68943,1829,4168,2,37.69,351,0
2022-10,2022,10,4,Clothing,West,58582,603,5864,1,97.15,177,0
2022-10,2022,10,4,Clothing,Central,57937,1443,7771,3,40.15,197,0
2022-10,2022,10,4,Home,North,63123,1327,3761,1,47.57,183,0
2022-10,2022,10,4,Home,South,46479,1238,2335,2,37.54,264,0
2022-10,2022,10,4,Home,East,71398,2034,5083,2,35.1,457,0
2022-10,2022,10,4,Home,West,58501,803,8360,0,72.85,151,0
2022-10,2022,10,4,Home,Central,40646,443,2773,0,91.75,98,0
2022-10,2022,10,4,Food,North,45554,722,3631,1,63.09,178,0
2022-10,2022,10,4,Food,South,43354,752,4453,2,57.65,207,0
2022-10,2022,10,4,Food,East,56446,573,5185,2,98.51,75,0
2022-10,2022,10,4,Food,West,53036,1035,6073,0,51.24,127,0
2022-10,2022,10,4,Food,Central,47550,1213,4117,1,39.2,226,0
2022-10,2022,10,4,Beauty,North,42180,879,2678,2,47.99,217,0
2022-10,2022,10,4,Beauty,South,42725,433,4763,2,98.67,80,0
2022-10,2022,10,4,Beauty,East,48249,970,4141,2,49.74,219,0
2022-10,2022,10,4,Beauty,West,38378,1439,2876,2,26.67,380,0
2022-10,2022,10,4,Beauty,Central,36261,462,3819,0,78.49,83,0
2022-11,2022,11,4,Electronics,North,223198,3329,15879,0,67.05,347,0
2022-11,2022,11,4,Electronics,South,202234,4426,17197,0,45.69,858,0
2022-11,2022,11,4,Electronics,East,195953,2567,18858,2,76.34,555,0
2022-11,2022,11,4,Electronics,West,198080,4194,27462,1,47.23,1188,0
2022-11,2022,11,4,Electronics,Central,192227,6224,22557,3,30.88,669,0
2022-11,2022,11,4,Clothing,North,158307,4493,10060,0,35.23,1136,0
2022-11,2022,11,4,Clothing,South,161752,5295,24010,2,30.55,739,0
2022-11,2022,11,4,Clothing,East,169259,8050,9377,2,21.03,2064,0
2022-11,2022,11,4,Clothing,West,128225,6146,9864,1,20.86,1170,0
2022-11,2022,11,4,Clothing,Central,148567,2495,14208,1,59.55,523,0
2022-11,2022,11,4,Home,North,145980,1853,18967,4,78.78,481,0
2022-11,2022,11,4,Home,South,130654,1761,12928,1,74.19,253,0
2022-11,2022,11,4,Home,East,155786,2952,12019,2,52.77,811,0
2022-11,2022,11,4,Home,West,98588,2923,10735,1,33.73,459,0
2022-11,2022,11,4,Home,Central,147049,3056,9650,1,48.12,420,0
2022-11,2022,11,4,Food,North,131743,1744,7817,2,75.54,446,0
2022-11,2022,11,4,Food,South,106369,1387,6656,3,76.69,169,0
2022-11,2022,11,4,Food,East,157745,2254,18555,3,69.98,666,0
2022-11,2022,11,4,Food,West,92342,1422,6145,0,64.94,392,0
2022-11,2022,11,4,Food,Central,106656,4329,12858,1,24.64,1054,0
2022-11,2022,11,4,Beauty,North,117145,2289,12628,1,51.18,669,0
2022-11,2022,11,4,Beauty,South,82172,1415,9426,2,58.07,221,0
2022-11,2022,11,4,Beauty,East,110876,1300,6669,1,85.29,168,0
2022-11,2022,11,4,Beauty,West,95240,1165,9726,2,81.75,291,0
2022-11,2022,11,4,Beauty,Central,79603,1177,8403,2,67.63,262,0
2022-12,2022,12,4,Electronics,North,265690,2725,39572,1,97.5,395,0
2022-12,2022,12,4,Electronics,South,204392,6507,24196,0,31.41,867,0
2022-12,2022,12,4,Electronics,East,274746,10597,16701,1,25.93,2903,0
2022-12,2022,12,4,Electronics,West,178500,4019,19090,1,44.41,893,0
2022-12,2022,12,4,Electronics,Central,191815,8624,15000,2,22.24,1629,0
2022-12,2022,12,4,Clothing,North,150845,1610,14800,1,93.69,405,0
2022-12,2022,12,4,Clothing,South,149361,1777,19508,0,84.05,413,0
2022-12,2022,12,4,Clothing,East,177599,2367,21196,0,75.03,560,0
2022-12,2022,12,4,Clothing,West,139866,4996,11445,3,28.0,918,0
2022-12,2022,12,4,Clothing,Central,149941,2042,17365,3,73.43,323,0
2022-12,2022,12,4,Home,North,143897,1622,7829,2,88.72,226,0
2022-12,2022,12,4,Home,South,102529,4591,12237,1,22.33,965,0
2022-12,2022,12,4,Home,East,163138,5045,11956,2,32.34,1187,0
2022-12,2022,12,4,Home,West,117691,1316,11715,1,89.43,241,0
2022-12,2022,12,4,Home,Central,143579,2752,15729,0,52.17,419,0
2022-12,2022,12,4,Food,North,103289,1617,10721,2,63.88,237,0
2022-12,2022,12,4,Food,South,116695,1331,8013,2,87.67,318,0
2022-12,2022,12,4,Food,East,134484,3559,11476,0,37.79,476,0
2022-12,2022,12,4,Food,West,108032,3052,8497,2,35.4,702,0
2022-12,2022,12,4,Food,Central,130797,2206,15751,0,59.29,562,0
2022-12,2022,12,4,Beauty,North,107318,3399,9592,2,31.57,940,0
2022-12,2022,12,4,Beauty,South,102991,1063,11352,2,96.89,272,0
2022-12,2022,12,4,Beauty,East,113084,1852,16947,1,61.06,412,0
2022-12,2022,12,4,Beauty,West,73714,820,7955,2,89.9,225,0
2022-12,2022,12,4,Beauty,Central,102981,1050,13852,1,98.08,287,0
2023-01,2023,1,1,Electronics,North,70061,1983,8104,3,35.33,438,0
2023-01,2023,1,1,Electronics,South,55815,706,4927,0,79.06,109,0
2023-01,2023,1,1,Electronics,East,81770,1627,5482,2,50.26,302,0
2023-01,2023,1,1,Electronics,West,47521,2189,3482,2,21.71,356,0
2023-01,2023,1,1,Electronics,Central,64968,991,4996,1,65.56,235,0
2023-01,2023,1,1,Clothing,North,40500,539,4452,3,75.14,129,0
2023-01,2023,1,1,Clothing,South,45331,476,3356,1,95.23,53,0
2023-01,2023,1,1,Clothing,East,51489,558,2920,1,92.27,104,0
2023-01,2023,1,1,Clothing,West,36656,529,4644,2,69.29,103,0
2023-01,2023,1,1,Clothing,Central,40294,824,5822,2,48.9,146,0
2023-01,2023,1,1,Home,North,51454,596,3506,3,86.33,157,0
2023-01,2023,1,1,Home,South,33662,495,3868,0,68.0,141,0
2023-01,2023,1,1,Home,East,40995,637,5648,1,64.36,165,0
2023-01,2023,1,1,Home,West,37732,512,3434,0,73.7,77,0
2023-01,2023,1,1,Home,Central,39529,746,4942,2,52.99,208,0
2023-01,2023,1,1,Food,North,34718,1030,4806,0,33.71,280,0
2023-01,2023,1,1,Food,South,33445,338,3842,0,98.95,81,0
2023-01,2023,1,1,Food,East,38781,443,2246,2,87.54,109,0
2023-01,2023,1,1,Food,West,30483,374,1953,3,81.51,89,0
2023-01,2023,1,1,Food,Central,35791,1024,4086,2,34.95,272,0
2023-01,2023,1,1,Beauty,North,27961,357,1684,2,78.32,43,0
2023-01,2023,1,1,Beauty,South,24809,446,3186,2,55.63,62,0
2023-01,2023,1,1,Beauty,East,32375,409,1977,2,79.16,60,0
2023-01,2023,1,1,Beauty,West,25322,649,3616,0,39.02,76,0
2023-01,2023,1,1,Beauty,Central,25514,545,3127,2,46.81,133,0
2023-02,2023,2,1,Electronics,North,68444,751,5517,0,91.14,185,0
2023-02,2023,2,1,Electronics,South,54725,690,4365,2,79.31,148,0
2023-02,2023,2,1,Electronics,East,65050,1140,4491,2,57.06,241,0
2023-02,2023,2,1,Electronics,West,62909,2797,5607,2,22.49,570,0
2023-02,2023,2,1,Electronics,Central,71533,718,8899,0,99.63,106,0
2023-02,2023,2,1,Clothing,North,38306,420,4238,0,91.2,104,0
2023-02,2023,2,1,Clothing,South,46293,1053,2982,2,43.96,274,0
2023-02,2023,2,1,Clothing,East,52735,552,3680,1,95.53,127,0
2023-02,2023,2,1,Clothing,West,33871,519,3365,1,65.26,95,0
2023-02,2023,2,1,Clothing,Central,41740,1638,4515,2,25.48,300,0
2023-02,2023,2,1,Home,North,43403,801,4610,2,54.19,235,0
2023-02,2023,2,1,Home,South,37175,1497,2159,4,24.83,170,0
2023-02,2023,2,1,Home,East,47978,1088,5861,0,44.1,303,0
2023-02,2023,2,1,Home,West,34280,353,3674,2,97.11,95,0
2023-02,2023,2,1,Home,Central,40705,1087,4338,1,37.45,279,0
2023-02,2023,2,1,Food,North,38255,509,4274,3,75.16,74,0
2023-02,2023,2,1,Food,South,37077,1764,3254,3,21.02,414,0
2023-02,2023,2,1,Food,East,39397,689,5068,2,57.18,164,0
2023-02,2023,2,1,Food,West,32060,461,1850,3,69.54,49,0
2023-02,2023,2,1,Food,Central,34721,473,4123,1,73.41,110,0
2023-02,2023,2,1,Beauty,North,38200,1126,4786,0,33.93,311,0
2023-02,2023,2,1,Beauty,South,24641,597,2294,2,41.27,88,0
2023-02,2023,2,1,Beauty,East,37530,583,5385,1,64.37,143,0
2023-02,2023,2,1,Beauty,West,25219,973,2865,2,25.92,208,0
2023-02,2023,2,1,Beauty,Central,26064,271,1752,1,96.18,55,0
2023-03,2023,3,1,Electronics,North,91096,1820,12681,2,50.05,513,0
2023-03,2023,3,1,Electronics,South,96382,3662,9280,1,26.32,1069,0
2023-03,2023,3,1,Electronics,East,93364,2474,13344,3,37.74,623,0
2023-03,2023,3,1,Electronics,West,73756,808,6261,3,91.28,241,0
2023-03,2023,3,1,Electronics,Central,72124,1833,6063,0,39.35,262,0
2023-03,2023,3,1,Clothing,North,78764,2880,8972,2,27.35,721,0
2023-03,2023,3,1,Clothing,South,69210,1156,6270,1,59.87,221,0
2023-03,2023,3,1,Clothing,East,84632,2047,11668,1,41.34,320,0
2023-03,2023,3,1,Clothing,West,53712,915,7846,3,58.7,209,0
2023-03,2023,3,1,Clothing,Central,64902,897,3590,0,72.35,228,0
2023-03,2023,3,1,Home,North,58240,1083,8115,1,53.78,141,0
2023-03,2023,3,1,Home,South,49141,729,4241,2,67.41,214,0
2023-03,2023,3,1,Home,East,77911,849,7696,2,91.77,206,0
2023-03,2023,3,1,Home,West,45363,516,3006,2,87.91,65,0
2023-03,2023,3,1,Home,Central,60271,663,6202,2,90.91,198,0
2023-03,2023,3,1,Food,North,43177,1047,6043,1,41.24,258,0
2023-03,2023,3,1,Food,South,44672,1670,3611,3,26.75,393,0
2023-03,2023,3,1,Food,East,63139,1107,4445,2,57.04,144,0
2023-03,2023,3,1,Food,West,43955,1504,5938,1,29.23,352,0
2023-03,2023,3,1,Food,Central,43537,561,5226,1,77.61,81,0
2023-03,2023,3,1,Beauty,North,44870,482,5384,2,93.09,65,0
2023-03,2023,3,1,Beauty,South,36805,1066,3019,1,34.53,136,0
2023-03,2023,3,1,Beauty,East,44321,544,2514,3,81.47,55,0
2023-03,2023,3,1,Beauty,West,39710,1580,4899,3,25.13,439,0
2023-03,2023,3,1,Beauty,Central,34591,354,2008,1,97.71,37,0
2023-04,2023,4,2,Electronics,North,106223,2913,10966,1,36.47,724,0
2023-04,2023,4,2,Electronics,South,79227,2410,7189,2,32.87,721,0
2023-04,2023,4,2,Electronics,East,117289,2019,12650,1,58.09,595,0
2023-04,2023,4,2,Electronics,West,69325,986,9449,0,70.31,288,0
2023-04,2023,4,2,Electronics,Central,88870,888,8209,1,100.08,137,0
2023-04,2023,4,2,Clothing,North,69229,817,5893,2,84.74,184,0
2023-04,2023,4,2,Clothing,South,62173,1566,8661,4,39.7,276,0
2023-04,2023,4,2,Clothing,East,70926,839,6195,0,84.54,127,0
2023-04,2023,4,2,Clothing,West,60280,966,7683,1,62.4,168,0
2023-04,2023,4,2,Clothing,Central,63222,1107,7277,3,57.11,247,0
2023-04,2023,4,2,Home,North,61437,651,3443,1,94.37,189,0
2023-04,2023,4,2,Home,South,59473,660,8349,0,90.11,132,0
2023-04,2023,4,2,Home,East,58412,730,7711,0,80.02,165,0
2023-04,2023,4,2,Home,West,52828,764,4920,2,69.15,180,0
2023-04,2023,4,2,Home,Central,50801,651,3740,0,78.04,131,0
2023-04,2023,4,2,Food,North,57234,1001,6170,1,57.18,203,0
2023-04,2023,4,2,Food,South,55961,1736,4391,1,32.24,282,0
2023-04,2023,4,2,Food,East,59392,694,8230,3,85.58,148,0
2023-04,2023,4,2,Food,West,50396,708,2826,1,71.18,130,0
2023-04,2023,4,2,Food,Central,55501,2259,3290,2,24.57,627,0
2023-04,2023,4,2,Beauty,North,46343,719,3002,2,64.45,93,0
2023-04,2023,4,2,Beauty,South,46590,501,4209,0,92.99,110,0
2023-04,2023,4,2,Beauty,East,45501,705,3185,2,64.54,147,0
2023-04,2023,4,2,Beauty,West,39641,1359,5361,2,29.17,301,0
2023-04,2023,4,2,Beauty,Central,39842,877,5028,1,45.43,257,0
2023-05,2023,5,2,Electronics,North,86895,885,6627,3,98.19,146,0
2023-05,2023,5,2,Electronics,South,72461,1031,4234,0,70.28,175,0
2023-05,2023,5,2,Electronics,East,106094,1104,12779,2,96.1,315,0
2023-05,2023,5,2,Electronics,West,71215,1558,8913,0,45.71,273,0
2023-05,2023,5,2,Electronics,Central,84051,1767,10998,2,47.57,381,0
2023-05,2023,5,2,Clothing,North,69830,2116,8658,1,33.0,556,0
2023-05,2023,5,2,Clothing,South,54025,888,3374,3,60.84,200,0
2023-05,2023,5,2,Clothing,East,70475,965,6088,1,73.03,282,0
2023-05,2023,5,2,Clothing,West,52162,723,5142,1,72.15,143,0
2023-05,2023,5,2,Clothing,Central,72135,952,5540,0,75.77,232,0
2023-05,2023,5,2,Home,North,57982,580,4121,1,99.97,77,0
2023-05,2023,5,2,Home,South,45354,634,5982,0,71.54,97,0
2023-05,2023,5,2,Home,East,58246,583,6988,2,99.91,79,0
2023-05,2023,5,2,Home,West,47373,614,3069,2,77.15,119,0
2023-05,2023,5,2,Home,Central,47786,1394,6158,2,34.28,145,0
2023-05,2023,5,2,Food,North,54456,553,2928,2,98.47,80,0
2023-05,2023,5,2,Food,South,43943,614,4520,0,71.57,85,0
2023-05,2023,5,2,Food,East,58362,1297,3196,3,45.0,210,0
2023-05,2023,5,2,Food,West,40530,1304,4402,3,31.08,158,0
2023-05,2023,5,2,Food,Central,53027,934,6171,0,56.77,200,0
2023-05,2023,5,2,Beauty,North,53507,1106,5053,2,48.38,123,0
2023-05,2023,5,2,Beauty,South,42834,551,2356,3,77.74,70,0
2023-05,2023,5,2,Beauty,East,54277,1813,7148,1,29.94,481,0
2023-05,2023,5,2,Beauty,West,39160,589,5699,3,66.49,80,0
2023-05,2023,5,2,Beauty,Central,42940,1120,4969,1,38.34,245,0
2023-06,2023,6,2,Electronics,North,104169,2838,14723,2,36.71,485,0
2023-06,2023,6,2,Electronics,South,65776,2478,5113,1,26.54,380,0
2023-06,2023,6,2,Electronics,East,87439,1126,5937,1,77.65,260,0
2023-06,2023,6,2,Electronics,West,72884,810,6096,1,89.98,205,0
2023-06,2023,6,2,Electronics,Central,77231,776,4162,0,99.52,136,0
2023-06,2023,6,2,Clothing,North,77624,1935,7047,1,40.12,371,0
2023-06,2023,6,2,Clothing,South,56030,1154,3883,1,48.55,295,0
2023-06,2023,6,2,Clothing,East,73944,1936,4907,4,38.19,332,0
2023-06,2023,6,2,Clothing,West,59104,1500,3046,1,39.4,227,0
2023-06,2023,6,2,Clothing,Central,62807,892,7259,1,70.41,123,0
2023-06,2023,6,2,Home,North,53758,682,6766,1,78.82,186,0
2023-06,2023,6,2,Home,South,47992,639,2542,3,75.1,95,0
2023-06,2023,6,2,Home,East,61577,669,4402,2,92.04,106,0
2023-06,2023,6,2,Home,West,52472,1153,5210,2,45.51,267,0
2023-06,2023,6,2,Home,Central,59704,752,7528,0,79.39,203,0
2023-06,2023,6,2,Food,North,48498,536,5484,1,90.48,153,0
2023-06,2023,6,2,Food,South,42336,444,2477,4,95.35,118,0
2023-06,2023,6,2,Food,East,59959,2855,4378,2,21.0,499,0
2023-06,2023,6,2,Food,West,42467,531,6368,0,79.98,128,0
2023-06,2023,6,2,Food,Central,49955,1520,3429,2,32.87,175,0
2023-06,2023,6,2,Beauty,North,44201,1453,2764,2,30.42,391,0
2023-06,2023,6,2,Beauty,South,39960,1051,3006,3,38.02,191,0
2023-06,2023,6,2,Beauty,East,39740,1007,5800,2,39.46,213,0
2023-06,2023,6,2,Beauty,West,38097,412,2744,2,92.47,117,0
2023-06,2023,6,2,Beauty,Central,42888,937,2669,1,45.77,100,0
2023-07,2023,7,3,Electronics,North,95040,1225,10860,0,77.58,122,0
2023-07,2023,7,3,Electronics,South,79148,1241,4068,1,63.78,321,0
2023-07,2023,7,3,Electronics,East,97507,985,8380,2,98.99,278,0
2023-07,2023,7,3,Electronics,West,70711,808,7760,1,87.51,183,0
2023-07,2023,7,3,Electronics,Central,66737,1081,6891,1,61.74,324,0
2023-07,2023,7,3,Clothing,North,66380,690,5685,1,96.2,139,0
2023-07,2023,7,3,Clothing,South,56259,1932,7514,2,29.12,248,0
2023-07,2023,7,3,Clothing,East,66121,860,5235,0,76.88,179,0
2023-07,2023,7,3,Clothing,West,51934,1201,5899,1,43.24,194,0
2023-07,2023,7,3,Clothing,Central,58952,874,3291,0,67.45,163,0
2023-07,2023,7,3,Home,North,66164,1198,5434,2,55.23,206,0
2023-07,2023,7,3,Home,South,41146,680,4646,3,60.51,128,0
2023-07,2023,7,3,Home,East,52490,588,5268,0,89.27,104,0
2023-07,2023,7,3,Home,West,44416,1546,6050,2,28.73,406,0
2023-07,2023,7,3,Home,Central,55557,983,5191,1,56.52,276,0
2023-07,2023,7,3,Food,North,61852,823,8842,1,75.15,97,0
2023-07,2023,7,3,Food,South,46660,473,6328,2,98.65,120,0
2023-07,2023,7,3,Food,East,47955,585,2609,0,81.97,134,0
2023-07,2023,7,3,Food,West,45876,957,5233,0,47.94,212,0
2023-07,2023,7,3,Food,Central,45972,493,2707,1,93.25,95,0
2023-07,2023,7,3,Beauty,North,47484,718,2465,2,66.13,186,0
2023-07,2023,7,3,Beauty,South,35074,507,4480,2,69.18,131,0
2023-07,2023,7,3,Beauty,East,47477,611,3765,3,77.7,91,0
2023-07,2023,7,3,Beauty,West,36594,1773,2691,0,20.64,411,0
2023-07,2023,7,3,Beauty,Central,49521,1335,3236,0,37.09,273,0
2023-08,2023,8,3,Electronics,North,98086,1120,14554,2,87.58,313,0
2023-08,2023,8,3,Electronics,South,95433,1051,10862,1,90.8,280,0
2023-08,2023,8,3,Electronics,East,108894,1352,12373,2,80.54,266,0
2023-08,2023,8,3,Electronics,West,79525,1219,9922,0,65.24,324,0
2023-08,2023,8,3,Electronics,Central,92891,2370,7180,3,39.19,646,0
2023-08,2023,8,3,Clothing,North,58220,1222,5920,2,47.64,362,0
2023-08,2023,8,3,Clothing,South,52463,1887,5168,1,27.8,249,0
2023-08,2023,8,3,Clothing,East,64203,662,4719,1,96.98,91,0
2023-08,2023,8,3,Clothing,West,53008,584,6341,2,90.77,76,0
2023-08,2023,8,3,Clothing,Central,75715,880,8562,2,86.04,245,0
2023-08,2023,8,3,Home,North,58145,1312,5269,2,44.32,245,0
2023-08,2023,8,3,Home,South,55000,668,5685,2,82.34,114,0
2023-08,2023,8,3,Home,East,64830,868,5791,1,74.69,135,0
2023-08,2023,8,3,Home,West,48504,828,3597,1,58.58,221,0
2023-08,2023,8,3,Home,Central,53691,806,7047,2,66.61,219,0
2023-08,2023,8,3,Food,North,59295,804,5936,3,73.75,139,0
2023-08,2023,8,3,Food,South,35811,374,2471,2,95.75,59,0
2023-08,2023,8,3,Food,East,58524,776,5084,4,75.42,181,0
2023-08,2023,8,3,Food,West,41147,420,6096,3,97.97,123,0
2023-08,2023,8,3,Food,Central,44957,600,5841,2,74.93,128,0
2023-08,2023,8,3,Beauty,North,52905,709,7612,1,74.62,98,0
2023-08,2023,8,3,Beauty,South,43954,546,3600,1,80.5,113,0
2023-08,2023,8,3,Beauty,East,46470,545,2409,1,85.27,96,0
2023-08,2023,8,3,Beauty,West,44153,1455,6006,2,30.35,382,0
2023-08,2023,8,3,Beauty,Central,40307,702,4659,1,57.42,141,0
2023-09,2023,9,3,Electronics,North,102374,1167,11418,0,87.72,210,0
2023-09,2023,9,3,Electronics,South,73094,1337,9575,1,54.67,297,0
2023-09,2023,9,3,Electronics,East,92612,3165,12360,0,29.26,827,0
2023-09,2023,9,3,Electronics,West,85582,1029,6435,0,83.17,161,0
2023-09,2023,9,3,Electronics,Central,83857,1453,8058,1,57.71,326,0
2023-09,2023,9,3,Clothing,North,69288,1000,10250,1,69.29,202,0
2023-09,2023,9,3,Clothing,South,65081,1204,7744,3,54.05,290,0
2023-09,2023,9,3,Clothing,East,78872,1056,6090,0,74.69,122,0
2023-09,2023,9,3,Clothing,West,73287,2833,4826,1,25.87,840,0
2023-09,2023,9,3,Clothing,Central,59969,734,8874,0,81.7,130,0
2023-09,2023,9,3,Home,North,66559,1393,7646,1,47.78,264,0
2023-09,2023,9,3,Home,South,61362,2496,6210,1,24.58,392,0
2023-09,2023,9,3,Home,East,71947,1163,7837,1,61.86,167,0
2023-09,2023,9,3,Home,West,49593,651,5770,2,76.18,134,0
2023-09,2023,9,3,Home,Central,53973,2104,4822,3,25.65,580,0
2023-09,2023,9,3,Food,North,47408,814,6483,2,58.24,226,0
2023-09,2023,9,3,Food,South,48680,675,6326,0,72.12,104,0
2023-09,2023,9,3,Food,East,56713,995,8017,1,57.0,138,0
2023-09,2023,9,3,Food,West,43864,580,5282,0,75.63,106,0
2023-09,2023,9,3,Food,Central,52171,1730,3617,1,30.16,366,0
2023-09,2023,9,3,Beauty,North,41402,1312,4682,3,31.56,257,0
2023-09,2023,9,3,Beauty,South,49156,1646,5612,1,29.86,457,0
2023-09,2023,9,3,Beauty,East,51699,558,3637,2,92.65,107,0
2023-09,2023,9,3,Beauty,West,41714,552,3915,2,75.57,87,0
2023-09,2023,9,3,Beauty,Central,43672,511,4331,1,85.46,73,0
2023-10,2023,10,4,Electronics,North,67797,1681,5495,1,40.33,189,0
2023-10,2023,10,4,Electronics,South,80253,943,6812,3,85.1,106,0
2023-10,2023,10,4,Electronics,East,97595,993,13322,0,98.28,285,0
2023-10,2023,10,4,Electronics,West,88772,2332,6096,2,38.07,505,0
2023-10,2023,10,4,Electronics,Central,85235,1749,8658,2,48.73,323,0
2023-10,2023,10,4,Clothing,North,52812,942,6358,2,56.06,97,0
2023-10,2023,10,4,Clothing,South,62843,2007,6526,2,31.31,325,0
2023-10,2023,10,4,Clothing,East,79057,2661,10776,1,29.71,776,0
2023-10,2023,10,4,Clothing,West,44984,986,4940,2,45.62,159,0
2023-10,2023,10,4,Clothing,Central,60463,750,6088,2,80.62,164,0
2023-10,2023,10,4,Home,North,69477,1044,10339,4,66.55,189,0
2023-10,2023,10,4,Home,South,61455,831,8246,3,73.95,232,0
2023-10,2023,10,4,Home,East,62013,1253,8999,1,49.49,280,0
2023-10,2023,10,4,Home,West,45903,850,4041,1,54.0,87,0
2023-10,2023,10,4,Home,Central,52054,645,4612,3,80.7,174,0
2023-10,2023,10,4,Food,North,47248,2348,2610,0,20.12,551,0
2023-10,2023,10,4,Food,South,44000,565,6010,1,77.88,143,0
2023-10,2023,10,4,Food,East,47240,545,5780,1,86.68,77,0
2023-10,2023,10,4,Food,West,43195,1042,6478,0,41.45,283,0
2023-10,2023,10,4,Food,Central,52077,955,3976,3,54.53,95,0
2023-10,2023,10,4,Beauty,North,50216,665,7248,0,75.51,155,0
2023-10,2023,10,4,Beauty,South,42213,757,6273,2,55.76,188,0
2023-10,2023,10,4,Beauty,East,48714,1178,7040,1,41.35,186,0
2023-10,2023,10,4,Beauty,West,39707,418,2355,2,94.99,114,0
2023-10,2023,10,4,Beauty,Central,41229,415,3239,1,99.35,87,0
2023-11,2023,11,4,Electronics,North,265287,4412,18037,2,60.13,879,0
2023-11,2023,11,4,Electronics,South,166224,2536,20934,2,65.55,629,0
2023-11,2023,11,4,Electronics,East,260329,3361,23234,2,77.46,516,0
2023-11,2023,11,4,Electronics,West,183347,4052,12095,2,45.25,457,0
2023-11,2023,11,4,Electronics,Central,210209,2183,14996,2,96.29,525,0
2023-11,2023,11,4,Clothing,North,176120,3607,24568,3,48.83,721,0
2023-11,2023,11,4,Clothing,South,157559,1609,10235,1,97.92,305,0
2023-11,2023,11,4,Clothing,East,180207,2720,13039,1,66.25,698,0
2023-11,2023,11,4,Clothing,West,115174,4068,7203,0,28.31,967,0
2023-11,2023,11,4,Clothing,Central,153618,2234,18165,3,68.76,423,0
2023-11,2023,11,4,Home,North,155830,2413,8715,2,64.58,670,0
2023-11,2023,11,4,Home,South,98732,2794,10018,1,35.34,655,0
2023-11,2023,11,4,Home,East,175978,4195,13329,2,41.95,866,0
2023-11,2023,11,4,Home,West,121031,2476,8912,1,48.88,686,0
2023-11,2023,11,4,Home,Central,111413,1114,8708,3,100.01,200,0
2023-11,2023,11,4,Food,North,136088,5613,11072,2,24.25,830,0
2023-11,2023,11,4,Food,South,123526,1479,7408,2,83.52,394,0
2023-11,2023,11,4,Food,East,156093,1603,11975,1,97.38,262,0
2023-11,2023,11,4,Food,West,107966,1332,15054,1,81.06,358,0
2023-11,2023,11,4,Food,Central,124236,2398,11027,2,51.81,256,0
2023-11,2023,11,4,Beauty,North,127324,1441,16506,4,88.36,400,0
2023-11,2023,11,4,Beauty,South,99359,1294,7754,1,76.78,264,0
2023-11,2023,11,4,Beauty,East,124934,3218,7011,2,38.82,543,0
2023-11,2023,11,4,Beauty,West,93254,1024,13657,2,91.07,207,0
2023-11,2023,11,4,Beauty,Central,91192,1517,9627,0,60.11,381,0
2023-12,2023,12,4,Electronics,North,210050,4726,16501,0,44.45,494,0
2023-12,2023,12,4,Electronics,South,161290,1717,10097,3,93.94,188,0
2023-12,2023,12,4,Electronics,East,191673,7012,13309,2,27.33,1365,0
2023-12,2023,12,4,Electronics,West,182741,3992,16179,1,45.78,893,0
2023-12,2023,12,4,Electronics,Central,171222,3797,11937,2,45.09,868,0
2023-12,2023,12,4,Clothing,North,179854,5349,11940,0,33.62,1013,0
2023-12,2023,12,4,Clothing,South,157684,1743,12099,0,90.47,449,0
2023-12,2023,12,4,Clothing,East,198360,2506,11520,2,79.15,505,0
2023-12,2023,12,4,Clothing,West,150867,2588,14998,2,58.29,522,0
2023-12,2023,12,4,Clothing,Central,169211,1917,24997,1,88.27,292,0
2023-12,2023,12,4,Home,North,146033,3526,17382,1,41.42,1005,0
2023-12,2023,12,4,Home,South,146260,1857,7451,1,78.76,407,0
2023-12,2023,12,4,Home,East,136700,1998,19637,2,68.42,584,0
2023-12,2023,12,4,Home,West,124049,2532,17911,2,48.99,587,0
2023-12,2023,12,4,Home,Central,128403,2633,15800,1,48.77,419,0
2023-12,2023,12,4,Food,North,122186,1391,14090,1,87.84,376,0
2023-12,2023,12,4,Food,South,125316,2339,16138,1,53.58,402,0
2023-12,2023,12,4,Food,East,116055,3190,16991,1,36.38,497,0
2023-12,2023,12,4,Food,West,100563,1372,14286,2,73.3,153,0
2023-12,2023,12,4,Food,Central,131540,4163,12026,1,31.6,656,0
2023-12,2023,12,4,Beauty,North,118932,2493,7874,3,47.71,572,0
2023-12,2023,12,4,Beauty,South,108718,1186,15591,1,91.67,145,0
2023-12,2023,12,4,Beauty,East,103588,1585,5236,2,65.36,250,0
2023-12,2023,12,4,Beauty,West,94255,1221,9288,0,77.19,311,0
2023-12,2023,12,4,Beauty,Central,121973,1311,17840,1,93.04,346,0
2024-01,2024,1,1,Electronics,North,73086,871,10153,4,83.91,120,0
2024-01,2024,1,1,Electronics,South,61603,861,3141,2,71.55,225,0
2024-01,2024,1,1,Electronics,East,80731,1017,9585,0,79.38,184,0
2024-01,2024,1,1,Electronics,West,55785,633,4025,2,88.13,148,0
2024-01,2024,1,1,Electronics,Central,62191,2204,4243,2,28.22,605,0
2024-01,2024,1,1,Clothing,North,58768,1613,4300,3,36.43,267,0
2024-01,2024,1,1,Clothing,South,50902,860,6472,0,59.19,130,0
2024-01,2024,1,1,Clothing,East,49926,1766,6962,0,28.27,446,0
2024-01,2024,1,1,Clothing,West,46802,958,3472,4,48.85,112,0
2024-01,2024,1,1,Clothing,Central,39116,1469,4268,2,26.63,366,0
2024-01,2024,1,1,Home,North,48549,1688,2996,2,28.76,226,0
2024-01,2024,1,1,Home,South,37751,720,4293,0,52.43,183,0
2024-01,2024,1,1,Home,East,49740,517,5332,2,96.21,69,0
2024-01,2024,1,1,Home,West,35152,692,2384,3,50.8,142,0
2024-01,2024,1,1,Home,Central,37938,884,4284,1,42.92,190,0
2024-01,2024,1,1,Food,North,40182,684,3113,1,58.75,200,0
2024-01,2024,1,1,Food,South,35026,584,4392,1,59.98,119,0
2024-01,2024,1,1,Food,East,41262,879,5375,2,46.94,222,0
2024-01,2024,1,1,Food,West,32334,480,1912,1,67.36,82,0
2024-01,2024,1,1,Food,Central,34840,553,4555,2,63.0,87,0
2024-01,2024,1,1,Beauty,North,32043,364,3338,2,88.03,98,0
2024-01,2024,1,1,Beauty,South,31602,500,3735,2,63.2,58,0
2024-01,2024,1,1,Beauty,East,33237,523,4190,0,63.55,138,0
2024-01,2024,1,1,Beauty,West,30078,375,3592,2,80.21,86,0
2024-01,2024,1,1,Beauty,Central,31818,517,2167,0,61.54,62,0
2024-02,2024,2,1,Electronics,North,67613,2599,8085,2,26.02,409,0
2024-02,2024,2,1,Electronics,South,57081,1148,7715,3,49.72,234,0
2024-02,2024,2,1,Electronics,East,66027,938,6411,1,70.39,186,0
2024-02,2024,2,1,Electronics,West,54678,2080,3865,0,26.29,540,0
2024-02,2024,2,1,Electronics,Central,64291,660,6404,0,97.41,106,0
2024-02,2024,2,1,Clothing,North,47235,530,2583,1,89.12,99,0
2024-02,2024,2,1,Clothing,South,48418,1378,4999,2,35.14,149,0
2024-02,2024,2,1,Clothing,East,48464,1703,3135,3,28.46,184,0
2024-02,2024,2,1,Clothing,West,45201,1591,2816,1,28.41,300,0
2024-02,2024,2,1,Clothing,Central,48338,993,3323,1,48.68,153,0
2024-02,2024,2,1,Home,North,41717,511,5471,1,81.64,76,0
2024-02,2024,2,1,Home,South,44021,634,2801,2,69.43,99,0
2024-02,2024,2,1,Home,East,49499,1907,2971,1,25.96,220,0
2024-02,2024,2,1,Home,West,38963,1397,4308,2,27.89,217,0
2024-02,2024,2,1,Home,Central,38849,1289,2757,1,30.14,340,0
2024-02,2024,2,1,Food,North,38361,1614,2072,1,23.77,269,0
2024-02,2024,2,1,Food,South,37508,711,2106,2,52.75,144,0
2024-02,2024,2,1,Food,East,40118,1213,3516,0,33.07,272,0
2024-02,2024,2,1,Food,West,33162,383,2942,3,86.58,94,0
2024-02,2024,2,1,Food,Central,37343,914,2490,3,40.86,144,0
2024-02,2024,2,1,Beauty,North,36931,1011,1930,1,36.53,139,0
2024-02,2024,2,1,Beauty,South,26987,917,3252,2,29.43,151,0
2024-02,2024,2,1,Beauty,East,35870,801,3588,3,44.78,145,0
2024-02,2024,2,1,Beauty,West,24391,324,1594,3,75.28,57,0
2024-02,2024,2,1,Beauty,Central,32656,479,2693,2,68.18,106,0
2024-03,2024,3,1,Electronics,North,84427,1420,11245,1,59.46,307,0
2024-03,2024,3,1,Electronics,South,71217,2193,4089,4,32.47,395,0
2024-03,2024,3,1,Electronics,East,97947,1362,14187,1,71.91,337,0
2024-03,2024,3,1,Electronics,West,91519,2651,6169,0,34.52,631,0
2024-03,2024,3,1,Electronics,Central,90554,2932,9635,0,30.88,811,0
2024-03,2024,3,1,Clothing,North,62765,679,5727,2,92.44,138,0
2024-03,2024,3,1,Clothing,South,56918,761,3838,2,74.79,222,0
2024-03,2024,3,1,Clothing,East,81570,1100,7332,3,74.15,255,0
2024-03,2024,3,1,Clothing,West,51700,1247,5081,3,41.46,267,0
2024-03,2024,3,1,Clothing,Central,57998,581,4008,0,99.82,135,0
2024-03,2024,3,1,Home,North,41647,830,5745,3,50.18,167,0
2024-03,2024,3,1,Home,South,53645,662,7209,0,81.03,154,0
2024-03,2024,3,1,Home,East,56563,1263,3472,1,44.78,150,0
2024-03,2024,3,1,Home,West,42781,741,5005,1,57.73,110,0
2024-03,2024,3,1,Home,Central,68260,1323,6460,1,51.59,259,0
2024-03,2024,3,1,Food,North,54516,1187,5435,1,45.93,321,0
2024-03,2024,3,1,Food,South,45566,706,2294,1,64.54,145,0
2024-03,2024,3,1,Food,East,61919,2278,6372,0,27.18,579,0
2024-03,2024,3,1,Food,West,42713,799,4504,0,53.46,110,0
2024-03,2024,3,1,Food,Central,52204,833,5203,3,62.67,127,0
2024-03,2024,3,1,Beauty,North,51103,2212,3034,2,23.1,299,0
2024-03,2024,3,1,Beauty,South,42302,1296,4856,1,32.64,286,0
2024-03,2024,3,1,Beauty,East,43019,499,2716,2,86.21,148,0
2024-03,2024,3,1,Beauty,West,33840,783,3986,1,43.22,100,0
2024-03,2024,3,1,Beauty,Central,45686,614,5325,0,74.41,62,0
2024-04,2024,4,2,Electronics,North,103800,1717,11222,2,60.45,315,0
2024-04,2024,4,2,Electronics,South,69748,1920,10418,2,36.33,196,0
2024-04,2024,4,2,Electronics,East,101404,2037,10955,2,49.78,511,0
2024-04,2024,4,2,Electronics,West,77609,3159,4174,1,24.57,345,0
2024-04,2024,4,2,Electronics,Central,93414,1641,11600,2,56.93,399,0
2024-04,2024,4,2,Clothing,North,75681,2564,8293,3,29.52,273,0
2024-04,2024,4,2,Clothing,South,57444,985,4723,0,58.32,171,0
2024-04,2024,4,2,Clothing,East,79470,2555,4900,0,31.1,718,0
2024-04,2024,4,2,Clothing,West,56203,2651,5094,4,21.2,672,0
2024-04,2024,4,2,Clothing,Central,70805,711,5589,1,99.59,87,0
2024-04,2024,4,2,Home,North,64985,1590,9543,2,40.87,444,0
2024-04,2024,4,2,Home,South,60579,2474,5746,2,24.49,512,0
2024-04,2024,4,2,Home,East,61014,853,4116,1,71.53,216,0
2024-04,2024,4,2,Home,West,49797,521,4686,2,95.58,143,0
2024-04,2024,4,2,Home,Central,60235,604,4281,2,99.73,169,0
2024-04,2024,4,2,Food,North,57710,1212,7228,1,47.62,282,0
2024-04,2024,4,2,Food,South,45016,1658,3978,0,27.15,320,0
2024-04,2024,4,2,Food,East,59980,803,3785,1,74.69,106,0
2024-04,2024,4,2,Food,West,39941,460,3054,2,86.83,115,0
2024-04,2024,4,2,Food,Central,51536,1251,5594,1,41.2,174,0
2024-04,2024,4,2,Beauty,North,43177,673,2474,1,64.16,154,0
2024-04,2024,4,2,Beauty,South,38423,901,2593,2,42.64,120,0
2024-04,2024,4,2,Beauty,East,55934,1153,7385,1,48.51,145,0
2024-04,2024,4,2,Beauty,West,42586,709,6308,1,60.06,140,0
2024-04,2024,4,2,Beauty,Central,36838,384,1893,3,95.93,45,0
2024-05,2024,5,2,Electronics,North,95843,1425,10798,1,67.26,410,0
2024-05,2024,5,2,Electronics,South,71001,799,4528,1,88.86,89,0
2024-05,2024,5,2,Electronics,East,116857,1284,16615,1,91.01,299,0
2024-05,2024,5,2,Electronics,West,104122,1533,9467,1,67.92,175,0
2024-05,2024,5,2,Electronics,Central,86732,1906,11273,2,45.5,242,0
2024-05,2024,5,2,Clothing,North,65087,1104,9659,1,58.96,296,0
2024-05,2024,5,2,Clothing,South,60834,760,7606,2,80.04,164,0
2024-05,2024,5,2,Clothing,East,83041,1040,8180,0,79.85,279,0
2024-05,2024,5,2,Clothing,West,64267,848,6999,1,75.79,88,0
2024-05,2024,5,2,Clothing,Central,66245,2799,7880,2,23.67,299,0
2024-05,2024,5,2,Home,North,65852,951,9641,0,69.25,262,0
2024-05,2024,5,2,Home,South,57980,698,4493,1,83.07,148,0
2024-05,2024,5,2,Home,East,73580,1948,5598,2,37.77,320,0
2024-05,2024,5,2,Home,West,48542,1633,3625,2,29.73,480,0
2024-05,2024,5,2,Home,Central,50957,1199,6089,0,42.5,300,0
2024-05,2024,5,2,Food,North,42351,530,5708,3,79.91,126,0
2024-05,2024,5,2,Food,South,46576,539,4382,1,86.41,149,0
2024-05,2024,5,2,Food,East,56432,774,4704,3,72.91,89,0
2024-05,2024,5,2,Food,West,50566,641,7396,2,78.89,127,0
2024-05,2024,5,2,Food,Central,48858,602,3528,2,81.16,170,0
2024-05,2024,5,2,Beauty,North,48551,520,4429,2,93.37,77,0
2024-05,2024,5,2,Beauty,South,37403,420,5254,1,89.05,45,0
2024-05,2024,5,2,Beauty,East,38564,736,5546,3,52.4,206,0
2024-05,2024,5,2,Beauty,West,35245,907,2471,1,38.86,241,0
2024-05,2024,5,2,Beauty,Central,35349,596,2310,2,59.31,131,0
2024-06,2024,6,2,Electronics,North,84707,1044,8525,0,81.14,259,0
2024-06,2024,6,2,Electronics,South,74429,1227,8428,1,60.66,175,0
2024-06,2024,6,2,Electronics,East,102004,1161,14516,1,87.86,156,0
2024-06,2024,6,2,Electronics,West,81104,2756,4561,1,29.43,777,0
2024-06,2024,6,2,Electronics,Central,86856,3464,4787,1,25.07,357,0
2024-06,2024,6,2,Clothing,North,72461,1781,5933,5,40.69,487,0
2024-06,2024,6,2,Clothing,South,72951,3522,4534,2,20.71,744,0
2024-06,2024,6,2,Clothing,East,82715,912,7626,2,90.7,206,0
2024-06,2024,6,2,Clothing,West,58336,1485,7321,2,39.28,183,0
2024-06,2024,6,2,Clothing,Central,64353,1137,4256,3,56.6,119,0
2024-06,2024,6,2,Home,North,56898,599,7591,1,94.99,142,0
2024-06,2024,6,2,Home,South,45799,2094,6538,2,21.87,592,0
2024-06,2024,6,2,Home,East,49485,1086,5387,3,45.57,296,0
2024-06,2024,6,2,Home,West,53454,1469,3591,1,36.39,212,0
2024-06,2024,6,2,Home,Central,63389,1432,6904,1,44.27,150,0
2024-06,2024,6,2,Food,North,56898,1294,4270,0,43.97,153,0
2024-06,2024,6,2,Food,South,45023,529,2668,2,85.11,74,0
2024-06,2024,6,2,Food,East,63610,828,6578,0,76.82,180,0
2024-06,2024,6,2,Food,West,37933,1725,1959,3,21.99,185,0
2024-06,2024,6,2,Food,Central,56932,1024,4684,0,55.6,236,0
2024-06,2024,6,2,Beauty,North,58921,1068,4750,1,55.17,200,0
2024-06,2024,6,2,Beauty,South,49561,706,2742,0,70.2,102,0
2024-06,2024,6,2,Beauty,East,49861,502,4148,1,99.32,127,0
2024-06,2024,6,2,Beauty,West,35531,400,2786,2,88.83,65,0
2024-06,2024,6,2,Beauty,Central,38032,636,4365,2,59.8,124,0
2024-07,2024,7,3,Electronics,North,89813,3167,10733,1,28.36,923,0
2024-07,2024,7,3,Electronics,South,87984,893,11391,3,98.53,261,0
2024-07,2024,7,3,Electronics,East,102419,1940,7563,3,52.79,522,0
2024-07,2024,7,3,Electronics,West,72862,872,10184,1,83.56,209,0
2024-07,2024,7,3,Electronics,Central,89317,1118,6758,1,79.89,332,0
2024-07,2024,7,3,Clothing,North,64055,892,3670,1,71.81,163,0
2024-07,2024,7,3,Clothing,South,68259,1145,3541,1,59.61,169,0
2024-07,2024,7,3,Clothing,East,75132,855,8394,0,87.87,169,0
2024-07,2024,7,3,Clothing,West,69614,2501,5741,1,27.83,594,0
2024-07,2024,7,3,Clothing,Central,65641,1019,5000,2,64.42,203,0
2024-07,2024,7,3,Home,North,66528,753,6723,1,88.35,104,0
2024-07,2024,7,3,Home,South,62846,649,9117,2,96.84,113,0
2024-07,2024,7,3,Home,East,58638,1011,8500,1,58.0,150,0
2024-07,2024,7,3,Home,West,53461,773,6047,2,69.16,117,0
2024-07,2024,7,3,Home,Central,54443,806,2946,3,67.55,168,0
2024-07,2024,7,3,Food,North,59989,842,5036,0,71.25,105,0
2024-07,2024,7,3,Food,South,49683,730,6831,1,68.06,176,0
2024-07,2024,7,3,Food,East,57716,636,3078,1,90.75,81,0
2024-07,2024,7,3,Food,West,46003,1410,2353,2,32.63,343,0
2024-07,2024,7,3,Food,Central,55719,1178,7973,3,47.3,342,0
2024-07,2024,7,3,Beauty,North,44347,767,3628,2,57.82,97,0
2024-07,2024,7,3,Beauty,South,47579,701,4868,2,67.87,145,0
2024-07,2024,7,3,Beauty,East,47061,928,3728,2,50.71,148,0
2024-07,2024,7,3,Beauty,West,36701,403,3649,2,91.07,98,0
2024-07,2024,7,3,Beauty,Central,36814,593,3784,0,62.08,171,0
2024-08,2024,8,3,Electronics,North,86667,900,10050,3,96.3,240,0
2024-08,2024,8,3,Electronics,South,85759,1376,7027,2,62.32,343,0
2024-08,2024,8,3,Electronics,East,98165,2302,13870,2,42.64,526,0
2024-08,2024,8,3,Electronics,West,76409,1260,10588,2,60.64,175,0
2024-08,2024,8,3,Electronics,Central,80314,3510,6826,3,22.88,869,0
2024-08,2024,8,3,Clothing,North,75095,1816,9398,2,41.35,266,0
2024-08,2024,8,3,Clothing,South,59508,1476,3640,1,40.32,330,0
2024-08,2024,8,3,Clothing,East,76834,819,6603,3,93.81,188,0
2024-08,2024,8,3,Clothing,West,65413,2841,9670,1,23.02,669,0
2024-08,2024,8,3,Clothing,Central,60251,1030,8300,3,58.5,178,0
2024-08,2024,8,3,Home,North,54503,713,5383,3,76.44,148,0
2024-08,2024,8,3,Home,South,50748,656,3749,0,77.36,172,0
2024-08,2024,8,3,Home,East,59195,861,2965,3,68.75,230,0
2024-08,2024,8,3,Home,West,51263,616,6451,3,83.22,127,0
2024-08,2024,8,3,Home,Central,57189,607,3173,3,94.22,127,0
2024-08,2024,8,3,Food,North,60295,2091,4774,2,28.84,339,0
2024-08,2024,8,3,Food,South,53132,578,6895,2,91.92,136,0
2024-08,2024,8,3,Food,East,57483,1326,8137,2,43.35,365,0
2024-08,2024,8,3,Food,West,57175,732,4085,4,78.11,150,0
2024-08,2024,8,3,Food,Central,51646,2415,6508,2,21.39,376,0
2024-08,2024,8,3,Beauty,North,44104,2000,3344,2,22.05,434,0
2024-08,2024,8,3,Beauty,South,33593,344,3348,1,97.65,79,0
2024-08,2024,8,3,Beauty,East,51123,896,3860,1,57.06,185,0
2024-08,2024,8,3,Beauty,West,42304,459,4922,1,92.17,76,0
2024-08,2024,8,3,Beauty,Central,43578,2051,5707,2,21.25,290,0
2024-09,2024,9,3,Electronics,North,92335,1794,8811,0,51.47,377,0
2024-09,2024,9,3,Electronics,South,83810,2219,5538,0,37.77,479,0
2024-09,2024,9,3,Electronics,East,98593,2058,7057,3,47.91,345,0
2024-09,2024,9,3,Electronics,West,81226,2347,6247,1,34.61,597,0
2024-09,2024,9,3,Electronics,Central,81652,829,4134,2,98.49,168,0
2024-09,2024,9,3,Clothing,North,67959,1610,6690,1,42.21,369,0
2024-09,2024,9,3,Clothing,South,63626,2097,3932,1,30.34,400,0
2024-09,2024,9,3,Clothing,East,82465,977,11661,3,84.41,129,0
2024-09,2024,9,3,Clothing,West,57045,1870,7414,2,30.51,249,0
2024-09,2024,9,3,Clothing,Central,66922,742,8634,0,90.19,137,0
2024-09,2024,9,3,Home,North,60437,1561,7808,3,38.72,322,0
2024-09,2024,9,3,Home,South,49059,1172,6111,1,41.86,127,0
2024-09,2024,9,3,Home,East,62755,1134,4134,2,55.34,206,0
2024-09,2024,9,3,Home,West,54498,1189,4868,2,45.84,218,0
2024-09,2024,9,3,Home,Central,61804,660,6645,2,93.64,156,0
2024-09,2024,9,3,Food,North,61455,826,5444,2,74.4,143,0
2024-09,2024,9,3,Food,South,57133,1022,3075,1,55.9,119,0
2024-09,2024,9,3,Food,East,55523,1955,5092,1,28.4,513,0
2024-09,2024,9,3,Food,West,53893,1061,2821,2,50.79,239,0
2024-09,2024,9,3,Food,Central,53713,1973,7498,1,27.22,243,0
2024-09,2024,9,3,Beauty,North,50869,1559,5695,2,32.63,370,0
2024-09,2024,9,3,Beauty,South,34127,360,2527,1,94.8,106,0
2024-09,2024,9,3,Beauty,East,50246,1341,4811,2,37.47,311,0
2024-09,2024,9,3,Beauty,West,39419,521,5122,1,75.66,120,0
2024-09,2024,9,3,Beauty,Central,48327,507,4961,3,95.32,135,0
2024-10,2024,10,4,Electronics,North,83076,1506,6503,1,55.16,222,0
2024-10,2024,10,4,Electronics,South,86620,1458,6478,3,59.41,218,0
2024-10,2024,10,4,Electronics,East,100214,1584,13000,3,63.27,176,0
2024-10,2024,10,4,Electronics,West,68819,734,7898,2,93.76,180,0
2024-10,2024,10,4,Electronics,Central,80968,2758,7198,1,29.36,469,0
2024-10,2024,10,4,Clothing,North,67490,700,8737,1,96.41,128,0
2024-10,2024,10,4,Clothing,South,65908,835,8337,1,78.93,123,0
2024-10,2024,10,4,Clothing,East,77203,1082,9850,2,71.35,269,0
2024-10,2024,10,4,Clothing,West,54165,943,4393,2,57.44,256,0
2024-10,2024,10,4,Clothing,Central,62360,759,8552,0,82.16,199,0
2024-10,2024,10,4,Home,North,71788,865,8118,3,82.99,184,0
2024-10,2024,10,4,Home,South,57730,818,4975,0,70.57,221,0
2024-10,2024,10,4,Home,East,73519,844,9079,0,87.11,116,0
2024-10,2024,10,4,Home,West,56080,1290,4586,2,43.47,320,0
2024-10,2024,10,4,Home,Central,59145,614,4828,1,96.33,89,0
2024-10,2024,10,4,Food,North,61379,749,3805,1,81.95,197,0
2024-10,2024,10,4,Food,South,54462,695,6141,1,78.36,143,0
2024-10,2024,10,4,Food,East,61615,2672,5208,0,23.06,461,0
2024-10,2024,10,4,Food,West,46202,546,6718,2,84.62,123,0
2024-10,2024,10,4,Food,Central,50669,1183,4840,1,42.83,298,0
2024-10,2024,10,4,Beauty,North,40389,718,4168,1,56.25,176,0
2024-10,2024,10,4,Beauty,South,44980,1400,2376,1,32.13,326,0
2024-10,2024,10,4,Beauty,East,45295,659,3245,1,68.73,154,0
2024-10,2024,10,4,Beauty,West,44381,1697,5282,1,26.15,423,0
2024-10,2024,10,4,Beauty,Central,44097,921,6559,0,47.88,153,0
2024-11,2024,11,4,Electronics,North,276988,3656,14140,1,75.76,723,0
2024-11,2024,11,4,Electronics,South,226977,4097,32934,1,55.4,1101,0
2024-11,2024,11,4,Electronics,East,247482,2550,32458,1,97.05,739,0
2024-11,2024,11,4,Electronics,West,160878,3205,21285,1,50.2,632,0
2024-11,2024,11,4,Electronics,Central,227415,2668,16275,1,85.24,443,0
2024-11,2024,11,4,Clothing,North,183080,4810,25240,2,38.06,594,0
2024-11,2024,11,4,Clothing,South,140266,1704,17153,2,82.32,402,0
2024-11,2024,11,4,Clothing,East,181429,6347,20456,2,28.59,1121,0
2024-11,2024,11,4,Clothing,West,117952,2386,12111,1,49.44,532,0
2024-11,2024,11,4,Clothing,Central,197587,4334,16817,0,45.59,1002,0
2024-11,2024,11,4,Home,North,199724,3661,20077,1,54.55,1034,0
2024-11,2024,11,4,Home,South,136719,1887,12275,3,72.45,554,0
2024-11,2024,11,4,Home,East,177221,3291,24222,2,53.85,492,0
2024-11,2024,11,4,Home,West,125390,4563,8529,2,27.48,898,0
2024-11,2024,11,4,Home,Central,157135,1995,10615,1,78.76,224,0
2024-11,2024,11,4,Food,North,130988,1710,19480,3,76.6,302,0
2024-11,2024,11,4,Food,South,125180,1663,6982,2,75.27,396,0
2024-11,2024,11,4,Food,East,156016,1957,13923,2,79.72,336,0
2024-11,2024,11,4,Food,West,97392,3188,11964,2,30.55,874,0
2024-11,2024,11,4,Food,Central,134380,1407,12448,1,95.51,409,0
2024-11,2024,11,4,Beauty,North,140204,2456,9137,4,57.09,606,0
2024-11,2024,11,4,Beauty,South,101210,3063,6145,2,33.04,445,0
2024-11,2024,11,4,Beauty,East,126840,3910,11997,1,32.44,811,0
2024-11,2024,11,4,Beauty,West,103420,3221,6260,0,32.11,670,0
2024-11,2024,11,4,Beauty,Central,117652,2331,7306,1,50.47,392,0
2024-12,2024,12,4,Electronics,North,207410,4060,24199,1,51.09,1079,0
2024-12,2024,12,4,Electronics,South,187522,1962,21747,2,95.58,323,0
2024-12,2024,12,4,Electronics,East,259118,3608,30224,3,71.82,889,0
2024-12,2024,12,4,Electronics,West,202175,5640,20727,1,35.85,855,0
2024-12,2024,12,4,Electronics,Central,193845,2646,14868,0,73.26,331,0
2024-12,2024,12,4,Clothing,North,169065,2764,11133,3,61.17,546,0
2024-12,2024,12,4,Clothing,South,157023,1769,22350,2,88.76,328,0
2024-12,2024,12,4,Clothing,East,173571,8640,22220,1,20.09,1621,0
2024-12,2024,12,4,Clothing,West,163789,1702,13860,2,96.23,374,0
2024-12,2024,12,4,Clothing,Central,147645,1692,7825,1,87.26,345,0
2024-12,2024,12,4,Home,North,135767,1851,12994,1,73.35,472,0
2024-12,2024,12,4,Home,South,136873,1418,13770,2,96.53,184,0
2024-12,2024,12,4,Home,East,139155,1470,13566,2,94.66,239,0
2024-12,2024,12,4,Home,West,142803,3086,8461,3,46.27,757,0
2024-12,2024,12,4,Home,Central,138143,2164,11111,3,63.84,550,0
2024-12,2024,12,4,Food,North,153546,4651,15177,2,33.01,620,0
2024-12,2024,12,4,Food,South,116905,2078,9757,3,56.26,278,0
2024-12,2024,12,4,Food,East,137499,2476,15991,2,55.53,737,0
2024-12,2024,12,4,Food,West,127514,5416,10375,1,23.54,677,0
2024-12,2024,12,4,Food,Central,110105,5341,6403,2,20.62,893,0
2024-12,2024,12,4,Beauty,North,119977,1263,9623,3,94.99,231,0
2024-12,2024,12,4,Beauty,South,98835,1734,12723,3,57.0,213,0
2024-12,2024,12,4,Beauty,East,133923,4682,10142,2,28.6,1171,0
2024-12,2024,12,4,Beauty,West,115314,1876,10128,1,61.47,528,0
2024-12,2024,12,4,Beauty,Central,100038,1587,6222,0,63.04,270,0
