id_reclamo,fecha,banco,area,texto
1,2025-03-01,BancoAndes,cobranza,BANCOANDES DE BANCOANDES NO ACEPTA RENEGOCIAR MI DEUDA EN CONDICIONES RAZONABLES.
2,2025-03-01,BancoAndes,post_venta,NADIE EN BANCOANDES NO RESPONDE MIS CONSULTAS DE SEGUIMIENTO SOBRE EL CRÉDITO QUE YA TENGO Y HASTA AHORA NADIE ME HA DADO UNA SOLUCIÓN.
3,2025-03-01,BancoAndes,post_venta,"BancoAndes no me da soporte con mis dudas después de contratar el producto ayer.
--
Atte, cliente BancoAndes"
4,2025-03-01,Banco Andes,ventas,Un vendedor telefonico de BancoAndes me ofrecio condiciones distintas a las que despues aparecieron en el contrato durante el fin de semana.
5,2025-03-01,BancoAndes,fraude_seguridad,"Alguien  logró  acceder a  mi  banca en línea  de BancoAndes  sin mi  consentimiento  ayer.   
Enviado desde mi celular Samsung"
6,2025-03-01,BancoAndes,fraude_seguridad,Un desconocido intento estafarme haciendose pasar por un ejecutivo de BancoAndes sin que nadie del banco se haga responsable durante el fin de semana.
7,2025-03-02,BancoAndes,tecnologia,El sitio web de BancoAndes se congela cada vez que intento hacer una transferencia y sigo esperando una respuesta.
8,2025-03-02,BancoAndes,post_venta,	El área de  post venta  no responde mis  consultas de  seguimiento sobre el crédito que ya tengo durante  el fin de semana.    😤 N° de reclamo anterior: RC-92880.
9,2025-03-02,Banco  Andes ,comercial,El equipo comercial no cumple las condiciones pactadas para la renovación de mi producto y hasta ahora nadie me ha dado una solución el mes pasado.
10,2025-03-02,BancoAndes,pre_venta,Un asesor de BancoAndes me dijo que me llamarían con más información y nunca lo hicieron. 😠
11,2025-03-02,BANCOANDES,pre_venta,El servicio de atención de BancoAndes no respondió mi solicitud de información sobre cuentas de ahorro sin que nadie del banco se haga responsable el mes pasado.
12,2025-03-03,BANCOANDES,ventas,Un asesor comercial de BancoAndes me llamo insistentemente para ofrecerme una tarjeta que no pedi.
13,2025-03-03,Banco  Andes ,ventas,Un representante de ventas de BancoAndes me presionó para aceptar un producto en la misma llamada esta semana???
14,2025-03-03,BancoAndes,comercial,El área comercial no aplica la tasa preferencial que se me ofreció al contratar y hasta ahora nadie me ha dado una solución ayer.
15,2025-03-04,BancoAndes,post_venta,El equipo de seguimiento ignora mis mensajes desde que activé la cuenta nueva durante el fin de semana.
16,2025-03-04,BancoAndes,post_venta,	BancoAndes no resuelve mi duda sobre el estado de mi solicitud ya aprobada y hasta ahora  nadie me ha  dado  una solución  ayer.
17,2025-03-04,BancoAndes,fraude_seguridad,	Alguien accedio a  mi cuenta de BancoAndes sin que yo lo autorizara ayer.
18,2025-03-05,BancoAndes,tecnologia,	La  aplicación  de BancoAndes lleva  días caída  y no puedo  ver mis movimientos.
19,2025-03-05,BancoAndes,tecnologia,La banca en linea de BancoAndes no envia el codigo de verificacion para iniciar sesion y no encuentro como resolverlo el mes pasado.
20,2025-03-05,BancoAndes,post_venta,	Nadie  en BancoAndes no  me contacta para revisar  cómo va  mi  producto contratado  y sigo esperando  una respuesta hace unos días.   
21,2025-03-05,BancoAndes,post_venta,El servicio de soporte no aclara mis dudas sobre las condiciones del crédito ya contratado y esto ya me tiene bastante molesto en las últimas semanas...
22,2025-03-05,bancoandes,ventas,	Un representante de ventas de  BancoAndes  me presionó para aceptar un  producto  en la misma llamada y esto  ya me tiene bastante  molesto el mes pasado.
23,2025-03-05,BancoAndes,ventas,	Un representante de  ventas de BancoAndes insistió en ofrecerme un crédito de consumo sin que yo  lo pidiera durante el fin  de  semana.
24,2025-03-05,BancoAndes,ventas,	Un  ejecutivo de ventas de BancoAndes me  llamó  insistentemente para ofrecerme una  tarjeta que no pedí  durante el fin  de  semana.   
25,2025-03-05,BancoAndes,comercial,	BancoAndes no  cumple las  condiciones  pactadas  para  la renovación  de mi producto  ayer.
26,2025-03-05,BancoAndes,pre_venta,Alguien del equipo de informaciones de BancoAndes no me explicó las diferencias entre los planes disponibles el mes pasado???
27,2025-03-05,BancoAndes,pre_venta,Un asesor de BancoAndes no me informó sobre los costos asociados antes de que decidiera lo cual me parece una falta de respeto hacia el cliente hace unos días.
28,2025-03-06,Banco Andes,cobranza,"	El equipo de cobranza de BancoAndes me cobró un  interés más  alto del  que  se  había acordado.
Gracias, espero respuesta pronto."
29,2025-03-06,BancoAndes,cobranza,El departamento de cobranza de BancoAndes me está cobrando una multa que no está justificada y sigo esperando una respuesta.
30,2025-03-06,BancoAndes,ventas,Alguien del equipo de ventas de BancoAndes me ofreció una tarjeta con beneficios que después no eran reales.
31,2025-03-06,BancoAndes,ventas,Un asesor comercial de BancoAndes me llamó insistentemente para ofrecerme una tarjeta que no pedí y sigo esperando una respuesta. 🙄
32,2025-03-06,BancoAndes,fraude_seguridad,Un desconocido accedió a mi cuenta de BancoAndes sin que yo lo autorizara durante el fin de semana. 😤
33,2025-03-06,BancoAndes,fraude_seguridad,"Un tercero obtuvo mis datos de BancoAndes sin que yo entregara esa información y no encuentro cómo resolverlo esta semana.
Enviado desde mi celular Samsung"
34,2025-03-06,BancoAndes,comercial,"El ejecutivo comercial no quiere renegociar las condiciones de mi crédito durante el fin de semana.
--
Atte, cliente BancoAndes"
35,2025-03-06,bancoandes,pre_venta,EL SERVICIO DE ATENCIÓN DE BANCOANDES NO ME EXPLICÓ BIEN LOS REQUISITOS ANTES DE POSTULAR A LA TARJETA DURANTE EL FIN DE SEMANA.
36,2025-03-07,BancoAndes,comercial,El sitio web de BancoAndes se congela cada vez que intento hacer una transferencia y esto ya me tiene bastante molesto. 😡
37,2025-03-07,BancoAndes,tecnologia,<p>El portal de clientes de BancoAndes lleva días caída y no puedo ver mis movimientos y sigo esperando una respuesta.</p>
38,2025-03-07,BancoAndes,cobranza,El área de cobranza de BancoAndes me cobra comisiones que no estaban en el contrato original hace unos días.
39,2025-03-07,BancoAndes,post_venta,	El equipo  de seguimiento ignora mis  mensajes desde que  activé la  cuenta nueva hace  unos días.
40,2025-03-07,BancoAndes,fraude_seguridad,Alguien cambió mi clave de BancoAndes sin que yo lo hiciera en las últimas semanas.
41,2025-03-07,BancoAndes,comercial,BancoAndes no aplica la tasa preferencial que se me ofrecio al contratar y hasta ahora nadie me ha dado una solucion. Pueden contactarme al +56 9 5168 1571.
42,2025-03-07,BancoAndes,pre_venta,El servicio de atención de BancoAndes no me explicó bien los requisitos antes de postular a la tarjeta ayer.
43,2025-03-07,bancoandes,pre_venta,El servicio de atención de BancoAndes no me explicó las diferencias entre los planes disponibles.
44,2025-03-08,BancoAndes,cobranza,EL ÁREA DE COBRANZA DE BANCOANDES NO RESPONDE MI SOLICITUD DE REPACTACIÓN DE DEUDA HACE UNOS DÍAS.
45,2025-03-08,BancoAndes,fraude_seguridad,"No sé quién usó mi cuenta de BancoAndes para retiros que yo no hice y no encuentro cómo resolverlo hace unos días.
Enviado desde mi iPhone"
46,2025-03-08,BancoAndes,comercial,"BancoAndes no honra la promoción con la que me convencieron de cambiarme de banco y no encuentro cómo resolverlo durante el fin de semana.<br> 😤
Gracias, espero respuesta pronto."
47,2025-03-08,BANCOANDES,comercial,BancoAndes no cumple con el beneficio que venía incluido en mi cuenta y esto ya me tiene bastante molesto!!! Mi rut es 20.735.379-7.
48,2025-03-08,BancoAndes,pre_venta,El servicio de atención de BancoAndes no me informó sobre los costos asociados antes de que decidiera ayer.
49,2025-03-09,BancoAndes,cobranza,El equipo  de cobranza de BancoAndes me  cobra intereses  que  no corresponden  a mi situación.   
50,2025-03-09,BancoAndes,ventas,Un representante de ventas de BancoAndes me ofreció condiciones distintas a las que después aparecieron en el contrato y hasta ahora nadie me ha dado una solución.
51,2025-03-09,Banco  Andes ,ventas,Un representante de ventas de BancoAndes me ofreció condiciones distintas a las que después aparecieron en el contrato ayer.
52,2025-03-09,BancoAndes,fraude_seguridad,Una persona no autorizada vació parte de mi cuenta de BancoAndes y el banco no me ha devuelto el dinero y sigo esperando una respuesta???
53,2025-03-09,BancoAndes,comercial,"El área comercial no reconoce el descuento por cliente antiguo que me habían asegurado.
Enviado desde mi celular Samsung"
54,2025-03-09,BancoAndes,comercial,El ejecutivo comercial no reconoce el descuento por cliente antiguo que me habían asegurado lo cual me parece una falta de respeto hacia el cliente ayer. 👎
55,2025-03-10,BancoAndes,ventas,	Un vendedor telefónico de BancoAndes me ofreció condiciones distintas  a las que después  aparecieron  en el contrato  esta semana. 😠
56,2025-03-10,BancoAndes,fraude_seguridad,Alguien clonó mi tarjeta de BancoAndes y BancoAndes no reaccionó a tiempo.
57,2025-03-10,BancoAndes,comercial,La promoción comercial que me ofreció BancoAndes no se ve reflejada en los cobros que me están haciendo.
58,2025-03-11,Banco Andes,tecnologia,La banca en línea de BancoAndes no permite  descargar mis comprobantes de  pago  lo cual me parece  una  falta de respeto hacia el cliente  en las últimas semanas.   
59,2025-03-11,BancoAndes,cobranza,"	El  área de cobranza  de  BancoAndes no  quiere regularizar mi  deuda  a  pesar  de  que  ya pagué el mes pasado.    🙄
--
Atte, cliente BancoAndes"
60,2025-03-11,BANCOANDES,pre_venta,"Un ejecutivo de BancoAndes no supo responder mis dudas sobre las condiciones del préstamo y sigo esperando una respuesta ayer.
Enviado desde mi celular Samsung"
61,2025-03-11,BancoAndes,pre_venta,Un asesor de BancoAndes ignoró mi consulta sobre los requisitos de un crédito hipotecario.
62,2025-03-12,Banco  Andes ,tecnologia,El sitio web de BancoAndes no carga mis transacciones recientes ayer.
63,2025-03-12,BancoAndes,ventas,Alguien del equipo de ventas de BancoAndes me ofreció condiciones distintas a las que después aparecieron en el contrato en las últimas semanas. 😤
64,2025-03-12,BancoAndes,comercial,"BancoAndes me aplicó una  comisión  que no estaba en  la  oferta original  y no encuentro  cómo  resolverlo  hace unos días.<br>  
Gracias, espero respuesta pronto."
65,2025-03-12,BancoAndes,pre_venta,"El servicio de atención de BancoAndes me pidió los mismos documentos varias veces sin avanzar lo cual me parece una falta de respeto hacia el cliente el mes pasado.
--
Atte, cliente BancoAndes Mi rut es 23.538.751-6."
66,2025-03-13,BancoAndes,tecnologia,El portal de clientes de BancoAndes se cierra sola cada vez que intento pagar una cuenta y no encuentro cómo resolverlo.
67,2025-03-13,BancoAndes,tecnologia,El sistema de BancoAndes se congela cada vez que intento hacer una transferencia el mes pasado.
68,2025-03-13,BancoAndes,tecnologia,La banca en linea de BancoAndes se demora muchisimo en cargar cualquier operacion sin que nadie del banco se haga responsable en las ultimas semanas.
69,2025-03-13,BancoAndes,tecnologia,La aplicación de BancoAndes no carga mis transacciones recientes ayer.
70,2025-03-13,bancoandes,cobranza,<p>El área de cobranza de BancoAndes me cobró dos veces la misma cuota y no encuentro cómo resolverlo hace unos días.</p>
71,2025-03-13,BancoAndes,tecnologia,UNA PERSONA NO AUTORIZADA ME CONTACTÓ POR PHISHING USANDO EL NOMBRE DE BANCOANDES DURANTE EL FIN DE SEMANA???
72,2025-03-13,BancoAndes,comercial,BancoAndes cambió las condiciones comerciales sin avisarme y esto ya me tiene bastante molesto durante el fin de semana. Pueden contactarme al +56 9 1748 4356.
73,2025-03-13,BancoAndes,comercial,El ejecutivo  comercial desconoce el acuerdo comercial que hice  con un  ejecutivo  anterior y no  encuentro cómo  resolverlo hace unos días.   
74,2025-03-13,BancoAndes,comercial,El ejecutivo comercial cambió mi plan comercial sin mi consentimiento.
75,2025-03-13,BancoAndes,pre_venta,Un asesor de BancoAndes ignoró mi consulta sobre los requisitos de un crédito hipotecario y sigo esperando una respuesta esta semana.
76,2025-03-14,BancoAndes,post_venta,El area de post venta no da seguimiento a mi reclamo anterior sobre el mismo producto.
77,2025-03-14,BancoAndes,post_venta,El equipo de seguimiento no me ayuda a entender los cobros de mi cuenta recién abierta?!
78,2025-03-14,BancoAndes,post_venta,El servicio de soporte no cumplió con el acompañamiento que me prometieron al contratar y sigo esperando una respuesta esta semana.
79,2025-03-14,BancoAndes,ventas,<P>UN EJECUTIVO DE VENTAS DE BANCOANDES ME OFRECIÓ UNA TARJETA CON BENEFICIOS QUE DESPUÉS NO ERAN REALES Y ESTO YA ME TIENE BASTANTE MOLESTO EN LAS ÚLTIMAS SEMANAS???</P>
80,2025-03-14,bancoandes,ventas,"Un representante de ventas de BancoAndes me ofreció una tarjeta con beneficios que después no eran reales sin que nadie del banco se haga responsable.
Enviado desde mi iPhone"
81,2025-03-14,BancoAndes,fraude_seguridad,Alguien generó cargos fraudulentos en mi tarjeta de BancoAndes ayer.
82,2025-03-14,BancoAndes,comercial,El área  comercial no ha activado  el beneficio  que me  ofrecieron al abrir  la  cuenta  sin que nadie del banco  se  haga responsable...
83,2025-03-14,BancoAndes,comercial,	El área comercial no ha activado el  beneficio que me ofrecieron al  abrir la cuenta y sigo esperando  una respuesta.
84,2025-03-15,BancoAndes,ventas,La clave digital de BancoAndes no carga mis transacciones recientes.
85,2025-03-15,BancoAndes,cobranza,Nadie en el área de cobranza de BancoAndes me está cobrando una multa que no está justificada sin que nadie del banco se haga responsable en las últimas semanas. 😤
86,2025-03-15,BancoAndes,cobranza,Nadie en el area de cobranza de BancoAndes no reconoce el pago que ya realice lo cual me parece una falta de respeto hacia el cliente ayer.
87,2025-03-15,BancoAndes,post_venta,El equipo  de seguimiento  no da seguimiento  a  mi reclamo anterior sobre el  mismo producto y no encuentro cómo resolverlo.
88,2025-03-15,BancoAndes,post_venta,Nadie en BancoAndes no me explica cómo usar el producto que contraté hace poco y esto ya me tiene bastante molesto esta semana. Mi rut es 22.783.270-8.
89,2025-03-15,BancoAndes,ventas,Un vendedor telefónico de BancoAndes me contactó fuera de horario para ofrecerme una tarjeta nueva y sigo esperando una respuesta.
90,2025-03-15,BancoAndes,ventas,	Un  vendedor telefónico  de BancoAndes me llamó insistentemente para  ofrecerme una tarjeta que  no pedí lo cual me parece  una falta de respeto hacia  el  cliente  esta  semana.    ⏳
91,2025-03-15,BancoAndes,ventas,Un ejecutivo de ventas de BancoAndes me contacto varias veces el mismo dia ofreciendome productos distintos ayer.
92,2025-03-15,Banco  Andes ,fraude_seguridad,NO SÉ QUIÉN CAMBIÓ MI CLAVE DE BANCOANDES SIN QUE YO LO HICIERA SIN QUE NADIE DEL BANCO SE HAGA RESPONSABLE DURANTE EL FIN DE SEMANA.
93,2025-03-15,BancoAndes,fraude_seguridad,Un tercero realizó una transferencia desde mi cuenta de BancoAndes que no reconozco ayer.
94,2025-03-15,BancoAndes,comercial,	El área comercial  me  aplicó una  comisión que no estaba  en la oferta  original.
95,2025-03-15,BancoAndes,pre_venta,	Un ejecutivo de BancoAndes no respondió  mi solicitud de  información sobre cuentas de  ahorro lo cual me parece una falta de respeto hacia  el  cliente.    Pueden contactarme al +56 9 1232 7528.
96,2025-03-16,BancoAndes,tecnologia,El portal de clientes de BancoAndes lleva días  caída y no puedo ver  mis movimientos  lo  cual me parece  una falta  de  respeto hacia el cliente.
97,2025-03-16,BancoAndes,tecnologia,La clave digital de BancoAndes se congela cada vez que intento hacer una transferencia y hasta ahora nadie me ha dado una solución ayer.
98,2025-03-16,BancoAndes,tecnologia,"LA BANCA EN LÍNEA DE BANCOANDES NO ENVÍA EL CÓDIGO DE VERIFICACIÓN PARA INICIAR SESIÓN Y NO ENCUENTRO CÓMO RESOLVERLO DURANTE EL FIN DE SEMANA.
Enviado desde mi celular Samsung"
99,2025-03-16,Banco  Andes ,cobranza,	BancoAndes de  BancoAndes no actualiza mi  historial después de pagar  la  deuda.
100,2025-03-16,BancoAndes,cobranza,El área de cobranza de BancoAndes no corrige un error de facturación que ya reporté hace unos días.
101,2025-03-16,BancoAndes,cobranza,El departamento de cobranza de BancoAndes me amenaza con acciones legales por un monto incorrecto lo cual me parece una falta de respeto hacia el cliente en las últimas semanas.
102,2025-03-16,BancoAndes,post_venta,<p>El equipo de  seguimiento  no  aclara mis dudas sobre  las condiciones del crédito ya contratado lo  cual me  parece una  falta de respeto hacia  el  cliente hace unos días???</p>
103,2025-03-16,BancoAndes,post_venta,<p>El área de post venta no resuelve mi duda sobre el estado de mi solicitud ya aprobada.</p>
104,2025-03-16,Banco Andes,post_venta,El equipo de seguimiento dejó de responder después de que firmé el contrato ayer...
105,2025-03-16,BancoAndes,fraude_seguridad,No sé quién me contactó por phishing usando el nombre de BancoAndes y no encuentro cómo resolverlo el mes pasado. 😤
106,2025-03-16,BANCOANDES,pre_venta,Un asesor de BancoAndes ignoró mi consulta sobre los requisitos de un crédito hipotecario ayer.
107,2025-03-17,BancoAndes,tecnologia,La clave digital de BancoAndes lleva días caída y no puedo ver mis movimientos y sigo esperando una respuesta durante el fin de semana.
108,2025-03-17,BancoAndes,tecnologia,El&nbsp;sistema de BancoAndes no procesa correctamente mis pagos programados ayer. Mi rut es 10.451.615-6.
109,2025-03-17,BancoAndes,tecnologia,El sistema de BancoAndes muestra información desactualizada de mi cuenta el mes pasado.
110,2025-03-17,BancoAndes,cobranza,El equipo de cobranza de BancoAndes insiste en cobrar un monto que ya fue aclarado antes lo cual me parece una falta de respeto hacia el cliente???
111,2025-03-17,BancoAndes,cobranza,EL EQUIPO DE COBRANZA DE BANCOANDES NO RESPONDE MI SOLICITUD DE REPACTACIÓN DE DEUDA EL MES PASADO.
112,2025-03-17,BancoAndes,fraude_seguridad,No sé quién realizó una transferencia desde mi cuenta de BancoAndes que no reconozco sin que nadie del banco se haga responsable.
113,2025-03-17,BancoAndes,fraude_seguridad,Una persona no autorizada cambió mi clave de BancoAndes sin que yo lo hiciera y esto ya me tiene bastante molesto???
114,2025-03-18,BancoAndes,tecnologia,El sitio web de BancoAndes no permite descargar mis comprobantes de pago ayer!!
115,2025-03-18,BancoAndes,cobranza,Nadie en el área de cobranza de BancoAndes me cobra  comisiones que no estaban  en  el  contrato original.    😞
116,2025-03-18,BancoAndes,cobranza,El equipo de cobranza de BancoAndes no responde mi solicitud de repactación de deuda en las últimas semanas.
117,2025-03-18,BancoAndes,post_venta,Nadie en BancoAndes no da seguimiento a mi reclamo anterior sobre el mismo producto sin que nadie del banco se haga responsable.
118,2025-03-18,BancoAndes,ventas,UN ASESOR COMERCIAL DE BANCOANDES ME OFRECIO CONDICIONES DISTINTAS A LAS QUE DESPUES APARECIERON EN EL CONTRATO Y ESTO YA ME TIENE BASTANTE MOLESTO ESTA SEMANA. ⏳
119,2025-03-18,BancoAndes,ventas,Alguien del equipo de ventas de BancoAndes me contacto varias veces el mismo dia ofreciendome productos distintos sin que nadie del banco se haga responsable en las ultimas semanas.
120,2025-03-18,BancoAndes,fraude_seguridad,Una persona no autorizada logró acceder a mi banca en línea de BancoAndes sin mi consentimiento lo cual me parece una falta de respeto hacia el cliente durante el fin de semana.
121,2025-03-18,BancoAndes,comercial,Nadie en el área comercial cambió mi plan comercial sin mi consentimiento sin que nadie del banco se haga responsable. Pueden contactarme al +56 9 5902 1064.
122,2025-03-18,BancoAndes,pre_venta,	EL ÁREA COMERCIAL  DE BANCOANDES ME DIJO QUE  ME LLAMARÍAN  CON MÁS INFORMACIÓN Y NUNCA LO HICIERON  HACE UNOS DÍAS.
123,2025-03-19,BancoAndes,post_venta,	El área de post  venta no me explica cómo usar  el  producto que contraté hace poco  y  sigo esperando una respuesta.
124,2025-03-19,BancoAndes,post_venta,Nadie&nbsp; en BancoAndes  no me da soporte con mis dudas después  de contratar el producto  lo cual me parece una  falta de respeto  hacia  el cliente  hace unos  días...
125,2025-03-19,Banco  Andes ,ventas,Un representante de ventas de BancoAndes siguió llamando después de que le dije que no me interesaba.
126,2025-03-19,BancoAndes,ventas,Alguien del equipo de ventas de BancoAndes me ofreció condiciones distintas a las que después aparecieron en el contrato sin que nadie del banco se haga responsable.
127,2025-03-19,bancoandes,ventas,"Alguien del equipo de ventas de BancoAndes insistió en ofrecerme un crédito de consumo sin que yo lo pidiera lo cual me parece una falta de respeto hacia el cliente hace unos días.
Enviado desde mi iPhone"
128,2025-03-19,BancoAndes,pre_venta,	Un asesor de  BancoAndes me remitió a  distintas áreas sin  darme una respuesta clara sin que nadie  del banco  se haga  responsable  hace  unos días. 😠
129,2025-03-20,BancoAndes,tecnologia,La banca en línea de BancoAndes lleva días caída y no puedo ver mis movimientos...
130,2025-03-20,BancoAndes,tecnologia,El sistema de BancoAndes no reconoce mi clave aunque la ingreso correctamente lo cual me parece una falta de respeto hacia el cliente hace unos días.
131,2025-03-20,BancoAndes,cobranza,Nadie en el  área de cobranza de BancoAndes no quiere regularizar mi  deuda a  pesar de que ya pagué en las  últimas semanas.   !!!
132,2025-03-20,BancoAndes,post_venta,Nadie en BancoAndes no me ayuda a entender los cobros de mi cuenta recien abierta ayer.
133,2025-03-20,BANCOANDES,post_venta,El  servicio  de  soporte me deja  sin respuesta después de haber  aceptado  el  producto ayer.
134,2025-03-20,BancoAndes,fraude_seguridad,"Alguien usó mis datos  para solicitar un  producto en BancoAndes a mi nombre y no encuentro  cómo resolverlo esta  semana.   
--
Atte, cliente BancoAndes"
135,2025-03-20,bancoandes,fraude_seguridad,"Alguien realizo una transferencia desde mi cuenta de BancoAndes que no reconozco.
Gracias, espero respuesta pronto."
136,2025-03-21,BancoAndes,tecnologia,"La banca en línea de BancoAndes se cierra sola cada vez que intento pagar una cuenta y no encuentro cómo resolverlo???
Enviado desde mi celular Samsung"
137,2025-03-21,BancoAndes,cobranza,El departamento de cobranza de BancoAndes sigue enviándome cartas de cobro por una deuda pagada y no encuentro cómo resolverlo ayer.
138,2025-03-21,BancoAndes,post_venta,BancoAndes no responde mis llamadas desde que contraté el seguro en las últimas semanas!!
139,2025-03-21,Banco  Andes ,pre_venta,El servicio de atención de BancoAndes me dijo que me llamarían con más información y nunca lo hicieron el mes pasado. 😤
140,2025-03-22,BancoAndes,tecnologia,"El sitio web de BancoAndes no carga mis transacciones recientes durante el fin de semana!!!
Enviado desde mi celular Samsung"
141,2025-03-22,BancoAndes,tecnologia,La clave digital de BancoAndes muestra información desactualizada de mi cuenta hace unos días.
142,2025-03-22,BancoAndes,tecnologia,El  sistema de  BancoAndes  marca  error  de  sistema  constantemente  durante  el fin  de semana.    Mi rut es 19.549.239-1.
143,2025-03-22,BancoAndes,cobranza,BancoAndes de BancoAndes sigue enviándome cartas de cobro por una deuda  pagada y hasta  ahora nadie me ha dado  una  solución.   
144,2025-03-22,BancoAndes,cobranza,Nadie en el área de cobranza de BancoAndes no acepta renegociar mi deuda en condiciones razonables sin que nadie del banco se haga responsable.
145,2025-03-22,BancoAndes,ventas,Un vendedor telefónico de BancoAndes me contactó para venderme un seguro que no solicité y esto ya me tiene bastante molesto.
146,2025-03-22,BancoAndes,ventas,UN REPRESENTANTE DE VENTAS DE BANCOANDES INSISTIÓ EN QUE ACEPTARA UN PRODUCTO QUE YA HABÍA RECHAZADO ANTES. 😤 Mi rut es 18.769.150-8.
147,2025-03-22,BANCOANDES,ventas,Un representante de ventas de BancoAndes insistió en ofrecerme un crédito de consumo sin que yo lo pidiera y esto ya me tiene bastante molesto.
148,2025-03-22,BancoAndes,fraude_seguridad,Un desconocido me contactó por phishing usando el nombre de BancoAndes.
149,2025-03-22,BancoAndes,fraude_seguridad,No se quien realizo una  transferencia desde mi cuenta de BancoAndes  que no reconozco y sigo esperando  una respuesta  en las  ultimas semanas.   !!
150,2025-03-22,BancoAndes,pre_venta,El área comercial de BancoAndes no me informó sobre los costos asociados antes de que decidiera el mes pasado.
151,2025-03-23,BancoAndes,tecnologia,La clave digital de BancoAndes marca error de sistema constantemente.
152,2025-03-23,BancoAndes,tecnologia,El sistema de BancoAndes marca error de sistema constantemente esta semana.
153,2025-03-23,BancoAndes,cobranza,"BancoAndes de BancoAndes me cobra comisiones que no estaban en el contrato original hace unos días.
Gracias, espero respuesta pronto."
154,2025-03-23,BancoAndes,ventas,Un ejecutivo de ventas de BancoAndes me llamó para renovarme un producto sin mi autorización sin que nadie del banco se haga responsable ayer?!
155,2025-03-23,BancoAndes,tecnologia,Un representante de ventas de  BancoAndes me  contactó fuera de horario  para ofrecerme una tarjeta nueva  y  esto ya me tiene bastante molesto  durante  el  fin  de semana...
156,2025-03-23,BancoAndes,fraude_seguridad,Un desconocido usó mi tarjeta de BancoAndes sin mi autorización.
157,2025-03-24,BancoAndes,tecnologia,El sistema de BancoAndes no procesa correctamente mis pagos programados. N° de reclamo anterior: RC-16942.
158,2025-03-24,BancoAndes,fraude_seguridad,BancoAndes de BancoAndes sigue enviandome cartas de cobro por una deuda pagada durante el fin de semana. Mi rut es 13.383.243-3.
159,2025-03-24,Banco  Andes ,cobranza,El equipo de cobranza de BancoAndes no quiere regularizar mi deuda a pesar de que ya pague lo cual me parece una falta de respeto hacia el cliente esta semana. 😞
160,2025-03-24,Banco  Andes ,post_venta,Nadie en BancoAndes no me entrega la información que me prometieron al firmar y no encuentro cómo resolverlo hace unos días. 😞
161,2025-03-24,BancoAndes,fraude_seguridad,"Un desconocido vació parte de mi cuenta de BancoAndes y el banco no me ha devuelto el dinero.
Enviado desde mi iPhone"
162,2025-03-24,BancoAndes,fraude_seguridad,"Un desconocido usó mi cuenta de BancoAndes para retiros que yo no hice y hasta ahora nadie me ha dado una solución el mes pasado.
Gracias, espero respuesta pronto."
163,2025-03-24,BancoAndes,tecnologia,El portal de BancoAndes se cae justo cuando quiero revisar mi producto recién contratado y nadie me responde. Mi rut es 10.779.850-9.
164,2025-03-25,BancoAndes,tecnologia,El portal de clientes de BancoAndes no envía el código de verificación para iniciar sesión y esto ya me tiene bastante molesto.
165,2025-03-25,BancoAndes,cobranza,El departamento de cobranza de  BancoAndes me  cobró un  interés más alto del  que se había acordado y  no  encuentro cómo resolverlo hace unos días.
166,2025-03-25,BANCOANDES,cobranza,Nadie en el area de cobranza de BancoAndes me amenaza con acciones legales por un monto incorrecto el mes pasado!!
167,2025-03-25,BancoAndes,comercial,BancoAndes no aplica la tasa preferencial que se me ofreció al contratar y esto ya me tiene bastante molesto.
168,2025-03-25,BancoAndes,comercial,El área comercial no quiere renegociar las condiciones de mi crédito el mes pasado.
169,2025-03-26,BancoAndes,tecnologia,"El sitio web de BancoAndes se congela cada vez que intento hacer una transferencia. ⏳
Enviado desde mi iPhone N° de reclamo anterior: RC-66800."
170,2025-03-26,BancoAndes,tecnologia,El portal de clientes de BancoAndes se congela cada vez que intento hacer una transferencia y hasta ahora nadie me ha dado una solución durante el fin de semana. 🙄
171,2025-03-26,BancoAndes,tecnologia,El sistema de BancoAndes muestra información desactualizada de mi cuenta y sigo esperando una respuesta.
172,2025-03-26,Banco  Andes ,tecnologia,La clave digital de BancoAndes lleva dias caida y no puedo ver mis movimientos y no encuentro como resolverlo ayer.
173,2025-03-26,BancoAndes,cobranza,El área de cobranza de BancoAndes me está cobrando una multa que no está justificada hace unos días!!<br>
174,2025-03-26,BancoAndes,post_venta,EL ÁREA DE COBRANZA DE BANCOANDES ME AMENAZA CON ACCIONES LEGALES POR UN MONTO INCORRECTO.
175,2025-03-26,BancoAndes,cobranza,	Nadie  en el área de  cobranza de  BancoAndes me está cobrando  una  multa que no está justificada  y esto ya me tiene  bastante  molesto hace unos días.
176,2025-03-26,BancoAndes,cobranza,El departamento de cobranza de BancoAndes me cobra intereses que no corresponden a mi situación y esto ya me tiene bastante molesto!!!
177,2025-03-26,BancoAndes,post_venta,EL AREA DE POST VENTA NO ME DA SOPORTE CON MIS DUDAS DESPUES DE CONTRATAR EL PRODUCTO.
178,2025-03-26,BancoAndes,post_venta,	El  servicio de soporte no resuelve mi duda  sobre  el  estado de mi  solicitud ya aprobada y  sigo esperando una respuesta.<br>   N° de reclamo anterior: RC-91113.
179,2025-03-26,BancoAndes,ventas,Alguien del equipo de ventas de BancoAndes me presionó para aceptar un producto en la misma llamada durante el fin de semana.
180,2025-03-26,Banco  Andes ,ventas,Un vendedor telefónico de BancoAndes insistió en que aceptara un producto que ya había rechazado antes hace unos días.
181,2025-03-26,BancoAndes,fraude_seguridad,Un tercero usó mis datos para solicitar un producto en BancoAndes a mi nombre y esto ya me tiene bastante molesto. 😡
182,2025-03-26,BancoAndes,comercial,El equipo comercial no quiere renegociar las condiciones de mi crédito. 😤
183,2025-03-27,BancoAndes,tecnologia,La clave digital de BancoAndes no reconoce mi clave aunque la ingreso correctamente ayer.
184,2025-03-27,BancoAndes,post_venta,Nadie en BancoAndes dejó de responder después de que firmé el contrato y sigo esperando una respuesta esta semana. Mi rut es 20.764.166-7.
185,2025-03-27,BancoAndes,post_venta,El área de post venta no da seguimiento a mi reclamo anterior sobre el mismo producto el mes pasado.
186,2025-03-27,Banco  Andes ,ventas,UN VENDEDOR TELEFÓNICO DE BANCOANDES ME PRESIONÓ PARA ACEPTAR UN PRODUCTO EN LA MISMA LLAMADA SIN QUE NADIE DEL BANCO SE HAGA RESPONSABLE.
187,2025-03-27,BancoAndes,fraude_seguridad,Un desconocido uso mi cuenta de BancoAndes para retiros que yo no hice. 😞 Pueden contactarme al +56 9 6603 8562.
188,2025-03-27,Banco Andes,post_venta,	El servicio de atención de BancoAndes tardó  semanas en  responder mi consulta inicial esta semana.
189,2025-03-27,BancoAndes,pre_venta,El área comercial de BancoAndes no me explicó bien los requisitos antes de postular a la tarjeta el mes pasado!!!
190,2025-03-28,BancoAndes,tecnologia,El sitio web de BancoAndes no me deja actualizar mis datos de contacto. 😡
191,2025-03-28,Banco  Andes ,tecnologia,	El portal de clientes de BancoAndes no carga  mis transacciones recientes hace  unos días.   
192,2025-03-28,BancoAndes,tecnologia,El sistema de BancoAndes muestra información desactualizada de mi cuenta ayer.
193,2025-03-28,BancoAndes,cobranza,El área de cobranza de BancoAndes insiste en cobrar un monto que ya fue aclarado antes y hasta ahora nadie me ha dado una solución. 😞
194,2025-03-28,BancoAndes,post_venta,El área de post venta no me da soporte con mis dudas después de contratar el producto hace unos días.
195,2025-03-28,BancoAndes,post_venta,El área de post venta no resuelve mi duda sobre el estado de mi solicitud ya aprobada en las últimas semanas.
196,2025-03-28,BancoAndes,ventas,Un representante de ventas de BancoAndes insistió en ofrecerme un crédito de consumo sin que yo lo pidiera sin que nadie del banco se haga responsable.
197,2025-03-28,BancoAndes,fraude_seguridad,	Alguien intentó estafarme  haciéndose pasar por un ejecutivo  de BancoAndes esta semana. N° de reclamo anterior: RC-98829.
198,2025-03-28,BancoAndes,comercial,El equipo comercial me aplicó una comisión que no estaba en la oferta original el mes pasado!!
199,2025-03-28,bancoandes,comercial,El ejecutivo comercial no ha activado el beneficio que me ofrecieron al abrir la cuenta durante el fin de semana.<br>
200,2025-03-29,BancoAndes,pre_venta,"LA APLICACION DE BANCOANDES NO PERMITE DESCARGAR MIS COMPROBANTES DE PAGO EL MES PASADO.
Enviado desde mi celular Samsung"
201,2025-03-29,BancoAndes,cobranza,El departamento de cobranza de BancoAndes sigue enviándome cartas de cobro por una deuda pagada y sigo esperando una respuesta.
202,2025-03-29,BancoAndes,post_venta,BancoAndes no me entrega la informacion que me prometieron al firmar el mes pasado.
203,2025-03-29,BancoAndes,ventas,Alguien del equipo de ventas de BancoAndes me vendió un seguro sin explicarme bien las condiciones y sigo esperando una respuesta.
204,2025-03-29,BancoAndes,fraude_seguridad,<p>No sé quién realizó una transferencia desde mi cuenta de BancoAndes que no reconozco y hasta ahora nadie me ha dado una solución en las últimas semanas.</p>
205,2025-03-29,BancoAndes,fraude_seguridad,ALGUIEN ACCEDIÓ A MI CUENTA DE BANCOANDES SIN QUE YO LO AUTORIZARA HACE UNOS DÍAS.<BR>
206,2025-03-29,BancoAndes,comercial,El ejecutivo comercial cambió mi plan comercial sin mi consentimiento ayer. Mi rut es 19.562.172-8.
207,2025-03-29,BancoAndes,pre_venta,Un ejecutivo de BancoAndes me remitió a distintas áreas sin darme una respuesta clara en las últimas semanas!!!
208,2025-03-29,BancoAndes,pre_venta,Alguien del equipo de informaciones de BancoAndes no me informo sobre los costos asociados antes de que decidiera y hasta ahora nadie me ha dado una solucion durante el fin de semana.
209,2025-03-29,BancoAndes,pre_venta,UN EJECUTIVO DE BANCOANDES  TARDÓ SEMANAS EN RESPONDER MI CONSULTA INICIAL Y NO ENCUENTRO  CÓMO RESOLVERLO!!!
210,2025-03-30,BANCOANDES,tecnologia,La aplicación de BancoAndes no envía el código de verificación para iniciar sesión el mes pasado. Pueden contactarme al +56 9 8274 3850.
211,2025-03-30,BancoAndes,tecnologia,	El portal de  clientes de BancoAndes se  cierra sola  cada vez que intento pagar  una cuenta lo cual me  parece  una falta de respeto  hacia el  cliente.   
212,2025-03-30,BancoAndes,cobranza,Nadie en el área de cobranza de BancoAndes me cobra comisiones que no estaban en el contrato original y hasta ahora nadie me ha dado una solución durante el fin de semana.
213,2025-03-30,BancoAndes,post_venta,Nadie en BancoAndes no da seguimiento a mi reclamo anterior sobre el mismo producto en las últimas semanas.
214,2025-03-30,BancoAndes,post_venta,El área de post venta me deja sin respuesta después de haber aceptado el producto y hasta ahora nadie me ha dado una solución el mes pasado. Pueden contactarme al +56 9 2580 5406.
215,2025-03-31,BancoAndes,tecnologia,	El sitio  web de BancoAndes no envía  el código de verificación para iniciar sesión y hasta ahora nadie me ha dado una solución durante el fin de semana.   
216,2025-03-31,BancoAndes,tecnologia,La aplicación de BancoAndes no permite descargar mis comprobantes de pago y sigo esperando una respuesta en las últimas semanas. 😞
217,2025-03-31,BancoAndes,tecnologia,La aplicación de BancoAndes muestra información desactualizada de mi cuenta hace unos días. ⏳ Mi rut es 13.732.598-5.
218,2025-03-31,BANCOANDES,cobranza,BancoAndes de BancoAndes no actualiza mi historial después de pagar la deuda en las últimas semanas. 🙄
219,2025-03-31,BancoAndes,ventas,Un ejecutivo de ventas de BancoAndes me ofreció condiciones distintas a las que después aparecieron en el contrato y hasta ahora nadie me ha dado una solución esta semana.
220,2025-04-01,BancoAndes,tecnologia,El sitio web de BancoAndes no carga mis transacciones recientes.
221,2025-04-01,BancoAndes,tecnologia,La banca en línea de BancoAndes no me deja actualizar mis datos de contacto ayer.
222,2025-04-01,BancoAndes,tecnologia,El&nbsp;sistema de BancoAndes no envía el código de verificación para iniciar sesión.
223,2025-04-01,BancoAndes,tecnologia,<p>El sitio web de  BancoAndes no me deja actualizar mis datos de  contacto y  sigo  esperando una  respuesta.   !!!</p>
224,2025-04-01,BancoAndes,cobranza,El equipo de cobranza de BancoAndes sigue enviándome cartas de cobro por una deuda pagada y hasta ahora nadie me ha dado una solución.
225,2025-04-01,BancoAndes,cobranza,El equipo de cobranza de BancoAndes insiste en cobrar un monto que ya fue aclarado antes el mes pasado.
226,2025-04-01,BancoAndes,post_venta,Nadie en BancoAndes no resuelve mi duda sobre el estado de mi solicitud ya aprobada lo cual me parece una falta de respeto hacia el cliente en las ultimas semanas.
227,2025-04-01,BancoAndes,tecnologia,Un  ejecutivo de ventas  de  BancoAndes me ofreció  una tarjeta con  beneficios  que  después no eran reales  esta semana.   
228,2025-04-01,BancoAndes,fraude_seguridad,<p>Un desconocido me contactó por phishing usando el nombre de BancoAndes sin que nadie del banco se haga responsable en las últimas semanas.</p> 👎
229,2025-04-01,BancoAndes,comercial,"El ejecutivo comercial no aplica la tasa preferencial que se me ofrecio al contratar.
Gracias, espero respuesta pronto. Pueden contactarme al +56 9 2228 9228."
230,2025-04-01,BancoAndes,pre_venta,Nadie en el área comercial no cumple las condiciones pactadas para la renovación de mi producto hace unos días.
231,2025-04-02,BancoAndes,tecnologia,El sistema de BancoAndes no genera mi cartola mensual y esto ya me tiene bastante molesto.
232,2025-04-02,BancoAndes,tecnologia,	La  clave digital de  BancoAndes muestra información  desactualizada  de  mi cuenta  esta semana.   ??? 😠
233,2025-04-02,BancoAndes,tecnologia,El sistema de BancoAndes se demora muchísimo en cargar cualquier operación hace unos días.
234,2025-04-02,Banco Andes,tecnologia,La banca en línea de BancoAndes no me deja actualizar mis datos de contacto en las últimas semanas. 🙄
235,2025-04-02,BancoAndes,cobranza,El equipo de cobranza de BancoAndes me cobró un interés más alto del que se había acordado y sigo esperando una respuesta. 😡
236,2025-04-02,Banco  Andes ,post_venta,El área de post venta ignora mis mensajes desde que activé la cuenta nueva.
237,2025-04-02,bancoandes,ventas,	Un asesor comercial de BancoAndes me llamó de un número desconocido para  ofrecerme un préstamo  ayer.   
238,2025-04-02,BancoAndes,ventas,UN REPRESENTANTE DE VENTAS DE BANCOANDES ME LLAMÓ DE UN NÚMERO DESCONOCIDO PARA OFRECERME UN PRÉSTAMO ESTA SEMANA.
239,2025-04-02,BANCOANDES,ventas,Un representante de ventas de BancoAndes me presionó  para aceptar  un producto en  la  misma llamada sin que nadie del  banco  se  haga responsable  durante  el fin  de  semana.
240,2025-04-03,BancoAndes,tecnologia,El sistema de BancoAndes no me deja actualizar mis datos de contacto lo cual me parece una falta de respeto hacia el cliente en las últimas semanas. 🙄
241,2025-04-03,BancoAndes,post_venta,BancoAndes dejo de responder despues de que firme el contrato. 😠 Pueden contactarme al +56 9 8016 6090.
242,2025-04-03,BANCOANDES,ventas,Un representante de ventas de BancoAndes me llamó para renovarme un producto sin mi autorización y hasta ahora nadie me ha dado una solución. N° de reclamo anterior: RC-76254.
243,2025-04-04,BancoAndes,tecnologia,La aplicación de BancoAndes se demora muchísimo en cargar cualquier operación y no encuentro cómo resolverlo. Pueden contactarme al +56 9 9708 8496.
244,2025-04-04,BancoAndes,post_venta,El servicio de soporte no me da soporte con mis dudas después de contratar el producto sin que nadie del banco se haga responsable.
245,2025-04-04,BancoAndes,ventas,Un representante de ventas de BancoAndes siguió llamando después de que le dije que no me interesaba y hasta ahora nadie me ha dado una solución el mes pasado.
246,2025-04-04,BancoAndes,tecnologia,	No sé quién cambió mi clave de  BancoAndes sin  que  yo  lo hiciera en  las últimas semanas?!
247,2025-04-04,BancoAndes,comercial,BancoAndes cambió las  condiciones comerciales sin avisarme  en  las últimas semanas... Pueden contactarme al +56 9 2385 9989.
248,2025-04-04,BancoAndes,comercial,El área comercial aplicó condiciones distintas a las que figuraban en la propuesta comercial y hasta ahora nadie me ha dado una solución el mes pasado. 😤
249,2025-04-05,BancoAndes,tecnologia,El portal de clientes de BancoAndes no reconoce mi clave aunque la ingreso correctamente y sigo esperando una respuesta esta semana. Pueden contactarme al +56 9 7576 4904.
250,2025-04-05,BancoAndes,cobranza,"No sé quién usó mi cuenta de BancoAndes para retiros que yo no hice lo cual me parece una falta de respeto hacia el cliente esta semana.
Enviado desde mi iPhone"
251,2025-04-05,BancoAndes,fraude_seguridad,Un desconocido realizó una transferencia desde mi cuenta de BancoAndes que no reconozco sin que nadie del banco se haga responsable?!
252,2025-04-05,BancoAndes,ventas,"Un tercero generó cargos fraudulentos en mi tarjeta de BancoAndes y esto ya me tiene bastante molesto.
--
Atte, cliente BancoAndes"
253,2025-04-05,BancoAndes,pre_venta,El servicio de atención de BancoAndes me dijo que me llamarían con más información y nunca lo hicieron en las últimas semanas.
254,2025-04-06,BancoAndes,post_venta,EL SERVICIO DE SOPORTE NO ME AYUDA A ENTENDER LOS COBROS DE MI CUENTA RECIÉN ABIERTA Y ESTO YA ME TIENE BASTANTE MOLESTO AYER???
255,2025-04-06,BancoAndes,ventas,Un ejecutivo de ventas de BancoAndes me presiono para aceptar un producto en la misma llamada.
256,2025-04-06,BancoAndes,ventas,Un asesor comercial de BancoAndes me vendio un seguro sin explicarme bien las condiciones hace unos dias. 🙄
257,2025-04-06,BancoAndes,fraude_seguridad,"Alguien  logró acceder a  mi banca en línea de BancoAndes sin  mi consentimiento.   
Enviado desde mi iPhone"
258,2025-04-06,BancoAndes,fraude_seguridad,No se quien realizo una transferencia desde mi cuenta de BancoAndes que no reconozco y esto ya me tiene bastante molesto. 👎
259,2025-04-06,BancoAndes,pre_venta,El área comercial de BancoAndes me remitió a distintas áreas sin darme una respuesta clara y esto ya me tiene bastante molesto esta semana. Pueden contactarme al +56 9 9210 3117.
260,2025-04-07,BancoAndes,tecnologia,	El  sistema de BancoAndes no  carga mis transacciones recientes.   
261,2025-04-07,BancoAndes,tecnologia,La banca en línea de BancoAndes marca error de sistema constantemente hace unos días.
262,2025-04-07,BancoAndes,post_venta,BancoAndes me deja sin respuesta después de haber aceptado el producto ayer.
263,2025-04-07,Banco  Andes ,ventas,	Un  representante de ventas de  BancoAndes me  llamo para renovarme un  producto  sin mi autorizacion el mes pasado.   
264,2025-04-07,BancoAndes,ventas,"Alguien del equipo de ventas de BancoAndes me contactó varias veces el mismo día ofreciéndome productos distintos y sigo esperando una respuesta el mes pasado. 😠
Gracias, espero respuesta pronto."
265,2025-04-07,BancoAndes,ventas,	UN VENDEDOR TELEFÓNICO DE BANCOANDES  ME CONTACTÓ FUERA DE  HORARIO PARA  OFRECERME  UNA TARJETA  NUEVA LO  CUAL  ME PARECE UNA FALTA DE RESPETO  HACIA  EL  CLIENTE ESTA SEMANA.   
266,2025-04-07,BancoAndes,fraude_seguridad,Una persona no autorizada realizó una transferencia desde mi cuenta de BancoAndes que no reconozco y no encuentro cómo resolverlo. Pueden contactarme al +56 9 5481 5832.
267,2025-04-07,BancoAndes,fraude_seguridad,Alguien clonó mi tarjeta de BancoAndes y BancoAndes no reaccionó a tiempo hace unos días.
268,2025-04-08,Banco Andes,tecnologia,El sitio web de BancoAndes se cierra sola cada vez que intento pagar una cuenta esta semana.
269,2025-04-08,BancoAndes,cobranza,El departamento de cobranza de BancoAndes me esta cobrando una multa que no esta justificada en las ultimas semanas.
270,2025-04-08,BancoAndes,cobranza,El equipo de cobranza de BancoAndes sigue enviándome cartas de cobro por una deuda pagada esta semana.
271,2025-04-08,BancoAndes,cobranza,Nadie en BancoAndes no me contacta para revisar cómo va mi producto contratado sin que nadie del banco se haga responsable ayer.
272,2025-04-08,BancoAndes,ventas,Alguien del equipo de ventas de BancoAndes siguió llamando después de que le dije que no me interesaba sin que nadie del banco se haga responsable.
273,2025-04-08,BANCOANDES,fraude_seguridad,No sé quién accedió a mi cuenta de BancoAndes sin que yo lo autorizara.
274,2025-04-09,BancoAndes,tecnologia,El sitio web de BancoAndes no genera mi cartola mensual ayer.
275,2025-04-10,BancoAndes,tecnologia,EL PORTAL DE CLIENTES DE BANCOANDES NO PERMITE DESCARGAR MIS COMPROBANTES DE PAGO.
276,2025-04-10,BancoAndes,tecnologia,La aplicacion de BancoAndes no permite descargar mis comprobantes de pago lo cual me parece una falta de respeto hacia el cliente hace unos dias?!
277,2025-04-10,BancoAndes,post_venta,	Nadie en BancoAndes no da seguimiento a mi reclamo  anterior  sobre  el  mismo producto y  hasta ahora  nadie me ha dado una solucion ayer.
278,2025-04-10,BancoAndes,post_venta,BancoAndes me deja sin respuesta después de haber aceptado el producto durante el fin de semana.
279,2025-04-10,BancoAndes,post_venta,EL EQUIPO DE SEGUIMIENTO NO ME ENTREGA LA INFORMACIÓN QUE ME PROMETIERON AL FIRMAR AYER.
280,2025-04-10,BancoAndes,ventas,Un asesor comercial de BancoAndes insistió en que aceptara un producto que ya había rechazado antes y no encuentro cómo resolverlo durante el fin de semana.
281,2025-04-10,BancoAndes,fraude_seguridad,No sé quién me contactó por phishing usando el nombre de BancoAndes sin que nadie del banco se haga responsable.
282,2025-04-10,BancoAndes,comercial,"	Nadie en el área comercial  no quiere renegociar las condiciones de  mi crédito y no encuentro cómo resolverlo durante  el fin de semana. 🙄
Enviado desde mi celular Samsung Pueden contactarme al +56 9 8504 4752."
283,2025-04-10,BancoAndes,pre_venta,"Un ejecutivo de BancoAndes tardo semanas en responder mi consulta inicial.
Gracias, espero respuesta pronto."
284,2025-04-11,Banco Andes,tecnologia,El portal de  clientes de BancoAndes  no reconoce mi clave  aunque  la ingreso  correctamente  sin que nadie  del  banco se haga responsable.   
285,2025-04-11,BancoAndes,tecnologia,La&nbsp;clave digital de BancoAndes no carga mis transacciones recientes y no encuentro cómo resolverlo.
286,2025-04-11,BancoAndes,tecnologia,La banca en línea de BancoAndes no procesa correctamente mis pagos programados hace unos días. 😡
287,2025-04-11,BancoAndes,cobranza,El área de cobranza de BancoAndes me cobró dos veces la misma cuota y sigo esperando una respuesta hace unos días.
288,2025-04-11,BancoAndes,post_venta,El área de post venta no me explica cómo usar el producto que contraté hace poco y no encuentro cómo resolverlo. 😞
289,2025-04-11,BancoAndes,post_venta,El equipo de seguimiento no cumplio con el acompanamiento que me prometieron al contratar sin que nadie del banco se haga responsable?! N° de reclamo anterior: RC-42163.
290,2025-04-11,BancoAndes,ventas,Un representante de ventas de BancoAndes me contacto varias veces el mismo dia ofreciendome productos distintos sin que nadie del banco se haga responsable en las ultimas semanas.
291,2025-04-11,BancoAndes,fraude_seguridad,Una persona no autorizada clonó mi tarjeta de BancoAndes y BancoAndes no reaccionó a tiempo sin que nadie del banco se haga responsable ayer. ⏳ N° de reclamo anterior: RC-74539.
292,2025-04-12,BANCOANDES,tecnologia,El portal de clientes de BancoAndes no me deja actualizar mis datos de contacto ayer!!
293,2025-04-12,BancoAndes,tecnologia,El portal de clientes de BancoAndes no envía el código de verificación para iniciar sesión lo cual me parece una falta de respeto hacia el cliente hace unos días.
294,2025-04-12,BancoAndes,post_venta,Nadie en BancoAndes no me explica cómo usar el producto que contraté hace poco en las últimas semanas!!!
295,2025-04-12,BancoAndes,comercial,	BancoAndes  no cumple las condiciones pactadas para la renovacion  de mi  producto  lo cual  me  parece una falta de respeto hacia  el  cliente.   
296,2025-04-12,BancoAndes,comercial,	El  ejecutivo  comercial desconoce  el acuerdo comercial  que hice con un ejecutivo anterior.
297,2025-04-13,BancoAndes,tecnologia,El sistema de BancoAndes no procesa correctamente mis pagos programados lo cual me parece una falta de respeto hacia el cliente el mes pasado.
298,2025-04-13,BancoAndes,cobranza,El área de cobranza de BancoAndes no acepta renegociar mi deuda en condiciones razonables lo cual me parece una falta de respeto hacia el cliente.<br>
299,2025-04-13,BancoAndes,cobranza,Nadie en el área de cobranza de BancoAndes me cobró un interés más alto del que se había acordado y esto ya me tiene bastante molesto esta semana. Pueden contactarme al +56 9 6516 9439.
300,2025-04-13,BancoAndes,cobranza,Nadie en el área de cobranza de BancoAndes sigue enviándome cartas de cobro por una deuda pagada.
301,2025-04-13,BancoAndes,cobranza,Nadie en el area de cobranza de BancoAndes insiste en cobrar un monto que ya fue aclarado antes. Pueden contactarme al +56 9 2570 1518.
302,2025-04-13,Banco Andes,cobranza,	El equipo de cobranza de  BancoAndes me cobra  intereses que  no  corresponden  a  mi  situación  y  no encuentro cómo resolverlo.
303,2025-04-13,BancoAndes,cobranza,Nadie en el área de cobranza de BancoAndes me cobró un interés más alto del que se había acordado y esto ya me tiene bastante molesto.
304,2025-04-13,BancoAndes,post_venta,Nadie en BancoAndes no resuelve mi duda sobre el estado de mi solicitud ya aprobada.
305,2025-04-13,BancoAndes,post_venta,	El área de post venta ignora  mis mensajes  desde  que activé  la  cuenta  nueva  el mes pasado.
306,2025-04-13,BancoAndes,ventas,	Un ejecutivo de  ventas de BancoAndes me llamó insistentemente  para  ofrecerme una tarjeta que no pedí.   
307,2025-04-13,BancoAndes,fraude_seguridad,Alguien me contactó por phishing usando el nombre de BancoAndes en las últimas semanas. 👎 Pueden contactarme al +56 9 8982 2335.
308,2025-04-13,BancoAndes,pre_venta,Alguien del equipo de informaciones de BancoAndes no me explicó bien los requisitos antes de postular a la tarjeta y esto ya me tiene bastante molesto ayer???
309,2025-04-14,BancoAndes,tecnologia,La aplicación de BancoAndes no procesa correctamente mis pagos programados lo cual me parece una falta de respeto hacia el cliente.
310,2025-04-14,BancoAndes,cobranza,El departamento de cobranza de BancoAndes me cobra comisiones que no estaban en el contrato original y hasta ahora nadie me ha dado una solucion. 👎
311,2025-04-14,Banco Andes,tecnologia,Nadie en el área de cobranza de BancoAndes insiste en cobrar un monto que ya fue aclarado antes el mes pasado. Pueden contactarme al +56 9 8917 3958.
312,2025-04-14,BancoAndes,cobranza,El equipo de cobranza de BancoAndes no quiere regularizar mi deuda a pesar de que ya pagué y esto ya me tiene bastante molesto ayer.
313,2025-04-14,BancoAndes,ventas,Un ejecutivo de ventas de BancoAndes me llamó de un número desconocido para ofrecerme un préstamo y no encuentro cómo resolverlo...
314,2025-04-14,BancoAndes,ventas,Alguien del  equipo de  ventas de  BancoAndes me ofreció  condiciones distintas a las que después  aparecieron en  el contrato y  no encuentro cómo resolverlo en  las últimas semanas.    😡
315,2025-04-14,BancoAndes,fraude_seguridad,Alguien usó  mis datos para solicitar un producto en BancoAndes  a mi nombre  el  mes pasado.   !!! N° de reclamo anterior: RC-10566.
316,2025-04-14,BancoAndes,pre_venta,El área comercial de BancoAndes me dio una cotización que después no coincidía con la real y esto ya me tiene bastante molesto hace unos días.
317,2025-04-14,BancoAndes,cobranza,Un asesor de BancoAndes nunca me contactó después de pedir información sobre un crédito y esto ya me tiene bastante molesto esta semana!!!
318,2025-04-15,BancoAndes,post_venta,	La banca en línea de  BancoAndes no permite  descargar  mis  comprobantes de pago hace  unos  días!!!
319,2025-04-15,BancoAndes,ventas,Un ejecutivo de ventas de BancoAndes insistió en ofrecerme un crédito de consumo sin que yo lo pidiera y sigo esperando una respuesta!! N° de reclamo anterior: RC-78232.
320,2025-04-15,BancoAndes,fraude_seguridad,Alguien hizo compras con mi tarjeta de BancoAndes que yo nunca autoricé en las últimas semanas. N° de reclamo anterior: RC-57466.
321,2025-04-15,Banco  Andes ,pre_venta,"Alguien&nbsp;del equipo de informaciones de BancoAndes nunca me contactó después de pedir información sobre un crédito.
Enviado desde mi celular Samsung"
322,2025-04-15,BancoAndes,pre_venta,"El&nbsp;área comercial de BancoAndes no me explicó bien los requisitos antes de postular a la tarjeta durante el fin de semana.
Enviado desde mi celular Samsung"
323,2025-04-16,BancoAndes,post_venta,Nadie en BancoAndes  ignora  mis mensajes  desde  que activé la  cuenta nueva y  hasta ahora nadie me ha  dado una solución esta semana.
324,2025-04-16,BancoAndes,ventas,ALGUIEN DEL EQUIPO DE VENTAS DE BANCOANDES ME LLAMÓ DE UN NÚMERO DESCONOCIDO PARA OFRECERME UN PRÉSTAMO EN LAS ÚLTIMAS SEMANAS.
325,2025-04-16,BancoAndes,fraude_seguridad,Una persona no autorizada usó mi tarjeta de BancoAndes sin mi autorización y sigo esperando una respuesta ayer.
326,2025-04-16,BancoAndes,comercial,El área comercial no quiere renegociar las condiciones de mi crédito. Pueden contactarme al +56 9 6235 3383.
327,2025-04-16,BancoAndes,pre_venta,El servicio de atencion de BancoAndes no me explico las diferencias entre los planes disponibles hace unos dias. 😠 Mi rut es 19.439.918-8.
328,2025-04-17,BancoAndes,cobranza,El área de cobranza de BancoAndes me amenaza con acciones legales por un monto incorrecto lo cual me parece una falta de respeto hacia el cliente ayer.
329,2025-04-17,bancoandes,comercial,<P>NADIE EN EL ÁREA COMERCIAL NO RECONOCE EL DESCUENTO POR CLIENTE ANTIGUO QUE ME HABÍAN ASEGURADO EN LAS ÚLTIMAS SEMANAS.</P>
330,2025-04-18,BancoAndes,cobranza,BancoAndes de BancoAndes no quiere regularizar mi deuda a pesar de que ya pagué y sigo esperando una respuesta esta semana.
331,2025-04-18,BancoAndes,cobranza,	Nadie  en el  area de cobranza de BancoAndes  me esta  cobrando una multa que no  esta justificada y  sigo esperando  una respuesta ayer.
332,2025-04-18,BancoAndes,ventas,Un ejecutivo de ventas de BancoAndes me llamo insistentemente para ofrecerme una tarjeta que no pedi y hasta ahora nadie me ha dado una solucion.
333,2025-04-18,BancoAndes,comercial,El área comercial me aplicó una comisión que no estaba  en la  oferta original hace  unos días.   
334,2025-04-18,BancoAndes,comercial,"El equipo comercial no ha activado el beneficio que me ofrecieron al abrir la cuenta hace unos días.
Gracias, espero respuesta pronto."
335,2025-04-19,BancoAndes,tecnologia,	El  sistema  de BancoAndes no carga  mis transacciones  recientes el mes pasado.   
336,2025-04-19,BancoAndes,comercial,La banca en línea de BancoAndes lleva días caída y no puedo ver mis movimientos ayer. Pueden contactarme al +56 9 1685 8408.
337,2025-04-19,BancoAndes,tecnologia,	El  portal de clientes de BancoAndes  marca  error de sistema  constantemente  y esto ya me tiene bastante  molesto.   
338,2025-04-19,BancoAndes,cobranza,"El departamento de cobranza de BancoAndes me está cobrando una multa que no está justificada y no encuentro cómo resolverlo hace unos días. 😠
Gracias, espero respuesta pronto."
339,2025-04-19,BancoAndes,ventas,	Alguien del equipo de ventas de  BancoAndes  siguio llamando despues de que le dije que no me interesaba y esto ya me  tiene  bastante molesto  hace  unos dias.   !!!
340,2025-04-19,BancoAndes,ventas,Alguien del equipo de ventas de BancoAndes me presionó para aceptar un producto en la misma llamada esta semana.
341,2025-04-19,BancoAndes,cobranza,"Quiero renegociar mi deuda con BancoAndes, pero el area de cobranza no acepta las condiciones comerciales que me prometieron. Pueden contactarme al +56 9 6154 8586."
342,2025-04-20,BancoAndes,cobranza,El equipo de cobranza de BancoAndes no actualiza mi historial después de pagar la deuda y hasta ahora nadie me ha dado una solución ayer.<br> ⏳
343,2025-04-20,BancoAndes,post_venta,El servicio de soporte no responde mis consultas de seguimiento sobre el credito que ya tengo hace unos dias.
344,2025-04-20,BancoAndes,post_venta,<p>	Nadie  en BancoAndes me deja sin respuesta después  de  haber aceptado el  producto.</p>
345,2025-04-20,BancoAndes,ventas,Un asesor comercial de BancoAndes siguió llamando después de que le dije que no me interesaba lo cual me parece una falta de respeto hacia el cliente.
346,2025-04-20,BancoAndes,ventas,"Un asesor comercial de BancoAndes me presionó para aceptar un producto en la misma llamada y no encuentro cómo resolverlo. 🙄
--
Atte, cliente BancoAndes"
347,2025-04-21,BancoAndes,tecnologia,El portal de clientes de BancoAndes no envía el código de verificación para iniciar sesión sin que nadie del banco se haga responsable.
348,2025-04-21,Banco Andes,tecnologia,"	La banca  en línea  de BancoAndes  se cierra sola cada vez que intento  pagar  una cuenta esta  semana.   
Enviado desde mi iPhone Mi rut es 17.870.886-9."
349,2025-04-21,BancoAndes,tecnologia,	La aplicacion de  BancoAndes no  carga  mis transacciones  recientes y  sigo esperando una respuesta.   
350,2025-04-21,BancoAndes,tecnologia,LA APLICACIÓN DE  BANCOANDES  SE DEMORA MUCHÍSIMO EN  CARGAR CUALQUIER OPERACIÓN AYER.   <BR>
351,2025-04-21,BancoAndes,tecnologia,<P>EL SITIO WEB DE  BANCOANDES  MUESTRA  INFORMACIÓN DESACTUALIZADA DE MI  CUENTA ESTA  SEMANA.   </P>
352,2025-04-21,BancoAndes,post_venta,El área de post venta no aclara mis dudas sobre las condiciones del crédito ya contratado sin que nadie del banco se haga responsable ayer.
353,2025-04-21,BancoAndes,post_venta,El servicio de soporte no me explica cómo usar el producto que contraté hace poco lo cual me parece una falta de respeto hacia el cliente ayer!! N° de reclamo anterior: RC-48652.
354,2025-04-21,BancoAndes,ventas,	Un  vendedor telefónico de  BancoAndes me  presionó  para aceptar un  producto en la misma llamada ayer.   
355,2025-04-21,BancoAndes,comercial,El equipo comercial aplicó condiciones distintas a las que figuraban en la propuesta comercial y hasta ahora nadie me ha dado una solución esta semana.
356,2025-04-21,BancoAndes,pre_venta,EL SERVICIO DE ATENCIÓN DE BANCOANDES ME PIDIÓ LOS MISMOS DOCUMENTOS VARIAS VECES SIN AVANZAR Y NO ENCUENTRO CÓMO RESOLVERLO.
357,2025-04-21,BancoAndes,pre_venta,El área comercial de BancoAndes me dio una cotización que después no coincidía con la real y no encuentro cómo resolverlo.
358,2025-04-21,BancoAndes,pre_venta,Alguien del equipo de informaciones de BancoAndes no me explicó bien los requisitos antes de postular a la tarjeta ayer.
359,2025-04-21,BancoAndes,ventas,Un  asesor de BancoAndes mezclo informacion general con una oferta de venta que no  pedi explicitamente.   
360,2025-04-22,Banco Andes,tecnologia,El portal de clientes de BancoAndes no carga mis transacciones recientes y no encuentro cómo resolverlo durante el fin de semana...
361,2025-04-22,BancoAndes,post_venta,El área de post  venta  ignora  mis mensajes desde que activé la cuenta  nueva  y no  encuentro cómo resolverlo hace unos días.    Mi rut es 11.797.747-5.
362,2025-04-22,BancoAndes,ventas,Un ejecutivo de ventas de BancoAndes me llamó para renovarme un producto sin mi autorización y hasta ahora nadie me ha dado una solución hace unos días.
363,2025-04-22,BancoAndes,comercial,El equipo comercial aplicó condiciones distintas a las que figuraban en la propuesta comercial.
364,2025-04-22,BANCOANDES,comercial,Nadie  en el área comercial  cambió mi  plan comercial  sin mi consentimiento y esto ya  me  tiene  bastante  molesto esta semana.   !!!
365,2025-04-22,BancoAndes,pre_venta,El área comercial de BancoAndes nunca me contactó después de pedir información sobre un crédito durante el fin de semana.
366,2025-04-22,BancoAndes,pre_venta,<p>Consulte por los requisitos de una cuenta en BancoAndes y me empujaron a aceptar un producto en el momento.</p>
367,2025-04-23,BancoAndes,cobranza,"El departamento de cobranza de BancoAndes insiste en cobrar un monto que ya fue aclarado antes ayer.
Gracias, espero respuesta pronto. Mi rut es 19.289.347-6."
368,2025-04-23,BancoAndes,post_venta,BancoAndes no me da soporte con mis dudas después de contratar el producto en las últimas semanas.
369,2025-04-23,BancoAndes,post_venta,BancoAndes no me da soporte con mis dudas después de contratar el producto hace unos días!!
370,2025-04-23,Banco Andes,ventas,Un vendedor telefónico de BancoAndes me presionó para aceptar un producto en la misma llamada y no encuentro cómo resolverlo el mes pasado.
371,2025-04-23,BancoAndes,ventas,Un vendedor telefónico de BancoAndes me ofreció condiciones distintas a las que después aparecieron en el contrato y esto ya me tiene bastante molesto ayer.
372,2025-04-23,BancoAndes,ventas,"Un representante de ventas de BancoAndes me presionó para aceptar un producto en la misma llamada y hasta ahora nadie me ha dado una solución.
Enviado desde mi celular Samsung"
373,2025-04-23,BancoAndes,pre_venta,"EL ÁREA COMERCIAL DE BANCOANDES  IGNORÓ MI CONSULTA SOBRE  LOS REQUISITOS DE UN  CRÉDITO  HIPOTECARIO.
Gracias, espero respuesta pronto."
374,2025-04-24,BancoAndes,tecnologia,La banca en línea de BancoAndes se demora muchísimo en cargar cualquier operación en las últimas semanas.
375,2025-04-24,BancoAndes,cobranza,El equipo de cobranza de BancoAndes no quiere regularizar mi deuda a pesar de que ya pagué. 😤
376,2025-04-24,BancoAndes,ventas,Un vendedor telefonico de BancoAndes me vendio un seguro sin explicarme bien las condiciones en las ultimas semanas. N° de reclamo anterior: RC-93719.
377,2025-04-24,BancoAndes,fraude_seguridad,No sé quién vació parte de mi cuenta de BancoAndes y el banco no me ha devuelto el dinero sin que nadie del banco se haga responsable. Pueden contactarme al +56 9 5970 4723.
378,2025-04-24,Banco  Andes ,fraude_seguridad,Un tercero intentó estafarme haciéndose pasar por un ejecutivo de BancoAndes y hasta ahora nadie me ha dado una solución el mes pasado!!! 😤
379,2025-04-24,BancoAndes,pre_venta,Un asesor de BancoAndes me pidió los mismos documentos varias veces sin avanzar y hasta ahora nadie me ha dado una solución!!
380,2025-04-24,BancoAndes,pre_venta,Alguien del equipo de informaciones de BancoAndes no me aclaro cuales eran los documentos necesarios para postular durante el fin de semana.
381,2025-04-25,BancoAndes,tecnologia,El sitio web de BancoAndes no procesa correctamente mis pagos programados.
382,2025-04-25,BANCOANDES,tecnologia,	La  clave digital de BancoAndes muestra informacion  desactualizada de mi cuenta  y  esto ya me tiene  bastante  molesto  en  las  ultimas semanas.   
383,2025-04-25,BancoAndes,cobranza,EL DEPARTAMENTO DE COBRANZA DE BANCOANDES ME  ESTÁ  COBRANDO UNA MULTA  QUE NO  ESTÁ  JUSTIFICADA  SIN QUE NADIE DEL BANCO SE HAGA RESPONSABLE HACE UNOS DÍAS.
384,2025-04-25,BancoAndes,cobranza,El área de cobranza de BancoAndes no reconoce el pago que ya realicé el mes pasado.
385,2025-04-25,BancoAndes,cobranza,El equipo de cobranza de BancoAndes no quiere regularizar mi deuda a pesar de que ya pagué y esto ya me tiene bastante molesto?!
386,2025-04-25,BancoAndes,post_venta,El area  de post venta no responde mis consultas  de  seguimiento sobre el credito que ya tengo.
387,2025-04-25,BancoAndes,post_venta,"EL EQUIPO DE SEGUIMIENTO NO ME DA SOPORTE CON MIS DUDAS DESPUÉS DE CONTRATAR EL PRODUCTO ESTA SEMANA.
Enviado desde mi iPhone"
388,2025-04-25,BancoAndes,post_venta,El área de post venta no responde mis consultas de seguimiento sobre el crédito que ya tengo sin que nadie del banco se haga responsable en las últimas semanas.
389,2025-04-25,BancoAndes,post_venta,El equipo de seguimiento no resuelve mi duda sobre el estado de mi solicitud ya aprobada en las últimas semanas.
390,2025-04-25,BancoAndes,ventas,ALGUIEN DEL EQUIPO DE VENTAS DE BANCOANDES SIGUIÓ LLAMANDO DESPUÉS DE QUE LE DIJE QUE NO ME INTERESABA AYER.
391,2025-04-26,BancoAndes,tecnologia,La aplicacion de BancoAndes muestra informacion desactualizada de mi cuenta el mes pasado.
392,2025-04-26,bancoandes,ventas,<p>Un representante de ventas de BancoAndes me ofreció una tarjeta con beneficios que después no eran reales en las últimas semanas.</p> Mi rut es 11.669.226-8.
393,2025-04-26,BancoAndes,fraude_seguridad,Un desconocido cambió mi clave de BancoAndes sin que yo lo hiciera y hasta ahora nadie me ha dado una solución.
394,2025-04-26,BancoAndes,fraude_seguridad,Un desconocido intentó estafarme haciéndose pasar por un ejecutivo de BancoAndes y no encuentro cómo resolverlo en las últimas semanas. Mi rut es 23.861.338-4.
395,2025-04-26,BANCOANDES,cobranza,EL  AREA  COMERCIAL NO HA ACTIVADO EL BENEFICIO QUE ME OFRECIERON  AL ABRIR LA CUENTA  Y NO ENCUENTRO  COMO RESOLVERLO  ESTA SEMANA.
396,2025-04-26,BancoAndes,pre_venta,"Un asesor de BancoAndes no supo responder mis dudas sobre las condiciones del préstamo y esto ya me tiene bastante molesto durante el fin de semana...
Enviado desde mi celular Samsung Mi rut es 14.984.294-9."
397,2025-04-27,BancoAndes,tecnologia,El portal de clientes de BancoAndes no permite descargar mis comprobantes de pago y sigo esperando una respuesta.
398,2025-04-27,BancoAndes,post_venta,El equipo de seguimiento no responde mis llamadas desde que contrate el seguro y esto ya me tiene bastante molesto ayer.
399,2025-04-27,Banco  Andes ,post_venta,	El equipo  de  seguimiento no responde mis  llamadas  desde  que contraté  el seguro y hasta ahora  nadie me ha dado una solución.   
400,2025-04-28,Banco  Andes ,tecnologia,La banca en línea de BancoAndes se congela cada vez que intento hacer una transferencia durante el fin de semana. Mi rut es 22.685.908-3.
401,2025-04-28,BancoAndes,tecnologia,"	El sitio  web de BancoAndes  no  me  permite autenticarme desde el celular y  hasta ahora nadie me  ha dado  una  solución.
Gracias, espero respuesta pronto."
402,2025-04-28,BancoAndes,tecnologia,	La  clave digital  de BancoAndes no carga  mis transacciones  recientes  esta  semana.   
403,2025-04-28,BancoAndes,cobranza,	BancoAndes  de BancoAndes me está  cobrando  una multa que  no está justificada durante  el  fin de semana.    Mi rut es 23.938.204-5.
404,2025-04-28,Banco  Andes ,cobranza,El&nbsp;área de cobranza de BancoAndes no corrige un error de facturación que ya reporté esta semana.
405,2025-04-28,BancoAndes,post_venta,El servicio de soporte no responde mis consultas de seguimiento sobre el crédito que ya tengo y esto ya me tiene bastante molesto el mes pasado.
406,2025-04-28,BancoAndes,ventas,"Un&nbsp;ejecutivo de ventas de BancoAndes me ofreció condiciones distintas a las que después aparecieron en el contrato y no encuentro cómo resolverlo ayer.
Enviado desde mi iPhone"
407,2025-04-28,Banco  Andes ,fraude_seguridad,UNA PERSONA NO AUTORIZADA INTENTÓ ESTAFARME HACIÉNDOSE PASAR POR UN EJECUTIVO DE BANCOANDES Y HASTA AHORA NADIE ME HA DADO UNA SOLUCIÓN HACE UNOS DÍAS. ⏳
408,2025-04-28,BancoAndes,fraude_seguridad,No sé quién me contactó por phishing usando el nombre de BancoAndes.
409,2025-04-28,BancoAndes,pre_venta,El área comercial de BancoAndes no me explicó bien los requisitos antes de postular a la tarjeta.
410,2025-04-28,BancoAndes,pre_venta,	Alguien del equipo  de informaciones de BancoAndes no  me explicó las diferencias  entre los planes disponibles lo cual me  parece una falta  de respeto hacia el cliente.   
411,2025-04-29,BancoAndes,tecnologia,EL SISTEMA DE BANCOANDES NO ME PERMITE AUTENTICARME DESDE EL CELULAR HACE UNOS DÍAS. ⏳
412,2025-04-29,BancoAndes,tecnologia,	La  banca  en  linea de BancoAndes  se demora muchisimo  en cargar  cualquier  operacion ayer.
413,2025-04-29,BancoAndes,cobranza,	BancoAndes  de BancoAndes  no corrige  un error de facturación que  ya  reporté.   
414,2025-04-29,bancoandes,comercial,BancoAndes aplicó  condiciones  distintas a las  que figuraban en la propuesta comercial  y  no  encuentro cómo resolverlo.
415,2025-04-29,Banco  Andes ,comercial,El área comercial aplicó condiciones distintas a las que figuraban en la propuesta comercial sin que nadie del banco se haga responsable durante el fin de semana. Pueden contactarme al +56 9 6023 4405.
416,2025-04-29,BancoAndes,pre_venta,UN ASESOR DE BANCOANDES TARDÓ SEMANAS EN RESPONDER MI CONSULTA INICIAL Y HASTA AHORA NADIE ME HA DADO UNA SOLUCIÓN!!
417,2025-04-29,Banco Andes,pre_venta,Un asesor de BancoAndes me remitió a distintas áreas sin darme una respuesta clara lo cual me parece una falta de respeto hacia el cliente esta semana???
418,2025-04-30,BancoAndes,cobranza,Nadie en el área de cobranza de BancoAndes me cobró un interés más alto del que se había acordado lo cual me parece una falta de respeto hacia el cliente.
419,2025-04-30,BancoAndes,post_venta,Nadie en BancoAndes no me explica cómo usar el producto que contraté hace poco lo cual me parece una falta de respeto hacia el cliente el mes pasado.
420,2025-04-30,BancoAndes,fraude_seguridad,<p>Un tercero hizo compras con mi tarjeta de BancoAndes que yo nunca autoricé sin que nadie del banco se haga responsable.</p>
421,2025-04-30,BancoAndes,fraude_seguridad,Alguien logró acceder a mi banca en línea de BancoAndes sin mi consentimiento y no encuentro cómo resolverlo.
422,2025-04-30,BancoAndes,cobranza,Cobranza de BancoAndes  está  aplicando condiciones distintas a las que  me  ofreció el área comercial!!
423,2025-04-30,BancoAndes,tecnologia,La banca en línea de BancoAndes me muestra un error extraño justo después de una alerta de seguridad.
424,2025-05-01,BancoAndes,tecnologia,El sitio web de BancoAndes no me permite autenticarme desde el celular esta semana!!
425,2025-05-01,BancoAndes,tecnologia,La aplicación de BancoAndes se demora muchísimo en cargar cualquier operación hace unos días??? Mi rut es 10.531.746-5.
426,2025-05-01,BancoAndes,tecnologia,La  clave  digital  de BancoAndes  no genera mi  cartola mensual  y no  encuentro cómo  resolverlo. Pueden contactarme al +56 9 2884 3185.
427,2025-05-01,BancoAndes,cobranza,	El área  de  cobranza de BancoAndes no  responde mi  solicitud de repactación  de deuda sin  que nadie del banco  se  haga responsable  hace unos  días. N° de reclamo anterior: RC-11880.
428,2025-05-01,BancoAndes,cobranza,El departamento de cobranza de BancoAndes me cobró dos veces la misma cuota lo cual me parece una falta de respeto hacia el cliente ayer.
429,2025-05-01,Banco Andes,cobranza,El área de cobranza de BancoAndes no acepta renegociar mi deuda en condiciones razonables ayer.
430,2025-05-01,BancoAndes,ventas,Un representante de ventas de BancoAndes me llamó para renovarme un producto sin mi autorización sin que nadie del banco se haga responsable.
431,2025-05-01,BancoAndes,comercial,"BancoAndes no reconoce el descuento por cliente antiguo que me habían asegurado hace unos días.<br>
--
Atte, cliente BancoAndes"
432,2025-05-01,bancoandes,pre_venta,	EL ÁREA COMERCIAL DE  BANCOANDES ME DIJO QUE  ME  LLAMARÍAN CON MÁS  INFORMACIÓN Y NUNCA  LO HICIERON Y  SIGO ESPERANDO UNA RESPUESTA ESTA SEMANA.
433,2025-05-02,BancoAndes,post_venta,El sistema de BancoAndes muestra información desactualizada de mi cuenta durante el fin de semana.
434,2025-05-02,BancoAndes,cobranza,El equipo de cobranza de BancoAndes no quiere regularizar mi deuda a pesar de que ya pagué el mes pasado.
435,2025-05-02,BancoAndes,cobranza,El area de cobranza de BancoAndes me amenaza con acciones legales por un monto incorrecto y no encuentro como resolverlo en las ultimas semanas.
436,2025-05-02,BancoAndes,fraude_seguridad,Alguien usó mi tarjeta de BancoAndes sin mi autorización en las últimas semanas.
437,2025-05-02,BancoAndes,fraude_seguridad,Un desconocido generó cargos fraudulentos en mi tarjeta de BancoAndes y sigo esperando una respuesta en las últimas semanas.
438,2025-05-02,bancoandes,fraude_seguridad,Un desconocido cambió mi clave  de  BancoAndes sin  que  yo lo hiciera  y no  encuentro cómo resolverlo.   !!! 😤
439,2025-05-02,BancoAndes,pre_venta,El servicio de atención de BancoAndes ignoró mi consulta sobre los requisitos de un crédito hipotecario.
440,2025-05-03,BancoAndes,cobranza,El sitio web de BancoAndes lleva días caída y no puedo ver mis movimientos.
441,2025-05-03,BancoAndes,tecnologia,La clave digital de BancoAndes no me permite autenticarme desde el celular!! Mi rut es 19.384.306-6.
442,2025-05-03,BancoAndes,cobranza,El departamento de cobranza de BancoAndes me amenaza con acciones legales por un monto incorrecto hace unos días. 👎
443,2025-05-03,BancoAndes,post_venta,Nadie en BancoAndes no aclara mis dudas sobre las condiciones del credito ya contratado en las ultimas semanas!!!
444,2025-05-03,BancoAndes,post_venta,"EL SERVICIO DE SOPORTE NO RESPONDE MIS CONSULTAS DE SEGUIMIENTO SOBRE EL CRÉDITO QUE YA TENGO EN LAS ÚLTIMAS SEMANAS.
--
Atte, cliente BancoAndes"
445,2025-05-03,BancoAndes,post_venta,El servicio de soporte no me contacta para revisar cómo va mi producto contratado.
446,2025-05-03,BancoAndes,fraude_seguridad,Un tercero me contactó por phishing usando el nombre de BancoAndes. Mi rut es 15.234.224-2.
447,2025-05-03,BancoAndes,fraude_seguridad,	Alguien usó mi cuenta de  BancoAndes para retiros que yo  no hice y no  encuentro cómo resolverlo.
448,2025-05-03,BancoAndes,pre_venta,"El&nbsp;servicio de atención de BancoAndes me dijo que me llamarían con más información y nunca lo hicieron y esto ya me tiene bastante molesto.
--
Atte, cliente BancoAndes"
449,2025-05-03,BancoAndes,pre_venta,El área comercial de BancoAndes me pidió los mismos documentos varias veces sin avanzar y hasta ahora nadie me ha dado una solución?!
450,2025-05-04,BancoAndes,tecnologia,La banca en linea de BancoAndes no envia el codigo de verificacion para iniciar sesion durante el fin de semana?!
451,2025-05-04,BancoAndes,tecnologia,La aplicación de BancoAndes no genera mi cartola mensual y no encuentro cómo resolverlo!!
452,2025-05-04,BancoAndes,tecnologia,La clave digital de BancoAndes no envía el código de verificación para iniciar sesión y no encuentro cómo resolverlo.
453,2025-05-04,BancoAndes,ventas,Alguien del equipo de ventas de BancoAndes me contactó para venderme un seguro que no solicité y sigo esperando una respuesta ayer.
454,2025-05-04,BancoAndes,ventas,Un representante de ventas de BancoAndes me ofreció una tarjeta con beneficios que después no eran reales el mes pasado.
455,2025-05-04,BancoAndes,ventas,Un ejecutivo de ventas de BancoAndes insistió en ofrecerme un crédito de consumo sin que yo lo pidiera y sigo esperando una respuesta ayer.
456,2025-05-04,BancoAndes,comercial,El área comercial cambió mi plan comercial sin mi consentimiento y sigo esperando una respuesta.
457,2025-05-04,BancoAndes,comercial,	EL AREA COMERCIAL  NO CUMPLE CON  EL  BENEFICIO QUE  VENIA INCLUIDO EN  MI CUENTA ESTA SEMANA.    N° de reclamo anterior: RC-48505.
458,2025-05-04,BancoAndes,pre_venta,El area comercial de BancoAndes me remitio a distintas areas sin darme una respuesta clara esta semana.
459,2025-05-04,BancoAndes,pre_venta,Un asesor de BancoAndes no respondio mi solicitud de informacion sobre cuentas de ahorro.
460,2025-05-04,Banco  Andes ,pre_venta,El servicio de atencion de BancoAndes me remitio a distintas areas sin darme una respuesta clara ayer.
461,2025-05-05,BancoAndes,ventas,"ALGUIEN DEL EQUIPO DE VENTAS DE BANCOANDES ME OFRECIÓ CONDICIONES DISTINTAS A LAS QUE DESPUÉS APARECIERON EN EL CONTRATO DURANTE EL FIN DE SEMANA.
Enviado desde mi iPhone"
462,2025-05-05,BancoAndes,ventas,UN REPRESENTANTE DE VENTAS DE BANCOANDES ME OFRECIÓ CONDICIONES DISTINTAS A LAS QUE DESPUÉS APARECIERON EN EL CONTRATO EL MES PASADO.
463,2025-05-05,BancoAndes,fraude_seguridad,Alguien clonó mi tarjeta de BancoAndes y BancoAndes no reaccionó a tiempo el mes pasado.
464,2025-05-05,BancoAndes,fraude_seguridad,Alguien generó cargos fraudulentos  en mi  tarjeta de  BancoAndes  y  sigo  esperando una  respuesta el mes  pasado. Mi rut es 13.759.530-0.
465,2025-05-05,BancoAndes,comercial,Nadie en el área comercial no cumple las condiciones pactadas para la renovación de mi producto esta semana. N° de reclamo anterior: RC-97041.
466,2025-05-05,BancoAndes,pre_venta,El area comercial de BancoAndes no me aclaro cuales eran los documentos necesarios para postular y sigo esperando una respuesta.
467,2025-05-06,Banco  Andes ,tecnologia,La aplicación de BancoAndes no permite descargar mis comprobantes de pago lo cual me parece una falta de respeto hacia el cliente.
468,2025-05-06,BancoAndes,tecnologia,"El sistema de BancoAndes marca error de sistema constantemente y esto ya me tiene bastante molesto.
Gracias, espero respuesta pronto."
469,2025-05-06,bancoandes,post_venta,El equipo de cobranza de BancoAndes me cobra intereses que no corresponden a mi situación en las últimas semanas.
470,2025-05-06,BancoAndes,post_venta,El servicio de soporte dejó de responder después de que firmé el contrato en las últimas semanas!!!
471,2025-05-06,BancoAndes,fraude_seguridad,Una persona no autorizada obtuvo mis datos de  BancoAndes sin que  yo entregara esa  información ayer.   
472,2025-05-06,BancoAndes,fraude_seguridad,Un desconocido  vacio parte  de mi cuenta de BancoAndes y el  banco  no me  ha devuelto el dinero y esto ya me tiene bastante molesto.
473,2025-05-06,BancoAndes,comercial,	El ejecutivo comercial no  honra  la  promoción con la que  me  convencieron  de cambiarme de banco y  sigo  esperando  una respuesta ayer. N° de reclamo anterior: RC-38427.
474,2025-05-06,BancoAndes,comercial,El equipo comercial no respeta  el plan comercial que acordamos por escrito  en las  últimas semanas.    Pueden contactarme al +56 9 6094 3162.
475,2025-05-06,BancoAndes,comercial,BANCOANDES NO HONRA LA PROMOCIÓN CON LA QUE ME CONVENCIERON DE CAMBIARME DE BANCO SIN QUE NADIE DEL BANCO SE HAGA RESPONSABLE AYER.
476,2025-05-06,BancoAndes,ventas,Nadie en el área comercial no cumple las condiciones pactadas para la renovación de mi producto y sigo esperando una respuesta durante el fin de semana. 👎
477,2025-05-07,BancoAndes,cobranza,El área de cobranza de BancoAndes me cobró dos veces la misma cuota sin que nadie del banco se haga responsable. Pueden contactarme al +56 9 2531 3907.
478,2025-05-07,bancoandes,post_venta,El servicio de soporte no da seguimiento a mi reclamo anterior sobre el mismo producto lo cual me parece una falta de respeto hacia el cliente esta semana. Pueden contactarme al +56 9 4465 9170.
479,2025-05-07,BancoAndes,ventas,UN ASESOR COMERCIAL DE BANCOANDES INSISTIÓ EN OFRECERME UN CRÉDITO DE CONSUMO SIN QUE YO LO PIDIERA SIN QUE NADIE DEL BANCO SE HAGA RESPONSABLE.
480,2025-05-07,BancoAndes,ventas,Un representante de ventas de BancoAndes siguio llamando despues de que le dije que no me interesaba y no encuentro como resolverlo durante el fin de semana.
481,2025-05-07,BancoAndes,comercial,Nadie en el área comercial cambió las condiciones comerciales sin avisarme y esto ya me tiene bastante molesto durante el fin de semana.
482,2025-05-07,BANCOANDES,pre_venta,El servicio de atención de BancoAndes no me explicó bien los requisitos antes de postular a la tarjeta hace unos días. ⏳
483,2025-05-07,BancoAndes,pre_venta,<p>Un ejecutivo de BancoAndes no me aclaro cuales eran los documentos necesarios para postular.</p>
484,2025-05-08,BancoAndes,tecnologia,"El sitio web de BancoAndes lleva días caída y no puedo ver mis movimientos y sigo esperando una respuesta.
--
Atte, cliente BancoAndes"
485,2025-05-08,BancoAndes,tecnologia,"El sitio web de BancoAndes no genera mi cartola mensual y hasta ahora nadie me ha dado una solucion.
Gracias, espero respuesta pronto."
486,2025-05-08,BancoAndes,cobranza,"BancoAndes&nbsp;de BancoAndes no corrige un error de facturación que ya reporté esta semana.
Gracias, espero respuesta pronto."
487,2025-05-08,BancoAndes,cobranza,BancoAndes&nbsp;de BancoAndes me cobra intereses que no corresponden a mi situacion lo cual me parece una falta de respeto hacia el cliente.
488,2025-05-08,BancoAndes,post_venta,EL ÁREA DE POST VENTA ME DEJA SIN RESPUESTA DESPUÉS DE HABER ACEPTADO EL PRODUCTO EN LAS ÚLTIMAS SEMANAS. Mi rut es 12.923.512-9.
489,2025-05-08,BancoAndes,fraude_seguridad,Una persona no autorizada hizo compras con mi tarjeta de BancoAndes que yo nunca autorice y sigo esperando una respuesta esta semana.
490,2025-05-09,BancoAndes,tecnologia,La aplicación de BancoAndes  no me  permite autenticarme desde el celular sin  que nadie del banco  se haga responsable.
491,2025-05-09,BancoAndes,cobranza,El área de cobranza de BancoAndes sigue enviándome cartas de cobro por una deuda pagada esta semana.
492,2025-05-09,BancoAndes,cobranza,"Nadie en el área de cobranza de BancoAndes no actualiza mi historial después de pagar la deuda el mes pasado.
Enviado desde mi celular Samsung"
493,2025-05-09,bancoandes,cobranza,Alguien  del  equipo de  ventas de BancoAndes  insistió en ofrecerme un crédito de consumo sin  que yo lo pidiera hace  unos días.
494,2025-05-10,BancoAndes,tecnologia,La aplicacion de BancoAndes se congela cada vez que intento hacer una transferencia ayer.
495,2025-05-10,BancoAndes,cobranza,Nadie  en  el área de cobranza de  BancoAndes  me cobra comisiones que no estaban en el contrato original  el mes pasado. 👎
496,2025-05-10,BancoAndes,post_venta,El área de post venta dejó de responder después de que firmé el contrato y sigo esperando una respuesta.
497,2025-05-10,BANCOANDES,post_venta,El área de post venta no responde mis consultas de seguimiento sobre el crédito que ya tengo y hasta ahora nadie me ha dado una solución durante el fin de semana.
498,2025-05-10,BancoAndes,ventas,Un ejecutivo de ventas  de BancoAndes me presiono para  aceptar un producto  en la misma llamada y  esto  ya  me tiene bastante  molesto  el mes  pasado.   ???
499,2025-05-10,BancoAndes,fraude_seguridad,Un desconocido accedió a mi cuenta de BancoAndes sin que yo lo autorizara y no encuentro cómo resolverlo.
500,2025-05-10,BancoAndes,comercial,El área comercial no honra la promoción con la que me convencieron de cambiarme de banco en las últimas semanas. 😠
501,2025-05-11,BancoAndes,tecnologia,	El sistema de BancoAndes no envía  el código de verificación para  iniciar  sesión el mes pasado.   
502,2025-05-11,BancoAndes,post_venta,BancoAndes me deja sin respuesta  despues de  haber aceptado  el producto y  no encuentro como  resolverlo el mes  pasado.
503,2025-05-12,BancoAndes,post_venta,El equipo de seguimiento no me contacta para revisar cómo va mi producto contratado esta semana.
504,2025-05-12,BancoAndes,comercial,El equipo comercial no cumple con el beneficio que venía incluido en mi cuenta en las últimas semanas.
505,2025-05-12,BancoAndes,pre_venta,Alguien del equipo de informaciones de BancoAndes nunca me contactó después de pedir información sobre un crédito y no encuentro cómo resolverlo...
506,2025-05-13,BancoAndes,cobranza,"BancoAndes de BancoAndes sigue enviándome cartas de cobro por una deuda pagada y esto ya me tiene bastante molesto durante el fin de semana.
Gracias, espero respuesta pronto."
507,2025-05-13,BancoAndes,post_venta,	El área de  post venta no aclara mis dudas sobre las condiciones del crédito  ya contratado y hasta ahora  nadie me ha dado una solución. 🙄
508,2025-05-13,BancoAndes,post_venta,	Nadie en BancoAndes  no cumplió con el acompañamiento  que me prometieron al  contratar  en las últimas semanas.
509,2025-05-13,BANCOANDES,post_venta,El  área  de post  venta no me contacta para  revisar  cómo  va mi  producto  contratado y hasta ahora  nadie me ha dado una solución.    👎
510,2025-05-13,BancoAndes,ventas,Un asesor comercial de  BancoAndes siguió llamando  después  de que le dije  que no me interesaba y sigo  esperando una  respuesta ayer.   
511,2025-05-13,BancoAndes,ventas,Un asesor comercial de BancoAndes me ofrecio una tarjeta con beneficios que despues no eran reales el mes pasado.
512,2025-05-13,BancoAndes,fraude_seguridad,UN DESCONOCIDO CLONÓ MI TARJETA DE BANCOANDES Y BANCOANDES NO REACCIONÓ A TIEMPO Y SIGO ESPERANDO UNA RESPUESTA DURANTE EL FIN DE SEMANA. 😞
513,2025-05-13,BancoAndes,pre_venta,Un asesor de BancoAndes no me informo sobre los costos asociados antes de que decidiera sin que nadie del banco se haga responsable ayer.
514,2025-05-14,BancoAndes,cobranza,El área  de  cobranza de BancoAndes me cobró  dos  veces  la misma cuota y esto  ya me  tiene bastante molesto.   
515,2025-05-14,BancoAndes,ventas,Un  vendedor telefonico de BancoAndes  insistio en ofrecerme un credito de  consumo sin que yo  lo pidiera y hasta  ahora nadie me ha dado una solucion.
516,2025-05-14,BancoAndes,ventas,Alguien del equipo de ventas de BancoAndes siguio llamando despues de que le dije que no me interesaba y esto ya me tiene bastante molesto.
517,2025-05-14,BancoAndes,fraude_seguridad,Una persona no autorizada me contactó por phishing usando el nombre de BancoAndes y sigo esperando una respuesta.
518,2025-05-15,BancoAndes,tecnologia,El sistema de BancoAndes se cierra sola cada vez que intento pagar una cuenta y hasta ahora nadie me ha dado una solucion.
519,2025-05-15,BANCOANDES,post_venta,Nadie en BancoAndes no me entrega la informacion que me prometieron al firmar en las ultimas semanas.
520,2025-05-15,BancoAndes,ventas,Alguien del equipo de ventas de BancoAndes me presiono para aceptar un producto en la misma llamada y no encuentro como resolverlo durante el fin de semana.
521,2025-05-15,BancoAndes,ventas,<p>	Un  vendedor telefónico de  BancoAndes me contactó para venderme un seguro que  no solicité  ayer.   !!</p> N° de reclamo anterior: RC-26230.
522,2025-05-15,Banco  Andes ,comercial,EL ÁREA COMERCIAL NO QUIERE RENEGOCIAR LAS CONDICIONES DE MI CRÉDITO LO CUAL ME PARECE UNA FALTA DE RESPETO HACIA EL CLIENTE.
523,2025-05-15,BancoAndes,pre_venta,El servicio de atencion de BancoAndes me dio una cotizacion que despues no coincidia con la real durante el fin de semana?!
524,2025-05-15,BancoAndes,tecnologia,La app de BancoAndes no muestra mi crédito recién aprobado y no consigo que nadie lo revise.
525,2025-05-16,BancoAndes,tecnologia,	La  banca  en línea  de  BancoAndes se congela cada  vez que intento  hacer una  transferencia  el mes pasado.   
526,2025-05-16,BancoAndes,cobranza,El equipo de cobranza de BancoAndes me cobró dos veces la misma cuota y esto ya me tiene bastante molesto!!
527,2025-05-16,BancoAndes,fraude_seguridad,Alguien intentó estafarme haciéndose pasar por un ejecutivo de BancoAndes.
528,2025-05-16,BancoAndes,fraude_seguridad,No sé quién usó mi tarjeta de BancoAndes sin mi autorización hace unos días...
529,2025-05-16,BancoAndes,fraude_seguridad,Un desconocido intentó estafarme haciéndose pasar por un ejecutivo de BancoAndes en las últimas semanas. N° de reclamo anterior: RC-90031.
530,2025-05-16,BancoAndes,comercial,Nadie en el  area comercial no cumple con el beneficio que  venia incluido  en mi cuenta lo cual me parece  una falta de respeto hacia el cliente.
531,2025-05-17,BANCOANDES,tecnologia,	El portal de clientes  de BancoAndes  no reconoce  mi clave aunque la ingreso correctamente  lo cual me parece una falta de  respeto  hacia el cliente.   ?!
532,2025-05-17,BancoAndes,cobranza,BancoAndes de BancoAndes me cobró un interés más alto del que se había acordado durante el fin de semana.
533,2025-05-17,BancoAndes,post_venta,Nadie en BancoAndes no da seguimiento a mi reclamo anterior sobre el mismo producto sin que nadie del banco se haga responsable el mes pasado. 😠
534,2025-05-17,BancoAndes,ventas,Un vendedor telefónico de BancoAndes me ofreció una tarjeta con beneficios que después no eran reales!!
535,2025-05-17,BancoAndes,fraude_seguridad,Un desconocido cambió mi clave de BancoAndes sin que yo lo hiciera y no encuentro cómo resolverlo ayer.
536,2025-05-17,BancoAndes,fraude_seguridad,Un desconocido logró acceder a mi banca en línea de BancoAndes sin mi consentimiento y esto ya me tiene bastante molesto.
537,2025-05-17,BancoAndes,comercial,El área comercial no respeta el plan comercial que acordamos por escrito. 👎
538,2025-05-17,BancoAndes,ventas,	El  servicio de atención de BancoAndes ignoró mi  consulta  sobre los requisitos de un crédito  hipotecario y no encuentro cómo resolverlo  esta semana.   
539,2025-05-17,BancoAndes,pre_venta,Un ejecutivo de BancoAndes no me explicó bien los requisitos antes de postular a la tarjeta.
540,2025-05-18,BancoAndes,tecnologia,El sistema de BancoAndes se cierra sola cada vez que intento pagar una cuenta en las últimas semanas.
541,2025-05-18,BANCOANDES,tecnologia,El sistema de BancoAndes no carga mis transacciones recientes y no encuentro cómo resolverlo. 👎
542,2025-05-18,BancoAndes,cobranza,El equipo de cobranza de BancoAndes me esta  cobrando  una multa que no  esta  justificada  sin que  nadie  del banco se haga responsable.
543,2025-05-18,BancoAndes,tecnologia,BancoAndes de BancoAndes no responde mi solicitud de repactación de deuda durante el fin de semana.
544,2025-05-18,BancoAndes,post_venta,Nadie en BancoAndes no aclara mis dudas sobre las condiciones del crédito ya contratado y no encuentro cómo resolverlo!!!
545,2025-05-18,Banco  Andes ,ventas,Un representante de ventas de BancoAndes insistió en ofrecerme un crédito de consumo sin que yo lo pidiera esta semana. ⏳
546,2025-05-18,BancoAndes,ventas,Un asesor comercial de BancoAndes me contacto fuera de  horario  para  ofrecerme una tarjeta nueva sin  que  nadie del banco se  haga  responsable.
547,2025-05-18,BancoAndes,fraude_seguridad,Un tercero intentó estafarme haciéndose pasar por un ejecutivo de BancoAndes sin que nadie del banco se haga responsable?!
548,2025-05-18,BancoAndes,fraude_seguridad,Alguien uso mis datos para solicitar un producto en BancoAndes a mi nombre y sigo esperando una respuesta durante el fin de semana.
549,2025-05-19,BancoAndes,tecnologia,EL SISTEMA DE BANCOANDES LLEVA DÍAS CAÍDA Y NO PUEDO VER MIS MOVIMIENTOS AYER.
550,2025-05-19,BancoAndes,cobranza,"El área de cobranza de BancoAndes insiste en cobrar un monto que ya fue aclarado antes sin que nadie del banco se haga responsable esta semana.
Gracias, espero respuesta pronto."
551,2025-05-19,BANCOANDES,cobranza,"El área de cobranza de BancoAndes me está cobrando una multa que no está justificada sin que nadie del banco se haga responsable esta semana.
Enviado desde mi celular Samsung"
552,2025-05-19,BancoAndes,post_venta,	El área de post venta  no da seguimiento a mi reclamo anterior sobre el  mismo producto y hasta  ahora nadie me  ha dado una solución. 👎
553,2025-05-19,BancoAndes,ventas,Un  asesor comercial  de BancoAndes me llamó de un número  desconocido  para ofrecerme  un préstamo  y esto ya me tiene bastante  molesto ayer.    Pueden contactarme al +56 9 6207 7505.
554,2025-05-19,Banco  Andes ,fraude_seguridad,Un desconocido logro acceder a mi banca en linea de BancoAndes sin mi consentimiento y no encuentro como resolverlo ayer.
555,2025-05-19,BancoAndes,pre_venta,Un asesor de BancoAndes tardó semanas en responder mi consulta inicial!!!
556,2025-05-20,BancoAndes,tecnologia,La banca en línea de  BancoAndes no genera mi cartola mensual lo cual  me parece una falta de respeto hacia el  cliente.   !!
557,2025-05-20,BancoAndes,tecnologia,El sitio web de BancoAndes marca error de sistema constantemente sin que nadie del banco se haga responsable...
558,2025-05-20,bancoandes,cobranza,El equipo de cobranza de BancoAndes me cobró dos veces la misma cuota esta semana. Mi rut es 24.765.577-9.
559,2025-05-20,Banco  Andes ,cobranza,Nadie en el área de cobranza de BancoAndes no reconoce el pago que ya realicé esta semana.
560,2025-05-20,BancoAndes,post_venta,BancoAndes no me da soporte con mis dudas después de contratar el producto y sigo esperando una respuesta hace unos días.
561,2025-05-20,BancoAndes,ventas,Un representante de ventas de BancoAndes me contactó varias veces el mismo día ofreciéndome productos distintos y esto ya me tiene bastante molesto.
562,2025-05-20,Banco  Andes ,ventas,Un vendedor telefónico de BancoAndes me presionó para aceptar un producto en la misma llamada esta semana!!!
563,2025-05-21,Banco  Andes ,tecnologia,<p>El sitio web de BancoAndes no procesa correctamente mis pagos programados y sigo esperando una respuesta.</p>
564,2025-05-21,BANCOANDES,tecnologia,La banca en línea de BancoAndes no carga mis transacciones recientes y sigo esperando una respuesta esta semana.
565,2025-05-21,BancoAndes,cobranza,El equipo de cobranza de BancoAndes me cobra intereses que no corresponden a mi situacion y sigo esperando una respuesta.
566,2025-05-21,BANCOANDES,post_venta,El equipo de seguimiento no resuelve mi duda sobre el estado de mi solicitud ya aprobada y no encuentro como resolverlo ayer. 😞
567,2025-05-21,BancoAndes,post_venta,El servicio  de soporte  me  deja sin respuesta después  de  haber aceptado el producto.   
568,2025-05-21,BancoAndes,fraude_seguridad,No sé quién intentó estafarme haciéndose pasar por un ejecutivo de BancoAndes en las últimas semanas.
569,2025-05-21,BancoAndes,fraude_seguridad,Alguien me contactó por phishing usando el nombre de BancoAndes esta semana. 🙄
570,2025-05-22,BancoAndes,tecnologia,"El sistema de BancoAndes lleva días caída y no puedo ver mis movimientos en las últimas semanas!!
Enviado desde mi celular Samsung"
571,2025-05-22,Banco Andes,tecnologia,El sitio web de BancoAndes no procesa correctamente mis pagos programados y sigo esperando una respuesta ayer.
572,2025-05-22,BancoAndes,ventas,Un asesor comercial de BancoAndes me ofreció un crédito hipotecario sin que yo hubiera preguntado por eso ayer.
573,2025-05-22,BancoAndes,fraude_seguridad,No se quien clono mi tarjeta de BancoAndes y BancoAndes no reacciono a tiempo.
574,2025-05-22,BancoAndes,comercial,El área comercial no respeta el plan comercial que acordamos por escrito lo cual me parece una falta de respeto hacia el cliente ayer.
575,2025-05-22,BancoAndes,comercial,	El ejecutivo  comercial me  aplicó  una  comisión  que  no estaba  en  la  oferta original hace  unos días.
576,2025-05-22,BancoAndes,pre_venta,El área comercial de BancoAndes nunca me contactó después de pedir información sobre un crédito esta semana. N° de reclamo anterior: RC-14144.
577,2025-05-23,Banco  Andes ,post_venta,	BancoAndes de BancoAndes me cobra intereses que no corresponden a  mi situación  y hasta  ahora  nadie me ha  dado una solución durante el fin  de  semana.   
578,2025-05-23,BancoAndes,cobranza,El área de cobranza de BancoAndes me cobra intereses que no corresponden a mi situación y hasta ahora nadie me ha dado una solución.
579,2025-05-23,BancoAndes,post_venta,BancoAndes no  me  explica  cómo usar  el  producto que  contraté  hace poco.   
580,2025-05-23,BancoAndes,post_venta,EL SERVICIO DE SOPORTE NO RESUELVE MI DUDA SOBRE EL ESTADO DE MI SOLICITUD YA APROBADA ESTA SEMANA. N° de reclamo anterior: RC-37043.
581,2025-05-23,BancoAndes,fraude_seguridad,Un desconocido generó cargos fraudulentos en mi tarjeta de BancoAndes el mes pasado.
582,2025-05-23,BancoAndes,fraude_seguridad,<p>Un tercero logró acceder a mi banca en línea de BancoAndes sin mi consentimiento en las últimas semanas.</p>
583,2025-05-23,BancoAndes,fraude_seguridad,Una persona no autorizada vacio parte de mi cuenta de BancoAndes y el banco no me ha devuelto el dinero el mes pasado.
584,2025-05-23,BancoAndes,fraude_seguridad,Un desconocido generó cargos fraudulentos en mi tarjeta de BancoAndes en las últimas semanas. 😡
585,2025-05-23,BancoAndes,comercial,	BANCOANDES NO APLICA LA  TASA PREFERENCIAL QUE SE ME OFRECIÓ AL CONTRATAR.
586,2025-05-23,BancoAndes,pre_venta,ALGUIEN DEL EQUIPO DE INFORMACIONES DE BANCOANDES NO ME INFORMO SOBRE LOS COSTOS ASOCIADOS ANTES DE QUE DECIDIERA.
587,2025-05-23,bancoandes,pre_venta,	EL SERVICIO DE  ATENCIÓN  DE BANCOANDES ME REMITIÓ  A  DISTINTAS  ÁREAS SIN  DARME UNA RESPUESTA CLARA  DURANTE  EL FIN DE SEMANA.   !!!
588,2025-05-23,BancoAndes,pre_venta,"Un ejecutivo de BancoAndes me dijo que me llamarían con más información y nunca lo hicieron lo cual me parece una falta de respeto hacia el cliente durante el fin de semana.
Enviado desde mi celular Samsung"
589,2025-05-24,BancoAndes,tecnologia,La banca en línea de BancoAndes no envía el código de verificación para iniciar sesión ayer.
590,2025-05-24,BancoAndes,cobranza,Nadie en el área de cobranza de BancoAndes no reconoce el pago que ya realicé.
591,2025-05-24,BancoAndes,post_venta,BancoAndes ignora mis mensajes desde que activé la cuenta nueva y esto ya me tiene bastante molesto en las últimas semanas!!
592,2025-05-24,BancoAndes,ventas,Alguien del equipo de ventas de BancoAndes me contactó fuera de horario para ofrecerme una tarjeta nueva en las últimas semanas. 😠
593,2025-05-24,BancoAndes,fraude_seguridad,Un tercero vació parte de mi cuenta de BancoAndes y el banco no me ha devuelto el dinero. N° de reclamo anterior: RC-57119.
594,2025-05-24,BancoAndes,fraude_seguridad,No sé quién hizo compras con mi tarjeta de BancoAndes que yo nunca autoricé y no encuentro cómo resolverlo.
595,2025-05-25,BancoAndes,cobranza,"El departamento de cobranza de BancoAndes no actualiza mi historial después de pagar la deuda lo cual me parece una falta de respeto hacia el cliente.
Enviado desde mi celular Samsung"
596,2025-05-25,Banco  Andes ,post_venta,El servicio de atención de BancoAndes no me aclaró cuáles eran los documentos necesarios para postular esta semana.
597,2025-05-25,BancoAndes,pre_venta,Un ejecutivo de BancoAndes no me explicó las diferencias entre los planes disponibles!!! Pueden contactarme al +56 9 4154 5845.
598,2025-05-26,BancoAndes,cobranza,El portal de clientes de BancoAndes no carga mis transacciones recientes sin que nadie del banco se haga responsable en las últimas semanas.
599,2025-05-26,BancoAndes,cobranza,El departamento de cobranza de BancoAndes no acepta renegociar  mi deuda en  condiciones razonables.
600,2025-05-26,bancoandes,cobranza,BancoAndes de BancoAndes sigue enviandome cartas de cobro por una deuda pagada sin que nadie del banco se haga responsable. 😞
601,2025-05-26,BancoAndes,post_venta,BancoAndes no resuelve mi duda sobre el estado de mi solicitud ya aprobada.
602,2025-05-26,BancoAndes,post_venta,	El servicio de soporte no me  ayuda a entender  los cobros de  mi  cuenta  recien abierta lo cual me parece una falta de  respeto hacia el  cliente. Mi rut es 19.716.305-5.
603,2025-05-26,BancoAndes,ventas,Un asesor comercial de BancoAndes insistio en que aceptara un producto que ya habia rechazado antes y no encuentro como resolverlo.
604,2025-05-26,bancoandes,fraude_seguridad,Alguien generó cargos fraudulentos en mi tarjeta de BancoAndes.
605,2025-05-27,BancoAndes,cobranza,BANCOANDES DE BANCOANDES NO ACTUALIZA MI HISTORIAL DESPUES DE PAGAR LA DEUDA HACE UNOS DIAS.
606,2025-05-27,BancoAndes,post_venta,El servicio de soporte no resuelve mi duda sobre el estado de mi solicitud ya aprobada en las últimas semanas.
607,2025-05-27,BancoAndes,ventas,Alguien del equipo de ventas de BancoAndes insistió en que aceptara un producto que ya había rechazado antes esta semana. 😠
608,2025-05-27,BancoAndes,fraude_seguridad,	Alguien me  contacto  por phishing usando el nombre de BancoAndes y  sigo esperando una respuesta  durante el fin de semana.   
609,2025-05-27,BancoAndes,comercial,El área comercial no quiere renegociar las condiciones de mi crédito sin que nadie del banco se haga responsable.
610,2025-05-28,BancoAndes,tecnologia,El sistema de BancoAndes no me permite autenticarme desde el celular.
611,2025-05-28,BancoAndes,tecnologia,El portal de clientes de BancoAndes no carga mis transacciones recientes en las últimas semanas.
612,2025-05-28,BancoAndes,tecnologia,El sitio web de BancoAndes muestra información desactualizada de mi cuenta lo cual me parece una falta de respeto hacia el cliente hace unos días.
613,2025-05-28,BancoAndes,cobranza,El departamento de cobranza de BancoAndes me cobra intereses que no corresponden a mi situación el mes pasado?!
614,2025-05-28,BancoAndes,cobranza,	El departamento  de  cobranza de BancoAndes  no responde mi  solicitud  de repactación  de  deuda durante el fin  de semana.
615,2025-05-28,BancoAndes,tecnologia,El  equipo  de seguimiento no  cumplió con el  acompañamiento  que  me prometieron al contratar sin que nadie del banco se haga responsable esta semana.    😤
616,2025-05-28,BancoAndes,post_venta,El servicio de soporte no responde mis llamadas desde que contrate el seguro y no encuentro como resolverlo en las ultimas semanas.
617,2025-05-28,BancoAndes,ventas,Alguien del equipo de ventas de BancoAndes insistió en que aceptara un producto que ya había rechazado antes y esto ya me tiene bastante molesto en las últimas semanas.
618,2025-05-28,BancoAndes,pre_venta,El servicio de atención de BancoAndes me dio una cotización que después no coincidía con la real.
619,2025-05-28,BancoAndes,pre_venta,Alguien del equipo de informaciones de BancoAndes no supo responder mis dudas sobre las condiciones del prestamo y sigo esperando una respuesta.
620,2025-05-28,BancoAndes,pre_venta,El area comercial de BancoAndes no  me  explico  bien los requisitos antes de postular  a la tarjeta  y  no encuentro como resolverlo.
621,2025-05-28,Banco  Andes ,pre_venta,Un asesor de BancoAndes no supo responder mis dudas sobre las condiciones del préstamo lo cual me parece una falta de respeto hacia el cliente ayer.
622,2025-05-29,BancoAndes,tecnologia,El sistema de BancoAndes no genera mi cartola mensual lo cual me parece una falta de respeto hacia el cliente ayer!!!
623,2025-05-29,BancoAndes,tecnologia,El sistema de BancoAndes lleva días caída y no puedo ver mis movimientos y no encuentro cómo resolverlo.
624,2025-05-29,BancoAndes,cobranza,BancoAndes de BancoAndes no responde mi solicitud de repactación de deuda.<br> Mi rut es 10.964.798-K.
625,2025-05-29,BancoAndes,cobranza,Nadie en el area de cobranza de BancoAndes me esta cobrando una multa que no esta justificada.
626,2025-05-29,BancoAndes,cobranza,	El área de cobranza de BancoAndes me cobró  dos veces la misma cuota y  esto  ya me tiene bastante  molesto el  mes  pasado.   !!
627,2025-05-29,BancoAndes,post_venta,El servicio de soporte  no me contacta para  revisar  cómo va mi  producto  contratado y sigo esperando una respuesta.   
628,2025-05-29,BancoAndes,post_venta,	El servicio de  soporte dejó  de responder después de que  firmé el  contrato y hasta ahora nadie  me ha dado  una solución.
629,2025-05-29,BancoAndes,ventas,Un vendedor telefónico de BancoAndes me contactó fuera de horario para ofrecerme una tarjeta nueva lo cual me parece una falta de respeto hacia el cliente.
630,2025-05-29,BancoAndes,fraude_seguridad,Un ejecutivo de ventas de BancoAndes me ofreció un crédito hipotecario sin que yo hubiera preguntado por eso en las últimas semanas.
631,2025-05-29,BancoAndes,pre_venta,	Alguien accedio a  mi cuenta de  BancoAndes sin  que yo  lo autorizara esta semana.
632,2025-05-29,BANCOANDES,fraude_seguridad,No&nbsp;sé quién usó mis datos para solicitar un producto en BancoAndes a mi nombre.
633,2025-05-29,BancoAndes,fraude_seguridad,Alguien logró acceder a mi banca en línea de BancoAndes sin mi consentimiento esta semana.
634,2025-05-29,BancoAndes,comercial,Nadie en el área comercial no honra la promoción con la que me convencieron de cambiarme de banco el mes pasado???
635,2025-05-29,BancoAndes,comercial,Nadie&nbsp;en el área comercial no aplica la tasa preferencial que se me ofreció al contratar y hasta ahora nadie me ha dado una solución el mes pasado.
636,2025-05-29,BancoAndes,pre_venta,"Un asesor de BancoAndes no me informó sobre los costos asociados antes de que decidiera ayer.
--
Atte, cliente BancoAndes"
637,2025-05-30,BancoAndes,tecnologia,<p>La clave digital de BancoAndes no me deja actualizar mis datos de contacto y esto ya me tiene bastante molesto el mes pasado.</p> N° de reclamo anterior: RC-75469.
638,2025-05-30,BancoAndes,tecnologia,La banca en línea de BancoAndes lleva días caída y no puedo ver mis movimientos lo cual me parece una falta de respeto hacia el cliente hace unos días!!! N° de reclamo anterior: RC-56405.
639,2025-05-30,BancoAndes,pre_venta,Alguien del  equipo de informaciones de BancoAndes me pidió los  mismos documentos varias veces sin  avanzar  el  mes pasado. ⏳ Mi rut es 12.351.112-2.
640,2025-05-31,BancoAndes,tecnologia,El sitio web de BancoAndes lleva dias caida y no puedo ver mis movimientos y esto ya me tiene bastante molesto en las ultimas semanas.
641,2025-05-31,BancoAndes,tecnologia,	La banca en línea de BancoAndes  no genera  mi  cartola mensual durante el fin  de  semana.
642,2025-05-31,BancoAndes,cobranza,"Nadie en el área de  cobranza de BancoAndes no responde  mi  solicitud de repactación de  deuda sin que  nadie del  banco se haga responsable.
Enviado desde mi celular Samsung"
643,2025-05-31,BancoAndes,ventas,"Alguien del equipo de ventas de BancoAndes me contactó fuera de horario para ofrecerme una tarjeta nueva y sigo esperando una respuesta.
Gracias, espero respuesta pronto. Mi rut es 18.898.425-9."
644,2025-06-01,BancoAndes,tecnologia,El sitio web de BancoAndes no envia el codigo de verificacion para iniciar sesion.
645,2025-06-01,BancoAndes,tecnologia,	El sistema de BancoAndes lleva dias  caida y  no puedo ver mis movimientos  y sigo  esperando  una respuesta  durante el fin  de semana.   ?!
646,2025-06-01,BancoAndes,cobranza,El área de cobranza de BancoAndes no quiere regularizar mi deuda a pesar de que ya pagué.
647,2025-06-01,BancoAndes,cobranza,El equipo de cobranza de BancoAndes no corrige un error de facturación que ya reporté y sigo esperando una respuesta el mes pasado.
648,2025-06-01,BancoAndes,pre_venta,"Un ejecutivo de BancoAndes nunca me contactó después de pedir información sobre un crédito esta semana.
--
Atte, cliente BancoAndes"
649,2025-06-02,BancoAndes,tecnologia,El sitio web de BancoAndes no me deja actualizar mis datos de contacto y hasta ahora nadie me ha dado una solución durante el fin de semana.
650,2025-06-02,BancoAndes,post_venta,	BancoAndes no me  da  soporte con mis dudas después  de  contratar  el  producto el mes pasado.   
651,2025-06-02,BANCOANDES,post_venta,El servicio de soporte no aclara mis dudas sobre las condiciones del crédito ya contratado y sigo esperando una respuesta durante el fin de semana. Pueden contactarme al +56 9 7952 1375.
652,2025-06-02,BancoAndes,post_venta,BANCOANDES NO ME ENTREGA LA INFORMACIÓN QUE ME PROMETIERON AL FIRMAR EN LAS ÚLTIMAS SEMANAS.
653,2025-06-02,BancoAndes,ventas,Un representante de ventas de BancoAndes me llamó insistentemente para ofrecerme una tarjeta que no pedí y hasta ahora nadie me ha dado una solución en las últimas semanas. ⏳
654,2025-06-02,BancoAndes,ventas,No sé quién accedió a mi cuenta de BancoAndes sin que yo lo autorizara y no encuentro cómo resolverlo el mes pasado. Pueden contactarme al +56 9 3579 9918.
655,2025-06-02,BancoAndes,pre_venta,Un ejecutivo de BancoAndes tardó semanas en responder mi consulta  inicial ayer!!!
656,2025-06-03,Banco Andes,cobranza,El área de cobranza de BancoAndes no actualiza mi historial después de pagar la deuda durante el fin de semana.
657,2025-06-03,BancoAndes,cobranza,El área de cobranza de BancoAndes no  actualiza  mi  historial después  de pagar  la  deuda sin que nadie del banco  se  haga responsable  esta  semana!!! ⏳
658,2025-06-03,Banco  Andes ,ventas,	El área de post venta me  deja  sin respuesta después  de haber  aceptado el  producto y  sigo  esperando una respuesta.   
659,2025-06-03,BancoAndes,post_venta,El&nbsp;equipo de seguimiento no me explica cómo usar el producto que contraté hace poco lo cual me parece una falta de respeto hacia el cliente.
660,2025-06-03,BancoAndes,post_venta,El área de post venta no cumplió con el acompañamiento que me prometieron al contratar ayer... 🙄
661,2025-06-03,BancoAndes,fraude_seguridad,Alguien me contactó por phishing usando el nombre de BancoAndes y hasta ahora nadie me ha dado una solución.
662,2025-06-03,bancoandes,fraude_seguridad,Un tercero usó mi tarjeta de BancoAndes sin mi autorización y esto ya me tiene bastante molesto. 😠
663,2025-06-03,BancoAndes,pre_venta,Un ejecutivo de BancoAndes me dijo que me llamarian con mas informacion y nunca lo hicieron esta semana.
664,2025-06-03,BancoAndes,pre_venta,"El servicio de atención de BancoAndes me pidió los mismos documentos varias veces sin avanzar durante el fin de semana.
--
Atte, cliente BancoAndes"
665,2025-06-04,BancoAndes,cobranza,El área de cobranza de BancoAndes me cobró un interés más alto del que se había acordado en las últimas semanas.
666,2025-06-04,BancoAndes,ventas,Un ejecutivo de ventas de BancoAndes me ofreció una tarjeta con beneficios que después no eran reales y no encuentro cómo resolverlo. 😡
667,2025-06-04,BancoAndes,fraude_seguridad,Un desconocido logró acceder a mi banca en línea de BancoAndes sin mi consentimiento sin que nadie del banco se haga responsable.
668,2025-06-04,BancoAndes,fraude_seguridad,Alguien usó mis datos para solicitar un producto en BancoAndes a mi nombre y no encuentro cómo resolverlo.
669,2025-06-04,Banco  Andes ,fraude_seguridad,No sé quién realizó una transferencia desde mi cuenta de BancoAndes que no reconozco y sigo esperando una respuesta.
670,2025-06-04,BancoAndes,comercial,Nadie en el area comercial no aplica la tasa preferencial que se me ofrecio al contratar y no encuentro como resolverlo hace unos dias.
671,2025-06-04,BancoAndes,comercial,El ejecutivo comercial no honra la promoción con la que me convencieron de cambiarme de banco ayer.
672,2025-06-04,bancoandes,comercial,"El equipo comercial no aplica la tasa preferencial que se me ofreció al contratar hace unos días.
Enviado desde mi celular Samsung"
673,2025-06-05,BancoAndes,tecnologia,	El sistema de BancoAndes lleva días caída y no puedo ver  mis movimientos durante  el fin  de semana.   
674,2025-06-05,BancoAndes,tecnologia,El sistema de BancoAndes se demora muchisimo en cargar cualquier operacion lo cual me parece una falta de respeto hacia el cliente en las ultimas semanas. 👎
675,2025-06-05,Banco  Andes ,tecnologia,El portal de clientes de BancoAndes se demora muchísimo en cargar cualquier operación y esto ya me tiene bastante molesto en las últimas semanas.
676,2025-06-05,BancoAndes,cobranza,El departamento de cobranza de BancoAndes no actualiza mi historial después de pagar la deuda sin que nadie del banco se haga responsable.
677,2025-06-05,Banco  Andes ,cobranza,BancoAndes de BancoAndes sigue enviándome cartas de cobro por una deuda pagada esta semana.
678,2025-06-05,BancoAndes,cobranza,BancoAndes de BancoAndes me cobra comisiones que no estaban en el contrato original durante el fin de semana. Pueden contactarme al +56 9 3182 8050.
679,2025-06-05,BancoAndes,post_venta,	BancoAndes  no  me explica como  usar el producto que  contrate  hace poco  ayer.   ?!
680,2025-06-05,BancoAndes,post_venta,El equipo de seguimiento  no responde mis  consultas de  seguimiento sobre el crédito que  ya tengo y sigo esperando una respuesta.   
681,2025-06-05,BancoAndes,comercial,"El área comercial no aplica la tasa preferencial que se me ofreció al contratar y esto ya me tiene bastante molesto ayer.
Gracias, espero respuesta pronto."
682,2025-06-05,BancoAndes,comercial,Nadie en el área comercial no cumple con el beneficio que venía incluido en mi cuenta hace unos días.
683,2025-06-05,BancoAndes,comercial,El equipo comercial no respeta el descuento comercial que me habían prometido al inicio y no encuentro cómo resolverlo. 😤
684,2025-06-05,BancoAndes,pre_venta,ALGUIEN DEL EQUIPO DE INFORMACIONES DE BANCOANDES ME DIO INFORMACIÓN DISTINTA A LA QUE APARECE EN LA PÁGINA WEB!! N° de reclamo anterior: RC-22778.
685,2025-06-06,BancoAndes,tecnologia,El sitio web de BancoAndes no me deja actualizar mis datos de contacto hace unos días. 😡
686,2025-06-06,BancoAndes,tecnologia,El&nbsp;portal de clientes de BancoAndes no me permite autenticarme desde el celular. 😡
687,2025-06-06,BancoAndes,post_venta,El área de post venta no me explica cómo usar el producto que contraté hace poco y hasta ahora nadie me ha dado una solución. 😡
688,2025-06-06,BancoAndes,post_venta,El área de post venta no responde mis consultas de seguimiento sobre el crédito que ya tengo hace unos días.
689,2025-06-06,BancoAndes,post_venta,EL EQUIPO  DE SEGUIMIENTO  NO ME AYUDA A ENTENDER LOS  COBROS  DE MI  CUENTA RECIÉN ABIERTA  Y  HASTA AHORA NADIE  ME HA  DADO UNA SOLUCIÓN AYER??? Pueden contactarme al +56 9 7239 5731.
690,2025-06-06,BANCOANDES,ventas,Un vendedor telefónico de BancoAndes me contactó fuera de horario para ofrecerme una tarjeta nueva sin que nadie del banco se haga responsable. Mi rut es 25.566.829-5.
691,2025-06-06,BancoAndes,ventas,Un ejecutivo de ventas de BancoAndes insistió en  ofrecerme un crédito de consumo sin que  yo lo  pidiera durante el  fin de semana.   ???
692,2025-06-06,BancoAndes,fraude_seguridad,Un tercero intentó estafarme haciéndose pasar por un ejecutivo de BancoAndes esta semana.
693,2025-06-06,BancoAndes,fraude_seguridad,Un tercero accedio a mi cuenta de BancoAndes sin que yo lo autorizara.
694,2025-06-06,BancoAndes,cobranza,	Nadie en el  area comercial no  respeta el descuento  comercial  que me habian  prometido al  inicio y hasta ahora nadie me  ha dado una  solucion esta  semana.
695,2025-06-07,BancoAndes,cobranza,"BancoAndes de BancoAndes no actualiza mi historial después de pagar la deuda ayer.
Gracias, espero respuesta pronto."
696,2025-06-07,BancoAndes,cobranza,Nadie  en  el  área de cobranza  de BancoAndes no actualiza mi  historial después  de pagar  la  deuda lo cual me  parece  una falta  de respeto hacia el cliente en las últimas  semanas.   
697,2025-06-07,BancoAndes,post_venta,Nadie en BancoAndes no resuelve mi duda sobre el estado de mi solicitud ya aprobada el mes pasado.
698,2025-06-07,BancoAndes,post_venta,El equipo de seguimiento no me contacta para revisar cómo va mi producto contratado el mes pasado.
699,2025-06-07,bancoandes,ventas,UN REPRESENTANTE DE VENTAS DE BANCOANDES ME PRESIONÓ PARA ACEPTAR UN PRODUCTO EN LA MISMA LLAMADA.
700,2025-06-07,BancoAndes,fraude_seguridad,Una persona no autorizada vació parte de mi cuenta de BancoAndes y el banco no me ha devuelto el dinero y hasta ahora nadie me ha dado una solución!!
701,2025-06-07,BancoAndes,post_venta,Nadie en el área comercial me aplicó una comisión que no estaba en la oferta original lo cual me parece una falta de respeto hacia el cliente ayer. 🙄
702,2025-06-07,BancoAndes,comercial,	El ejecutivo comercial me  aplicó  una comisión que no estaba en  la  oferta original y  sigo esperando una respuesta  esta semana.    Pueden contactarme al +56 9 6410 6138.
703,2025-06-07,BancoAndes,comercial,BancoAndes cambió mi plan comercial sin mi consentimiento el mes pasado!!! ⏳ N° de reclamo anterior: RC-54409.
704,2025-06-08,BancoAndes,cobranza,El departamento de cobranza de BancoAndes no corrige un error de facturacion que ya reporte. Pueden contactarme al +56 9 1544 7315.
705,2025-06-08,BancoAndes,cobranza,El departamento de cobranza de BancoAndes no reconoce el pago que ya realicé hace unos días.
706,2025-06-08,BancoAndes,pre_venta,El equipo de cobranza de BancoAndes no corrige un error de facturación que ya reporté y hasta ahora nadie me ha dado una solución durante el fin de semana.
707,2025-06-08,BancoAndes,post_venta,	BancoAndes  no me da soporte con mis  dudas después de  contratar  el  producto durante el  fin  de  semana.   
708,2025-06-08,BancoAndes,comercial,El área comercial me aplicó una comisión que no estaba en la oferta original en las últimas semanas. Mi rut es 14.460.418-2.
709,2025-06-08,BancoAndes,comercial,BancoAndes no respeta el descuento comercial que me habían prometido al inicio.
710,2025-06-08,Banco Andes,pre_venta,	Un  asesor  de  BancoAndes no respondió mi solicitud de información sobre cuentas de ahorro durante  el fin de semana.   
711,2025-06-08,BancoAndes,cobranza,BancoAndes no está respetando en cobranza lo que el área comercial me había prometido por escrito.
712,2025-06-09,Banco Andes,tecnologia,El portal de clientes de BancoAndes no permite descargar mis comprobantes de pago y sigo esperando una respuesta hace unos días???
713,2025-06-09,Banco Andes,tecnologia,	LA APLICACIÓN  DE  BANCOANDES NO GENERA  MI CARTOLA MENSUAL LO CUAL ME PARECE UNA FALTA DE RESPETO  HACIA EL CLIENTE  ESTA SEMANA.
714,2025-06-09,BancoAndes,tecnologia,"El portal de clientes de BancoAndes lleva dias caida y no puedo ver mis movimientos y no encuentro como resolverlo.
--
Atte, cliente BancoAndes"
715,2025-06-09,BancoAndes,cobranza,"BancoAndes de BancoAndes me está cobrando una multa que no está justificada.
Gracias, espero respuesta pronto."
716,2025-06-09,BancoAndes,cobranza,	BancoAndes de BancoAndes  no corrige un error de facturación  que  ya  reporté el mes pasado.   
717,2025-06-09,BANCOANDES,post_venta,El servicio de soporte no me entrega la información que me prometieron al firmar y hasta ahora nadie me ha dado una solución durante el fin de semana.
718,2025-06-09,BancoAndes,fraude_seguridad,No sé quién logró acceder a mi banca en línea de BancoAndes sin mi consentimiento y no encuentro cómo resolverlo. 😞
719,2025-06-09,BancoAndes,comercial,BancoAndes no honra la promoción con la que me convencieron de cambiarme de banco lo cual me parece una falta de respeto hacia el cliente.
720,2025-06-09,BancoAndes,pre_venta,ALGUIEN DEL EQUIPO DE INFORMACIONES DE BANCOANDES IGNORÓ MI CONSULTA SOBRE LOS REQUISITOS DE UN CRÉDITO HIPOTECARIO LO CUAL ME PARECE UNA FALTA DE RESPETO HACIA EL CLIENTE. 😞
721,2025-06-10,Banco  Andes ,tecnologia,La banca en línea de BancoAndes no envía el código de verificación para iniciar sesión y no encuentro cómo resolverlo hace unos días.
722,2025-06-10,BancoAndes,tecnologia,"El sitio  web de  BancoAndes muestra  información desactualizada de mi  cuenta  sin que nadie  del banco se haga responsable  esta  semana.   
--
Atte, cliente BancoAndes"
723,2025-06-10,BancoAndes,tecnologia,"El sitio web de BancoAndes no procesa correctamente mis pagos programados lo cual me parece una falta de respeto hacia el cliente hace unos días.
Gracias, espero respuesta pronto."
724,2025-06-10,BancoAndes,cobranza,El departamento de cobranza de BancoAndes me cobró dos veces la misma cuota esta semana. 😠
725,2025-06-10,BancoAndes,cobranza,El equipo de cobranza de BancoAndes me cobró dos veces la misma cuota y no encuentro cómo resolverlo...
726,2025-06-10,BancoAndes,cobranza,El área de cobranza de BancoAndes no actualiza mi historial después de pagar la deuda y esto ya me tiene bastante molesto el mes pasado.
727,2025-06-10,BancoAndes,post_venta,El servicio de soporte no me entrega la información que me prometieron al firmar hace unos días.
728,2025-06-10,BancoAndes,ventas,Un ejecutivo de ventas de BancoAndes me contactó varias veces el mismo día ofreciéndome productos distintos durante el fin de semana.
729,2025-06-10,BancoAndes,ventas,Un vendedor telefónico de BancoAndes me presionó para aceptar un producto en la misma llamada sin que nadie del banco se haga responsable esta semana.
730,2025-06-10,BancoAndes,ventas,Alguien del equipo de ventas de BancoAndes insistio en que aceptara un producto que ya habia rechazado antes y no encuentro como resolverlo ayer.
731,2025-06-10,BANCOANDES,pre_venta,Una persona no autorizada obtuvo mis datos de BancoAndes sin que yo entregara esa información.
732,2025-06-10,BancoAndes,fraude_seguridad,Una persona no autorizada hizo compras con mi tarjeta de BancoAndes que yo nunca autoricé sin que nadie del banco se haga responsable.
733,2025-06-10,BancoAndes,fraude_seguridad,Alguien accedió a mi cuenta de BancoAndes sin que yo lo autorizara y esto ya me tiene bastante molesto hace unos días. 👎
734,2025-06-11,BancoAndes,cobranza,BancoAndes de BancoAndes me cobra comisiones que no estaban en el contrato original el mes pasado.
735,2025-06-11,BancoAndes,post_venta,El equipo de seguimiento dejó de responder después de que firmé el contrato sin que nadie del banco se haga responsable.
736,2025-06-11,BancoAndes,pre_venta,Un ejecutivo de BancoAndes no me informó sobre los costos asociados antes de que decidiera sin que nadie del banco se haga responsable en las últimas semanas.
737,2025-06-12,Banco Andes,tecnologia,El sitio web de BancoAndes no envía el código de verificación para iniciar sesión durante el fin de semana... 🙄
738,2025-06-12,BancoAndes,cobranza,BancoAndes de BancoAndes no responde mi solicitud de repactación de deuda lo cual me parece una falta de respeto hacia el cliente.
739,2025-06-12,BancoAndes,post_venta,BancoAndes no responde mis llamadas desde que contraté el seguro y sigo esperando una respuesta esta semana.
740,2025-06-13,BancoAndes,tecnologia,	El portal de clientes de  BancoAndes  no carga  mis transacciones  recientes el  mes pasado.   <br>
741,2025-06-13,BancoAndes,cobranza,EL EQUIPO DE COBRANZA DE BANCOANDES ME COBRÓ DOS VECES LA MISMA CUOTA Y ESTO YA ME TIENE BASTANTE MOLESTO AYER.
742,2025-06-13,BancoAndes,post_venta,Nadie en BancoAndes me deja sin respuesta despues de  haber  aceptado  el producto el mes pasado.
743,2025-06-13,BancoAndes,ventas,Un vendedor telefonico de BancoAndes me llamo de un numero desconocido para ofrecerme un prestamo sin que nadie del banco se haga responsable. 😞
744,2025-06-13,Banco  Andes ,ventas,Alguien del equipo de ventas de BancoAndes insistió en ofrecerme un crédito de consumo sin que yo lo pidiera lo cual me parece una falta de respeto hacia el cliente.
745,2025-06-13,BancoAndes,pre_venta,	No sé quién usó mis  datos  para solicitar un producto en BancoAndes  a mi nombre lo cual me parece  una falta de respeto hacia  el cliente ayer.   
746,2025-06-13,Banco  Andes ,fraude_seguridad,	El ejecutivo  comercial no cumple con  el  beneficio que venia incluido  en mi cuenta.   ?!
747,2025-06-13,BancoAndes,comercial,Nadie  en  el área comercial no ha  activado el beneficio  que me  ofrecieron al  abrir la  cuenta y hasta ahora nadie me  ha dado  una  solución esta semana.   !!!
748,2025-06-14,BancoAndes,tecnologia,La banca en línea de BancoAndes marca error de sistema constantemente.
749,2025-06-14,BancoAndes,tecnologia,	El  portal  de  clientes de BancoAndes no  carga  mis transacciones recientes y esto ya  me  tiene bastante molesto esta semana.<br>
750,2025-06-14,BancoAndes,cobranza,El equipo de cobranza de BancoAndes me cobró dos veces la misma cuota ayer.
751,2025-06-14,BancoAndes,post_venta,El area de post venta no me explica como usar el producto que contrate hace poco y sigo esperando una respuesta en las ultimas semanas.
752,2025-06-14,BANCOANDES,ventas,Alguien del equipo de ventas de BancoAndes me presionó para aceptar un producto en la misma llamada lo cual me parece una falta de respeto hacia el cliente durante el fin de semana.
753,2025-06-14,Banco  Andes ,fraude_seguridad,Un tercero me contactó por phishing usando el nombre de BancoAndes y no encuentro cómo resolverlo... Mi rut es 18.267.556-8.
754,2025-06-14,BancoAndes,comercial,El área comercial aplicó condiciones distintas a las que figuraban en la propuesta comercial lo cual me parece una falta de respeto hacia el cliente esta semana.
755,2025-06-15,BancoAndes,cobranza,Nadie en el area de cobranza de BancoAndes me amenaza con acciones legales por un monto incorrecto sin que nadie del banco se haga responsable ayer.
756,2025-06-15,BancoAndes,ventas,"Un ejecutivo de ventas de BancoAndes me llamó para renovarme un producto sin mi autorización y hasta ahora nadie me ha dado una solución.
Enviado desde mi celular Samsung"
757,2025-06-15,BancoAndes,fraude_seguridad,No sé quién obtuvo mis datos de BancoAndes sin que yo entregara esa información ayer.
758,2025-06-15,BancoAndes,comercial,El equipo comercial desconoce el acuerdo comercial que hice con un ejecutivo anterior el mes pasado.
759,2025-06-16,BancoAndes,tecnologia,La clave digital de BancoAndes lleva días caída y no puedo ver mis movimientos y hasta ahora nadie me ha dado una solución.
760,2025-06-16,BancoAndes,tecnologia,La clave  digital de BancoAndes  se  demora muchísimo en cargar  cualquier  operación.
761,2025-06-16,BancoAndes,tecnologia,La aplicación de BancoAndes lleva días caída y no puedo ver mis movimientos en las últimas semanas...
762,2025-06-16,BancoAndes,post_venta,"El servicio de soporte no me da soporte con mis dudas después de contratar el producto en las últimas semanas. ⏳
--
Atte, cliente BancoAndes"
763,2025-06-16,BancoAndes,tecnologia,El equipo de seguimiento me deja sin respuesta después de haber aceptado el producto y sigo esperando una respuesta esta semana.<br>
764,2025-06-16,BancoAndes,ventas,Un ejecutivo de ventas de BancoAndes me ofreció un crédito hipotecario sin que yo hubiera preguntado por eso y hasta ahora nadie me ha dado una solución.
765,2025-06-16,BANCOANDES,fraude_seguridad,Un tercero me contactó por phishing usando el nombre de BancoAndes ayer.
766,2025-06-16,BancoAndes,comercial,Nadie en el área comercial no quiere renegociar las condiciones de mi crédito.
767,2025-06-16,BancoAndes,comercial,BancoAndes no honra la promoción con la que me convencieron de cambiarme de banco en las últimas semanas.
768,2025-06-16,BancoAndes,pre_venta,Un asesor de BancoAndes  me dio  información distinta a la que aparece en la página web y esto ya me tiene bastante molesto.   !!
769,2025-06-16,BancoAndes,ventas,El area comercial de BancoAndes nunca me contacto despues de pedir informacion sobre un credito hace unos dias.
770,2025-06-17,Banco Andes,tecnologia,El sistema de BancoAndes muestra información desactualizada de mi cuenta. 👎
771,2025-06-17,Banco Andes,cobranza,El departamento de cobranza de BancoAndes no quiere regularizar mi deuda a pesar de que ya pague lo cual me parece una falta de respeto hacia el cliente durante el fin de semana?!
772,2025-06-17,BancoAndes,cobranza,El departamento de cobranza de BancoAndes me cobra comisiones que no estaban en el contrato original en las últimas semanas.
773,2025-06-17,BancoAndes,post_venta,El área de post venta no da seguimiento  a  mi  reclamo anterior  sobre el mismo producto  esta  semana.   
774,2025-06-17,BancoAndes,post_venta,EL SERVICIO DE SOPORTE NO DA SEGUIMIENTO A MI RECLAMO ANTERIOR SOBRE EL MISMO PRODUCTO HACE UNOS DIAS. N° de reclamo anterior: RC-20964.
775,2025-06-17,BancoAndes,ventas,Un representante de ventas de BancoAndes me vendió un seguro sin explicarme bien las condiciones esta semana. 😡
776,2025-06-17,BancoAndes,fraude_seguridad,ALGUIEN ACCEDIO A MI CUENTA DE BANCOANDES SIN QUE YO LO AUTORIZARA Y NO ENCUENTRO COMO RESOLVERLO.
777,2025-06-17,BancoAndes,comercial,El equipo  comercial  aplicó condiciones distintas a las que figuraban en  la propuesta comercial  sin que  nadie  del  banco se haga responsable.
778,2025-06-17,BancoAndes,pre_venta,El área comercial de BancoAndes no me explicó las diferencias entre los planes disponibles hace unos días.
779,2025-06-17,Banco  Andes ,pre_venta,Un ejecutivo de BancoAndes no supo responder mis dudas sobre las condiciones del préstamo y hasta ahora nadie me ha dado una solución.
780,2025-06-18,BancoAndes,tecnologia,El sitio web de BancoAndes no me deja actualizar mis datos de contacto esta semana.
781,2025-06-18,BancoAndes,tecnologia,La banca en linea de BancoAndes se cierra sola cada vez que intento pagar una cuenta y esto ya me tiene bastante molesto.
782,2025-06-18,BancoAndes,cobranza,Nadie en  el área de cobranza  de BancoAndes  me amenaza con acciones legales  por  un monto incorrecto  esta semana. N° de reclamo anterior: RC-74243.
783,2025-06-18,BancoAndes,cobranza,El departamento de cobranza de BancoAndes no corrige un error de facturacion que ya reporte ayer.
784,2025-06-18,BancoAndes,pre_venta,El servicio de atención de BancoAndes me dijo que me llamarían con más información y nunca lo hicieron y sigo esperando una respuesta ayer.
785,2025-06-19,BancoAndes,post_venta,El servicio de soporte me deja sin respuesta después de haber aceptado el producto y hasta ahora nadie me ha dado una solución. 🙄
786,2025-06-19,BancoAndes,ventas,Un representante de ventas de BancoAndes me llamó para renovarme un producto sin mi autorización...
787,2025-06-19,BancoAndes,comercial,"BANCOANDES NO RESPETA EL PLAN COMERCIAL QUE ACORDAMOS POR ESCRITO. 😞
Enviado desde mi celular Samsung"
788,2025-06-19,Banco Andes,comercial,El ejecutivo comercial cambió mi plan comercial sin mi consentimiento hace unos días.
789,2025-06-20,BancoAndes,tecnologia,	El sitio  web de BancoAndes no genera mi cartola mensual  hace unos días.   
790,2025-06-20,BancoAndes,tecnologia,EL SITIO WEB DE BANCOANDES SE DEMORA MUCHÍSIMO EN CARGAR CUALQUIER OPERACIÓN LO CUAL ME PARECE UNA FALTA DE RESPETO HACIA EL CLIENTE EL MES PASADO.
791,2025-06-20,BancoAndes,cobranza,	El  equipo  de cobranza  de BancoAndes no quiere regularizar  mi  deuda a  pesar de que  ya pagué  lo cual me parece una  falta  de respeto hacia el cliente ayer.    ⏳
792,2025-06-20,BancoAndes,cobranza,El equipo de cobranza de BancoAndes no corrige un error de facturación que ya reporté lo cual me parece una falta de respeto hacia el cliente.
793,2025-06-20,BancoAndes,pre_venta,Un ejecutivo de ventas de BancoAndes me contactó varias veces el mismo día ofreciéndome productos distintos...
794,2025-06-20,BancoAndes,ventas,"Un vendedor telefonico de BancoAndes insistio en ofrecerme un credito de consumo sin que yo lo pidiera ayer. 👎
Enviado desde mi iPhone"
795,2025-06-20,BancoAndes,ventas,	Un asesor  comercial  de BancoAndes  me  contactó para venderme  un seguro que no solicité sin  que nadie del banco  se haga  responsable  en las últimas semanas.
796,2025-06-20,BancoAndes,ventas,Un representante de  ventas de BancoAndes insistió  en ofrecerme un crédito  de  consumo sin que  yo lo pidiera y esto ya me tiene bastante molesto  ayer.
797,2025-06-20,BancoAndes,ventas,"	Un  representante de ventas de BancoAndes me ofreció un crédito  hipotecario sin que yo hubiera preguntado  por eso  y  esto ya me  tiene bastante molesto hace  unos días.
Gracias, espero respuesta pronto."
798,2025-06-20,BancoAndes,ventas,Un vendedor  telefónico de BancoAndes siguió  llamando después de  que  le dije  que no me interesaba durante el fin  de semana.   
799,2025-06-20,BancoAndes,fraude_seguridad,Alguien realizo una transferencia desde mi cuenta de BancoAndes que no reconozco y sigo esperando una respuesta.
800,2025-06-20,BancoAndes,fraude_seguridad,No se quien realizo una transferencia desde mi cuenta de BancoAndes que no reconozco.
801,2025-06-20,BancoAndes,fraude_seguridad,No sé quién realizó una transferencia desde mi cuenta de BancoAndes que no reconozco ayer.
802,2025-06-20,BancoAndes,pre_venta,"Un ejecutivo de BancoAndes me pidió los mismos documentos varias veces sin avanzar en las últimas semanas.
Gracias, espero respuesta pronto."
803,2025-06-21,Banco Andes,tecnologia,El portal de clientes de BancoAndes se demora muchísimo en cargar cualquier operación y hasta ahora nadie me ha dado una solución.
804,2025-06-21,BancoAndes,cobranza,El departamento de cobranza de BancoAndes no actualiza mi historial después de pagar la deuda y sigo esperando una respuesta!! ⏳
805,2025-06-21,BancoAndes,post_venta,Nadie en BancoAndes no aclara mis dudas sobre las condiciones del crédito ya contratado ayer.
806,2025-06-21,BancoAndes,comercial,El ejecutivo comercial no respeta el descuento comercial que me habían prometido al inicio sin que nadie del banco se haga responsable.
807,2025-06-22,BancoAndes,cobranza,BancoAndes de BancoAndes no reconoce el pago que ya realice sin que nadie del banco se haga responsable. 😠
808,2025-06-22,BANCOANDES,cobranza,BancoAndes de BancoAndes me cobra comisiones que no estaban en el contrato original y no encuentro cómo resolverlo...
809,2025-06-22,BancoAndes,ventas,Un ejecutivo de ventas de BancoAndes me contactó para venderme un seguro que no solicité el mes pasado.
810,2025-06-23,BancoAndes,tecnologia,La banca en línea de BancoAndes no envía el código de verificación para iniciar sesión y sigo esperando una respuesta esta semana. ⏳
811,2025-06-23,BancoAndes,comercial,La clave digital de BancoAndes no permite descargar mis comprobantes de pago lo cual me parece una falta de respeto hacia el cliente.
812,2025-06-23,BANCOANDES,tecnologia,	El portal de clientes de BancoAndes no  envía el  código de verificación para iniciar sesión el mes  pasado.
813,2025-06-23,BancoAndes,cobranza,<p>Nadie en el área de cobranza de BancoAndes no reconoce el pago que ya realicé lo cual me parece una falta de respeto hacia el cliente.</p>
814,2025-06-23,BancoAndes,cobranza,El equipo de cobranza de BancoAndes me cobra comisiones que no estaban en el contrato original.
815,2025-06-23,BancoAndes,cobranza,"El área de cobranza de BancoAndes no responde mi solicitud de repactación de deuda en las últimas semanas.
Enviado desde mi iPhone"
816,2025-06-23,BancoAndes,post_venta,BancoAndes no me da soporte con mis dudas después de contratar el producto.
817,2025-06-23,BancoAndes,ventas,Alguien del equipo de ventas de BancoAndes me presionó para aceptar un producto en la misma llamada y esto ya me tiene bastante molesto.
818,2025-06-23,BancoAndes,fraude_seguridad,	Alguien  cambió mi  clave de  BancoAndes sin que  yo  lo hiciera  ayer.
819,2025-06-24,BancoAndes,tecnologia,"	El portal de clientes de BancoAndes no me deja actualizar mis datos de contacto sin que nadie del  banco  se haga responsable.
Gracias, espero respuesta pronto."
820,2025-06-24,BancoAndes,tecnologia,La clave digital de BancoAndes no carga mis transacciones recientes sin que nadie del banco se haga responsable esta semana!!!
821,2025-06-24,BancoAndes,fraude_seguridad,El departamento de cobranza de BancoAndes no actualiza mi historial despues de pagar la deuda.
822,2025-06-24,BancoAndes,ventas,Alguien del equipo de ventas de BancoAndes me llamo insistentemente para ofrecerme una tarjeta que no pedi y sigo esperando una respuesta.
823,2025-06-24,Banco  Andes ,post_venta,Un ejecutivo de ventas de BancoAndes insistió en ofrecerme un crédito de consumo sin que yo lo pidiera hace unos días. Pueden contactarme al +56 9 3095 5035.
824,2025-06-24,BancoAndes,ventas,Un asesor comercial de BancoAndes me ofreció una tarjeta con beneficios que después no eran reales... Mi rut es 22.184.902-5.
825,2025-06-24,BancoAndes,comercial,El ejecutivo comercial no reconoce el descuento por cliente antiguo que me habían asegurado sin que nadie del banco se haga responsable.
826,2025-06-24,BancoAndes,comercial,BancoAndes no reconoce el descuento por cliente antiguo que me habían asegurado en las últimas semanas...
827,2025-06-24,BancoAndes,comercial,Un asesor de BancoAndes no me informó sobre los costos asociados antes de que decidiera sin que nadie del banco se haga responsable durante el fin de semana. 👎
828,2025-06-25,Banco  Andes ,tecnologia,	El sitio  web de BancoAndes  marca error de sistema constantemente en las  últimas  semanas.   <br>
829,2025-06-25,BancoAndes,cobranza,El equipo de cobranza de BancoAndes me cobra comisiones que no estaban en el contrato original lo cual me parece una falta de respeto hacia el cliente. 👎
830,2025-06-25,BancoAndes,cobranza,El departamento de cobranza de BancoAndes no reconoce el pago que ya realicé. 😤
831,2025-06-25,BANCOANDES,ventas,Un representante de ventas de BancoAndes me contactó para venderme un seguro que no solicité esta semana.
832,2025-06-25,BancoAndes,ventas,Un asesor comercial de BancoAndes me llamó de un número desconocido para ofrecerme un préstamo. ⏳
833,2025-06-25,BancoAndes,fraude_seguridad,Una persona no autorizada usó mi tarjeta de BancoAndes sin mi autorización!!! 😞 N° de reclamo anterior: RC-87430.
834,2025-06-25,BANCOANDES,comercial,El equipo comercial me aplicó una comisión que no estaba en la oferta original.
835,2025-06-25,BANCOANDES,pre_venta,"Un asesor de BancoAndes me remitió a distintas áreas sin darme una respuesta clara ayer??? 😠
--
Atte, cliente BancoAndes"
836,2025-06-26,BancoAndes,tecnologia,El sistema de BancoAndes muestra información desactualizada de mi cuenta y no encuentro cómo resolverlo hace unos días.
837,2025-06-26,BancoAndes,tecnologia,La clave digital de BancoAndes lleva dias caida y no puedo ver mis movimientos lo cual me parece una falta de respeto hacia el cliente hace unos dias.
838,2025-06-26,BancoAndes,tecnologia,El  portal  de clientes de BancoAndes  lleva días  caída  y no puedo ver mis movimientos  esta semana.
839,2025-06-26,BancoAndes,comercial,<p>Nadie en el área de cobranza de BancoAndes me amenaza con acciones legales por un monto incorrecto hace unos días.</p>
840,2025-06-26,BANCOANDES,cobranza,	BancoAndes de  BancoAndes no acepta renegociar  mi deuda en condiciones  razonables  y sigo esperando una  respuesta.   
841,2025-06-26,BancoAndes,cobranza,El área de cobranza de BancoAndes no acepta renegociar mi deuda en condiciones razonables y hasta ahora nadie me ha dado una solución el mes pasado!!
842,2025-06-26,bancoandes,post_venta,El equipo de seguimiento me deja sin respuesta despues de haber aceptado el producto en las ultimas semanas...
843,2025-06-26,BancoAndes,post_venta,"BancoAndes no cumplió con el acompañamiento que me prometieron al contratar lo cual me parece una falta de respeto hacia el cliente.
Gracias, espero respuesta pronto."
844,2025-06-26,BancoAndes,ventas,"Un asesor comercial de BancoAndes me ofreció un crédito hipotecario sin que yo hubiera preguntado por eso hace unos días.
--
Atte, cliente BancoAndes"
845,2025-06-26,BancoAndes,comercial,El área comercial aplicó condiciones distintas a las que figuraban en la propuesta comercial y no encuentro cómo resolverlo.
846,2025-06-26,BANCOANDES,pre_venta,Un ejecutivo de BancoAndes nunca me contactó después de pedir información sobre un crédito hace unos días?!
847,2025-06-27,BancoAndes,cobranza,	BancoAndes de BancoAndes  no  reconoce el pago que  ya realicé ayer.   
848,2025-06-27,BancoAndes,post_venta,El área de post venta no me contacta para revisar cómo va mi producto contratado en las últimas semanas. 😤
849,2025-06-27,Banco  Andes ,ventas,	Un  asesor  comercial  de  BancoAndes  insistió en ofrecerme  un crédito de consumo sin  que yo lo pidiera y  hasta ahora nadie me ha  dado  una solución el mes  pasado.
850,2025-06-27,BancoAndes,pre_venta,	Un asesor  de BancoAndes  me dio una  cotización  que después  no coincidía  con  la  real ayer.
851,2025-06-28,BancoAndes,tecnologia,	El sistema de BancoAndes lleva días caída  y no puedo ver mis  movimientos y hasta  ahora nadie  me ha dado  una solución.
852,2025-06-28,BancoAndes,cobranza,	El departamento  de  cobranza de  BancoAndes sigue  enviándome cartas de  cobro por  una  deuda pagada lo cual  me  parece  una falta de  respeto hacia el cliente hace  unos  días.    👎
853,2025-06-28,BancoAndes,cobranza,Nadie en el area de cobranza de BancoAndes no responde mi solicitud de repactacion de deuda el mes pasado.
854,2025-06-28,BancoAndes,post_venta,	Nadie en BancoAndes  no  cumplió con  el acompañamiento que me  prometieron al  contratar esta  semana.
855,2025-06-28,BancoAndes,post_venta,	El  equipo de seguimiento no me explica cómo usar el producto que contraté  hace  poco hace unos  días.   
856,2025-06-28,BancoAndes,ventas,"Un vendedor telefonico de BancoAndes me contacto fuera de horario para ofrecerme una tarjeta nueva!!!
--
Atte, cliente BancoAndes"
857,2025-06-28,BancoAndes,fraude_seguridad,Una persona no autorizada accedió a mi cuenta de BancoAndes sin que yo lo autorizara.
858,2025-06-28,bancoandes,pre_venta,El área comercial  de BancoAndes  me  dijo que  me  llamarían  con  más información  y nunca  lo hicieron.   
859,2025-06-28,BancoAndes,pre_venta,Un ejecutivo de BancoAndes no me informo sobre los costos asociados antes de que decidiera.
860,2025-06-28,BancoAndes,pre_venta,Un asesor de BancoAndes no me explicó bien los requisitos antes de postular a la tarjeta y no encuentro cómo resolverlo hace unos días. ⏳
861,2025-06-28,BancoAndes,pre_venta,<p>Un asesor de BancoAndes no me explicó bien los requisitos antes de postular a la tarjeta durante el fin de semana.</p>
862,2025-06-29,BancoAndes,tecnologia,	La aplicación de BancoAndes no  genera mi  cartola mensual  y  sigo esperando una  respuesta el mes pasado.
863,2025-06-29,BancoAndes,tecnologia,LA BANCA EN LÍNEA DE BANCOANDES NO CARGA MIS TRANSACCIONES RECIENTES.
864,2025-06-29,BancoAndes,tecnologia,EL PORTAL DE CLIENTES DE BANCOANDES LLEVA DÍAS CAÍDA Y NO PUEDO VER MIS MOVIMIENTOS EN LAS ÚLTIMAS SEMANAS!!! Pueden contactarme al +56 9 6756 2144.
865,2025-06-29,BancoAndes,tecnologia,El sitio web de BancoAndes muestra informacion desactualizada de mi cuenta sin que nadie del banco se haga responsable. 😞 Pueden contactarme al +56 9 5603 9188.
866,2025-06-29,BancoAndes,cobranza,BancoAndes de BancoAndes no reconoce el pago que ya realice!!!
867,2025-06-29,BancoAndes,cobranza,El área  de cobranza de  BancoAndes me cobró un interés más alto del que se había acordado.
868,2025-06-29,bancoandes,cobranza,BancoAndes de BancoAndes  no reconoce el  pago  que ya realicé  lo cual me parece una falta  de respeto hacia el cliente  hace unos días.   
869,2025-06-29,BancoAndes,cobranza,BANCOANDES  DE BANCOANDES ME  COBRO  UN INTERES MAS ALTO DEL QUE SE  HABIA  ACORDADO LO CUAL ME  PARECE  UNA FALTA DE RESPETO HACIA  EL CLIENTE.
870,2025-06-29,BancoAndes,ventas,Un asesor comercial de BancoAndes me contactó varias veces el mismo día ofreciéndome productos distintos y sigo esperando una respuesta esta semana.
871,2025-06-29,BancoAndes,fraude_seguridad,Una persona no autorizada vacio parte de mi cuenta de BancoAndes y el banco no me ha devuelto el dinero esta semana???
872,2025-06-29,BancoAndes,comercial,El equipo comercial no quiere renegociar las condiciones de mi crédito lo cual me parece una falta de respeto hacia el cliente...
873,2025-06-29,BancoAndes,comercial,El ejecutivo comercial no aplica la tasa preferencial que se me ofreció al contratar lo cual me parece una falta de respeto hacia el cliente ayer.
874,2025-06-29,BancoAndes,comercial,BancoAndes no reconoce el descuento por cliente antiguo que me habían asegurado.
875,2025-06-29,BancoAndes,comercial,El ejecutivo comercial no ha activado el beneficio que me ofrecieron al abrir la cuenta.
876,2025-06-29,Banco  Andes ,pre_venta,Un asesor de BancoAndes ignoró mi consulta sobre los requisitos de un crédito hipotecario y sigo esperando una respuesta!!
877,2025-06-30,Banco  Andes ,ventas,Alguien del equipo de ventas de BancoAndes me ofreció condiciones distintas a las que después aparecieron en el contrato y esto ya me tiene bastante molesto en las últimas semanas?! Mi rut es 10.127.815-5.
878,2025-06-30,Banco  Andes ,fraude_seguridad,Alguien realizó una transferencia desde mi cuenta de BancoAndes que no reconozco y sigo esperando una respuesta hace unos días.
879,2025-06-30,BancoAndes,tecnologia,	ALGUIEN USÓ MI CUENTA DE BANCOANDES PARA  RETIROS  QUE YO NO HICE  LO  CUAL ME PARECE UNA FALTA DE RESPETO  HACIA EL CLIENTE.
880,2025-07-01,BancoAndes,tecnologia,La clave digital de BancoAndes muestra información desactualizada de mi cuenta sin que nadie del banco se haga responsable ayer.
881,2025-07-01,Banco Andes,comercial,BancoAndes no reconoce el descuento por cliente antiguo que me habian asegurado y sigo esperando una respuesta esta semana.
882,2025-07-01,BancoAndes,comercial,El equipo comercial no respeta el plan comercial que acordamos por escrito y sigo esperando una respuesta el mes pasado.
883,2025-07-02,BancoAndes,tecnologia,El  portal de clientes de BancoAndes no me  permite autenticarme  desde  el  celular lo cual me parece  una falta  de respeto  hacia  el cliente esta  semana.   
884,2025-07-02,Banco Andes,cobranza,El departamento de cobranza de BancoAndes me está cobrando una multa que no está justificada.
885,2025-07-02,Banco  Andes ,cobranza,Nadie en el área  de  cobranza  de BancoAndes sigue enviándome  cartas de cobro por una deuda pagada hace unos  días.
886,2025-07-02,BancoAndes,ventas,Un asesor comercial de BancoAndes  me ofreció  condiciones distintas a  las que después  aparecieron  en el contrato lo  cual me  parece  una falta de respeto hacia el cliente esta  semana.
887,2025-07-02,BancoAndes,fraude_seguridad,ALGUIEN INTENTÓ ESTAFARME HACIÉNDOSE PASAR POR UN EJECUTIVO DE BANCOANDES LO CUAL ME PARECE UNA FALTA DE RESPETO HACIA EL CLIENTE.
888,2025-07-02,BancoAndes,fraude_seguridad,Un tercero uso mi tarjeta de BancoAndes sin mi autorizacion hace unos dias.
889,2025-07-03,BancoAndes,tecnologia,	El portal de clientes  de BancoAndes no  me deja actualizar mis datos de contacto?!
890,2025-07-03,BancoAndes,tecnologia,El portal de clientes de BancoAndes no me permite autenticarme desde el celular ayer. N° de reclamo anterior: RC-25924.
891,2025-07-03,BancoAndes,tecnologia,El sitio web de BancoAndes lleva días caída y no puedo ver mis movimientos y sigo esperando una respuesta hace unos días.
892,2025-07-03,BancoAndes,ventas,Un representante de ventas de BancoAndes me contactó fuera de horario para ofrecerme una tarjeta nueva y esto ya me tiene bastante molesto. 😡
893,2025-07-03,Banco Andes,ventas,Un vendedor telefónico de BancoAndes me llamó para renovarme un producto sin mi autorización esta semana. Pueden contactarme al +56 9 1018 8200.
894,2025-07-03,BancoAndes,ventas,Un representante de ventas de BancoAndes me presionó para aceptar un producto en la misma llamada en las últimas semanas.
895,2025-07-03,Banco Andes,ventas,<p>	Alguien del  equipo de ventas de BancoAndes  me ofrecio una  tarjeta con beneficios que  despues no eran reales  el mes  pasado.</p> 😞 N° de reclamo anterior: RC-62873.
896,2025-07-03,BancoAndes,ventas,Un ejecutivo de ventas de BancoAndes me contactó fuera de horario para ofrecerme una tarjeta nueva sin que nadie del banco se haga responsable ayer. Pueden contactarme al +56 9 1381 8498.
897,2025-07-03,BancoAndes,fraude_seguridad,Una persona no autorizada usó mi cuenta de BancoAndes para retiros que yo no hice esta semana.
898,2025-07-03,BancoAndes,comercial,"El equipo comercial no ha activado el beneficio que me ofrecieron al abrir la cuenta.
Enviado desde mi iPhone Mi rut es 12.919.251-8."
899,2025-07-04,BancoAndes,ventas,Un ejecutivo de ventas de BancoAndes me contacto varias veces el mismo dia ofreciendome productos distintos el mes pasado. 😤
900,2025-07-04,BancoAndes,fraude_seguridad,Alguien intentó estafarme haciéndose  pasar  por un  ejecutivo de  BancoAndes y  hasta  ahora nadie me ha dado una solución durante el fin  de semana.
901,2025-07-04,BancoAndes,comercial,El área comercial no respeta el descuento comercial que me habían prometido al inicio.
902,2025-07-04,BancoAndes,pre_venta,Alguien del equipo de informaciones de BancoAndes ignoró mi consulta sobre los requisitos de un crédito hipotecario.
903,2025-07-05,BancoAndes,tecnologia,La clave digital de BancoAndes se cierra sola cada vez que intento pagar una cuenta y esto ya me tiene bastante molesto durante el fin de semana.
904,2025-07-05,BancoAndes,tecnologia,La banca en linea de BancoAndes no genera mi cartola mensual y esto ya me tiene bastante molesto hace unos dias?!
905,2025-07-05,BancoAndes,ventas,Alguien del equipo de ventas de BancoAndes me ofreció condiciones distintas a las que después aparecieron en el contrato lo cual me parece una falta de respeto hacia el cliente.
906,2025-07-05,BancoAndes,fraude_seguridad,Un desconocido generó cargos fraudulentos en mi tarjeta de BancoAndes lo cual me parece una falta de respeto hacia el cliente.
907,2025-07-05,BancoAndes,post_venta,Un desconocido obtuvo mis datos de BancoAndes sin que yo entregara esa información y esto ya me tiene bastante molesto hace unos días. 😤
908,2025-07-05,Banco  Andes ,comercial,Nadie en el área comercial no ha activado el beneficio que me ofrecieron al abrir la cuenta.
909,2025-07-05,BancoAndes,pre_venta,<p>El área comercial de  BancoAndes me remitió  a distintas áreas sin darme  una respuesta clara  sin que nadie del  banco se haga responsable  el  mes  pasado.</p>
910,2025-07-05,BancoAndes,pre_venta,Un ejecutivo de BancoAndes me pidio los mismos documentos varias veces sin avanzar.
911,2025-07-06,BancoAndes,tecnologia,El portal de clientes de BancoAndes  no procesa  correctamente mis pagos programados el mes  pasado.
912,2025-07-06,bancoandes,cobranza,El portal de clientes de BancoAndes se cierra sola cada vez que intento pagar una cuenta en las últimas semanas!!!
913,2025-07-06,BancoAndes,tecnologia,La clave digital de BancoAndes no genera mi cartola mensual en las últimas semanas.
914,2025-07-06,BancoAndes,tecnologia,El sitio web de BancoAndes no genera mi cartola mensual y esto ya me tiene bastante molesto ayer.
915,2025-07-06,BancoAndes,cobranza,"EL DEPARTAMENTO DE COBRANZA DE BANCOANDES ME COBRÓ DOS VECES LA MISMA CUOTA SIN QUE NADIE DEL BANCO SE HAGA RESPONSABLE.
--
Atte, cliente BancoAndes"
916,2025-07-06,BancoAndes,cobranza,BancoAndes de  BancoAndes  me esta cobrando  una multa que no  esta justificada  en  las ultimas semanas. Mi rut es 12.895.517-0.
917,2025-07-06,BancoAndes,ventas,Un vendedor telefonico de BancoAndes insistio en ofrecerme un credito de consumo sin que yo lo pidiera sin que nadie del banco se haga responsable.
918,2025-07-06,BancoAndes,pre_venta,	Un ejecutivo de BancoAndes no me  explicó las  diferencias entre  los  planes disponibles y sigo  esperando  una  respuesta.   
919,2025-07-07,BancoAndes,tecnologia,La clave digital de BancoAndes se congela cada vez que intento hacer una transferencia.<br>
920,2025-07-07,BancoAndes,cobranza,El departamento de cobranza de BancoAndes me cobro un interes mas alto del que se habia acordado.
921,2025-07-07,BANCOANDES,cobranza,El área de cobranza de BancoAndes no responde mi solicitud de repactación de deuda esta semana. 😞
922,2025-07-07,BancoAndes,cobranza,El equipo de cobranza de BancoAndes me cobró dos veces la misma cuota sin que nadie del banco se haga responsable durante el fin de semana.
923,2025-07-07,BANCOANDES,post_venta,El servicio de soporte no responde mis llamadas desde que contraté el seguro.
924,2025-07-07,BancoAndes,post_venta,	El servicio de soporte no resuelve  mi  duda sobre  el estado de mi solicitud  ya aprobada  hace unos días.    N° de reclamo anterior: RC-56768.
925,2025-07-07,Banco  Andes ,post_venta,El equipo de seguimiento no me contacta para revisar como va mi producto contratado hace unos dias.
926,2025-07-07,BancoAndes,post_venta,El área de post venta me deja sin respuesta después de haber aceptado el producto ayer.
927,2025-07-08,BancoAndes,cobranza,	Nadie  en el area de cobranza  de BancoAndes no reconoce el pago  que ya realice  y esto ya me tiene bastante molesto!!
928,2025-07-08,BancoAndes,ventas,Un asesor comercial de BancoAndes me ofreció una tarjeta con beneficios que después no eran reales en las últimas semanas.
929,2025-07-08,BancoAndes,fraude_seguridad,Una&nbsp;persona no autorizada realizo una transferencia desde mi cuenta de BancoAndes que no reconozco sin que nadie del banco se haga responsable.
930,2025-07-08,BancoAndes,comercial,Nadie en el área comercial no respeta el descuento comercial que me habían prometido al inicio.
931,2025-07-09,BancoAndes,tecnologia,El portal de clientes de BancoAndes no permite descargar mis comprobantes de pago y hasta ahora nadie me ha dado una solución. N° de reclamo anterior: RC-50986.
932,2025-07-09,Banco  Andes ,post_venta,"Nadie&nbsp;en BancoAndes no me entrega la información que me prometieron al firmar sin que nadie del banco se haga responsable.
--
Atte, cliente BancoAndes Pueden contactarme al +56 9 8091 6919."
933,2025-07-09,BancoAndes,post_venta,El equipo de seguimiento no resuelve mi duda sobre el estado de mi solicitud ya aprobada y no encuentro cómo resolverlo.
934,2025-07-10,BancoAndes,cobranza,"	El departamento de cobranza de BancoAndes no corrige un error  de facturación que ya  reporté y esto ya me tiene bastante molesto el mes pasado???
--
Atte, cliente BancoAndes"
935,2025-07-10,BancoAndes,cobranza,El área de cobranza de BancoAndes me cobra comisiones que no estaban en el contrato original sin que nadie del banco se haga responsable. N° de reclamo anterior: RC-14238.
936,2025-07-10,BancoAndes,post_venta,BancoAndes no me ayuda a entender los cobros de mi cuenta recién abierta lo cual me parece una falta de respeto hacia el cliente?!
937,2025-07-10,BancoAndes,comercial,El ejecutivo comercial no cumple las condiciones pactadas para la renovación de mi producto hace unos días. ⏳
938,2025-07-11,BancoAndes,tecnologia,LA APLICACION DE BANCOANDES NO CARGA MIS TRANSACCIONES RECIENTES HACE UNOS DIAS. 😞 Pueden contactarme al +56 9 6751 9654.
939,2025-07-11,BancoAndes,tecnologia,La aplicación de BancoAndes muestra información desactualizada de mi cuenta durante el fin de semana.
940,2025-07-11,BancoAndes,cobranza,Nadie en el área de cobranza de BancoAndes no reconoce el pago que ya realicé el mes pasado.
941,2025-07-11,bancoandes,cobranza,El área de cobranza de BancoAndes no reconoce el pago que ya realicé en las últimas semanas.
942,2025-07-11,BancoAndes,post_venta,BancoAndes no  me  entrega la información  que me prometieron  al firmar ayer. N° de reclamo anterior: RC-41761.
943,2025-07-11,BancoAndes,post_venta,El área de post venta no aclara mis dudas sobre las condiciones del crédito ya contratado durante el fin de semana.
944,2025-07-11,BancoAndes,post_venta,Nadie en BancoAndes no me contacta para revisar como va mi producto contratado y no encuentro como resolverlo?! Pueden contactarme al +56 9 9831 9948.
945,2025-07-11,BancoAndes,comercial,Nadie en el área comercial no cumple con el beneficio que venía incluido en mi cuenta y esto ya me tiene bastante molesto el mes pasado.
946,2025-07-12,Banco  Andes ,ventas,	Un asesor comercial  de BancoAndes me contactó  fuera  de horario para  ofrecerme una  tarjeta nueva ayer.   
947,2025-07-12,BancoAndes,fraude_seguridad,Alguien hizo compras con mi tarjeta de BancoAndes que yo nunca autoricé lo cual me parece una falta de respeto hacia el cliente durante el fin de semana. 👎
948,2025-07-13,BancoAndes,tecnologia,El sistema de BancoAndes se demora muchísimo en cargar cualquier operación y hasta ahora nadie me ha dado una solución!! ⏳
949,2025-07-13,BancoAndes,tecnologia,EL SITIO WEB DE BANCOANDES MARCA ERROR DE SISTEMA CONSTANTEMENTE Y ESTO YA ME TIENE BASTANTE MOLESTO HACE UNOS DÍAS. 😞
950,2025-07-13,BANCOANDES,cobranza,"El  equipo de cobranza  de BancoAndes me cobró un interés  más  alto del que se había acordado el mes pasado.
Enviado desde mi celular Samsung"
951,2025-07-13,Banco  Andes ,pre_venta,Nadie en el área de cobranza de BancoAndes insiste en cobrar un monto que ya fue aclarado antes y hasta ahora nadie me ha dado una solución.
952,2025-07-13,BancoAndes,ventas,Un asesor comercial de BancoAndes me ofreció condiciones distintas a las que después aparecieron en el contrato esta semana.
953,2025-07-13,BANCOANDES,cobranza,UN REPRESENTANTE DE VENTAS DE BANCOANDES ME LLAMÓ PARA RENOVARME UN PRODUCTO SIN MI AUTORIZACIÓN EN LAS ÚLTIMAS SEMANAS.
954,2025-07-13,BancoAndes,comercial,El ejecutivo comercial cambió las condiciones comerciales sin avisarme!!
955,2025-07-13,Banco Andes,pre_venta,El area comercial de BancoAndes me dio informacion distinta a la que aparece en la pagina web durante el fin de semana.
956,2025-07-14,BancoAndes,tecnologia,La&nbsp;banca en línea de BancoAndes se cierra sola cada vez que intento pagar una cuenta y esto ya me tiene bastante molesto hace unos días.
957,2025-07-14,BancoAndes,tecnologia,"La clave digital de BancoAndes se demora muchísimo en cargar cualquier operación y no encuentro cómo resolverlo.
Enviado desde mi celular Samsung"
958,2025-07-14,BancoAndes,tecnologia,La aplicación de BancoAndes no me deja actualizar mis datos de contacto ayer.
959,2025-07-14,BancoAndes,cobranza,El departamento de cobranza de BancoAndes no corrige un error de facturación que ya reporté en las últimas semanas.<br>
960,2025-07-14,BancoAndes,post_venta,Nadie en BancoAndes no me da soporte con mis dudas después de contratar el producto y hasta ahora nadie me ha dado una solución.
961,2025-07-14,BancoAndes,fraude_seguridad,Un tercero uso mis datos para solicitar un producto en BancoAndes a mi nombre en las ultimas semanas.
962,2025-07-14,BancoAndes,comercial,El área comercial no cumple las condiciones pactadas para la renovación de mi producto ayer.
963,2025-07-14,BancoAndes,comercial,"El ejecutivo comercial  cambió  mi plan comercial sin  mi  consentimiento  y hasta ahora nadie  me  ha dado una solución.   
--
Atte, cliente BancoAndes"
964,2025-07-14,BancoAndes,comercial,BancoAndes me aplicó una comisión que no estaba en la oferta original sin que nadie del banco se haga responsable.
965,2025-07-15,BancoAndes,tecnologia,El sistema de BancoAndes no me deja actualizar mis datos de contacto hace unos días.
966,2025-07-15,BancoAndes,cobranza,El equipo de cobranza  de  BancoAndes no actualiza  mi historial después de pagar  la deuda y esto ya me tiene bastante molesto.   
967,2025-07-15,bancoandes,ventas,Un vendedor telefónico de BancoAndes insistió en ofrecerme un crédito de consumo sin que yo lo pidiera lo cual me parece una falta de respeto hacia el cliente.
968,2025-07-15,BancoAndes,ventas,	Un asesor comercial de BancoAndes me llamó para  renovarme un producto sin mi autorización  lo  cual me parece  una falta  de respeto hacia el  cliente. 😞
969,2025-07-15,BancoAndes,comercial,El equipo comercial cambio las condiciones comerciales sin avisarme y sigo esperando una respuesta el mes pasado. Mi rut es 16.190.658-9.
970,2025-07-15,BancoAndes,comercial,El ejecutivo comercial no cumple con el beneficio que venía incluido en mi cuenta y hasta ahora nadie me ha dado una solución.
971,2025-07-15,BancoAndes,pre_venta,	ALGUIEN  DEL EQUIPO DE INFORMACIONES DE BANCOANDES  ME  DIJO QUE ME LLAMARÍAN  CON  MÁS INFORMACIÓN  Y NUNCA LO  HICIERON  Y  HASTA AHORA  NADIE ME  HA DADO  UNA SOLUCIÓN  AYER!!! ⏳
972,2025-07-16,BancoAndes,tecnologia,La clave digital de BancoAndes se demora muchísimo en cargar cualquier operación en las últimas semanas.
973,2025-07-16,BancoAndes,tecnologia,LA APLICACION DE BANCOANDES LLEVA DIAS CAIDA Y NO PUEDO VER MIS MOVIMIENTOS HACE UNOS DIAS. Mi rut es 16.244.505-2.
974,2025-07-16,bancoandes,cobranza,El equipo de cobranza de BancoAndes no quiere regularizar mi deuda a pesar de que ya pagué esta semana.
975,2025-07-16,BancoAndes,cobranza,El  departamento de cobranza de BancoAndes  me cobra  comisiones  que no  estaban en  el  contrato original  y esto ya me tiene bastante molesto. N° de reclamo anterior: RC-41127.
976,2025-07-16,BancoAndes,post_venta,El equipo de seguimiento dejo de responder despues de que firme el contrato en las ultimas semanas.
977,2025-07-16,BancoAndes,ventas,"Alguien del equipo de ventas de BancoAndes me llamó insistentemente para ofrecerme una tarjeta que no pedí y esto ya me tiene bastante molesto.
Enviado desde mi celular Samsung"
978,2025-07-16,BancoAndes,fraude_seguridad,Una persona no autorizada obtuvo mis datos de BancoAndes sin que yo entregara esa información y no encuentro cómo resolverlo!!
979,2025-07-16,BancoAndes,pre_venta,El servicio de atención de BancoAndes no respondió mi solicitud de información sobre cuentas de ahorro hace unos días.
980,2025-07-16,BancoAndes,pre_venta,Un ejecutivo de BancoAndes no respondió mi solicitud de información sobre cuentas de ahorro en las últimas semanas.
981,2025-07-17,BancoAndes,tecnologia,El portal de clientes de BancoAndes no procesa correctamente mis pagos programados lo cual me parece una falta de respeto hacia el cliente.
982,2025-07-17,BancoAndes,cobranza,BancoAndes de BancoAndes no actualiza mi historial después de pagar la deuda y sigo esperando una respuesta hace unos días.
983,2025-07-17,BancoAndes,cobranza,El equipo de cobranza de BancoAndes me cobra intereses que no corresponden a mi situación lo cual me parece una falta de respeto hacia el cliente.
984,2025-07-17,BancoAndes,post_venta,BancoAndes no responde mis consultas de seguimiento sobre el crédito que ya tengo el mes pasado.
985,2025-07-17,BancoAndes,ventas,Alguien del equipo de ventas de BancoAndes siguió llamando después de que le dije que no me interesaba durante el fin de semana.
986,2025-07-18,BancoAndes,tecnologia,La banca en línea de BancoAndes no me deja actualizar mis datos de contacto esta semana.
987,2025-07-18,BancoAndes,post_venta,El equipo de  seguimiento  dejó  de responder después de que firmé el contrato y hasta ahora nadie me  ha  dado  una solución. Mi rut es 11.697.132-3.
988,2025-07-18,BancoAndes,ventas,UN&NBSP;VENDEDOR TELEFÓNICO DE BANCOANDES ME OFRECIÓ UN CRÉDITO HIPOTECARIO SIN QUE YO HUBIERA PREGUNTADO POR ESO DURANTE EL FIN DE SEMANA.
989,2025-07-18,BancoAndes,comercial,El equipo comercial no respeta el descuento comercial que me habían prometido al inicio el mes pasado.
990,2025-07-18,BancoAndes,pre_venta,"	El servicio de atencion  de BancoAndes  no me aclaro cuales eran  los documentos necesarios  para postular ayer.
Enviado desde mi celular Samsung"
991,2025-07-19,BancoAndes,comercial,"El área comercial no quiere renegociar las condiciones de mi crédito esta semana. ⏳
--
Atte, cliente BancoAndes Mi rut es 19.467.853-4."
992,2025-07-19,BancoAndes,comercial,	BancoAndes  desconoce el acuerdo comercial que  hice con un ejecutivo anterior  y hasta ahora  nadie me ha dado una solución ayer.
993,2025-07-19,BancoAndes,comercial,BancoAndes no cumple con el beneficio que venía incluido en mi cuenta en las últimas semanas.
994,2025-07-19,BancoAndes,fraude_seguridad,"Nadie en el área comercial no honra la promoción con la que me convencieron de cambiarme de banco hace unos días.
Gracias, espero respuesta pronto."
995,2025-07-19,BancoAndes,pre_venta,Un ejecutivo de BancoAndes ignoró mi consulta sobre los requisitos de un crédito hipotecario el mes pasado.
996,2025-07-19,BancoAndes,pre_venta,	Alguien del equipo de informaciones de BancoAndes me dijo que me llamarían  con  más información y  nunca lo hicieron y  sigo esperando una  respuesta  el mes pasado.   ...
997,2025-07-20,BancoAndes,tecnologia,El&nbsp;portal de clientes de BancoAndes se cierra sola cada vez que intento pagar una cuenta sin que nadie del banco se haga responsable durante el fin de semana. 😡
998,2025-07-20,BancoAndes,post_venta,El equipo de seguimiento no me da soporte con mis dudas despues de contratar el producto hace unos dias. 🙄
999,2025-07-20,BancoAndes,ventas,Un asesor comercial de BancoAndes insistió en ofrecerme un crédito de consumo sin que yo lo pidiera y sigo esperando una respuesta.<br> Mi rut es 23.695.621-0.
1000,2025-07-20,BancoAndes,ventas,Un ejecutivo de ventas de BancoAndes me llamó para renovarme un producto sin mi autorización sin que nadie del banco se haga responsable. 😠
1001,2025-07-20,BancoAndes,ventas,Un vendedor telefónico de BancoAndes me contactó para venderme un seguro que no solicité y esto ya me tiene bastante molesto hace unos días. 😡
1002,2025-07-20,BancoAndes,pre_venta,El área comercial de BancoAndes tardó semanas en responder mi consulta inicial.
1003,2025-07-20,BancoAndes,pre_venta,Un ejecutivo de  BancoAndes no me  explicó  bien los requisitos antes de  postular  a la tarjeta  y esto ya me tiene  bastante molesto. 😤
1004,2025-07-21,BancoAndes,post_venta,"El area de post venta me deja sin respuesta despues de haber aceptado el producto y hasta ahora nadie me ha dado una solucion durante el fin de semana. 👎
--
Atte, cliente BancoAndes"
1005,2025-07-21,BancoAndes,pre_venta,El equipo de seguimiento me deja sin  respuesta después de  haber aceptado el producto esta semana.   
1006,2025-07-21,BancoAndes,post_venta,El área de post venta me deja sin respuesta después de haber aceptado el producto lo cual me parece una falta de respeto hacia el cliente.
1007,2025-07-21,BancoAndes,post_venta,	El&nbsp;área de  post  venta  no da seguimiento a  mi  reclamo anterior sobre el  mismo producto  lo  cual me parece una falta de respeto hacia el cliente.    😤
1008,2025-07-21,bancoandes,ventas,Un representante de ventas de BancoAndes me llamó insistentemente para ofrecerme una tarjeta que no pedí?!
1009,2025-07-21,BancoAndes,fraude_seguridad,Un tercero uso mi tarjeta de BancoAndes sin mi autorizacion. Pueden contactarme al +56 9 9903 2415.
1010,2025-07-21,BancoAndes,pre_venta,<P>EL SERVICIO DE ATENCION DE BANCOANDES IGNORO MI CONSULTA SOBRE LOS REQUISITOS DE UN CREDITO HIPOTECARIO AYER.</P>
1011,2025-07-22,BancoAndes,tecnologia,El sistema de BancoAndes no procesa correctamente mis pagos programados y sigo esperando una respuesta ayer. Mi rut es 10.929.677-0.
1012,2025-07-22,BancoAndes,tecnologia,	La banca en línea  de BancoAndes  no carga mis transacciones  recientes y hasta ahora  nadie me ha dado una solución  esta  semana.<br>
1013,2025-07-22,BancoAndes,cobranza,	Nadie en  el área de cobranza de  BancoAndes me está cobrando una multa que no está  justificada  ayer.   
1014,2025-07-22,bancoandes,cobranza,Nadie en el área de cobranza de BancoAndes no quiere regularizar mi deuda a pesar de que ya pagué y hasta ahora nadie me ha dado una solución durante el fin de semana. 😤 N° de reclamo anterior: RC-88853.
1015,2025-07-22,BancoAndes,cobranza,BANCOANDES DE BANCOANDES NO CORRIGE UN ERROR DE FACTURACIÓN QUE YA REPORTÉ Y NO ENCUENTRO CÓMO RESOLVERLO. Mi rut es 14.783.693-1.
1016,2025-07-22,BANCOANDES,post_venta,<p>Nadie en BancoAndes no me explica como usar el producto que contrate hace poco hace unos dias.</p>
1017,2025-07-22,BancoAndes,ventas,Un asesor comercial de BancoAndes siguió llamando después de que le dije que no me interesaba y hasta ahora nadie me ha dado una solución en las últimas semanas?! Pueden contactarme al +56 9 8641 4631.
1018,2025-07-22,BancoAndes,ventas,	Un asesor comercial  de BancoAndes me ofreció una  tarjeta con beneficios que después no eran reales ayer. Mi rut es 19.696.373-1.
1019,2025-07-22,BANCOANDES,fraude_seguridad,Alguien  generó cargos  fraudulentos en mi  tarjeta  de BancoAndes y esto ya me tiene  bastante  molesto.   ?!
1020,2025-07-22,BancoAndes,tecnologia,<p>Nadie en el área comercial no reconoce el descuento por cliente antiguo que me habían asegurado y esto ya me tiene bastante molesto.</p>
1021,2025-07-22,BancoAndes,pre_venta,Un asesor de BancoAndes no me explico bien los requisitos antes de postular a la tarjeta en las ultimas semanas.
1022,2025-07-23,BancoAndes,cobranza,	El área de cobranza de BancoAndes  me cobra comisiones  que  no estaban en el contrato  original.   
1023,2025-07-23,Banco Andes,cobranza,Nadie en el área de cobranza de BancoAndes no responde mi solicitud de repactación de deuda y hasta ahora nadie me ha dado una solución en las últimas semanas.
1024,2025-07-23,BancoAndes,comercial,Alguien del equipo de informaciones de BancoAndes me dijo que me llamarian con mas informacion y nunca lo hicieron sin que nadie del banco se haga responsable.
1025,2025-07-24,BancoAndes,tecnologia,El sitio web de BancoAndes muestra información desactualizada de mi cuenta ayer. Mi rut es 23.678.522-8.
1026,2025-07-24,BancoAndes,cobranza,BancoAndes de BancoAndes no actualiza mi historial después de pagar la deuda esta semana.
1027,2025-07-24,BancoAndes,cobranza,"EL DEPARTAMENTO DE COBRANZA DE  BANCOANDES  ME COBRÓ DOS VECES LA MISMA  CUOTA HACE UNOS DÍAS.
Enviado desde mi celular Samsung"
1028,2025-07-24,BancoAndes,cobranza,BancoAndes de BancoAndes me cobra intereses que no corresponden a mi situación ayer. ⏳
1029,2025-07-24,BancoAndes,cobranza,"El área de cobranza de BancoAndes no quiere regularizar mi deuda a pesar de que ya pagué lo cual me parece una falta de respeto hacia el cliente?!
--
Atte, cliente BancoAndes"
1030,2025-07-24,BancoAndes,post_venta,Nadie  en BancoAndes me deja sin respuesta  después de haber aceptado el  producto  en las  últimas  semanas.
1031,2025-07-24,BancoAndes,ventas,Un ejecutivo de ventas de BancoAndes me llamó insistentemente para ofrecerme una tarjeta que no pedí lo cual me parece una falta de respeto hacia el cliente.
1032,2025-07-24,BancoAndes,pre_venta,Un vendedor telefonico de BancoAndes me contacto fuera de horario para ofrecerme una tarjeta nueva y hasta ahora nadie me ha dado una solucion durante el fin de semana.
1033,2025-07-24,BancoAndes,fraude_seguridad,Un desconocido hizo compras con mi tarjeta de BancoAndes que yo nunca autorice y sigo esperando una respuesta. ⏳
1034,2025-07-24,BancoAndes,fraude_seguridad,Un tercero cambió mi clave de BancoAndes sin que yo lo hiciera y sigo esperando una respuesta?!
1035,2025-07-25,BancoAndes,tecnologia,EL  SISTEMA DE BANCOANDES NO PERMITE DESCARGAR MIS COMPROBANTES DE PAGO Y HASTA  AHORA NADIE ME HA DADO UNA SOLUCIÓN.   
1036,2025-07-25,Banco  Andes ,cobranza,BANCOANDES DE BANCOANDES ME AMENAZA CON ACCIONES LEGALES POR UN MONTO INCORRECTO Y HASTA AHORA NADIE ME HA DADO UNA SOLUCIÓN.
1037,2025-07-25,BancoAndes,comercial,"El equipo de cobranza de BancoAndes me está cobrando una multa que no está justificada!!!
Enviado desde mi iPhone"
1038,2025-07-25,BancoAndes,cobranza,	Nadie  en el área de  cobranza  de BancoAndes no actualiza mi  historial  después  de  pagar  la deuda  ayer. N° de reclamo anterior: RC-20333.
1039,2025-07-25,BancoAndes,cobranza,"El departamento de cobranza de BancoAndes me amenaza con acciones legales por un monto incorrecto el mes pasado. 🙄
--
Atte, cliente BancoAndes"
1040,2025-07-25,BancoAndes,post_venta,Nadie en BancoAndes no resuelve mi duda sobre el estado de mi solicitud ya aprobada en las últimas semanas??? N° de reclamo anterior: RC-39538.
1041,2025-07-25,BancoAndes,ventas,Alguien del equipo de ventas de BancoAndes insistió en que aceptara un producto que ya había rechazado antes y sigo esperando una respuesta hace unos días.
1042,2025-07-26,BancoAndes,tecnologia,El portal de clientes de BancoAndes no genera mi cartola mensual y hasta ahora nadie me ha dado una solución esta semana.
1043,2025-07-26,BancoAndes,tecnologia,El sitio web de BancoAndes no carga mis transacciones recientes en las últimas semanas.<br>
1044,2025-07-26,Banco  Andes ,cobranza,	EL DEPARTAMENTO DE  COBRANZA  DE BANCOANDES ME AMENAZA  CON ACCIONES  LEGALES  POR  UN MONTO INCORRECTO  AYER.
1045,2025-07-26,BancoAndes,cobranza,El departamento de cobranza de BancoAndes me amenaza con acciones legales por un monto incorrecto y sigo esperando una respuesta en las ultimas semanas.
1046,2025-07-26,BancoAndes,tecnologia,Nadie en BancoAndes no me ayuda a entender los cobros de mi cuenta recién abierta.<br>
1047,2025-07-26,BancoAndes,comercial,Nadie en el área comercial cambió mi plan comercial sin mi consentimiento!!!
1048,2025-07-27,Banco Andes,tecnologia,El portal de clientes de BancoAndes se congela cada vez que intento hacer una transferencia sin que nadie del banco se haga responsable.
1049,2025-07-27,BancoAndes,tecnologia,La clave digital de BancoAndes no  reconoce mi clave aunque la  ingreso correctamente hace unos  días.   
1050,2025-07-27,BancoAndes,cobranza,El equipo de cobranza de BancoAndes no reconoce el pago que ya realicé lo cual me parece una falta de respeto hacia el cliente.
1051,2025-07-27,BancoAndes,cobranza,Nadie en el área de cobranza de BancoAndes me cobra intereses que no corresponden a mi situación durante el fin de semana.
1052,2025-07-27,BancoAndes,fraude_seguridad,Una persona no autorizada usó mis datos para solicitar un producto en BancoAndes a mi nombre.
1053,2025-07-27,BancoAndes,tecnologia,ALGUIEN VACIÓ PARTE DE MI CUENTA DE BANCOANDES Y EL BANCO NO ME HA DEVUELTO EL DINERO Y ESTO YA ME TIENE BASTANTE MOLESTO?! 😤
1054,2025-07-27,BancoAndes,comercial,EL EQUIPO COMERCIAL APLICÓ CONDICIONES DISTINTAS A LAS QUE FIGURABAN EN LA PROPUESTA COMERCIAL Y HASTA AHORA NADIE ME HA DADO UNA SOLUCIÓN AYER. Pueden contactarme al +56 9 1492 4341.
1055,2025-07-27,BancoAndes,comercial,El&nbsp;ejecutivo comercial no cumple las condiciones pactadas para la renovación de mi producto!!!
1056,2025-07-27,BancoAndes,fraude_seguridad,"Mi clave de BancoAndes cambió sola, y no me convence que el soporte técnico diga que fue solo un error."
1057,2025-07-28,BancoAndes,tecnologia,"El portal de clientes de BancoAndes se demora muchisimo en cargar cualquier operacion hace unos dias.
Enviado desde mi celular Samsung"
1058,2025-07-28,BancoAndes,tecnologia,El area de cobranza de BancoAndes no acepta renegociar mi deuda en condiciones razonables.
1059,2025-07-28,BancoAndes,post_venta,EL SERVICIO DE SOPORTE NO ME CONTACTA PARA REVISAR CÓMO VA MI PRODUCTO CONTRATADO EN LAS ÚLTIMAS SEMANAS. Pueden contactarme al +56 9 9776 6597.
1060,2025-07-28,BancoAndes,ventas,Un vendedor telefónico de BancoAndes me contactó fuera de horario para ofrecerme una tarjeta nueva y hasta ahora nadie me ha dado una solución.<br> 😠
1061,2025-07-28,BancoAndes,ventas,	Un vendedor telefónico de BancoAndes  me  ofreció una tarjeta con beneficios  que después no eran  reales esta  semana.    👎
1062,2025-07-28,BancoAndes,ventas,Un vendedor telefónico de BancoAndes siguió llamando después de que le dije que no me interesaba y hasta ahora nadie me ha dado una solución.
1063,2025-07-28,BancoAndes,fraude_seguridad,No&nbsp;se quien logro acceder a mi banca en linea de BancoAndes sin mi consentimiento.
1064,2025-07-29,BancoAndes,post_venta,El servicio de soporte no me entrega la información que me prometieron al firmar lo cual me parece una falta de respeto hacia el cliente durante el fin de semana.
1065,2025-07-29,BancoAndes,ventas,Alguien del equipo de ventas de BancoAndes me vendió un seguro sin explicarme bien las condiciones.
1066,2025-07-29,BancoAndes,ventas,Un&nbsp;vendedor telefónico de BancoAndes me contactó fuera de horario para ofrecerme una tarjeta nueva lo cual me parece una falta de respeto hacia el cliente el mes pasado. Mi rut es 21.743.863-0.
1067,2025-07-29,BancoAndes,ventas,"Alguien del equipo de ventas de BancoAndes me vendió un seguro sin explicarme bien las condiciones hace unos días.
Enviado desde mi celular Samsung"
1068,2025-07-29,BancoAndes,fraude_seguridad,	Alguien  generó cargos fraudulentos en  mi tarjeta de  BancoAndes lo cual  me  parece una falta  de respeto  hacia  el cliente.   
1069,2025-07-29,BancoAndes,pre_venta,Alguien del equipo de informaciones de BancoAndes me pidió los mismos documentos varias veces sin avanzar.
1070,2025-07-30,BancoAndes,tecnologia,La banca en línea de BancoAndes muestra información desactualizada de mi cuenta y no encuentro cómo resolverlo?!
1071,2025-07-30,BancoAndes,cobranza,El equipo de cobranza de BancoAndes me cobra intereses que no corresponden a mi situación sin que nadie del banco se haga responsable hace unos días???
1072,2025-07-30,BancoAndes,cobranza,El departamento de cobranza de BancoAndes no quiere regularizar mi deuda a pesar de que ya pagué sin que nadie del banco se haga responsable ayer.
1073,2025-07-30,BancoAndes,post_venta,"Despues de  firmar con BancoAndes, ni  el  sistema funciona  bien ni el equipo de  seguimiento  responde  mis mensajes.
Enviado desde mi celular Samsung"
1074,2025-07-31,Banco  Andes ,tecnologia,La banca en línea de BancoAndes no me permite autenticarme desde el celular y sigo esperando una respuesta???
1075,2025-07-31,BancoAndes,tecnologia,EL SISTEMA DE BANCOANDES NO ENVÍA EL CÓDIGO DE VERIFICACIÓN PARA INICIAR SESIÓN DURANTE EL FIN DE SEMANA.
1076,2025-07-31,BancoAndes,tecnologia,El sitio web de BancoAndes muestra informacion desactualizada de mi cuenta en las ultimas semanas. 😞 Pueden contactarme al +56 9 1369 2262.
1077,2025-07-31,BancoAndes,tecnologia,El sistema de BancoAndes no carga mis transacciones recientes y sigo esperando una respuesta el mes pasado.
1078,2025-07-31,Banco Andes,cobranza,El departamento de cobranza de BancoAndes me cobra comisiones que no estaban en el contrato original sin que nadie del banco se haga responsable.
1079,2025-07-31,BancoAndes,cobranza,Nadie en el área de cobranza de BancoAndes me está cobrando una multa que no está justificada hace unos días.
1080,2025-07-31,BANCOANDES,post_venta,El&nbsp;equipo de seguimiento no cumplió con el acompañamiento que me prometieron al contratar hace unos días.
1081,2025-07-31,BancoAndes,comercial,El área comercial no honra la promoción con la que me convencieron de cambiarme de banco.
1082,2025-07-31,BancoAndes,comercial,"El equipo comercial desconoce el acuerdo comercial que hice con un ejecutivo anterior ayer.
Enviado desde mi celular Samsung"
1083,2025-08-01,BancoAndes,tecnologia,LA CLAVE DIGITAL DE BANCOANDES SE DEMORA MUCHÍSIMO EN CARGAR CUALQUIER OPERACIÓN Y HASTA AHORA NADIE ME HA DADO UNA SOLUCIÓN.
1084,2025-08-01,BancoAndes,cobranza,BancoAndes de BancoAndes no responde mi solicitud de repactación de deuda ayer.
1085,2025-08-01,BancoAndes,post_venta,El servicio de soporte no me contacta para revisar cómo va mi producto contratado sin que nadie del banco se haga responsable en las últimas semanas.
1086,2025-08-01,BancoAndes,ventas,Un representante de ventas de BancoAndes me llamó de un número desconocido para ofrecerme un préstamo y no encuentro cómo resolverlo.
1087,2025-08-02,BancoAndes,tecnologia,El portal de clientes de BancoAndes no reconoce mi clave aunque la ingreso correctamente el mes pasado???
1088,2025-08-02,BancoAndes,tecnologia,LA CLAVE DIGITAL DE BANCOANDES LLEVA DÍAS CAÍDA Y NO PUEDO VER MIS MOVIMIENTOS SIN QUE NADIE DEL BANCO SE HAGA RESPONSABLE AYER.
1089,2025-08-02,BancoAndes,tecnologia,El portal de clientes de BancoAndes se cierra sola cada vez que intento pagar una cuenta sin que nadie del banco se haga responsable en las ultimas semanas.
1090,2025-08-02,BancoAndes,tecnologia,El&nbsp;sitio web de BancoAndes marca error de sistema constantemente y no encuentro cómo resolverlo hace unos días.
1091,2025-08-02,bancoandes,cobranza,"BancoAndes de BancoAndes no acepta renegociar mi deuda en condiciones razonables sin que nadie del banco se haga responsable.<br>
Enviado desde mi celular Samsung"
1092,2025-08-02,BancoAndes,cobranza,Nadie en el área de cobranza de BancoAndes insiste en cobrar un monto que ya fue aclarado antes ayer.
1093,2025-08-02,BancoAndes,post_venta,El servicio de soporte dejó de responder después de que firmé el contrato hace unos días.
1094,2025-08-02,BancoAndes,ventas,Alguien del equipo de ventas de BancoAndes me contactó varias veces el mismo día ofreciéndome productos distintos durante el fin de semana.
1095,2025-08-02,BancoAndes,ventas,Un representante de ventas de BancoAndes me llamó de un número desconocido para ofrecerme un préstamo sin que nadie del banco se haga responsable esta semana. Pueden contactarme al +56 9 9098 3644.
1096,2025-08-02,BancoAndes,ventas,Un representante de ventas de BancoAndes me contactó para venderme un seguro que no solicité y hasta ahora nadie me ha dado una solución.
1097,2025-08-02,BancoAndes,fraude_seguridad,Un tercero me contactó por phishing usando el nombre de BancoAndes sin que nadie del banco se haga responsable.
1098,2025-08-02,BancoAndes,comercial,El  ejecutivo comercial me aplicó  una comisión  que  no  estaba en la oferta  original durante el fin de semana.   ?!
1099,2025-08-02,BancoAndes,pre_venta,El servicio  de  atención  de  BancoAndes me remitió  a distintas áreas sin darme una respuesta clara  el mes  pasado.   
1100,2025-08-03,BancoAndes,cobranza,"El área de cobranza de BancoAndes no responde mi solicitud de repactación de deuda y no encuentro cómo resolverlo esta semana.
Gracias, espero respuesta pronto."
1101,2025-08-03,bancoandes,post_venta,El servicio de soporte me deja sin respuesta después de haber aceptado el producto y no encuentro cómo resolverlo... 🙄
1102,2025-08-03,BancoAndes,ventas,UN VENDEDOR TELEFÓNICO DE BANCOANDES ME OFRECIÓ UN CRÉDITO HIPOTECARIO SIN QUE YO HUBIERA PREGUNTADO POR ESO LO CUAL ME PARECE UNA FALTA DE RESPETO HACIA EL CLIENTE ESTA SEMANA.
1103,2025-08-03,BancoAndes,ventas,Un ejecutivo de ventas de BancoAndes insistió en que aceptara un producto que ya había rechazado antes y esto ya me tiene bastante molesto.
1104,2025-08-04,BancoAndes,tecnologia,La banca en línea de BancoAndes lleva días caída y no puedo ver mis movimientos el mes pasado.
1105,2025-08-04,BancoAndes,post_venta,El area de cobranza de BancoAndes no reconoce el pago que ya realice y hasta ahora nadie me ha dado una solucion.
1106,2025-08-04,BancoAndes,cobranza,El departamento de cobranza de BancoAndes me cobra intereses que no corresponden a mi situación y hasta ahora nadie me ha dado una solución hace unos días.
1107,2025-08-04,BancoAndes,post_venta,"Nadie en BancoAndes me deja sin respuesta después de haber aceptado el producto esta semana.
--
Atte, cliente BancoAndes"
1108,2025-08-04,BancoAndes,fraude_seguridad,Un vendedor telefonico de BancoAndes me contacto varias veces el mismo dia ofreciendome productos distintos lo cual me parece una falta de respeto hacia el cliente.
1109,2025-08-04,BancoAndes,ventas,UN VENDEDOR TELEFÓNICO DE BANCOANDES ME OFRECIÓ UN CRÉDITO HIPOTECARIO SIN QUE YO HUBIERA PREGUNTADO POR ESO Y HASTA AHORA NADIE ME HA DADO UNA SOLUCIÓN DURANTE EL FIN DE SEMANA.
1110,2025-08-04,BancoAndes,fraude_seguridad,Un tercero usó mi cuenta de BancoAndes para retiros que yo no hice y no encuentro cómo resolverlo en las últimas semanas.
1111,2025-08-04,BancoAndes,comercial,El ejecutivo comercial no quiere renegociar las condiciones de mi crédito???
1112,2025-08-04,BancoAndes,comercial,El ejecutivo comercial no cumple las condiciones pactadas para la renovación de mi producto y sigo esperando una respuesta en las últimas semanas.
1113,2025-08-04,BancoAndes,pre_venta,El servicio de atención de BancoAndes ignoró mi consulta sobre los requisitos de un crédito hipotecario hace unos días. 😠
1114,2025-08-04,BancoAndes,pre_venta,Un ejecutivo de BancoAndes tardó semanas en responder mi consulta inicial durante el fin de semana.
1115,2025-08-04,BancoAndes,pre_venta,	Llamé a BancoAndes por  información general y  el ejecutivo  pasó  directo a  intentar venderme algo.
1116,2025-08-05,Banco  Andes ,tecnologia,El sistema de BancoAndes no permite descargar mis comprobantes de pago ayer!!
1117,2025-08-05,BancoAndes,tecnologia,El portal de clientes de BancoAndes no envía el código de verificación para iniciar sesión sin que nadie del banco se haga responsable el mes pasado??? 🙄
1118,2025-08-05,BancoAndes,cobranza,El área de cobranza de BancoAndes insiste en cobrar un monto que ya fue aclarado antes y no encuentro cómo resolverlo el mes pasado.
1119,2025-08-05,BancoAndes,post_venta,EL SERVICIO DE SOPORTE NO CUMPLIÓ CON EL ACOMPAÑAMIENTO QUE ME PROMETIERON AL CONTRATAR EN LAS ÚLTIMAS SEMANAS.
1120,2025-08-05,BancoAndes,ventas,	Alguien del  equipo de  ventas de BancoAndes me llamó de un  número  desconocido  para ofrecerme un préstamo lo  cual  me parece una falta  de  respeto hacia el cliente.
1121,2025-08-05,BancoAndes,fraude_seguridad,Un tercero vació parte de mi cuenta de BancoAndes y el banco no me ha devuelto el dinero y hasta ahora nadie me ha dado una solución.
1122,2025-08-05,BancoAndes,fraude_seguridad,NO SÉ QUIÉN CLONÓ MI TARJETA DE BANCOANDES Y BANCOANDES NO REACCIONÓ A TIEMPO Y NO ENCUENTRO CÓMO RESOLVERLO EL MES PASADO.
1123,2025-08-05,BancoAndes,fraude_seguridad,Un tercero usó mi cuenta de BancoAndes para retiros que yo no hice en las últimas semanas.
1124,2025-08-06,BancoAndes,tecnologia,La aplicacion de BancoAndes no envia el codigo de verificacion para iniciar sesion. Mi rut es 23.916.742-2.
1125,2025-08-06,BancoAndes,ventas,LA BANCA EN LÍNEA DE BANCOANDES NO GENERA MI CARTOLA MENSUAL SIN QUE NADIE DEL BANCO SE HAGA RESPONSABLE!!!
1126,2025-08-06,BancoAndes,tecnologia,La aplicación de BancoAndes no me deja actualizar mis datos de contacto sin que nadie del banco se haga responsable.
1127,2025-08-06,BANCOANDES,post_venta,El área de post venta dejó de responder después de que firmé el contrato en las últimas semanas.<br>
1128,2025-08-06,BancoAndes,ventas,Un representante de ventas de BancoAndes insistió en que aceptara un producto que ya había rechazado antes y no encuentro cómo resolverlo!!! 😠
1129,2025-08-06,BANCOANDES,fraude_seguridad,	Alguien accedió  a mi  cuenta de BancoAndes  sin que yo  lo  autorizara y esto  ya  me tiene  bastante molesto.
1130,2025-08-07,BancoAndes,cobranza,NADIE EN EL ÁREA DE COBRANZA DE BANCOANDES ME COBRA INTERESES QUE NO CORRESPONDEN A MI SITUACIÓN Y ESTO YA ME TIENE BASTANTE MOLESTO ESTA SEMANA.
1131,2025-08-07,BancoAndes,cobranza,El área de cobranza de BancoAndes me cobra comisiones que no estaban en el contrato original esta semana.
1132,2025-08-07,BancoAndes,tecnologia,	El área de post  venta  no  resuelve mi duda  sobre  el estado de mi solicitud ya aprobada y esto  ya me  tiene bastante molesto.    👎
1133,2025-08-07,BancoAndes,ventas,Un representante de ventas de BancoAndes me ofrecio una tarjeta con beneficios que despues no eran reales lo cual me parece una falta de respeto hacia el cliente.
1134,2025-08-07,BancoAndes,ventas,<p>Un representante de ventas de BancoAndes me llamo insistentemente para ofrecerme una tarjeta que no pedi hace unos dias.</p>
1135,2025-08-07,BancoAndes,comercial,El área comercial desconoce el acuerdo comercial que hice con un ejecutivo anterior... N° de reclamo anterior: RC-67386.
1136,2025-08-07,BancoAndes,pre_venta,El área comercial de BancoAndes me pidió los mismos documentos varias veces sin avanzar en las últimas semanas.
1137,2025-08-07,BancoAndes,pre_venta,El área comercial de BancoAndes me dio una cotización que después no coincidía con la real el mes pasado.
1138,2025-08-08,BancoAndes,tecnologia,El sitio web de BancoAndes se demora muchísimo en cargar cualquier operación.
1139,2025-08-08,BancoAndes,tecnologia,La clave digital de BancoAndes no procesa correctamente mis pagos programados.
1140,2025-08-08,BancoAndes,tecnologia,	La clave digital de BancoAndes muestra información desactualizada  de mi cuenta  y no  encuentro cómo resolverlo  durante el fin de  semana. N° de reclamo anterior: RC-64454.
1141,2025-08-08,Banco Andes,cobranza,Nadie en el área de cobranza de BancoAndes me está cobrando una multa que no está justificada sin que nadie del banco se haga responsable.
1142,2025-08-08,BancoAndes,cobranza,El departamento de cobranza de BancoAndes no acepta renegociar mi deuda en condiciones razonables ayer.
1143,2025-08-08,BancoAndes,post_venta,	El  área de post venta no responde  mis llamadas  desde que contraté el seguro sin que nadie del banco se haga responsable esta  semana.    Mi rut es 23.784.937-6.
1144,2025-08-08,BancoAndes,ventas,UN VENDEDOR TELEFONICO DE BANCOANDES ME CONTACTO PARA VENDERME UN SEGURO QUE NO SOLICITE DURANTE EL FIN DE SEMANA... 🙄
1145,2025-08-08,BancoAndes,fraude_seguridad,Alguien genero cargos fraudulentos en mi tarjeta de BancoAndes hace unos dias.
1146,2025-08-08,BancoAndes,fraude_seguridad,Un desconocido usó mi cuenta de BancoAndes para retiros que yo no hice ayer. Mi rut es 18.732.887-4.
1147,2025-08-08,BancoAndes,fraude_seguridad,Un desconocido accedió a mi cuenta de BancoAndes sin que yo lo autorizara y hasta ahora nadie me ha dado una solución.
1148,2025-08-08,BancoAndes,comercial,Nadie  en  el  área comercial  no  honra  la  promoción con  la que me convencieron  de cambiarme  de banco  y esto ya me tiene bastante molesto.
1149,2025-08-08,BancoAndes,comercial,El equipo comercial me aplicó una comisión que no estaba en la oferta original en las últimas semanas. 😤
1150,2025-08-08,BancoAndes,pre_venta,El servicio de atencion de BancoAndes ignoro mi consulta sobre los requisitos de un credito hipotecario sin que nadie del banco se haga responsable. Pueden contactarme al +56 9 3609 1470.
1151,2025-08-09,BancoAndes,tecnologia,La banca en linea de BancoAndes no genera mi cartola mensual el mes pasado. 😠
1152,2025-08-09,BancoAndes,tecnologia,El sistema de BancoAndes no envía el código de verificación para iniciar sesión y sigo esperando una respuesta esta semana.
1153,2025-08-09,BancoAndes,ventas,Alguien del equipo de ventas de BancoAndes me presionó para aceptar un producto en la misma llamada sin que nadie del banco se haga responsable...
1154,2025-08-09,BancoAndes,fraude_seguridad,Un desconocido me contacto por phishing usando el nombre de BancoAndes lo cual me parece una falta de respeto hacia el cliente esta semana.
1155,2025-08-09,BancoAndes,comercial,El equipo comercial no aplica la tasa preferencial que se me ofreció al contratar.<br>
1156,2025-08-09,BancoAndes,comercial,El equipo comercial no cumple las condiciones pactadas para la renovación de mi producto y no encuentro cómo resolverlo.
1157,2025-08-09,BancoAndes,pre_venta,"Un asesor de BancoAndes no respondió mi solicitud de información sobre cuentas de ahorro y hasta ahora nadie me ha dado una solución.
Gracias, espero respuesta pronto."
1158,2025-08-09,BancoAndes,fraude_seguridad,"Alguien accedió a mi cuenta de BancoAndes sin autorización, aunque el banco dice que fue solo una falla técnica."
1159,2025-08-10,BancoAndes,tecnologia,"La banca en línea de BancoAndes lleva días caída y no puedo ver mis movimientos y esto ya me tiene bastante molesto.
--
Atte, cliente BancoAndes"
1160,2025-08-10,BancoAndes,cobranza,El área de cobranza de BancoAndes me amenaza con acciones legales por un monto incorrecto esta semana.
1161,2025-08-10,BancoAndes,cobranza,BANCOANDES DE BANCOANDES ME AMENAZA CON ACCIONES LEGALES POR UN MONTO INCORRECTO ESTA SEMANA.
1162,2025-08-10,BancoAndes,cobranza,BancoAndes de BancoAndes me cobra comisiones que no estaban en el contrato original sin que nadie del banco se haga responsable esta semana. Mi rut es 23.418.970-0.
1163,2025-08-10,BancoAndes,ventas,UN EJECUTIVO DE VENTAS DE BANCOANDES ME VENDIÓ UN SEGURO SIN EXPLICARME BIEN LAS CONDICIONES HACE UNOS DÍAS.
1164,2025-08-10,BancoAndes,ventas,Alguien del equipo de ventas de BancoAndes  insistió en que aceptara un producto que ya había rechazado  antes  hace unos días.
1165,2025-08-10,BancoAndes,pre_venta,Alguien del equipo de informaciones de BancoAndes ignoró mi consulta sobre los requisitos de un crédito hipotecario hace unos días.
1166,2025-08-11,BancoAndes,tecnologia,La aplicación de BancoAndes se congela cada vez que intento hacer una transferencia y sigo esperando una respuesta esta semana. 😤
1167,2025-08-11,Banco Andes,cobranza,Nadie en el área de cobranza de BancoAndes me cobra intereses que no corresponden a mi situación esta semana.
1168,2025-08-11,Banco Andes,ventas,Un vendedor telefonico de BancoAndes insistio en ofrecerme un credito de consumo sin que yo lo pidiera sin que nadie del banco se haga responsable en las ultimas semanas.
1169,2025-08-11,BancoAndes,fraude_seguridad,	Un desconocido intento  estafarme haciendose pasar por un  ejecutivo  de BancoAndes ayer.
1170,2025-08-11,BancoAndes,comercial,El equipo comercial no respeta el descuento comercial que me habían prometido al inicio.
1171,2025-08-12,BancoAndes,tecnologia,La aplicación de BancoAndes muestra información desactualizada de mi cuenta y esto ya me tiene bastante molesto.
1172,2025-08-12,BancoAndes,tecnologia,La banca en linea de BancoAndes lleva dias caida y no puedo ver mis movimientos esta semana!!!
1173,2025-08-12,BancoAndes,cobranza,El área de  cobranza de  BancoAndes  no actualiza mi historial después de  pagar la  deuda el mes  pasado.   
1174,2025-08-12,BancoAndes,post_venta,BancoAndes no me da soporte con mis dudas después de contratar el producto esta semana.
1175,2025-08-12,BancoAndes,fraude_seguridad,Un tercero accedió a mi cuenta de BancoAndes sin que yo lo autorizara en las últimas semanas.
1176,2025-08-12,BancoAndes,fraude_seguridad,Una&nbsp;persona  no autorizada logró acceder a mi banca en línea  de BancoAndes sin  mi consentimiento en  las últimas semanas.   
1177,2025-08-12,BANCOANDES,fraude_seguridad,	Una persona  no autorizada me contactó por  phishing  usando el nombre de BancoAndes y esto ya me tiene bastante  molesto  esta semana. N° de reclamo anterior: RC-23485.
1178,2025-08-12,Banco Andes,comercial,"El equipo comercial no reconoce el descuento por cliente antiguo que me habian asegurado y esto ya me tiene bastante molesto.
Enviado desde mi celular Samsung"
1179,2025-08-12,BancoAndes,comercial,BancoAndes no  respeta el plan comercial que  acordamos por  escrito lo cual me parece una falta de respeto  hacia  el cliente... Pueden contactarme al +56 9 9420 2973.
1180,2025-08-12,BancoAndes,ventas,"Me contactaron de BancoAndes para ""orientarme"" y terminé con un producto contratado sin quererlo."
1181,2025-08-13,BancoAndes,tecnologia,La aplicación de BancoAndes no me deja actualizar mis datos de contacto.
1182,2025-08-13,BancoAndes,post_venta,	El equipo de  seguimiento dejó de  responder después de  que firmé  el  contrato  y sigo esperando una respuesta.   
1183,2025-08-13,BancoAndes,comercial,El equipo comercial no honra la promocion con la que me convencieron de cambiarme de banco ayer!!! 😤 Pueden contactarme al +56 9 1975 3593.
1184,2025-08-14,BancoAndes,tecnologia,La banca en línea de BancoAndes no carga mis transacciones recientes esta semana.
1185,2025-08-14,BancoAndes,ventas,Un asesor comercial de BancoAndes me contactó para venderme un seguro que no solicité.
1186,2025-08-14,BancoAndes,ventas,UN ASESOR COMERCIAL DE BANCOANDES ME PRESIONÓ PARA ACEPTAR UN PRODUCTO EN LA MISMA LLAMADA Y NO ENCUENTRO CÓMO RESOLVERLO EL MES PASADO.
1187,2025-08-14,BancoAndes,fraude_seguridad,Alguien vació  parte de mi cuenta de BancoAndes y el banco  no  me  ha devuelto  el dinero esta semana.<br>  
1188,2025-08-14,BancoAndes,fraude_seguridad,Un desconocido  logró acceder a mi banca  en línea de BancoAndes  sin mi consentimiento.
1189,2025-08-14,BancoAndes,comercial,El equipo comercial no respeta el descuento comercial que me habían prometido al inicio esta semana...
1190,2025-08-14,BancoAndes,comercial,Nadie en el area comercial no cumple las condiciones pactadas para la renovacion de mi producto.
1191,2025-08-14,BancoAndes,pre_venta,Un asesor de BancoAndes no me explico bien los requisitos antes de postular a la tarjeta y esto ya me tiene bastante molesto. Pueden contactarme al +56 9 9467 9000.
1192,2025-08-15,BancoAndes,tecnologia,"La clave digital de BancoAndes muestra información desactualizada de mi cuenta y hasta ahora nadie me ha dado una solución ayer.
Enviado desde mi celular Samsung"
1193,2025-08-15,BancoAndes,tecnologia,La banca en línea de BancoAndes no envía el código de verificación para iniciar sesión el mes pasado.
1194,2025-08-15,BancoAndes,ventas,La clave digital de BancoAndes no envía el código de verificación para iniciar sesión ayer!!
1195,2025-08-15,BancoAndes,post_venta,El sitio web de BancoAndes no carga mis transacciones recientes hace unos días.
1196,2025-08-15,Banco  Andes ,cobranza,<p>El equipo de cobranza de BancoAndes no responde mi solicitud de repactación de deuda hace unos días.</p>
1197,2025-08-15,BancoAndes,fraude_seguridad,Un tercero uso mi cuenta de BancoAndes para retiros que yo no hice.
1198,2025-08-15,BancoAndes,fraude_seguridad,No sé quién vació parte de mi  cuenta de BancoAndes  y el  banco no me  ha devuelto el dinero  durante el fin  de semana.   
1199,2025-08-15,bancoandes,comercial,"	El área comercial no cumple con el  beneficio que venía incluido en mi cuenta en  las  últimas semanas.
Enviado desde mi celular Samsung"
1200,2025-08-15,BancoAndes,pre_venta,	El servicio de atención  de BancoAndes nunca me contactó  después  de pedir información sobre  un crédito.    😞
1201,2025-08-16,BancoAndes,tecnologia,El sistema de BancoAndes no envía el código de verificación para iniciar sesión en las últimas semanas.
1202,2025-08-16,BancoAndes,tecnologia,El sistema de BancoAndes lleva días caída y no puedo ver mis movimientos lo cual me parece una falta de respeto hacia el cliente.
1203,2025-08-16,bancoandes,tecnologia,"La clave digital  de BancoAndes  lleva días  caída y  no puedo ver  mis movimientos sin que nadie  del banco  se  haga responsable???
Gracias, espero respuesta pronto."
1204,2025-08-16,BancoAndes,fraude_seguridad,"El área de cobranza de BancoAndes insiste en cobrar un monto que ya fue aclarado antes lo cual me parece una falta de respeto hacia el cliente esta semana.
Enviado desde mi celular Samsung Mi rut es 16.132.410-4."
1205,2025-08-16,BancoAndes,ventas,Un ejecutivo de ventas de BancoAndes siguio llamando despues de que le dije que no me interesaba hace unos dias.
1206,2025-08-16,BancoAndes,comercial,El área comercial cambió las condiciones comerciales sin avisarme en las últimas semanas.
1207,2025-08-16,BancoAndes,pre_venta,	Alguien del equipo de informaciones  de BancoAndes ignoró mi consulta  sobre  los requisitos  de  un  crédito hipotecario  en las últimas  semanas.   
1208,2025-08-16,BancoAndes,cobranza,BancoAndes me cobró dos veces el mismo mes y no me queda claro si fue un error administrativo o alguien accedió a mi cuenta.
1209,2025-08-17,Banco Andes,tecnologia,La banca en línea de BancoAndes se cierra sola cada vez que intento pagar una cuenta durante el fin de semana. 🙄
1210,2025-08-17,Banco  Andes ,tecnologia,La aplicación de BancoAndes se demora muchísimo en cargar cualquier operación lo cual me parece una falta de respeto hacia el cliente...
1211,2025-08-17,BancoAndes,post_venta,EL ÁREA DE POST VENTA DEJÓ DE RESPONDER DESPUÉS DE QUE FIRMÉ EL CONTRATO EL MES PASADO.
1212,2025-08-17,BancoAndes,ventas,Alguien del equipo de ventas de BancoAndes insistió en ofrecerme un crédito de consumo sin que yo lo pidiera y no encuentro cómo resolverlo en las últimas semanas.
1213,2025-08-18,BancoAndes,fraude_seguridad,Un desconocido generó  cargos fraudulentos en mi tarjeta de BancoAndes  y esto ya  me tiene  bastante molesto. Pueden contactarme al +56 9 1993 1115.
1214,2025-08-19,BancoAndes,tecnologia,El sitio web de BancoAndes no envía el código de verificación para iniciar sesión y hasta ahora nadie me ha dado una solución en las últimas semanas.
1215,2025-08-19,BancoAndes,ventas,Un asesor comercial de BancoAndes me llamo insistentemente para ofrecerme una tarjeta que no pedi hace unos dias. ⏳
1216,2025-08-19,BancoAndes,ventas,Un ejecutivo de ventas de BancoAndes me contactó varias veces el mismo día ofreciéndome productos distintos y no encuentro cómo resolverlo.
1217,2025-08-20,BancoAndes,post_venta,Nadie en BancoAndes no resuelve mi duda sobre el estado de mi solicitud ya aprobada y esto ya me tiene bastante molesto.
1218,2025-08-20,BancoAndes,post_venta,El equipo de seguimiento no responde mis llamadas desde que contraté el seguro ayer.
1219,2025-08-20,BancoAndes,ventas,Alguien del equipo de ventas de BancoAndes siguio llamando despues de que le dije que no me interesaba en las ultimas semanas. Mi rut es 17.304.246-K.
1220,2025-08-21,BancoAndes,tecnologia,La  aplicación de  BancoAndes no envía  el código de verificación para iniciar sesión en las últimas  semanas.   
1221,2025-08-21,BancoAndes,cobranza,El&nbsp;departamento de cobranza de BancoAndes no responde mi solicitud de repactación de deuda lo cual me parece una falta de respeto hacia el cliente.
1222,2025-08-21,BANCOANDES,cobranza,	El equipo de  cobranza  de BancoAndes no responde  mi solicitud  de  repactación  de deuda sin  que nadie  del banco  se haga responsable. Mi rut es 15.611.444-0.
1223,2025-08-21,BANCOANDES,post_venta,Nadie  en BancoAndes no resuelve  mi duda sobre el estado de mi solicitud ya aprobada  sin  que nadie del banco se  haga responsable esta semana.   
1224,2025-08-21,BancoAndes,pre_venta,Un asesor de BancoAndes tardó semanas en responder mi consulta inicial y esto ya me tiene bastante molesto.
1225,2025-08-21,BancoAndes,ventas,El área comercial de BancoAndes ignoró mi consulta sobre los requisitos de un crédito hipotecario el mes pasado...
1226,2025-08-22,BANCOANDES,post_venta,BancoAndes&nbsp;no cumplió con el acompañamiento que me prometieron al contratar en las últimas semanas. 😠
1227,2025-08-22,BancoAndes,fraude_seguridad,No sé quién cambió mi clave de BancoAndes sin que yo lo hiciera.
1228,2025-08-22,BancoAndes,fraude_seguridad,No sé quién usó mi tarjeta de BancoAndes sin mi autorización esta semana.
1229,2025-08-22,BancoAndes,comercial,"	El ejecutivo comercial  desconoce el acuerdo  comercial  que hice con  un ejecutivo  anterior durante el  fin  de semana.    ⏳
--
Atte, cliente BancoAndes"
1230,2025-08-23,BancoAndes,pre_venta,BancoAndes de BancoAndes no responde mi solicitud de repactación de deuda sin que nadie del banco se haga responsable.
1231,2025-08-23,BancoAndes,fraude_seguridad,Un desconocido clonó mi tarjeta de BancoAndes y BancoAndes no reaccionó a tiempo y sigo esperando una respuesta el mes pasado. ⏳
1232,2025-08-23,BancoAndes,fraude_seguridad,No sé quién intentó estafarme  haciéndose  pasar por un ejecutivo de BancoAndes  lo  cual me parece una falta de  respeto hacia el cliente  en  las últimas semanas.
1233,2025-08-23,BancoAndes,comercial,El área comercial no cumple con el beneficio que venía incluido en mi cuenta lo cual me parece una falta de respeto hacia el cliente.
1234,2025-08-24,BancoAndes,cobranza,El área de cobranza de BancoAndes no corrige un error de facturación que ya reporté sin que nadie del banco se haga responsable.
1235,2025-08-24,BancoAndes,cobranza,El departamento de cobranza de BancoAndes me cobra intereses que no corresponden a mi situación en las últimas semanas.
1236,2025-08-24,BancoAndes,post_venta,"El área de post venta no me ayuda a entender los cobros de mi cuenta recién abierta y sigo esperando una respuesta.
--
Atte, cliente BancoAndes"
1237,2025-08-24,BancoAndes,ventas,Un vendedor telefónico de BancoAndes me llamó de un número desconocido para ofrecerme un préstamo lo cual me parece una falta de respeto hacia el cliente!!
1238,2025-08-24,BancoAndes,ventas,Alguien del equipo de ventas de BancoAndes siguió llamando después de que le dije que no me interesaba y sigo esperando una respuesta en las últimas semanas.
1239,2025-08-24,BANCOANDES,fraude_seguridad,Alguien usó mi cuenta de BancoAndes para retiros que yo no hice.
1240,2025-08-24,BancoAndes,fraude_seguridad,Un&nbsp;desconocido me contacto por phishing usando el nombre de BancoAndes el mes pasado. ⏳
1241,2025-08-24,BancoAndes,pre_venta,El área comercial de BancoAndes me remitió a distintas áreas sin darme una respuesta clara sin que nadie del banco se haga responsable. 😞
1242,2025-08-24,BancoAndes,pre_venta,El servicio de atención de BancoAndes no me explicó las diferencias entre los planes disponibles ayer. 🙄 N° de reclamo anterior: RC-65719.
1243,2025-08-25,BancoAndes,tecnologia,El sitio web de BancoAndes se cierra sola cada vez que intento pagar una cuenta y no encuentro cómo resolverlo ayer.
1244,2025-08-25,BancoAndes,tecnologia,El portal de clientes de BancoAndes se congela cada vez que intento hacer una transferencia y hasta ahora nadie me ha dado una solución. 😡
1245,2025-08-25,Banco  Andes ,tecnologia,El portal de clientes de BancoAndes no me deja actualizar mis datos de contacto y hasta ahora nadie me ha dado una solución.
1246,2025-08-25,BancoAndes,ventas,Un asesor comercial de BancoAndes insistió en que aceptara un producto que ya había rechazado antes esta semana.
1247,2025-08-25,bancoandes,fraude_seguridad,Alguien vació parte de mi cuenta de BancoAndes y el banco no me ha devuelto el dinero.
1248,2025-08-25,BancoAndes,fraude_seguridad,<p>	No sé quién  realizó una  transferencia desde mi  cuenta de  BancoAndes que no reconozco lo  cual  me parece  una falta de  respeto  hacia el cliente???</p>
1249,2025-08-25,BancoAndes,pre_venta,Alguien del equipo de informaciones de BancoAndes no me aclaró cuáles eran los documentos necesarios para postular el mes pasado.<br>
1250,2025-08-25,Banco Andes,pre_venta,"El servicio de atención de BancoAndes nunca me contactó después de pedir información sobre un crédito en las últimas semanas.
--
Atte, cliente BancoAndes"
1251,2025-08-26,BancoAndes,tecnologia,La clave digital de BancoAndes no procesa correctamente mis pagos programados sin que nadie del banco se haga responsable.
1252,2025-08-26,BancoAndes,post_venta,	EL EQUIPO  DE SEGUIMIENTO NO DA SEGUIMIENTO A MI RECLAMO  ANTERIOR  SOBRE EL  MISMO  PRODUCTO.   ???
1253,2025-08-26,BancoAndes,post_venta,Nadie  en BancoAndes  no me entrega la información que me  prometieron al firmar y no  encuentro cómo resolverlo el  mes pasado.
1254,2025-08-26,BancoAndes,post_venta,El equipo de seguimiento ignora mis mensajes desde que activé la cuenta nueva...
1255,2025-08-26,BancoAndes,comercial,BancoAndes desconoce el acuerdo comercial que hice con un ejecutivo anterior esta semana. 😡
1256,2025-08-26,BancoAndes,pre_venta,El área comercial de BancoAndes me dio información distinta a la que aparece en la página web en las últimas semanas.
1257,2025-08-26,Banco  Andes ,pre_venta,"El servicio de atención de BancoAndes me dio una cotización que después no coincidía con la real y no encuentro cómo resolverlo hace unos días. 🙄
Gracias, espero respuesta pronto. Mi rut es 23.280.486-6."
1258,2025-08-27,BancoAndes,cobranza,	BancoAndes  de BancoAndes no reconoce el  pago que  ya  realicé el mes pasado.
1259,2025-08-27,BancoAndes,pre_venta,El  area comercial  de BancoAndes  tardo  semanas en responder mi consulta inicial sin que nadie  del banco se  haga  responsable el  mes pasado.
1260,2025-08-28,BancoAndes,fraude_seguridad,No sé quién usó mi cuenta de BancoAndes para retiros que yo no hice???
1261,2025-08-28,Banco  Andes ,comercial,El área comercial no respeta el plan comercial que acordamos por escrito durante el fin de semana??? Pueden contactarme al +56 9 4061 9617.
1262,2025-08-28,BancoAndes,pre_venta,El área comercial de BancoAndes no me informó sobre los costos asociados antes de que decidiera durante el fin de semana.
1263,2025-08-28,BancoAndes,pre_venta,	UN ASESOR DE  BANCOANDES  IGNORÓ MI  CONSULTA SOBRE LOS REQUISITOS DE UN  CRÉDITO HIPOTECARIO Y  NO ENCUENTRO CÓMO RESOLVERLO EL  MES PASADO.
1264,2025-08-29,BancoAndes,tecnologia,	La banca en línea de BancoAndes  se demora  muchísimo en cargar cualquier operación y esto ya me  tiene bastante  molesto  el mes pasado???
1265,2025-08-29,BancoAndes,cobranza,"BancoAndes de BancoAndes me cobro dos veces la misma cuota y hasta ahora nadie me ha dado una solucion hace unos dias.
--
Atte, cliente BancoAndes"
1266,2025-08-29,BancoAndes,post_venta,El área de post venta no cumplió con el acompañamiento que me prometieron al contratar lo cual me parece una falta de respeto hacia el cliente. N° de reclamo anterior: RC-81567.
1267,2025-08-29,BancoAndes,post_venta,"El equipo de seguimiento no resuelve mi duda sobre el estado de mi solicitud ya aprobada y sigo esperando una respuesta.
Enviado desde mi iPhone"
1268,2025-08-29,BancoAndes,ventas,Un ejecutivo de ventas de BancoAndes me vendió un seguro sin explicarme bien las condiciones durante el fin de semana.
1269,2025-08-29,BancoAndes,comercial,El equipo comercial no cumple las condiciones pactadas para la renovación de mi producto durante el fin de semana.
1270,2025-08-29,BancoAndes,pre_venta,"EL ÁREA COMERCIAL DE BANCOANDES ME PIDIÓ LOS MISMOS DOCUMENTOS VARIAS VECES SIN AVANZAR Y NO ENCUENTRO CÓMO RESOLVERLO HACE UNOS DÍAS. 😞
Gracias, espero respuesta pronto."
1271,2025-08-30,BANCOANDES,tecnologia,La clave digital de BancoAndes no envía el código de verificación para iniciar sesión lo cual me parece una falta de respeto hacia el cliente durante el fin de semana. ⏳
1272,2025-08-30,BancoAndes,post_venta,El area de post venta no resuelve mi duda sobre el estado de mi solicitud ya aprobada ayer?!
1273,2025-08-30,BancoAndes,post_venta,BancoAndes no responde mis consultas de seguimiento sobre el crédito que ya tengo y sigo esperando una respuesta.<br>
1274,2025-08-30,BancoAndes,post_venta,El servicio de soporte no cumplió con el acompañamiento que me prometieron al contratar hace unos días.
1275,2025-08-30,BancoAndes,ventas,Un asesor comercial  de BancoAndes  me ofreció una tarjeta con beneficios que después  no eran reales durante  el  fin  de semana.   
1276,2025-08-30,BancoAndes,fraude_seguridad,	No  sé quién intentó estafarme haciéndose pasar por  un  ejecutivo  de  BancoAndes y esto ya me  tiene bastante  molesto hace unos días.
1277,2025-08-30,BancoAndes,fraude_seguridad,Un desconocido me contactó por phishing usando el nombre de BancoAndes y sigo esperando una respuesta en las últimas semanas.
1278,2025-08-30,BancoAndes,pre_venta,Alguien del equipo de informaciones de BancoAndes no me explicó las diferencias entre los planes disponibles.
1279,2025-08-31,BancoAndes,tecnologia,La clave digital de BancoAndes no  me deja actualizar mis datos de contacto  y  no encuentro cómo resolverlo  esta  semana.    Pueden contactarme al +56 9 7333 8856.
1280,2025-08-31,BancoAndes,post_venta,	El equipo de seguimiento  dejó  de  responder después de que firmé el contrato esta  semana.
1281,2025-08-31,BancoAndes,ventas,Un ejecutivo de ventas de BancoAndes me ofreció un crédito hipotecario sin que yo hubiera preguntado por eso lo cual me parece una falta de respeto hacia el cliente. Pueden contactarme al +56 9 6442 3942.
1282,2025-08-31,BancoAndes,ventas,"Un ejecutivo de ventas de BancoAndes me presionó para aceptar un producto en la misma llamada y sigo esperando una respuesta.
--
Atte, cliente BancoAndes"
1283,2025-08-31,BancoAndes,ventas,Un asesor comercial de BancoAndes me contactó para venderme un seguro que no solicité y sigo esperando una respuesta.
1284,2025-08-31,BancoAndes,ventas,UN  VENDEDOR TELEFÓNICO DE  BANCOANDES ME CONTACTÓ  PARA  VENDERME  UN SEGURO  QUE NO SOLICITÉ  Y NO ENCUENTRO CÓMO RESOLVERLO AYER.   
1285,2025-08-31,BancoAndes,fraude_seguridad,No se quien me contacto por phishing usando el nombre de BancoAndes en las ultimas semanas.
1286,2025-08-31,BANCOANDES,pre_venta,Alguien del equipo de informaciones de BancoAndes no me explicó bien los requisitos antes de postular a la tarjeta.
1287,2025-09-01,BancoAndes,cobranza,BancoAndes de BancoAndes me cobra intereses que no corresponden a mi situación y esto ya me tiene bastante molesto.
1288,2025-09-01,BancoAndes,cobranza,EL ÁREA DE POST VENTA NO ME ENTREGA LA INFORMACIÓN QUE ME PROMETIERON AL FIRMAR ESTA SEMANA!!
1289,2025-09-01,BancoAndes,comercial,El área comercial no honra la promoción con la que me convencieron de cambiarme de banco y esto ya me tiene bastante molesto. N° de reclamo anterior: RC-64441.
1290,2025-09-01,BancoAndes,pre_venta,El área comercial de BancoAndes me remitió a distintas áreas sin darme una respuesta clara. ⏳
1291,2025-09-02,BancoAndes,tecnologia,La aplicación de BancoAndes se cierra sola cada vez que intento pagar una cuenta y hasta ahora nadie me ha dado una solución.
1292,2025-09-02,BancoAndes,fraude_seguridad,El departamento de cobranza de BancoAndes me amenaza con acciones legales por un monto incorrecto en las últimas semanas!!!
1293,2025-09-02,BancoAndes,cobranza,BancoAndes de BancoAndes me está cobrando una multa que no está justificada lo cual me parece una falta de respeto hacia el cliente. 👎
1294,2025-09-02,BancoAndes,cobranza,NADIE EN EL ÁREA DE COBRANZA DE BANCOANDES NO ACTUALIZA MI HISTORIAL DESPUÉS DE PAGAR LA DEUDA HACE UNOS DÍAS.
1295,2025-09-02,BancoAndes,post_venta,El área de post venta no me ayuda a entender los cobros de mi cuenta recién abierta y no encuentro cómo resolverlo hace unos días.
1296,2025-09-02,BancoAndes,ventas,Alguien del equipo de ventas de BancoAndes me vendió un seguro sin explicarme bien las condiciones esta semana...
1297,2025-09-02,BancoAndes,ventas,Un ejecutivo de ventas de BancoAndes me llamo insistentemente para ofrecerme una tarjeta que no pedi hace unos dias.
1298,2025-09-02,bancoandes,ventas,Un ejecutivo de ventas de BancoAndes me llamo de un numero desconocido para ofrecerme un prestamo en las ultimas semanas.
1299,2025-09-02,Banco  Andes ,comercial,Nadie en el área comercial me aplicó una comisión que no estaba en la oferta original.
1300,2025-09-02,Banco  Andes ,pre_venta,El servicio de atención de BancoAndes no me explicó las diferencias entre los planes disponibles y hasta ahora nadie me ha dado una solución.
1301,2025-09-03,BancoAndes,tecnologia,El sitio web de BancoAndes muestra información desactualizada de mi cuenta y no encuentro cómo resolverlo. 👎
1302,2025-09-03,BancoAndes,tecnologia,El sitio web de BancoAndes no permite descargar mis comprobantes de pago en las últimas semanas.
1303,2025-09-03,BancoAndes,cobranza,Nadie en el área de cobranza de BancoAndes me cobró dos veces la misma cuota lo cual me parece una falta de respeto hacia el cliente durante el fin de semana.
1304,2025-09-03,BancoAndes,post_venta,El servicio de soporte no cumplió con el acompañamiento que me prometieron al contratar sin que nadie del banco se haga responsable.
1305,2025-09-03,BancoAndes,comercial,El área de post venta no da seguimiento a mi reclamo anterior sobre el mismo producto durante el fin de semana.
1306,2025-09-03,BancoAndes,post_venta,El equipo de seguimiento ignora mis mensajes desde que activé la cuenta nueva y esto ya me tiene bastante molesto ayer.
1307,2025-09-03,Banco  Andes ,comercial,BancoAndes no cumple con el beneficio que venía incluido en mi cuenta esta semana.
1308,2025-09-03,BancoAndes,pre_venta,Un ejecutivo de BancoAndes no respondió mi solicitud de información sobre cuentas de ahorro.
1309,2025-09-03,BancoAndes,pre_venta,Un asesor de BancoAndes no me explicó las diferencias entre los planes disponibles.
1310,2025-09-03,BancoAndes,pre_venta,Un asesor de BancoAndes me dio información distinta a la que aparece en la página web y hasta ahora nadie me ha dado una solución esta semana.
1311,2025-09-04,BANCOANDES,tecnologia,"	El portal de clientes  de BancoAndes  no carga mis  transacciones recientes y hasta  ahora  nadie me ha dado una  solucion.   
Enviado desde mi celular Samsung"
1312,2025-09-04,BancoAndes,tecnologia,	El  sitio web  de BancoAndes no  me permite autenticarme desde el celular hace unos dias.   
1313,2025-09-04,BancoAndes,tecnologia,La banca  en línea  de  BancoAndes  no reconoce mi clave aunque la  ingreso correctamente en las últimas semanas. Mi rut es 25.278.349-1.
1314,2025-09-04,BancoAndes,cobranza,BancoAndes de BancoAndes no corrige un error de facturación que ya reporté hace unos días.
1315,2025-09-04,BancoAndes,cobranza,El área de cobranza de BancoAndes no corrige un error de facturación que ya reporté y esto ya me tiene bastante molesto hace unos días.
1316,2025-09-04,BANCOANDES,ventas,Un representante de ventas de BancoAndes me llamo de un numero desconocido para ofrecerme un prestamo lo cual me parece una falta de respeto hacia el cliente.
1317,2025-09-04,BancoAndes,pre_venta,Un ejecutivo de ventas de BancoAndes me llamo de un numero desconocido para ofrecerme un prestamo!!!
1318,2025-09-05,BancoAndes,tecnologia,	La aplicación de BancoAndes  no me permite  autenticarme desde el  celular  y hasta  ahora nadie me  ha dado una  solución. Mi rut es 19.559.501-4.
1319,2025-09-05,BancoAndes,cobranza,El equipo de cobranza de BancoAndes me cobró dos veces la misma cuota.
1320,2025-09-05,BancoAndes,cobranza,Nadie en el área de cobranza de BancoAndes me amenaza con acciones legales por un monto incorrecto en las últimas semanas.
1321,2025-09-05,Banco Andes,cobranza,El departamento de cobranza de BancoAndes no acepta renegociar mi deuda en condiciones razonables durante el fin de semana!!!
1322,2025-09-05,Banco Andes,ventas,Un asesor comercial de BancoAndes siguio llamando despues de que le dije que no me interesaba en las ultimas semanas.
1323,2025-09-05,BancoAndes,comercial,Nadie en el área comercial no honra la promoción con la que me convencieron de cambiarme de banco.
1324,2025-09-05,BancoAndes,comercial,El equipo comercial no cumple con el beneficio que venía incluido en mi cuenta durante el fin de semana.
1325,2025-09-05,Banco Andes,pre_venta,Un ejecutivo de BancoAndes me dio una cotización que después no  coincidía con la real.   
1326,2025-09-06,BancoAndes,tecnologia,"	El portal  de  clientes de BancoAndes se  cierra  sola  cada vez que intento pagar una  cuenta  durante  el  fin de semana!!
--
Atte, cliente BancoAndes"
1327,2025-09-06,BancoAndes,cobranza,	BancoAndes de BancoAndes me amenaza con  acciones legales  por  un  monto incorrecto el mes pasado.   ...
1328,2025-09-06,BANCOANDES,ventas,Un vendedor telefónico de BancoAndes insistió en ofrecerme un crédito de consumo sin que yo lo pidiera esta semana. Pueden contactarme al +56 9 4879 4081.
1329,2025-09-06,BancoAndes,ventas,Un representante de ventas de BancoAndes me ofreció un crédito hipotecario sin que yo hubiera preguntado por eso sin que nadie del banco se haga responsable. N° de reclamo anterior: RC-84127.
1330,2025-09-06,BancoAndes,fraude_seguridad,Un desconocido usó mis datos para solicitar un producto en BancoAndes a mi nombre.
1331,2025-09-06,BancoAndes,fraude_seguridad,Un desconocido usó mis datos para solicitar un producto en BancoAndes a mi nombre ayer. N° de reclamo anterior: RC-23486.
1332,2025-09-07,BancoAndes,tecnologia,La banca en linea de BancoAndes se cierra sola cada vez que intento pagar una cuenta?!
1333,2025-09-07,BancoAndes,cobranza,<p>El equipo de cobranza de BancoAndes sigue enviándome cartas de cobro por una deuda pagada sin que nadie del banco se haga responsable.</p>
1334,2025-09-07,BancoAndes,post_venta,El equipo de seguimiento  no me explica cómo usar el producto que contraté  hace poco.
1335,2025-09-07,BancoAndes,ventas,Un representante de ventas de BancoAndes me ofreció una tarjeta con beneficios que después no eran reales. 😡
1336,2025-09-07,Banco Andes,pre_venta,Un tercero uso mis datos para solicitar un producto en BancoAndes a mi nombre.
1337,2025-09-07,BancoAndes,fraude_seguridad,<p>Un tercero logró acceder a mi banca en línea de BancoAndes sin mi consentimiento y sigo esperando una respuesta en las últimas semanas.</p>
1338,2025-09-07,BancoAndes,pre_venta,	Nadie en el área comercial no honra la promoción con la que  me convencieron de cambiarme de  banco durante el fin de semana.   
1339,2025-09-07,BancoAndes,pre_venta,Alguien del equipo de informaciones de BancoAndes me dio una cotización que después no coincidía con la real lo cual me parece una falta de respeto hacia el cliente. ⏳
1340,2025-09-08,BancoAndes,tecnologia,La clave digital de BancoAndes muestra información desactualizada de mi cuenta durante el fin de semana.
1341,2025-09-08,Banco  Andes ,tecnologia,La clave digital de BancoAndes no genera mi cartola mensual lo cual me parece una falta de respeto hacia el cliente... Mi rut es 25.767.156-2.
1342,2025-09-08,BancoAndes,post_venta,BancoAndes no aclara mis dudas sobre las condiciones del credito ya contratado y sigo esperando una respuesta.
1343,2025-09-08,BancoAndes,post_venta,El equipo de seguimiento ignora mis mensajes desde que activé la cuenta nueva lo cual me parece una falta de respeto hacia el cliente. 🙄
1344,2025-09-08,BancoAndes,ventas,Un vendedor telefónico de BancoAndes siguió llamando después de que le dije que no me interesaba y esto ya me tiene bastante molesto.
1345,2025-09-08,BancoAndes,ventas,Un ejecutivo de ventas de BancoAndes me vendió un seguro sin explicarme bien las condiciones y no encuentro cómo resolverlo.
1346,2025-09-08,BancoAndes,comercial,"El equipo comercial desconoce el acuerdo comercial que hice con un ejecutivo anterior y esto ya me tiene bastante molesto.
--
Atte, cliente BancoAndes"
1347,2025-09-08,BancoAndes,pre_venta,<p>Un ejecutivo de BancoAndes no me informó sobre los costos asociados antes de que decidiera en las últimas semanas.</p>
1348,2025-09-08,BancoAndes,pre_venta,Un ejecutivo de BancoAndes me dio informacion distinta a la que aparece en la pagina web y no encuentro como resolverlo.
1349,2025-09-09,BancoAndes,ventas,El sitio web de BancoAndes se congela cada vez que intento hacer una transferencia y sigo esperando una respuesta hace unos días.
1350,2025-09-09,Banco Andes,cobranza,El área de cobranza de BancoAndes me cobró un interés más alto del que se había acordado y sigo esperando una respuesta.
1351,2025-09-09,BancoAndes,cobranza,El departamento de cobranza de BancoAndes no acepta renegociar mi deuda en condiciones razonables en las últimas semanas.
1352,2025-09-09,BancoAndes,post_venta,BancoAndes de BancoAndes no reconoce el pago que ya realicé y no encuentro cómo resolverlo.
1353,2025-09-09,BancoAndes,cobranza,BANCOANDES DE BANCOANDES ME COBRA COMISIONES QUE NO ESTABAN EN EL CONTRATO ORIGINAL EN LAS ULTIMAS SEMANAS. Mi rut es 16.216.551-1.
1354,2025-09-09,BancoAndes,cobranza,	EL DEPARTAMENTO  DE COBRANZA DE  BANCOANDES  ME COBRÓ UN INTERÉS MÁS ALTO DEL QUE  SE HABÍA ACORDADO Y  ESTO YA ME  TIENE BASTANTE  MOLESTO.   ???
1355,2025-09-09,Banco  Andes ,cobranza,Nadie&nbsp;en el area de cobranza de BancoAndes no corrige un error de facturacion que ya reporte hace unos dias...
1356,2025-09-09,BancoAndes,ventas,"Un vendedor telefónico de BancoAndes me llamó para renovarme un producto sin mi autorización y hasta ahora nadie me ha dado una solución.
Gracias, espero respuesta pronto. N° de reclamo anterior: RC-80165."
1357,2025-09-09,BancoAndes,fraude_seguridad,Alguien generó cargos fraudulentos en mi tarjeta de BancoAndes y sigo esperando una respuesta durante el fin de semana.
1358,2025-09-09,BancoAndes,post_venta,Alguien realizó una transferencia desde mi cuenta de BancoAndes que no reconozco hace unos días. Mi rut es 14.310.430-8.
1359,2025-09-10,BancoAndes,tecnologia,El sistema de BancoAndes se congela cada vez que intento hacer una transferencia y esto ya me tiene bastante molesto!!
1360,2025-09-10,BancoAndes,tecnologia,La aplicación de BancoAndes no permite descargar mis comprobantes de pago ayer.
1361,2025-09-10,BancoAndes,post_venta,Nadie en BancoAndes no aclara mis dudas sobre las condiciones del crédito ya contratado y esto ya me tiene bastante molesto hace unos días.<br> 😠
1362,2025-09-10,BancoAndes,ventas,Un ejecutivo de ventas de BancoAndes insistió en que aceptara un producto que ya había rechazado antes. N° de reclamo anterior: RC-24543.
1363,2025-09-10,bancoandes,ventas,	Alguien del  equipo de ventas de BancoAndes me  contactó para venderme un  seguro que no solicité  ayer.
1364,2025-09-10,BancoAndes,ventas,Un asesor comercial de BancoAndes me contactó varias  veces  el mismo día ofreciéndome  productos distintos  ayer.
1365,2025-09-10,BancoAndes,fraude_seguridad,No se quien logro acceder a mi banca en linea de BancoAndes sin mi consentimiento durante el fin de semana.
1366,2025-09-10,BancoAndes,comercial,BancoAndes cambió las condiciones comerciales sin avisarme y hasta ahora nadie  me ha dado  una solución. 👎
1367,2025-09-10,Banco  Andes ,comercial,	NADIE EN EL ÁREA  COMERCIAL NO  HONRA LA PROMOCIÓN  CON LA  QUE ME  CONVENCIERON DE CAMBIARME DE  BANCO  LO CUAL ME  PARECE UNA FALTA DE RESPETO HACIA  EL CLIENTE. N° de reclamo anterior: RC-79113.
1368,2025-09-10,BancoAndes,comercial,"El ejecutivo comercial no aplica la tasa  preferencial que se me ofreció al  contratar ayer.   
Enviado desde mi celular Samsung"
1369,2025-09-10,BancoAndes,fraude_seguridad,"	Detecté un  cargo repetido  en mi  cuenta de  BancoAndes y temo que sea un fraude,  aunque  también podría ser  un error  de cobranza.   "
1370,2025-09-11,BancoAndes,tecnologia,"La aplicación de BancoAndes no me permite autenticarme desde el celular.
--
Atte, cliente BancoAndes"
1371,2025-09-11,BancoAndes,tecnologia,La banca en línea de BancoAndes no envía el código de verificación para iniciar sesión lo cual me parece una falta de respeto hacia el cliente esta semana. N° de reclamo anterior: RC-62695.
1372,2025-09-11,BancoAndes,cobranza,	El área de cobranza de BancoAndes no quiere regularizar mi deuda  a pesar de que  ya pagué y  esto ya me  tiene bastante  molesto.   
1373,2025-09-11,BancoAndes,post_venta,BancoAndes no me ayuda a entender los cobros de mi cuenta recién abierta. 👎
1374,2025-09-11,BancoAndes,post_venta,El área de post venta no cumplió con el acompañamiento que me prometieron al contratar en las últimas semanas???
1375,2025-09-11,BancoAndes,ventas,Un ejecutivo de ventas de BancoAndes me presiono para aceptar un producto en la misma llamada ayer???
1376,2025-09-11,BancoAndes,ventas,"Alguien del equipo de ventas de BancoAndes me llamó para renovarme un producto sin mi autorización y no encuentro cómo resolverlo.
Gracias, espero respuesta pronto."
1377,2025-09-11,BancoAndes,fraude_seguridad,Un desconocido usó mis datos para solicitar un producto en BancoAndes a mi nombre esta semana. N° de reclamo anterior: RC-48743.
1378,2025-09-11,BancoAndes,pre_venta,	Alguien  del equipo de informaciones  de BancoAndes me  dio una cotización que después no coincidía con la  real  y  hasta ahora nadie me  ha dado  una solución.   
1379,2025-09-12,BANCOANDES,post_venta,	El área de post  venta me deja sin  respuesta después  de haber aceptado el producto  sin que  nadie del banco se  haga responsable  ayer. 😞
1380,2025-09-12,BancoAndes,ventas,Un representante de ventas de BancoAndes me  contactó  varias veces  el mismo  día  ofreciéndome  productos distintos  lo  cual  me parece  una falta de respeto hacia el  cliente.
1381,2025-09-12,BancoAndes,ventas,Alguien del equipo de ventas de BancoAndes siguió llamando después de que le dije que no me interesaba hace unos días.
1382,2025-09-12,BancoAndes,fraude_seguridad,Un tercero logró acceder a mi banca en línea de BancoAndes sin mi consentimiento.
1383,2025-09-12,BancoAndes,comercial,El ejecutivo comercial no respeta el descuento comercial que me habían prometido al inicio y esto ya me tiene bastante molesto hace unos días.
1384,2025-09-12,BancoAndes,comercial,Nadie en el área comercial no aplica la tasa preferencial que se me ofreció al contratar.
1385,2025-09-12,BANCOANDES,comercial,BancoAndes  aplicó condiciones distintas a las que  figuraban en la propuesta comercial y esto ya me tiene bastante molesto.   
1386,2025-09-12,BancoAndes,pre_venta,	Alguien  del equipo de informaciones de  BancoAndes no me aclaró cuáles eran  los documentos necesarios para postular  y no  encuentro cómo resolverlo?!
1387,2025-09-13,BancoAndes,cobranza,EL SISTEMA DE BANCOANDES LLEVA DIAS CAIDA Y NO PUEDO VER MIS MOVIMIENTOS Y ESTO YA ME TIENE BASTANTE MOLESTO.
1388,2025-09-13,Banco  Andes ,tecnologia,La aplicación de BancoAndes se congela cada vez que intento hacer una transferencia el mes pasado.
1389,2025-09-13,BancoAndes,post_venta,Nadie en BancoAndes no me contacta para revisar cómo va mi producto contratado lo cual me parece una falta de respeto hacia el cliente. ⏳
1390,2025-09-13,Banco  Andes ,fraude_seguridad,BancoAndes me deja sin respuesta después de haber aceptado el producto sin que nadie del banco se haga responsable. N° de reclamo anterior: RC-54962.
1391,2025-09-13,BancoAndes,ventas,UN VENDEDOR TELEFÓNICO DE BANCOANDES ME OFRECIÓ UNA TARJETA CON BENEFICIOS QUE DESPUÉS NO ERAN REALES Y HASTA AHORA NADIE ME HA DADO UNA SOLUCIÓN.
1392,2025-09-14,BANCOANDES,tecnologia,El sitio web de BancoAndes no genera mi cartola mensual. Mi rut es 12.963.375-9.
1393,2025-09-14,BancoAndes,tecnologia,La clave digital de BancoAndes no genera mi cartola mensual y hasta ahora nadie me ha dado una solucion.
1394,2025-09-14,BancoAndes,tecnologia,La banca en línea de BancoAndes se cierra sola cada vez que intento pagar una cuenta sin que nadie del banco se haga responsable hace unos días.
1395,2025-09-14,BancoAndes,tecnologia,El sistema de BancoAndes marca error de sistema constantemente.
1396,2025-09-14,BancoAndes,tecnologia,El sistema de BancoAndes marca error de sistema constantemente y sigo esperando una respuesta el mes pasado.
1397,2025-09-14,BancoAndes,cobranza,<p>BancoAndes  de  BancoAndes no responde mi solicitud de  repactacion de deuda en las ultimas semanas???</p>
1398,2025-09-14,Banco Andes,cobranza,El area de cobranza de BancoAndes no quiere regularizar mi deuda a pesar de que ya pague y no encuentro como resolverlo?!
1399,2025-09-14,BancoAndes,cobranza,Nadie en el área de cobranza de BancoAndes me cobró dos veces la misma cuota lo cual me parece una falta de respeto hacia el cliente ayer.
1400,2025-09-14,BancoAndes,ventas,Alguien del equipo de ventas de BancoAndes siguio llamando despues de que le dije que no me interesaba lo cual me parece una falta de respeto hacia el cliente el mes pasado. 🙄
1401,2025-09-14,BancoAndes,ventas,Un asesor comercial de BancoAndes me presionó para aceptar un producto en la misma llamada y esto ya me tiene bastante molesto hace unos días.
1402,2025-09-14,BancoAndes,comercial,El área comercial no cumple con el beneficio que venía incluido en mi cuenta durante el fin de semana.
1403,2025-09-14,BancoAndes,pre_venta,"Un asesor de BancoAndes me pidió los mismos documentos varias veces sin avanzar.
--
Atte, cliente BancoAndes"
1404,2025-09-15,BancoAndes,tecnologia,"La aplicación de BancoAndes no reconoce mi clave aunque la ingreso correctamente esta semana.
Enviado desde mi celular Samsung"
1405,2025-09-15,Banco Andes,tecnologia,	La aplicación de BancoAndes  marca error  de sistema constantemente  y hasta ahora  nadie me ha dado  una  solución durante el fin de  semana.
1406,2025-09-15,BancoAndes,cobranza,El área de cobranza de BancoAndes sigue enviándome cartas de cobro por una deuda pagada hace unos días.
1407,2025-09-15,BancoAndes,cobranza,<p>	El  departamento de cobranza de BancoAndes no reconoce  el pago  que ya  realicé  y esto  ya me tiene  bastante  molesto.   ...</p> N° de reclamo anterior: RC-78828.
1408,2025-09-15,BancoAndes,ventas,Un representante de ventas de BancoAndes me llamó insistentemente para ofrecerme una tarjeta que no pedí en las últimas semanas.
1409,2025-09-15,BancoAndes,ventas,Un ejecutivo de ventas de BancoAndes me ofreció una tarjeta con beneficios que después no eran reales ayer!!!
1410,2025-09-15,BancoAndes,ventas,Un representante de  ventas  de BancoAndes me contactó fuera de  horario para ofrecerme una  tarjeta nueva  durante el fin de  semana.
1411,2025-09-15,BancoAndes,pre_venta,<p>Un ejecutivo de BancoAndes me remitió a distintas áreas sin darme una respuesta clara durante el fin de semana.</p>
1412,2025-09-16,BancoAndes,tecnologia,El portal de clientes de BancoAndes no genera mi cartola mensual.
1413,2025-09-16,BancoAndes,cobranza,EL ÁREA DE COBRANZA DE BANCOANDES ME COBRÓ UN INTERÉS MÁS ALTO DEL QUE SE HABÍA ACORDADO DURANTE EL FIN DE SEMANA.
1414,2025-09-16,BancoAndes,cobranza,Nadie en el área de cobranza de BancoAndes no responde mi solicitud de repactación de deuda y no encuentro cómo resolverlo esta semana!!! 👎
1415,2025-09-16,BancoAndes,cobranza,El equipo de cobranza de BancoAndes me cobra comisiones que no estaban en el contrato original ayer!!
1416,2025-09-16,BANCOANDES,post_venta,	EL SERVICIO DE SOPORTE NO  RESPONDE  MIS CONSULTAS DE SEGUIMIENTO  SOBRE EL CRÉDITO  QUE YA TENGO DURANTE EL FIN DE SEMANA.
1417,2025-09-16,BancoAndes,fraude_seguridad,Un desconocido cambió mi clave de BancoAndes sin que yo lo hiciera sin que nadie del banco se haga responsable.
1418,2025-09-16,bancoandes,pre_venta,Alguien del equipo de informaciones de BancoAndes no me aclaró cuáles eran los documentos necesarios para postular.
1419,2025-09-17,BancoAndes,ventas,Alguien del equipo de ventas de BancoAndes me ofreció condiciones distintas a las que después aparecieron en el contrato y no encuentro cómo resolverlo.
1420,2025-09-17,BancoAndes,ventas,Alguien del equipo de ventas de BancoAndes me ofreció un crédito hipotecario sin que yo hubiera preguntado por eso y hasta ahora nadie me ha dado una solución.
1421,2025-09-17,BancoAndes,comercial,	El área comercial no respeta el plan comercial que acordamos  por escrito ayer.
1422,2025-09-17,BancoAndes,comercial,El ejecutivo comercial me aplicó una comisión que no estaba en la oferta original y sigo esperando una respuesta hace unos días.
1423,2025-09-17,BancoAndes,comercial,BancoAndes no aplica la tasa preferencial que se me ofreció al contratar sin que nadie del banco se haga responsable en las últimas semanas.
1424,2025-09-17,bancoandes,pre_venta,El servicio de atencion de BancoAndes me dio una cotizacion que despues no coincidia con la real lo cual me parece una falta de respeto hacia el cliente hace unos dias. 👎
1425,2025-09-17,bancoandes,fraude_seguridad,"BancoAndes me esta cobrando una cuota que no reconozco, podria ser un cargo indebido de cobranza o un fraude con mi tarjeta."
1426,2025-09-18,BancoAndes,tecnologia,El sitio web de BancoAndes no envía el código de verificación para iniciar sesión y esto ya me tiene bastante molesto.
1427,2025-09-18,BancoAndes,post_venta,El área de post venta no responde mis consultas de seguimiento sobre el crédito que ya tengo el mes pasado.
1428,2025-09-18,BancoAndes,pre_venta,El servicio de atención de BancoAndes no respondió mi solicitud de información sobre cuentas de ahorro.
1429,2025-09-19,BancoAndes,cobranza,El área de cobranza de BancoAndes no corrige un error de facturación que ya reporté.
1430,2025-09-19,BancoAndes,tecnologia,El equipo de seguimiento  no cumplió  con  el  acompañamiento que me prometieron al contratar  y esto  ya me  tiene bastante  molesto.   
1431,2025-09-19,BancoAndes,post_venta,El&nbsp;servicio de soporte ignora mis mensajes desde que activé la cuenta nueva y sigo esperando una respuesta. N° de reclamo anterior: RC-23523.
1432,2025-09-19,BancoAndes,ventas,<p>Alguien del equipo de ventas de BancoAndes me llamo insistentemente para ofrecerme una tarjeta que no pedi y no encuentro como resolverlo.</p>
1433,2025-09-19,BancoAndes,fraude_seguridad,Un desconocido cambió mi clave de BancoAndes sin que yo lo hiciera sin que nadie del banco se haga responsable esta semana.
1434,2025-09-19,BancoAndes,fraude_seguridad,Un desconocido usó mi cuenta de BancoAndes para retiros que yo no hice lo cual me parece una falta de respeto hacia el cliente!! Mi rut es 18.967.478-0.
1435,2025-09-19,BancoAndes,pre_venta,"ALGUIEN DEL EQUIPO DE INFORMACIONES DE BANCOANDES NO ME EXPLICÓ LAS DIFERENCIAS ENTRE LOS PLANES DISPONIBLES Y SIGO ESPERANDO UNA RESPUESTA ESTA SEMANA.
Gracias, espero respuesta pronto."
1436,2025-09-19,BancoAndes,pre_venta,"El  servicio de atencion de BancoAndes  me dijo que me llamarian  con  mas  informacion y nunca lo  hicieron.
--
Atte, cliente BancoAndes"
1437,2025-09-19,BancoAndes,pre_venta,El área comercial de BancoAndes no respondió mi solicitud de información sobre cuentas de ahorro esta semana.
1438,2025-09-19,BancoAndes,pre_venta,El&nbsp;servicio de atención de BancoAndes no me informó sobre los costos asociados antes de que decidiera hace unos días. Pueden contactarme al +56 9 2187 1745.
1439,2025-09-20,BancoAndes,tecnologia,La aplicación de BancoAndes se congela cada vez que intento hacer una transferencia esta semana!!!
1440,2025-09-20,BancoAndes,cobranza,El departamento de cobranza de BancoAndes me cobró un interés más alto del que se había acordado esta semana.
1441,2025-09-20,bancoandes,cobranza,"El departamento de cobranza de BancoAndes insiste en cobrar un monto que ya fue aclarado antes y no encuentro cómo resolverlo el mes pasado.
--
Atte, cliente BancoAndes"
1442,2025-09-20,BancoAndes,comercial,El equipo de seguimiento dejó de responder después de que firmé el contrato y hasta ahora nadie me ha dado una solución ayer. 😞
1443,2025-09-20,BancoAndes,fraude_seguridad,Un tercero obtuvo mis datos de BancoAndes sin que yo entregara esa información en las últimas semanas. ⏳
1444,2025-09-20,BancoAndes,pre_venta,Un asesor de BancoAndes me dio información distinta a la que aparece en la página web.
1445,2025-09-21,BancoAndes,tecnologia,	El sitio web de  BancoAndes no permite descargar mis  comprobantes de pago.    N° de reclamo anterior: RC-33402.
1446,2025-09-21,Banco  Andes ,tecnologia,La clave digital de BancoAndes se congela cada vez que intento hacer una transferencia durante el fin de semana. Mi rut es 10.114.893-4.
1447,2025-09-21,BancoAndes,post_venta,El equipo de seguimiento no me ayuda a entender los cobros de mi cuenta recien abierta y no encuentro como resolverlo hace unos dias.
1448,2025-09-21,BancoAndes,comercial,Nadie en el área comercial me aplicó una comisión que no estaba en la oferta original el mes pasado?!
1449,2025-09-21,BancoAndes,pre_venta,Nadie en el area comercial no cumple las condiciones pactadas para la renovacion de mi producto y sigo esperando una respuesta ayer. ⏳
1450,2025-09-21,BancoAndes,pre_venta,"El servicio de atención de BancoAndes me dijo que me llamarían con más información y nunca lo hicieron y sigo esperando una respuesta durante el fin de semana.
Gracias, espero respuesta pronto. Mi rut es 14.461.178-6."
1451,2025-09-22,BancoAndes,tecnologia,La banca en linea de BancoAndes se demora muchisimo en cargar cualquier operacion.<br>
1452,2025-09-22,BancoAndes,post_venta,<p>Nadie en BancoAndes no me ayuda a entender los cobros de mi cuenta recién abierta lo cual me parece una falta de respeto hacia el cliente.</p> 😠
1453,2025-09-22,BancoAndes,fraude_seguridad,"Un desconocido clono mi tarjeta de BancoAndes y BancoAndes no reacciono a tiempo sin que nadie del banco se haga responsable hace unos dias.
--
Atte, cliente BancoAndes"
1454,2025-09-22,bancoandes,fraude_seguridad,Una persona no autorizada intentó estafarme haciéndose pasar por un ejecutivo de BancoAndes el mes pasado.
1455,2025-09-22,BancoAndes,comercial,"El ejecutivo comercial no honra la promoción con la que me convencieron de cambiarme de banco lo cual me parece una falta de respeto hacia el cliente.
Enviado desde mi iPhone"
1456,2025-09-23,BancoAndes,tecnologia,La clave digital de BancoAndes no envía el código de verificación para iniciar sesión en las últimas semanas.
1457,2025-09-23,BancoAndes,tecnologia,La clave digital de BancoAndes marca error de sistema constantemente y sigo esperando una respuesta esta semana. 🙄
1458,2025-09-23,BancoAndes,tecnologia,El portal de clientes de BancoAndes no genera mi cartola mensual en las ultimas semanas.
1459,2025-09-23,BancoAndes,cobranza,Nadie en el área de cobranza de BancoAndes me cobra intereses que no corresponden a mi situación y sigo esperando una respuesta.
1460,2025-09-23,BancoAndes,post_venta,"Nadie en BancoAndes no me ayuda a entender los cobros de mi cuenta recien abierta sin que nadie del banco se haga responsable.<br>
--
Atte, cliente BancoAndes"
1461,2025-09-23,BancoAndes,post_venta,El área de post venta no aclara mis dudas sobre las condiciones del crédito ya contratado sin que nadie del banco se haga responsable. 😤
1462,2025-09-23,BancoAndes,post_venta,El servicio  de soporte no responde mis  consultas de seguimiento  sobre el crédito que ya tengo  ayer.   
1463,2025-09-23,BancoAndes,post_venta,BancoAndes ignora mis mensajes desde que active la cuenta nueva en las ultimas semanas.
1464,2025-09-23,BancoAndes,comercial,BancoAndes cambio las condiciones comerciales sin avisarme ayer.
1465,2025-09-23,BancoAndes,comercial,El equipo comercial cambió  las condiciones comerciales sin avisarme y esto ya me tiene bastante molesto.
1466,2025-09-23,BANCOANDES,pre_venta,Alguien del equipo  de informaciones de BancoAndes me dio informacion  distinta  a la que aparece en la pagina web y sigo  esperando una respuesta  durante  el fin de semana.
1467,2025-09-23,BancoAndes,pre_venta,Un ejecutivo de BancoAndes me dijo que me llamarian con mas informacion y nunca lo hicieron y no encuentro como resolverlo esta semana.
1468,2025-09-24,BancoAndes,tecnologia,La aplicación de BancoAndes no me deja actualizar mis datos de contacto lo cual me parece una falta de respeto hacia el cliente.
1469,2025-09-24,Banco  Andes ,post_venta,EL EQUIPO DE SEGUIMIENTO DEJÓ DE RESPONDER DESPUÉS DE QUE FIRMÉ EL CONTRATO.<BR> Mi rut es 18.471.288-5.
1470,2025-09-24,BancoAndes,ventas,"Un ejecutivo de ventas de BancoAndes me ofreció condiciones distintas a las que después aparecieron en el contrato y hasta ahora nadie me ha dado una solución el mes pasado.
Gracias, espero respuesta pronto."
1471,2025-09-24,BancoAndes,ventas,UN ASESOR COMERCIAL DE BANCOANDES ME LLAMÓ PARA RENOVARME UN PRODUCTO SIN MI AUTORIZACIÓN DURANTE EL FIN DE SEMANA.
1472,2025-09-24,bancoandes,fraude_seguridad,ALGUIEN USÓ MIS DATOS PARA SOLICITAR UN PRODUCTO EN BANCOANDES A MI NOMBRE Y HASTA AHORA NADIE ME HA DADO UNA SOLUCIÓN!!
1473,2025-09-25,BancoAndes,tecnologia,"La aplicación de BancoAndes se demora muchísimo en cargar cualquier operación durante el fin de semana.
--
Atte, cliente BancoAndes"
1474,2025-09-25,BancoAndes,tecnologia,La clave digital de BancoAndes  no carga  mis transacciones recientes sin  que  nadie del banco se  haga  responsable.
1475,2025-09-25,BancoAndes,cobranza,<p>El departamento de cobranza de BancoAndes no quiere regularizar mi deuda a pesar de que ya pagué y no encuentro cómo resolverlo.</p>
1476,2025-09-25,Banco Andes,post_venta,	El equipo  de seguimiento no resuelve mi  duda  sobre el  estado de mi solicitud ya  aprobada el mes pasado.
1477,2025-09-25,BancoAndes,comercial,El equipo comercial desconoce el acuerdo comercial que hice con un ejecutivo anterior esta semana. 🙄
1478,2025-09-25,BANCOANDES,pre_venta,Un ejecutivo de BancoAndes me remitió a distintas áreas sin darme una respuesta clara y no encuentro cómo resolverlo el mes pasado. Mi rut es 15.129.392-3.
1479,2025-09-26,bancoandes,tecnologia,"EL SISTEMA DE BANCOANDES SE CONGELA CADA VEZ QUE INTENTO HACER UNA TRANSFERENCIA Y HASTA AHORA NADIE ME HA DADO UNA SOLUCIÓN.
--
Atte, cliente BancoAndes Pueden contactarme al +56 9 3243 4125."
1480,2025-09-26,BancoAndes,tecnologia,La aplicación de BancoAndes no envía el código de verificación para iniciar sesión y hasta ahora nadie me ha dado una solución.
1481,2025-09-26,BancoAndes,cobranza,Nadie en  el area de  cobranza de BancoAndes no corrige un error de  facturacion que ya reporte lo cual  me  parece una  falta  de respeto hacia el cliente ayer.   <br>
1482,2025-09-26,BancoAndes,fraude_seguridad,No sé quién realizó una transferencia desde mi cuenta de BancoAndes que no reconozco esta semana. Mi rut es 16.767.721-9.
1483,2025-09-26,BancoAndes,comercial,El equipo comercial cambió las condiciones comerciales sin avisarme y no encuentro cómo resolverlo durante el fin de semana.
1484,2025-09-26,BancoAndes,comercial,Nadie en el área comercial no honra la promoción con la que me convencieron de cambiarme de banco y hasta ahora nadie me ha dado una solución.
1485,2025-09-26,BancoAndes,comercial,El equipo comercial no cumple las condiciones pactadas para la renovación de mi producto y esto ya me tiene bastante molesto.
1486,2025-09-26,BANCOANDES,pre_venta,EL ÁREA COMERCIAL DE BANCOANDES NO ME EXPLICÓ LAS DIFERENCIAS ENTRE LOS PLANES DISPONIBLES Y NO ENCUENTRO CÓMO RESOLVERLO.
1487,2025-09-27,BancoAndes,tecnologia,"El portal de clientes de BancoAndes muestra información desactualizada de mi cuenta ayer.
Enviado desde mi celular Samsung"
1488,2025-09-27,BancoAndes,cobranza,BancoAndes de BancoAndes me cobra comisiones que no estaban en el contrato original???
1489,2025-09-27,BancoAndes,cobranza,EL ÁREA DE COBRANZA DE BANCOANDES ME COBRA COMISIONES QUE NO ESTABAN EN EL CONTRATO ORIGINAL Y NO ENCUENTRO CÓMO RESOLVERLO...
1490,2025-09-27,BancoAndes,ventas,Un asesor comercial de BancoAndes me llamo insistentemente para ofrecerme una tarjeta que no pedi y hasta ahora nadie me ha dado una solucion esta semana.
1491,2025-09-27,BancoAndes,fraude_seguridad,No sé quién clonó mi tarjeta de BancoAndes y BancoAndes no reaccionó a tiempo ayer... 😤
1492,2025-09-27,BancoAndes,comercial,El equipo comercial no cumple con el beneficio que venía incluido en mi cuenta ayer.
1493,2025-09-28,BancoAndes,tecnologia,El sistema de BancoAndes se demora muchísimo en cargar cualquier operación y sigo esperando una respuesta ayer.<br>
1494,2025-09-28,BancoAndes,ventas,<P>ALGUIEN DEL EQUIPO DE VENTAS DE BANCOANDES ME OFRECIÓ UN CRÉDITO HIPOTECARIO SIN QUE YO HUBIERA PREGUNTADO POR ESO DURANTE EL FIN DE SEMANA.</P>
1495,2025-09-28,BancoAndes,comercial,	El equipo comercial no respeta  el  descuento comercial que me habían prometido  al inicio ayer.
1496,2025-09-28,Banco Andes,comercial,Nadie en el área comercial no reconoce el descuento por cliente antiguo que me habían asegurado durante el fin de semana???
1497,2025-09-29,BancoAndes,post_venta,La aplicacion de BancoAndes no permite descargar mis comprobantes de pago esta semana.
1498,2025-09-29,BancoAndes,tecnologia,El portal de clientes de BancoAndes marca error de sistema constantemente hace unos días.
1499,2025-09-29,BancoAndes,fraude_seguridad,Nadie en el área de cobranza  de BancoAndes  me está cobrando una multa que no está  justificada en  las últimas semanas... 😠
1500,2025-09-29,BancoAndes,post_venta,BancoAndes no me contacta para revisar cómo va mi producto contratado lo cual me parece una falta de respeto hacia el cliente esta semana.
1501,2025-09-29,BancoAndes,comercial,El equipo comercial me aplicó una comisión que no estaba en la oferta original y esto ya me tiene bastante molesto.
1502,2025-09-30,BancoAndes,tecnologia,"La clave digital de BancoAndes se cierra sola cada vez que intento pagar una cuenta esta semana.
Enviado desde mi celular Samsung"
1503,2025-09-30,Banco Andes,tecnologia,LA BANCA EN LINEA DE BANCOANDES NO ENVIA EL CODIGO DE VERIFICACION PARA INICIAR SESION Y ESTO YA ME TIENE BASTANTE MOLESTO.
1504,2025-09-30,BancoAndes,ventas,"Alguien del equipo de ventas de BancoAndes me llamó para renovarme un producto sin mi autorización en las últimas semanas???
--
Atte, cliente BancoAndes"
1505,2025-09-30,BancoAndes,ventas,	Alguien del equipo de  ventas de BancoAndes insistió en  ofrecerme  un crédito  de consumo  sin que yo lo  pidiera  sin que  nadie  del banco se haga responsable.   
1506,2025-09-30,BancoAndes,ventas,Nadie en el área comercial cambió las condiciones comerciales sin avisarme esta semana.
1507,2025-10-01,Banco Andes,tecnologia,El  sitio web de BancoAndes no permite descargar mis comprobantes de pago y esto ya me tiene  bastante molesto en las últimas  semanas.
1508,2025-10-01,BancoAndes,cobranza,El área de cobranza de BancoAndes no actualiza mi historial después de pagar la deuda hace unos días.
1509,2025-10-01,BancoAndes,cobranza,El equipo de cobranza de BancoAndes no quiere regularizar mi deuda a pesar de que ya pagué y no encuentro cómo resolverlo.
1510,2025-10-01,BancoAndes,cobranza,BancoAndes de BancoAndes  me cobró dos  veces la misma cuota esta semana.    Pueden contactarme al +56 9 6915 8411.
1511,2025-10-01,BancoAndes,post_venta,BancoAndes&nbsp;no da seguimiento a mi reclamo anterior sobre el mismo producto!!
1512,2025-10-01,BancoAndes,post_venta,El equipo de seguimiento no me explica cómo usar el producto que contraté hace poco y no encuentro cómo resolverlo!!
1513,2025-10-01,BancoAndes,post_venta,BancoAndes no me explica cómo usar el producto que contraté hace poco y sigo esperando una respuesta esta semana. 👎 Pueden contactarme al +56 9 4758 9964.
1514,2025-10-01,BancoAndes,ventas,Un ejecutivo de ventas de BancoAndes me ofreció una tarjeta con beneficios que después no eran reales lo cual me parece una falta de respeto hacia el cliente en las últimas semanas.
1515,2025-10-01,BancoAndes,comercial,El área comercial cambió las condiciones comerciales sin avisarme durante el fin de semana. Mi rut es 17.517.650-7.
1516,2025-10-01,BancoAndes,pre_venta,	El servicio de atención de BancoAndes no  me informó sobre  los  costos  asociados antes de que  decidiera sin que nadie del banco se haga responsable el mes pasado.
1517,2025-10-02,BancoAndes,tecnologia,La aplicación de BancoAndes no permite descargar mis comprobantes de pago durante el fin de semana.
1518,2025-10-02,BancoAndes,tecnologia,	La banca en línea de BancoAndes no  reconoce  mi clave aunque la ingreso  correctamente durante el  fin  de semana.   
1519,2025-10-02,BANCOANDES,post_venta,El equipo de seguimiento no responde mis llamadas desde que contraté el seguro lo cual me parece una falta de respeto hacia el cliente durante el fin de semana!!!
1520,2025-10-02,BancoAndes,ventas,Un asesor comercial de BancoAndes me contactó para venderme un seguro que no solicité y no encuentro cómo resolverlo ayer???
1521,2025-10-02,BancoAndes,fraude_seguridad,Un tercero me contactó por phishing usando el nombre de BancoAndes y sigo esperando una respuesta???
1522,2025-10-02,BancoAndes,fraude_seguridad,Un tercero vació parte de mi cuenta de BancoAndes y el banco no me ha devuelto el dinero sin que nadie del banco se haga responsable el mes pasado.
1523,2025-10-03,BancoAndes,tecnologia,La banca en línea de BancoAndes no procesa correctamente mis pagos programados el mes pasado.
1524,2025-10-03,BancoAndes,tecnologia,La aplicación de BancoAndes no genera mi cartola mensual hace unos días.
1525,2025-10-03,BancoAndes,cobranza,NADIE EN EL ÁREA DE COBRANZA DE BANCOANDES ME COBRA INTERESES QUE NO CORRESPONDEN A MI SITUACIÓN Y NO ENCUENTRO CÓMO RESOLVERLO.
1526,2025-10-03,BancoAndes,ventas,Un representante de ventas de BancoAndes me ofreció una tarjeta con beneficios que después no eran reales ayer. Pueden contactarme al +56 9 1325 4800.
1527,2025-10-03,BANCOANDES,ventas,Un asesor comercial de BancoAndes me ofreció una tarjeta con beneficios que después no eran reales hace unos días.<br>
1528,2025-10-03,BancoAndes,ventas,Un representante de ventas de BancoAndes me ofreció una tarjeta con beneficios que después no eran reales y esto ya me tiene bastante molesto en las últimas semanas.
1529,2025-10-03,BancoAndes,fraude_seguridad,	Alguien usó mis  datos para solicitar un  producto en BancoAndes a mi  nombre. Mi rut es 19.987.783-7.
1530,2025-10-03,BancoAndes,pre_venta,"Un asesor de BancoAndes no respondió mi solicitud de información sobre cuentas de ahorro el mes pasado.
Enviado desde mi celular Samsung N° de reclamo anterior: RC-95656."
1531,2025-10-04,BancoAndes,tecnologia,La banca en linea de BancoAndes no carga mis transacciones recientes durante el fin de semana.
1532,2025-10-04,BancoAndes,post_venta,"BancoAndes no  responde  mis  consultas  de seguimiento sobre  el crédito que  ya tengo sin  que nadie del banco se haga  responsable.   
Enviado desde mi iPhone"
1533,2025-10-04,BancoAndes,ventas,Un representante de ventas de BancoAndes me llamó de un número desconocido para ofrecerme un préstamo y sigo esperando una respuesta. Pueden contactarme al +56 9 4406 8209.
1534,2025-10-04,BancoAndes,pre_venta,El area comercial de BancoAndes tardo semanas en responder mi consulta inicial el mes pasado.
1535,2025-10-05,BancoAndes,tecnologia,La aplicación de BancoAndes no me permite autenticarme desde el celular y esto ya me tiene bastante molesto.
1536,2025-10-05,BancoAndes,tecnologia,La clave digital de BancoAndes no genera mi cartola mensual y hasta ahora nadie me ha dado una solución durante el fin de semana!!
1537,2025-10-05,BancoAndes,cobranza,EL EQUIPO DE COBRANZA DE BANCOANDES NO CORRIGE UN ERROR DE FACTURACION QUE YA REPORTE SIN QUE NADIE DEL BANCO SE HAGA RESPONSABLE.
1538,2025-10-05,BancoAndes,cobranza,	El equipo  de cobranza  de  BancoAndes  no actualiza mi historial después  de pagar  la  deuda y  sigo esperando una respuesta.    😤 Mi rut es 20.178.263-5.
1539,2025-10-05,BancoAndes,cobranza,El  departamento  de  cobranza de BancoAndes no reconoce  el pago que  ya  realicé sin que  nadie del banco se haga  responsable durante  el fin de  semana.
1540,2025-10-05,BancoAndes,post_venta,El área de post venta no resuelve mi duda sobre el estado de mi solicitud ya aprobada esta semana.
1541,2025-10-05,BancoAndes,post_venta,El servicio de soporte ignora mis mensajes desde que activé la cuenta nueva y esto ya me tiene bastante molesto hace unos días.
1542,2025-10-05,BANCOANDES,ventas,Un representante de ventas de BancoAndes me vendió un seguro sin explicarme bien las condiciones lo cual me parece una falta de respeto hacia el cliente!!
1543,2025-10-05,BancoAndes,ventas,Un vendedor telefónico  de  BancoAndes siguió llamando después de que le dije  que no me  interesaba y  esto ya me tiene bastante molesto esta semana. ⏳
1544,2025-10-05,BancoAndes,pre_venta,El servicio de atención de BancoAndes no me explicó bien los requisitos antes de postular a la tarjeta???
1545,2025-10-05,BancoAndes,pre_venta,Un asesor de BancoAndes nunca me contactó después de pedir información sobre un crédito hace unos días. Mi rut es 16.353.904-5.
1546,2025-10-05,BancoAndes,pre_venta,El servicio de atención de BancoAndes me dio información distinta a la que aparece en la página web y no encuentro cómo resolverlo. 👎 N° de reclamo anterior: RC-93075.
1547,2025-10-06,BancoAndes,tecnologia,El sistema de BancoAndes se demora muchisimo en cargar cualquier operacion y hasta ahora nadie me ha dado una solucion esta semana.
1548,2025-10-06,BancoAndes,ventas,	Un ejecutivo de ventas de BancoAndes me llamó insistentemente para ofrecerme una tarjeta  que  no pedí en las últimas semanas.   
1549,2025-10-06,BancoAndes,comercial,El ejecutivo comercial cambió las condiciones comerciales sin avisarme y no encuentro cómo resolverlo el mes pasado. 😤
1550,2025-10-06,BancoAndes,pre_venta,"Un ejecutivo de BancoAndes me dijo que me llamarían con más información y nunca lo hicieron y no encuentro cómo resolverlo el mes pasado.
Gracias, espero respuesta pronto. N° de reclamo anterior: RC-76412."
1551,2025-10-07,BancoAndes,tecnologia,"El portal de clientes de BancoAndes se congela cada vez que intento hacer una transferencia el mes pasado.
Enviado desde mi iPhone Mi rut es 23.138.758-4."
1552,2025-10-07,BancoAndes,cobranza,El equipo de cobranza de BancoAndes no actualiza mi historial despues de pagar la deuda.
1553,2025-10-07,BancoAndes,ventas,	Un asesor  comercial de BancoAndes me ofreció condiciones  distintas a las que después aparecieron en el contrato.   
1554,2025-10-07,bancoandes,ventas,Un ejecutivo de ventas de BancoAndes me contactó fuera de horario para ofrecerme una tarjeta nueva lo cual me parece una falta de respeto hacia el cliente hace unos días?!
1555,2025-10-07,BancoAndes,fraude_seguridad,Una persona  no  autorizada  obtuvo  mis  datos  de BancoAndes sin  que yo entregara esa  información hace  unos días.    😠
1556,2025-10-07,BancoAndes,fraude_seguridad,	Una persona no autorizada clonó mi  tarjeta de BancoAndes  y BancoAndes no  reaccionó  a tiempo sin que nadie  del banco se haga responsable en las últimas semanas.   
1557,2025-10-07,BANCOANDES,comercial,El equipo comercial no quiere renegociar las condiciones de mi credito sin que nadie del banco se haga responsable el mes pasado.
1558,2025-10-07,BancoAndes,pre_venta,Un asesor de BancoAndes me remitió a distintas áreas sin darme una respuesta clara lo cual me parece una falta de respeto hacia el cliente.
1559,2025-10-08,BancoAndes,tecnologia,El sistema de BancoAndes se congela cada vez que intento hacer una transferencia.
1560,2025-10-08,BancoAndes,tecnologia,El portal de clientes de BancoAndes no procesa correctamente mis pagos programados y no encuentro cómo resolverlo. 😤
1561,2025-10-08,BancoAndes,post_venta,El área de post venta no da seguimiento a mi reclamo anterior sobre el mismo producto sin que nadie del banco se haga responsable el mes pasado.
1562,2025-10-08,BancoAndes,post_venta,BancoAndes no me entrega la información que me prometieron al firmar y no encuentro cómo resolverlo.
1563,2025-10-08,BancoAndes,ventas,Un representante de ventas de BancoAndes  me contactó  varias veces el  mismo día ofreciéndome productos distintos y no  encuentro cómo  resolverlo  el mes pasado.   
1564,2025-10-08,BANCOANDES,ventas,	Un representante de  ventas de  BancoAndes me contactó para venderme un seguro  que no solicité  hace unos días.
1565,2025-10-08,BancoAndes,fraude_seguridad,UNA PERSONA NO AUTORIZADA REALIZÓ UNA TRANSFERENCIA DESDE MI CUENTA DE BANCOANDES QUE NO RECONOZCO Y HASTA AHORA NADIE ME HA DADO UNA SOLUCIÓN.
1566,2025-10-08,BancoAndes,post_venta,No se quien cambio mi clave de BancoAndes sin que yo lo hiciera ayer.
1567,2025-10-08,bancoandes,comercial,El equipo comercial me aplicó una comisión que no estaba en la oferta original esta semana.
1568,2025-10-08,BancoAndes,comercial,El área comercial no respeta el plan comercial que acordamos por escrito y hasta ahora nadie me ha dado una solución. 🙄
1569,2025-10-09,BancoAndes,tecnologia,La aplicación de BancoAndes marca error de sistema constantemente ayer.
1570,2025-10-09,BancoAndes,cobranza,	El departamento de cobranza de BancoAndes sigue enviándome cartas  de cobro por una deuda  pagada y hasta ahora nadie  me ha dado una solución???
1571,2025-10-09,BancoAndes,post_venta,Nadie en BancoAndes ignora mis mensajes desde que activé la cuenta nueva ayer.
1572,2025-10-09,BancoAndes,fraude_seguridad,	Alguien  hizo compras con mi tarjeta  de  BancoAndes  que  yo  nunca  autoricé y hasta ahora  nadie me  ha dado una solución en las últimas  semanas.   ?!<br>
1573,2025-10-09,BancoAndes,fraude_seguridad,Una persona no autorizada usó mi tarjeta de BancoAndes sin mi autorización lo cual me parece una falta de respeto hacia el cliente!! 😞
1574,2025-10-09,BancoAndes,fraude_seguridad,"Un tercero vació parte de mi cuenta de BancoAndes y el banco no me ha devuelto el dinero lo cual me parece una falta de respeto hacia el cliente.
Gracias, espero respuesta pronto."
1575,2025-10-09,BancoAndes,fraude_seguridad,Un desconocido generó cargos fraudulentos en mi tarjeta de BancoAndes esta semana??? ⏳
1576,2025-10-09,BancoAndes,comercial,Nadie en el área comercial cambió mi plan comercial sin mi consentimiento y hasta ahora nadie me ha dado una solución. 😞
1577,2025-10-10,BancoAndes,tecnologia,La clave digital de BancoAndes no carga mis transacciones recientes y hasta ahora nadie me ha dado una solucion.
1578,2025-10-10,Banco  Andes ,post_venta,	Nadie  en BancoAndes  ignora mis mensajes desde  que  active la  cuenta nueva durante el fin  de  semana.
1579,2025-10-10,BancoAndes,post_venta,EL ÁREA DE POST VENTA NO RESUELVE MI DUDA SOBRE EL ESTADO DE MI SOLICITUD YA APROBADA EL MES PASADO.
1580,2025-10-10,Banco  Andes ,ventas,Alguien del equipo de ventas de BancoAndes me llamó de un número desconocido para ofrecerme un préstamo sin que nadie del banco se haga responsable???
1581,2025-10-10,BancoAndes,fraude_seguridad,No sé quién me contactó por phishing usando el nombre de BancoAndes lo cual me parece una falta de respeto hacia el cliente.
1582,2025-10-10,BancoAndes,comercial,El  ejecutivo  comercial aplicó condiciones  distintas a  las que figuraban en la propuesta comercial  el  mes  pasado.    N° de reclamo anterior: RC-73531.
1583,2025-10-10,BancoAndes,comercial,El ejecutivo comercial no reconoce el descuento por cliente antiguo que me habían asegurado y esto ya me tiene bastante molesto???
1584,2025-10-10,BancoAndes,pre_venta,Un ejecutivo de BancoAndes me dio información distinta a la que aparece en la página web.
1585,2025-10-11,bancoandes,tecnologia,El sitio web  de BancoAndes marca  error de sistema constantemente.   
1586,2025-10-11,BancoAndes,tecnologia,La aplicación de BancoAndes lleva días caída y no puedo ver mis movimientos lo cual me parece una falta de respeto hacia el cliente.
1587,2025-10-11,BANCOANDES,cobranza,"Nadie en el área de cobranza de BancoAndes no reconoce el pago que ya realicé y sigo esperando una respuesta...
Enviado desde mi iPhone"
1588,2025-10-11,BancoAndes,ventas,Un asesor comercial de BancoAndes me contactó varias veces el mismo día ofreciéndome productos distintos y esto ya me tiene bastante molesto.
1589,2025-10-11,BancoAndes,comercial,El equipo comercial no respeta el plan comercial que acordamos por escrito y esto ya me tiene bastante molesto. 🙄
1590,2025-10-11,BancoAndes,pre_venta,Un ejecutivo de BancoAndes me dio una cotizacion que despues no coincidia con la real esta semana. 😠
1591,2025-10-12,BancoAndes,cobranza,"Nadie en  el área de cobranza de BancoAndes  me cobró  un interés más alto del que se había acordado.   !!!
Enviado desde mi celular Samsung Mi rut es 15.861.608-K."
1592,2025-10-12,BancoAndes,post_venta,"EL EQUIPO DE SEGUIMIENTO NO DA SEGUIMIENTO A MI RECLAMO ANTERIOR SOBRE EL MISMO PRODUCTO DURANTE EL FIN DE SEMANA!!!
Enviado desde mi celular Samsung"
1593,2025-10-12,BancoAndes,ventas,Un asesor comercial de BancoAndes insistió en ofrecerme un crédito de consumo sin que yo lo pidiera.
1594,2025-10-12,BancoAndes,ventas,Un ejecutivo de ventas de BancoAndes me llamó para renovarme un producto sin mi autorización en las últimas semanas.
1595,2025-10-12,BancoAndes,fraude_seguridad,Un tercero generó cargos fraudulentos en mi tarjeta de BancoAndes y sigo esperando una respuesta esta semana. 👎
1596,2025-10-12,BancoAndes,comercial,"El equipo comercial no cumple las condiciones pactadas para la renovación de mi producto.
Enviado desde mi celular Samsung N° de reclamo anterior: RC-18994."
1597,2025-10-12,BancoAndes,cobranza,"No entiendo un cobro reciente de BancoAndes, podria ser una multa mal aplicada o un cargo que no corresponde a mis compras.<br>
Gracias, espero respuesta pronto."
1598,2025-10-13,BancoAndes,tecnologia,La clave digital de BancoAndes se cierra sola cada vez que intento pagar una cuenta y no encuentro cómo resolverlo.
1599,2025-10-13,BancoAndes,post_venta,BancoAndes no me entrega la información que me prometieron al firmar.
1600,2025-10-13,BancoAndes,post_venta,<p>Nadie en BancoAndes no me contacta para revisar cómo va mi producto contratado y sigo esperando una respuesta.</p> Mi rut es 16.385.577-3.
1601,2025-10-13,BancoAndes,ventas,Un ejecutivo de ventas de BancoAndes siguió llamando después de que le dije que no me interesaba ayer. 😞
1602,2025-10-13,BancoAndes,comercial,"El área comercial no aplica la tasa preferencial que se me ofreció al contratar esta semana.
Gracias, espero respuesta pronto."
1603,2025-10-13,BANCOANDES,pre_venta,Un ejecutivo de BancoAndes me pidió los mismos documentos varias veces sin avanzar ayer. 🙄
1604,2025-10-14,BancoAndes,tecnologia,El portal de clientes de BancoAndes no envia el codigo de verificacion para iniciar sesion!! Mi rut es 22.967.652-9.
1605,2025-10-14,BancoAndes,tecnologia,"La clave digital de BancoAndes lleva dias caida y no puedo ver mis movimientos el mes pasado?!
Enviado desde mi iPhone"
1606,2025-10-14,BancoAndes,tecnologia,El sistema de BancoAndes no permite descargar mis comprobantes de pago sin que nadie del banco se haga responsable el mes pasado??? 👎
1607,2025-10-14,BancoAndes,cobranza,El equipo de cobranza de BancoAndes me esta cobrando una multa que no esta justificada lo cual me parece una falta de respeto hacia el cliente el mes pasado.
1608,2025-10-14,Banco Andes,cobranza,BancoAndes de BancoAndes insiste en cobrar un monto que ya fue aclarado antes el mes pasado.<br> N° de reclamo anterior: RC-79740.
1609,2025-10-14,BancoAndes,cobranza,El equipo de cobranza de BancoAndes insiste en cobrar un monto que ya fue aclarado antes y hasta ahora nadie me ha dado una solución.
1610,2025-10-14,BancoAndes,cobranza,BancoAndes de BancoAndes no corrige un error de facturación que ya reporté y no encuentro cómo resolverlo durante el fin de semana.
1611,2025-10-14,BancoAndes,post_venta,BancoAndes ignora mis mensajes desde que active la cuenta nueva y no encuentro como resolverlo.
1612,2025-10-14,BancoAndes,fraude_seguridad,No sé quién cambió mi clave de BancoAndes sin que yo lo hiciera y esto ya me tiene bastante molesto!!!
1613,2025-10-14,BancoAndes,pre_venta,"Alguien del equipo de informaciones de BancoAndes tardó semanas en responder mi consulta inicial.
--
Atte, cliente BancoAndes"
1614,2025-10-15,Banco  Andes ,tecnologia,La banca en línea de BancoAndes muestra información desactualizada de mi cuenta ayer. Mi rut es 15.881.601-6.
1615,2025-10-15,BancoAndes,cobranza,Nadie en el área de cobranza de BancoAndes me cobra intereses que no corresponden a mi situación lo cual me parece una falta de respeto hacia el cliente. Pueden contactarme al +56 9 1383 2709.
1616,2025-10-15,BancoAndes,cobranza,El área de cobranza de BancoAndes me está cobrando una multa que no está justificada el mes pasado.
1617,2025-10-15,bancoandes,cobranza,El equipo de cobranza de BancoAndes no responde mi solicitud de repactación de deuda durante el fin de semana.
1618,2025-10-15,BancoAndes,post_venta,Nadie en BancoAndes no me entrega la información que me prometieron al firmar y esto ya me tiene bastante molesto. Mi rut es 18.287.957-0.
1619,2025-10-15,BancoAndes,fraude_seguridad,Un&nbsp;tercero clonó mi tarjeta de BancoAndes y BancoAndes no reaccionó a tiempo.
1620,2025-10-15,BancoAndes,fraude_seguridad,UNA PERSONA NO AUTORIZADA CAMBIÓ MI CLAVE DE BANCOANDES SIN QUE YO LO HICIERA.
1621,2025-10-15,BancoAndes,comercial,Nadie en el area comercial no quiere renegociar las condiciones de mi credito y sigo esperando una respuesta en las ultimas semanas?!
1622,2025-10-15,BancoAndes,pre_venta,El área comercial de BancoAndes tardó semanas en responder mi consulta inicial y hasta ahora nadie me ha dado una solución en las últimas semanas.
1623,2025-10-16,BancoAndes,cobranza,"El portal de clientes de BancoAndes se cierra sola cada vez que intento pagar una cuenta.
Enviado desde mi celular Samsung"
1624,2025-10-16,BancoAndes,tecnologia,"El sistema de BancoAndes no carga mis transacciones recientes y sigo esperando una respuesta.
Gracias, espero respuesta pronto."
1625,2025-10-16,bancoandes,fraude_seguridad,BancoAndes&nbsp;de BancoAndes insiste en  cobrar  un monto que  ya fue  aclarado antes lo cual  me  parece una falta de  respeto hacia el cliente.   
1626,2025-10-16,bancoandes,post_venta,EL EQUIPO DE SEGUIMIENTO IGNORA MIS MENSAJES DESDE QUE ACTIVE LA CUENTA NUEVA Y ESTO YA ME TIENE BASTANTE MOLESTO. Mi rut es 11.543.908-5.
1627,2025-10-16,BancoAndes,ventas,UN VENDEDOR TELEFONICO DE BANCOANDES ME LLAMO INSISTENTEMENTE PARA OFRECERME UNA TARJETA QUE NO PEDI!!
1628,2025-10-16,BancoAndes,ventas,Un asesor comercial de BancoAndes me contacto fuera de horario para ofrecerme una tarjeta nueva. 😡
1629,2025-10-16,BancoAndes,tecnologia,Alguien usó mi tarjeta de BancoAndes sin mi autorización y no encuentro cómo resolverlo en las últimas semanas.
1630,2025-10-16,Banco Andes,comercial,Nadie en el area comercial no ha activado el beneficio que me ofrecieron al abrir la cuenta durante el fin de semana.<br> Mi rut es 17.883.126-5.
1631,2025-10-16,BANCOANDES,pre_venta,	EL ÁREA COMERCIAL  DE BANCOANDES NO ME INFORMÓ SOBRE  LOS COSTOS ASOCIADOS  ANTES  DE  QUE DECIDIERA Y HASTA AHORA NADIE ME HA  DADO UNA SOLUCIÓN DURANTE EL FIN  DE  SEMANA.    😠
1632,2025-10-16,BancoAndes,pre_venta,El área comercial de BancoAndes me dio información distinta a la que aparece en la página web el mes pasado. Mi rut es 25.944.168-4.
1633,2025-10-16,BancoAndes,ventas,BancoAndes me llamó supuestamente para resolver dudas y terminó siendo una venta que no autoricé.
1634,2025-10-17,BancoAndes,cobranza,BancoAndes de BancoAndes me cobra intereses que no corresponden a mi situacion.
1635,2025-10-17,BancoAndes,cobranza,El equipo de cobranza de BancoAndes no corrige un error de facturación que ya reporté y hasta ahora nadie me ha dado una solución.
1636,2025-10-17,BancoAndes,cobranza,Nadie en el área de cobranza de BancoAndes me amenaza con acciones legales por un monto incorrecto sin que nadie del banco se haga responsable.
1637,2025-10-17,BancoAndes,post_venta,El servicio de soporte no responde mis llamadas desde que contraté el seguro hace unos días.
1638,2025-10-17,BancoAndes,post_venta,"El equipo de seguimiento ignora mis mensajes desde que activé la cuenta nueva esta semana.
Gracias, espero respuesta pronto."
1639,2025-10-17,BancoAndes,fraude_seguridad,	No  sé  quién usó mis datos  para solicitar  un producto en BancoAndes a mi  nombre y no encuentro cómo resolverlo.   
1640,2025-10-18,BancoAndes,post_venta,El servicio de soporte no me da soporte con mis dudas después de contratar el producto ayer.
1641,2025-10-18,BancoAndes,fraude_seguridad,"UN TERCERO USÓ MI CUENTA DE BANCOANDES PARA RETIROS QUE YO NO HICE AYER.
Enviado desde mi celular Samsung"
1642,2025-10-19,BancoAndes,tecnologia,La clave digital de BancoAndes no me deja  actualizar mis datos de contacto  en las  últimas semanas. 🙄
1643,2025-10-19,BancoAndes,tecnologia,EL&NBSP;PORTAL DE CLIENTES DE BANCOANDES NO ENVÍA EL CÓDIGO DE VERIFICACIÓN PARA INICIAR SESIÓN Y NO ENCUENTRO CÓMO RESOLVERLO. 😠
1644,2025-10-19,BancoAndes,post_venta,BancoAndes no aclara mis dudas sobre las condiciones del crédito ya contratado ayer.
1645,2025-10-19,bancoandes,fraude_seguridad,Una persona no autorizada hizo compras con mi tarjeta de BancoAndes que yo nunca autorice y hasta ahora nadie me ha dado una solucion ayer.
1646,2025-10-19,Banco  Andes ,pre_venta,Alguien del equipo de informaciones de BancoAndes me dijo que me llamarían con más información y nunca lo hicieron y no encuentro cómo resolverlo ayer.
1647,2025-10-20,bancoandes,tecnologia,El  sistema de BancoAndes  no  reconoce mi clave  aunque la ingreso correctamente el mes pasado. ⏳
1648,2025-10-20,BancoAndes,cobranza,BancoAndes de BancoAndes no corrige un error de facturación que ya reporté ayer???
1649,2025-10-20,BancoAndes,pre_venta,El  equipo de  cobranza de BancoAndes  sigue  enviándome cartas de  cobro  por  una deuda pagada durante  el  fin de semana.   !!
1650,2025-10-20,BancoAndes,cobranza,EL&NBSP;EQUIPO DE COBRANZA DE BANCOANDES ME COBRÓ UN INTERÉS MÁS ALTO DEL QUE SE HABÍA ACORDADO Y NO ENCUENTRO CÓMO RESOLVERLO!!
1651,2025-10-20,BancoAndes,post_venta,BancoAndes no responde mis llamadas desde que contraté el seguro y esto ya me tiene bastante molesto.
1652,2025-10-20,BancoAndes,fraude_seguridad,Una persona no autorizada intentó estafarme haciéndose pasar por un ejecutivo de BancoAndes durante el fin de semana.
1653,2025-10-20,BancoAndes,fraude_seguridad,Un desconocido generó cargos fraudulentos en mi tarjeta de BancoAndes.
1654,2025-10-20,BancoAndes,fraude_seguridad,Un tercero me contactó por phishing usando el nombre de BancoAndes durante el fin de semana.
1655,2025-10-20,BancoAndes,post_venta,Una&nbsp;persona no autorizada cambió mi clave de BancoAndes sin que yo lo hiciera sin que nadie del banco se haga responsable hace unos días. Mi rut es 15.985.929-4.
1656,2025-10-20,BancoAndes,comercial,Nadie en el area comercial  me aplico  una  comision que no estaba en la oferta original ayer.
1657,2025-10-21,BancoAndes,cobranza,El equipo de cobranza de BancoAndes me cobró dos veces la misma cuota sin que nadie del banco se haga responsable hace unos días.
1658,2025-10-21,BancoAndes,post_venta,"Nadie en BancoAndes  ignora mis  mensajes  desde que  active  la  cuenta nueva.   
Gracias, espero respuesta pronto."
1659,2025-10-21,BancoAndes,post_venta,EL EQUIPO DE SEGUIMIENTO NO ME AYUDA A ENTENDER LOS COBROS DE MI CUENTA RECIÉN ABIERTA EN LAS ÚLTIMAS SEMANAS.
1660,2025-10-21,Banco  Andes ,fraude_seguridad,Un desconocido obtuvo mis datos de BancoAndes sin que yo entregara esa informacion y esto ya me tiene bastante molesto durante el fin de semana.
1661,2025-10-21,BancoAndes,comercial,El ejecutivo comercial no respeta el plan comercial que acordamos por escrito.
1662,2025-10-21,BancoAndes,comercial,"El&nbsp;ejecutivo comercial me aplicó una comisión que no estaba en la oferta original sin que nadie del banco se haga responsable ayer.
Enviado desde mi iPhone"
1663,2025-10-21,BancoAndes,comercial,El área comercial de BancoAndes me ofreció condiciones que después cobranza no respetó. N° de reclamo anterior: RC-45698.
1664,2025-10-22,BancoAndes,tecnologia,La banca en línea de BancoAndes no permite descargar mis comprobantes de pago ayer.
1665,2025-10-22,BancoAndes,cobranza,"BancoAndes de BancoAndes sigue enviándome cartas de cobro por una deuda pagada lo cual me parece una falta de respeto hacia el cliente. 😡
--
Atte, cliente BancoAndes"
1666,2025-10-22,BancoAndes,cobranza,	El departamento de  cobranza de BancoAndes me  cobra  comisiones  que  no estaban  en el contrato  original  ayer. 🙄
1667,2025-10-22,BancoAndes,post_venta,El equipo de seguimiento no me entrega la información que me prometieron al firmar y esto ya me tiene bastante molesto hace unos días.
1668,2025-10-22,BancoAndes,post_venta,El equipo de seguimiento no me entrega la información que me prometieron al firmar y sigo esperando una respuesta.
1669,2025-10-22,BancoAndes,fraude_seguridad,Un tercero accedió a mi cuenta de BancoAndes sin que yo lo autorizara hace unos días. Mi rut es 14.126.336-6.
1670,2025-10-22,Banco  Andes ,fraude_seguridad,Alguien usó mi cuenta de BancoAndes para retiros que yo no hice y hasta ahora nadie me ha dado una solución esta semana.
1671,2025-10-22,BancoAndes,fraude_seguridad,Un tercero me contacto por phishing usando el nombre de BancoAndes lo cual me parece una falta de respeto hacia el cliente. 😤
1672,2025-10-22,BancoAndes,fraude_seguridad,"Encontre un cobro sospechoso en mi cuenta de BancoAndes, no se si notificarlo como fraude o como un error de facturacion."
1673,2025-10-23,BancoAndes,tecnologia,"El sistema de BancoAndes se demora muchísimo en cargar cualquier operación lo cual me parece una falta de respeto hacia el cliente el mes pasado.
Enviado desde mi celular Samsung"
1674,2025-10-23,BancoAndes,ventas,Un ejecutivo de ventas de BancoAndes me ofreció condiciones distintas a las que después aparecieron en el contrato hace unos días.<br>
1675,2025-10-23,BancoAndes,ventas,Un asesor comercial de BancoAndes insistió en que aceptara un producto que ya había rechazado antes y hasta ahora nadie me ha dado una solución.
1676,2025-10-23,BancoAndes,fraude_seguridad,UN TERCERO  USO MI  CUENTA  DE  BANCOANDES PARA RETIROS QUE YO NO  HICE  ESTA SEMANA!!!
1677,2025-10-23,BancoAndes,fraude_seguridad,"Alguien clonó mi tarjeta de BancoAndes y BancoAndes no reaccionó a tiempo y no encuentro cómo resolverlo.
Enviado desde mi celular Samsung"
1678,2025-10-23,BancoAndes,fraude_seguridad,Un tercero  obtuvo mis  datos de  BancoAndes sin que  yo entregara esa información sin que  nadie  del banco  se haga responsable el  mes  pasado.   
1679,2025-10-23,BancoAndes,comercial,"Nadie en  el área comercial  no  respeta  el  plan comercial que acordamos por  escrito y hasta ahora nadie me ha dado una  solución.   
Enviado desde mi celular Samsung"
1680,2025-10-24,BancoAndes,tecnologia,El sistema de BancoAndes no me permite autenticarme desde el celular el mes pasado.
1681,2025-10-24,BancoAndes,tecnologia,	El portal de  clientes de BancoAndes  muestra información desactualizada  de  mi cuenta lo  cual me parece una falta de  respeto  hacia el cliente.
1682,2025-10-24,BancoAndes,tecnologia,El portal de clientes de BancoAndes se demora muchísimo en cargar cualquier operación lo cual me parece una falta de respeto hacia el cliente el mes pasado.<br>
1683,2025-10-24,BancoAndes,cobranza,	BancoAndes de  BancoAndes  no  quiere regularizar mi deuda  a pesar de que  ya pagué.   !!! Mi rut es 24.631.206-7.
1684,2025-10-24,BancoAndes,cobranza,Nadie en el area de cobranza de BancoAndes me amenaza con acciones legales por un monto incorrecto.
1685,2025-10-24,BANCOANDES,ventas,"ALGUIEN DEL EQUIPO DE VENTAS DE BANCOANDES SIGUIÓ LLAMANDO DESPUÉS DE QUE LE DIJE QUE NO ME INTERESABA.<BR>
--
Atte, cliente BancoAndes"
1686,2025-10-24,BancoAndes,fraude_seguridad,Un desconocido obtuvo mis datos de BancoAndes sin que yo entregara esa información ayer!!!
1687,2025-10-24,Banco Andes,pre_venta,El área comercial de BancoAndes no supo responder mis dudas sobre las condiciones del préstamo durante el fin de semana.
1688,2025-10-25,BancoAndes,tecnologia,La clave digital de BancoAndes no envía el código de verificación para iniciar sesión y hasta ahora nadie me ha dado una solución ayer.
1689,2025-10-25,BancoAndes,tecnologia,	LA APLICACION  DE  BANCOANDES  NO PROCESA CORRECTAMENTE MIS PAGOS  PROGRAMADOS  DURANTE EL  FIN  DE SEMANA.   !!
1690,2025-10-25,BancoAndes,tecnologia,	La  clave digital  de BancoAndes no me  permite autenticarme desde  el  celular en las  últimas  semanas.<br>  ???
1691,2025-10-25,BancoAndes,post_venta,<p>El área de post venta no aclara mis dudas sobre las condiciones del crédito ya contratado lo cual me parece una falta de respeto hacia el cliente.</p>
1692,2025-10-25,BancoAndes,comercial,Un asesor comercial de BancoAndes me vendio un seguro sin explicarme bien las condiciones.
1693,2025-10-25,BancoAndes,ventas,Alguien del equipo de ventas de BancoAndes insistio en ofrecerme un credito de consumo sin que yo lo pidiera y sigo esperando una respuesta el mes pasado??? Mi rut es 11.766.819-1.
1694,2025-10-25,BancoAndes,fraude_seguridad,Una&nbsp;persona no autorizada hizo compras con mi tarjeta de BancoAndes que yo nunca autoricé.
1695,2025-10-26,BancoAndes,tecnologia,La clave digital de BancoAndes lleva días caída y no puedo ver mis movimientos hace unos días.
1696,2025-10-26,BancoAndes,cobranza,EL DEPARTAMENTO DE COBRANZA DE BANCOANDES NO RECONOCE EL PAGO QUE YA REALICÉ Y ESTO YA ME TIENE BASTANTE MOLESTO EN LAS ÚLTIMAS SEMANAS.
1697,2025-10-26,BancoAndes,ventas,	Un vendedor telefónico de BancoAndes  me presionó para  aceptar un producto en la misma llamada en  las últimas  semanas.   
1698,2025-10-26,BancoAndes,fraude_seguridad,	Un tercero  hizo compras  con mi  tarjeta de BancoAndes que yo  nunca autorice y esto  ya  me tiene bastante  molesto en las  ultimas semanas.
1699,2025-10-26,Banco Andes,pre_venta,El área comercial de BancoAndes nunca me contactó después de pedir información sobre un crédito.
1700,2025-10-26,BancoAndes,post_venta,"Desde que contraté con BancoAndes, no tengo ni soporte técnico ni respuesta del equipo de post venta."
1701,2025-10-27,BancoAndes,tecnologia,El sitio web de BancoAndes no genera mi cartola mensual y no encuentro cómo resolverlo.
1702,2025-10-27,BancoAndes,cobranza,Nadie en el área de cobranza de BancoAndes me cobra comisiones que no estaban en el contrato original y hasta ahora nadie me ha dado una solución.
1703,2025-10-27,bancoandes,cobranza,NADIE EN EL ÁREA DE COBRANZA  DE  BANCOANDES NO QUIERE REGULARIZAR MI DEUDA  A PESAR DE  QUE YA PAGUÉ LO CUAL ME PARECE UNA FALTA DE RESPETO HACIA  EL CLIENTE.
1704,2025-10-27,BancoAndes,cobranza,	EL  EQUIPO DE COBRANZA DE BANCOANDES NO  CORRIGE UN ERROR DE FACTURACIÓN QUE YA  REPORTÉ  Y NO ENCUENTRO CÓMO  RESOLVERLO.    😤
1705,2025-10-27,BancoAndes,ventas,"Alguien del equipo de ventas de BancoAndes me llamó insistentemente para ofrecerme una tarjeta que no pedí.
Gracias, espero respuesta pronto."
1706,2025-10-27,BancoAndes,comercial,El equipo comercial cambió las condiciones comerciales sin avisarme.
1707,2025-10-28,BancoAndes,post_venta,Nadie en BancoAndes no cumplió con el acompañamiento que me prometieron al contratar sin que nadie del banco se haga responsable en las últimas semanas.
1708,2025-10-28,BANCOANDES,ventas,Un vendedor telefónico de BancoAndes siguió llamando después de que le dije que no me interesaba hace unos días.
1709,2025-10-28,BancoAndes,ventas,	Un representante  de ventas de BancoAndes me  llamó de un número  desconocido para ofrecerme un préstamo y esto  ya me  tiene bastante molesto hace  unos días.
1710,2025-10-28,BancoAndes,fraude_seguridad,Un desconocido clonó mi tarjeta de BancoAndes y BancoAndes no reaccionó a tiempo hace unos días.
1711,2025-10-28,bancoandes,fraude_seguridad,No sé quién usó mi tarjeta de  BancoAndes sin  mi autorización durante  el fin de  semana.
1712,2025-10-28,BancoAndes,fraude_seguridad,No sé quién obtuvo mis datos de BancoAndes sin que yo entregara esa información lo cual me parece una falta de respeto hacia el cliente en las últimas semanas.
1713,2025-10-28,BancoAndes,comercial,El equipo comercial no aplica la tasa preferencial que se me ofreció al contratar lo cual me parece una falta de respeto hacia el cliente.
1714,2025-10-28,BancoAndes,ventas,Un asesor de BancoAndes no me informó sobre los costos asociados antes de que decidiera.
1715,2025-10-28,BancoAndes,pre_venta,"Un ejecutivo de BancoAndes no me explicó las diferencias entre los planes disponibles y no encuentro cómo resolverlo.
--
Atte, cliente BancoAndes"
1716,2025-10-29,Banco Andes,tecnologia,La banca en línea de BancoAndes no reconoce mi clave aunque la ingreso correctamente sin que nadie del banco se haga responsable.
1717,2025-10-29,BancoAndes,tecnologia,La aplicación de BancoAndes no procesa correctamente mis pagos programados y sigo esperando una respuesta hace unos días.
1718,2025-10-29,BancoAndes,cobranza,El área de cobranza de BancoAndes me cobró dos veces la misma cuota y hasta ahora nadie me ha dado una solución.
1719,2025-10-29,BancoAndes,post_venta,El servicio de soporte no me ayuda a entender los cobros de mi cuenta recien abierta.
1720,2025-10-29,BancoAndes,cobranza,Un representante de ventas de BancoAndes me ofreció condiciones distintas a las que después aparecieron en el contrato. 🙄
1721,2025-10-29,Banco Andes,ventas,"Un ejecutivo de ventas de BancoAndes me contactó para venderme un seguro que no solicité durante el fin de semana!!! 😤
Enviado desde mi celular Samsung Mi rut es 14.137.128-2."
1722,2025-10-29,bancoandes,pre_venta,Alguien del equipo de informaciones de BancoAndes me dio una cotización que después no coincidía con la real lo cual me parece una falta de respeto hacia el cliente el mes pasado.
1723,2025-10-30,BancoAndes,tecnologia,La banca en  línea  de BancoAndes no genera  mi  cartola  mensual y  no encuentro  cómo  resolverlo...
1724,2025-10-30,BANCOANDES,tecnologia,"La&nbsp;banca en línea de BancoAndes lleva días caída y no puedo ver mis movimientos y sigo esperando una respuesta durante el fin de semana.
Enviado desde mi celular Samsung N° de reclamo anterior: RC-89380."
1725,2025-10-30,BancoAndes,cobranza,BancoAndes de BancoAndes no acepta renegociar mi deuda en condiciones razonables lo cual me parece una falta de respeto hacia el cliente.
1726,2025-10-30,BANCOANDES,comercial,BancoAndes de BancoAndes no quiere regularizar mi deuda a pesar de que ya pagué hace unos días.
1727,2025-10-30,BancoAndes,post_venta,Nadie en BancoAndes dejo de responder despues  de que firme el contrato sin que nadie  del banco se haga  responsable durante  el fin de semana.
1728,2025-10-30,BancoAndes,ventas,Un representante de ventas de BancoAndes me ofrecio una tarjeta con beneficios que despues no eran reales esta semana!!!
1729,2025-10-30,BancoAndes,comercial,Nadie en el área comercial no respeta el plan comercial que acordamos por escrito lo cual me parece una falta de respeto hacia el cliente durante el fin de semana.
1730,2025-10-31,BancoAndes,cobranza,	NADIE  EN EL ÁREA DE COBRANZA DE BANCOANDES  ME  COBRA  COMISIONES QUE NO ESTABAN EN EL CONTRATO ORIGINAL LO  CUAL ME PARECE  UNA FALTA DE RESPETO HACIA EL CLIENTE!!!
1731,2025-10-31,Banco  Andes ,cobranza,El departamento de cobranza de BancoAndes me está cobrando una multa que no está justificada hace unos días. N° de reclamo anterior: RC-64783.
1732,2025-10-31,BANCOANDES,post_venta,El equipo de seguimiento no resuelve mi duda sobre  el  estado de mi solicitud ya  aprobada.    N° de reclamo anterior: RC-42856.
1733,2025-10-31,BancoAndes,post_venta,"Nadie en BancoAndes no responde mis consultas de seguimiento sobre el crédito que ya tengo y sigo esperando una respuesta.
Gracias, espero respuesta pronto. N° de reclamo anterior: RC-90255."
1734,2025-10-31,BancoAndes,post_venta,EL EQUIPO DE SEGUIMIENTO NO ME ENTREGA LA INFORMACIÓN QUE ME PROMETIERON AL FIRMAR Y HASTA AHORA NADIE ME HA DADO UNA SOLUCIÓN DURANTE EL FIN DE SEMANA.
1735,2025-10-31,BancoAndes,ventas,Un ejecutivo de ventas de BancoAndes me llamó de un número desconocido para ofrecerme un préstamo y sigo esperando una respuesta. Mi rut es 12.381.595-7.
1736,2025-10-31,BancoAndes,fraude_seguridad,Una persona no autorizada cambió mi clave de BancoAndes sin que yo lo hiciera sin que nadie del banco se haga responsable.
1737,2025-10-31,BancoAndes,fraude_seguridad,No se quien realizo una transferencia desde mi cuenta de BancoAndes que no reconozco y esto ya me tiene bastante molesto esta semana.
1738,2025-10-31,BancoAndes,comercial,El area comercial no ha activado el beneficio que me ofrecieron al abrir la cuenta hace unos dias.
1739,2025-10-31,BancoAndes,pre_venta,Un asesor de BancoAndes ignoró mi consulta sobre los requisitos de un crédito hipotecario sin que nadie del banco se haga responsable ayer.
1740,2025-11-01,BancoAndes,tecnologia,	El sistema  de BancoAndes  lleva días  caída y  no puedo ver  mis movimientos hace  unos días.   
1741,2025-11-01,BancoAndes,tecnologia,El sistema de BancoAndes no genera mi cartola mensual y esto ya me tiene bastante molesto el mes pasado???
1742,2025-11-01,BancoAndes,cobranza,BANCOANDES DE BANCOANDES ME COBRÓ DOS VECES LA MISMA CUOTA EN LAS ÚLTIMAS SEMANAS?!
1743,2025-11-01,BancoAndes,post_venta,El área de post venta ignora mis mensajes desde que activé la cuenta nueva sin que nadie del banco se haga responsable.
1744,2025-11-01,BANCOANDES,ventas,"UN  ASESOR COMERCIAL DE  BANCOANDES ME CONTACTÓ FUERA DE HORARIO  PARA OFRECERME UNA TARJETA NUEVA  Y  SIGO  ESPERANDO  UNA RESPUESTA EN LAS  ÚLTIMAS SEMANAS.
Enviado desde mi iPhone"
1745,2025-11-01,BancoAndes,fraude_seguridad,Un desconocido usó mi tarjeta de BancoAndes sin mi autorización en las últimas semanas!!
1746,2025-11-01,BancoAndes,fraude_seguridad,Un  tercero logró acceder  a mi  banca en  línea de BancoAndes sin mi consentimiento  y hasta ahora  nadie me ha dado  una solución.   
1747,2025-11-01,BancoAndes,comercial,"	El ejecutivo comercial cambió  las condiciones comerciales  sin  avisarme el mes pasado.
--
Atte, cliente BancoAndes"
1748,2025-11-01,BancoAndes,pre_venta,El área comercial de BancoAndes no me aclaró cuáles eran los documentos necesarios para postular esta semana.
1749,2025-11-02,BancoAndes,tecnologia,La clave digital de BancoAndes no me deja actualizar mis datos de contacto hace unos días.
1750,2025-11-02,BancoAndes,cobranza,El área de cobranza de BancoAndes me cobra intereses que no corresponden a mi situación y no encuentro cómo resolverlo durante el fin de semana.
1751,2025-11-02,BancoAndes,post_venta,EL SERVICIO DE SOPORTE NO RESUELVE MI DUDA SOBRE EL ESTADO DE MI SOLICITUD YA APROBADA.
1752,2025-11-02,BANCOANDES,post_venta,El equipo de seguimiento no me entrega la información que me prometieron al firmar y esto ya me tiene bastante molesto ayer!!!
1753,2025-11-02,BancoAndes,comercial,"El equipo comercial desconoce el acuerdo comercial que hice con un ejecutivo anterior hace unos días.
Enviado desde mi iPhone"
1754,2025-11-02,Banco  Andes ,comercial,El equipo comercial desconoce el acuerdo comercial que hice con un ejecutivo anterior durante el fin de semana!! N° de reclamo anterior: RC-38268.
1755,2025-11-02,BancoAndes,comercial,El ejecutivo comercial no cumple con el beneficio que venía incluido en mi cuenta durante el fin de semana. Mi rut es 18.760.428-3.
1756,2025-11-03,BancoAndes,tecnologia,El portal de clientes de BancoAndes no me permite autenticarme desde el celular y sigo esperando una respuesta esta semana.
1757,2025-11-03,BancoAndes,comercial,BancoAndes no quiere renegociar las condiciones de mi crédito. N° de reclamo anterior: RC-85056.
1758,2025-11-04,BancoAndes,cobranza,<p>BancoAndes de BancoAndes insiste en cobrar un monto que ya fue aclarado antes.</p>
1759,2025-11-04,BancoAndes,cobranza,El departamento de cobranza de BancoAndes sigue enviandome cartas de cobro por una deuda pagada y esto ya me tiene bastante molesto en las ultimas semanas.
1760,2025-11-04,BANCOANDES,cobranza,El equipo de cobranza de BancoAndes me cobra comisiones que no estaban en el contrato original durante el fin de semana.
1761,2025-11-04,BancoAndes,ventas,Un asesor comercial de BancoAndes me contactó varias veces el mismo día ofreciéndome productos distintos y no encuentro cómo resolverlo.
1762,2025-11-04,BANCOANDES,ventas,Un&nbsp;vendedor telefónico de BancoAndes me llamó insistentemente para ofrecerme una tarjeta que no pedí lo cual me parece una falta de respeto hacia el cliente en las últimas semanas!!
1763,2025-11-04,BancoAndes,fraude_seguridad,Alguien logró acceder a mi banca en línea de BancoAndes sin mi consentimiento y esto ya me tiene bastante molesto esta semana.
1764,2025-11-04,bancoandes,fraude_seguridad,	Un tercero hizo compras con  mi tarjeta  de BancoAndes que yo  nunca  autoricé.   
1765,2025-11-04,BancoAndes,fraude_seguridad,<p>Alguien realizó una transferencia desde mi cuenta de BancoAndes que no reconozco en las últimas semanas.</p>
1766,2025-11-04,BancoAndes,pre_venta,El área comercial de BancoAndes tardó semanas en responder mi consulta inicial y sigo esperando una respuesta??? ⏳
1767,2025-11-05,BancoAndes,tecnologia,	El  sistema de  BancoAndes no genera mi  cartola mensual.    😠
1768,2025-11-05,BancoAndes,cobranza,El área de cobranza de BancoAndes no reconoce el pago que ya realicé y no encuentro cómo resolverlo en las últimas semanas.
1769,2025-11-05,BancoAndes,cobranza,El equipo de cobranza de BancoAndes me cobró un interés más alto del que se había acordado y no encuentro cómo resolverlo durante el fin de semana. N° de reclamo anterior: RC-88447.
1770,2025-11-05,BancoAndes,post_venta,EL ÁREA DE POST VENTA NO ME EXPLICA CÓMO USAR EL PRODUCTO QUE CONTRATÉ HACE POCO.
1771,2025-11-05,BANCOANDES,ventas,	Un  representante  de ventas  de BancoAndes me vendió un  seguro sin explicarme  bien las  condiciones y  no encuentro  cómo resolverlo!!
1772,2025-11-05,BANCOANDES,ventas,UN REPRESENTANTE DE VENTAS DE BANCOANDES INSISTIÓ EN QUE ACEPTARA UN PRODUCTO QUE YA HABÍA RECHAZADO ANTES ESTA SEMANA.
1773,2025-11-05,BancoAndes,ventas,"Alguien del equipo de ventas  de BancoAndes  me contactó fuera de horario para ofrecerme una  tarjeta nueva  sin que nadie del banco se haga responsable.   
Gracias, espero respuesta pronto."
1774,2025-11-05,BancoAndes,fraude_seguridad,No sé quién obtuvo mis datos de BancoAndes sin que yo entregara esa información y esto ya me tiene bastante molesto.
1775,2025-11-06,BancoAndes,tecnologia,	La clave digital  de  BancoAndes  no me deja  actualizar mis  datos  de contacto y  hasta ahora nadie  me  ha  dado una solución.
1776,2025-11-06,BancoAndes,comercial,La aplicación de BancoAndes no genera mi cartola mensual sin que nadie del banco se haga responsable ayer.
1777,2025-11-06,BancoAndes,tecnologia,El sistema de BancoAndes muestra información desactualizada de mi cuenta lo cual me parece una falta de respeto hacia el cliente en las últimas semanas.
1778,2025-11-06,BancoAndes,cobranza,"BancoAndes de BancoAndes me cobra comisiones que no estaban en el contrato original y sigo esperando una respuesta.
Gracias, espero respuesta pronto."
1779,2025-11-06,BancoAndes,cobranza,El equipo de cobranza  de BancoAndes me  cobra intereses que no corresponden a  mi situación el  mes pasado.   ...
1780,2025-11-06,BancoAndes,fraude_seguridad,"Un desconocido usó mi tarjeta de BancoAndes sin mi autorización y esto ya me tiene bastante molesto ayer.
--
Atte, cliente BancoAndes"
1781,2025-11-07,BancoAndes,tecnologia,	El sitio web de BancoAndes se  congela  cada  vez que intento  hacer  una  transferencia y  esto ya me  tiene bastante  molesto en las últimas semanas. Mi rut es 19.491.317-6.
1782,2025-11-07,BancoAndes,tecnologia,La aplicación de BancoAndes marca error de sistema constantemente y esto ya me tiene bastante molesto el mes pasado.
1783,2025-11-07,BancoAndes,cobranza,<p>BancoAndes de  BancoAndes me cobra comisiones que  no  estaban en el contrato original  y  sigo esperando una  respuesta  esta semana.</p>
1784,2025-11-07,BancoAndes,post_venta,El área de post venta no me entrega la información que me prometieron al firmar y hasta ahora nadie me ha dado una solución esta semana. Mi rut es 17.585.436-2.
1785,2025-11-07,BancoAndes,post_venta,BancoAndes no me da soporte con mis dudas después de contratar el producto y no encuentro cómo resolverlo.
1786,2025-11-07,BancoAndes,post_venta,El equipo de seguimiento dejó de responder después de que firmé el contrato lo cual me parece una falta de respeto hacia el cliente.
1787,2025-11-07,Banco Andes,pre_venta,Alguien&nbsp;del equipo de informaciones de BancoAndes no me informó sobre los costos asociados antes de que decidiera esta semana!! 😤
1788,2025-11-08,bancoandes,cobranza,El departamento de cobranza de BancoAndes insiste en cobrar un monto que ya fue aclarado antes el mes pasado?!
1789,2025-11-08,BancoAndes,cobranza,El área de cobranza de BancoAndes sigue enviándome cartas de cobro por una deuda pagada el mes pasado. 🙄
1790,2025-11-08,BancoAndes,post_venta,Nadie  en BancoAndes no  me  explica cómo  usar el  producto  que  contraté  hace  poco y  no encuentro  cómo resolverlo.    Mi rut es 18.675.693-5.
1791,2025-11-08,BancoAndes,ventas,Un asesor comercial de BancoAndes me ofreció una tarjeta con beneficios que después no eran reales y hasta ahora nadie me ha dado una solución.
1792,2025-11-08,BancoAndes,ventas,Un vendedor telefónico de  BancoAndes me ofreció una tarjeta con beneficios  que  después  no  eran  reales y  esto ya me tiene bastante molesto esta semana.
1793,2025-11-08,BancoAndes,comercial,El ejecutivo comercial no respeta el plan comercial que acordamos por escrito y hasta ahora nadie me ha dado una solucion ayer???
1794,2025-11-08,BancoAndes,comercial,EL ÁREA COMERCIAL NO QUIERE RENEGOCIAR LAS CONDICIONES DE MI CRÉDITO Y HASTA AHORA NADIE ME HA DADO UNA SOLUCIÓN DURANTE EL FIN DE SEMANA.
1795,2025-11-08,BancoAndes,comercial,El área comercial no cumple las condiciones pactadas para la renovación de mi producto esta semana. N° de reclamo anterior: RC-93789.
1796,2025-11-09,BancoAndes,cobranza,El  departamento de cobranza de BancoAndes sigue enviándome cartas de  cobro por una deuda pagada.   
1797,2025-11-09,BancoAndes,cobranza,El equipo  de cobranza  de  BancoAndes me cobra intereses que no  corresponden a  mi situación  hace unos  días.<br>  
1798,2025-11-09,BancoAndes,cobranza,	BancoAndes de BancoAndes no  corrige un error de  facturación  que ya reporté sin  que nadie  del banco  se haga responsable.
1799,2025-11-09,BancoAndes,pre_venta,El servicio de atencion de BancoAndes no me explico bien los requisitos antes de postular a la tarjeta esta semana.
1800,2025-11-09,BancoAndes,pre_venta,"Quería&nbsp;solo cotizar un crédito en BancoAndes y terminé recibiendo una oferta de venta insistente. ⏳
Gracias, espero respuesta pronto."
1801,2025-11-10,BancoAndes,tecnologia,"La aplicación de BancoAndes no carga mis transacciones recientes esta semana.
--
Atte, cliente BancoAndes"
1802,2025-11-10,BancoAndes,tecnologia,LA BANCA EN LÍNEA DE BANCOANDES MUESTRA INFORMACIÓN DESACTUALIZADA DE MI CUENTA SIN QUE NADIE DEL BANCO SE HAGA RESPONSABLE EN LAS ÚLTIMAS SEMANAS.
1803,2025-11-10,BancoAndes,cobranza,El área de cobranza de BancoAndes no responde mi solicitud de repactación de deuda.
1804,2025-11-10,BancoAndes,post_venta,El servicio de soporte ignora mis mensajes desde que active la cuenta nueva y hasta ahora nadie me ha dado una solucion???
1805,2025-11-10,BANCOANDES,post_venta,BancoAndes no me ayuda a entender los cobros de mi cuenta recién abierta y hasta ahora nadie me ha dado una solución?! 😠
1806,2025-11-10,BancoAndes,fraude_seguridad,ALGUIEN REALIZÓ UNA TRANSFERENCIA DESDE MI CUENTA DE BANCOANDES QUE NO RECONOZCO Y ESTO YA ME TIENE BASTANTE MOLESTO.
1807,2025-11-10,Banco Andes,pre_venta,Un ejecutivo de BancoAndes ignoró mi consulta sobre los requisitos de un crédito hipotecario esta semana. Pueden contactarme al +56 9 7958 4403.
1808,2025-11-11,BancoAndes,tecnologia,La aplicación de BancoAndes no me permite autenticarme desde el celular el mes pasado.
1809,2025-11-11,BancoAndes,tecnologia,El sistema de BancoAndes no me deja actualizar mis datos de contacto sin que nadie del banco se haga responsable.
1810,2025-11-11,BancoAndes,tecnologia,El  sitio  web  de BancoAndes no me  deja actualizar mis datos de contacto  sin que nadie  del banco  se haga responsable  hace  unos días.
1811,2025-11-11,BancoAndes,tecnologia,El sitio web de BancoAndes no permite descargar mis comprobantes de pago y hasta ahora nadie me ha dado una solución en las últimas semanas???
1812,2025-11-11,BancoAndes,cobranza,El equipo de cobranza de BancoAndes me cobra intereses que no corresponden a mi situación y esto ya me tiene bastante molesto en las últimas semanas. 😞 Pueden contactarme al +56 9 4924 9431.
1813,2025-11-11,BANCOANDES,cobranza,NADIE EN  EL  ÁREA  DE  COBRANZA DE BANCOANDES  NO QUIERE REGULARIZAR MI DEUDA A  PESAR  DE QUE YA PAGUÉ  HACE UNOS DÍAS.   
1814,2025-11-11,Banco  Andes ,post_venta,	El&nbsp; servicio  de soporte dejó de responder  después de  que firmé el contrato sin que nadie del banco se haga responsable el mes pasado.
1815,2025-11-11,BANCOANDES,post_venta,El servicio de soporte ignora mis mensajes desde que activé la cuenta nueva y hasta ahora nadie me ha dado una solución durante el fin de semana.
1816,2025-11-11,BancoAndes,post_venta,El área de post venta no resuelve mi duda sobre el estado de mi solicitud ya aprobada y esto ya me tiene bastante molesto esta semana.
1817,2025-11-11,BancoAndes,post_venta,	Nadie en  BancoAndes no me da  soporte con mis dudas  después de contratar el  producto sin que nadie  del  banco  se haga  responsable.   
1818,2025-11-11,BancoAndes,ventas,Un asesor comercial de BancoAndes siguió llamando después de que le dije que no me interesaba esta semana.
1819,2025-11-11,BancoAndes,fraude_seguridad,No sé quién usó mi tarjeta de BancoAndes sin mi autorización sin que nadie del banco se haga responsable.
1820,2025-11-11,BancoAndes,fraude_seguridad,No se quien realizo una transferencia desde mi cuenta de BancoAndes que no reconozco y no encuentro como resolverlo.
1821,2025-11-11,BancoAndes,comercial,BANCOANDES DESCONOCE EL ACUERDO COMERCIAL QUE HICE CON UN EJECUTIVO ANTERIOR. 😞
1822,2025-11-11,BancoAndes,comercial,El área comercial no ha activado el beneficio que me ofrecieron al abrir la cuenta y sigo esperando una respuesta el mes pasado.
1823,2025-11-11,bancoandes,fraude_seguridad,"BancoAndes dice que fue un error del sistema, pero a mí me parece que alguien más entró a mi cuenta???"
1824,2025-11-12,BancoAndes,tecnologia,"La aplicación de BancoAndes muestra información desactualizada de mi cuenta y hasta ahora nadie me ha dado una solución...
Gracias, espero respuesta pronto."
1825,2025-11-12,BancoAndes,tecnologia,El portal de clientes de BancoAndes no me deja actualizar mis datos de contacto esta semana?!
1826,2025-11-12,BancoAndes,cobranza,BancoAndes de BancoAndes me cobró un interés más alto del que se había acordado ayer.
1827,2025-11-12,BancoAndes,post_venta,El área de post venta no responde mis consultas de seguimiento sobre el crédito que ya tengo y sigo esperando una respuesta en las últimas semanas?!
1828,2025-11-12,BancoAndes,post_venta,El equipo de seguimiento no me da soporte con mis dudas después de contratar el producto y no encuentro cómo resolverlo. Pueden contactarme al +56 9 8912 5540.
1829,2025-11-13,BancoAndes,fraude_seguridad,BancoAndes no responde mis consultas de seguimiento sobre el crédito que ya tengo y sigo esperando una respuesta esta semana.
1830,2025-11-13,BancoAndes,ventas,Un ejecutivo de ventas de BancoAndes me contactó fuera de horario para ofrecerme una tarjeta nueva hace unos días.
1831,2025-11-13,BancoAndes,ventas,Un representante de ventas de BancoAndes me contactó varias veces el mismo día ofreciéndome productos distintos sin que nadie del banco se haga responsable.
1832,2025-11-13,BANCOANDES,ventas,Un vendedor telefónico de BancoAndes me ofreció condiciones distintas a las que después aparecieron en el contrato hace unos días.
1833,2025-11-13,BancoAndes,fraude_seguridad,Una persona no autorizada accedió a mi cuenta de BancoAndes sin que yo lo autorizara lo cual me parece una falta de respeto hacia el cliente!!
1834,2025-11-13,BancoAndes,fraude_seguridad,No sé quién usó mis datos para solicitar un producto en BancoAndes a mi nombre en las últimas semanas.
1835,2025-11-13,BancoAndes,pre_venta,Un ejecutivo de BancoAndes me dijo que me llamarían con más información y nunca lo hicieron hace unos días.
1836,2025-11-14,BancoAndes,cobranza,La aplicacion de BancoAndes no procesa correctamente mis pagos programados esta semana.
1837,2025-11-14,BancoAndes,cobranza,El equipo de  cobranza  de BancoAndes  me está cobrando una multa  que no está  justificada  lo  cual me parece una falta  de respeto hacia el cliente.   
1838,2025-11-14,BancoAndes,post_venta,BancoAndes no cumplió con el acompañamiento que me prometieron al contratar y no encuentro cómo resolverlo.
1839,2025-11-14,BancoAndes,post_venta,Nadie  en BancoAndes  no responde  mis  consultas de  seguimiento sobre el  crédito que ya  tengo en  las  últimas semanas.    N° de reclamo anterior: RC-86713.
1840,2025-11-14,BancoAndes,comercial,El ejecutivo comercial aplicó condiciones distintas a las que figuraban en la propuesta comercial sin que nadie del banco se haga responsable.
1841,2025-11-15,BancoAndes,tecnologia,	El sistema de  BancoAndes  no me deja actualizar mis datos  de contacto esta semana.<br>
1842,2025-11-15,BancoAndes,cobranza,EL EQUIPO DE COBRANZA DE BANCOANDES ME AMENAZA CON ACCIONES LEGALES POR UN MONTO INCORRECTO.
1843,2025-11-15,BancoAndes,cobranza,EL EQUIPO DE COBRANZA DE BANCOANDES NO CORRIGE UN ERROR DE FACTURACIÓN QUE YA REPORTÉ Y NO ENCUENTRO CÓMO RESOLVERLO HACE UNOS DÍAS.
1844,2025-11-15,BancoAndes,ventas,Un asesor comercial de BancoAndes me contactó fuera de horario para ofrecerme una tarjeta nueva sin que nadie del banco se haga responsable hace unos días. 😞
1845,2025-11-15,BancoAndes,fraude_seguridad,Un tercero intentó estafarme haciéndose pasar por un ejecutivo de BancoAndes!!!
1846,2025-11-15,Banco  Andes ,fraude_seguridad,Un desconocido hizo compras con mi tarjeta de BancoAndes que yo nunca autoricé en las últimas semanas...
1847,2025-11-15,BancoAndes,comercial,Nadie en el área comercial no cumple con el beneficio que venía incluido en mi cuenta.
1848,2025-11-16,BancoAndes,tecnologia,El sitio web de BancoAndes muestra información desactualizada de mi cuenta y esto ya me tiene bastante molesto.
1849,2025-11-16,bancoandes,post_venta,	Nadie&nbsp;en BancoAndes me  deja  sin  respuesta después  de haber aceptado  el producto  lo  cual me parece  una  falta  de respeto  hacia el  cliente?! 🙄
1850,2025-11-16,BancoAndes,ventas,	Alguien del  equipo de ventas de  BancoAndes insistió  en  ofrecerme un crédito  de consumo sin que  yo lo pidiera.
1851,2025-11-16,BancoAndes,ventas,Un vendedor telefonico de BancoAndes me ofrecio un credito hipotecario sin que yo hubiera preguntado por eso lo cual me parece una falta de respeto hacia el cliente ayer. 😡 Mi rut es 22.361.743-4.
1852,2025-11-16,BancoAndes,fraude_seguridad,No sé quién usó mi cuenta de BancoAndes para retiros que yo no hice durante el fin de semana.
1853,2025-11-16,BancoAndes,pre_venta,Alguien del equipo de informaciones de BancoAndes me remitió a distintas áreas sin darme una respuesta clara y no encuentro cómo resolverlo.
1854,2025-11-17,BancoAndes,cobranza,El  sitio  web  de BancoAndes no me permite autenticarme desde  el celular el mes pasado.   
1855,2025-11-17,BancoAndes,tecnologia,La banca en línea de BancoAndes lleva días caída y no puedo ver mis movimientos y esto ya me tiene bastante molesto hace unos días.
1856,2025-11-17,BancoAndes,tecnologia,El sitio web de BancoAndes no me deja actualizar mis datos de contacto lo cual me parece una falta de respeto hacia el cliente en las últimas semanas. Mi rut es 24.228.872-8.
1857,2025-11-17,BancoAndes,cobranza,El departamento de cobranza de BancoAndes me amenaza con acciones legales por un monto incorrecto.<br>
1858,2025-11-17,BancoAndes,fraude_seguridad,Alguien accedió  a  mi  cuenta de BancoAndes  sin  que yo lo autorizara el mes  pasado???
1859,2025-11-17,BancoAndes,pre_venta,El área comercial de BancoAndes me dio una cotización que después no coincidía con la real sin que nadie del banco se haga responsable ayer...
1860,2025-11-17,BancoAndes,cobranza,BancoAndes me cobra intereses que no calzan con la oferta comercial que me hicieron al principio.
1861,2025-11-18,BancoAndes,tecnologia,La aplicación de BancoAndes no envía el código de verificación para iniciar sesión ayer.
1862,2025-11-18,BancoAndes,cobranza,	El departamento de cobranza de BancoAndes me amenaza  con acciones  legales por  un  monto incorrecto y no  encuentro  como resolverlo el  mes pasado.   
1863,2025-11-18,BancoAndes,post_venta,"BancoAndes no responde mis llamadas desde que contrate el seguro sin que nadie del banco se haga responsable.
Enviado desde mi iPhone"
1864,2025-11-18,BancoAndes,ventas,	Un ejecutivo de ventas de  BancoAndes  me  presionó  para aceptar un producto en la misma llamada en  las últimas semanas.   
1865,2025-11-18,BancoAndes,fraude_seguridad,Una persona no autorizada clonó mi tarjeta de BancoAndes y BancoAndes no reaccionó a tiempo durante el fin de semana.
1866,2025-11-18,BancoAndes,fraude_seguridad,Un tercero vació parte de mi cuenta de BancoAndes y el banco no me ha devuelto el dinero el mes pasado.
1867,2025-11-18,BancoAndes,fraude_seguridad,	UNA PERSONA NO  AUTORIZADA  USO MIS  DATOS  PARA SOLICITAR UN PRODUCTO EN BANCOANDES A MI NOMBRE Y  HASTA AHORA NADIE ME  HA DADO  UNA SOLUCION.   ???
1868,2025-11-18,BancoAndes,comercial,NADIE&NBSP;EN EL ÁREA COMERCIAL CAMBIÓ LAS CONDICIONES COMERCIALES SIN AVISARME SIN QUE NADIE DEL BANCO SE HAGA RESPONSABLE. ⏳
1869,2025-11-18,BancoAndes,comercial,	Nadie en el área  comercial no ha  activado el beneficio que me  ofrecieron  al abrir la  cuenta y hasta ahora nadie me ha  dado una solución.   
1870,2025-11-19,BancoAndes,tecnologia,El portal de clientes de BancoAndes no me deja actualizar mis datos de contacto en las últimas semanas.
1871,2025-11-19,BancoAndes,cobranza,"BANCOANDES DE BANCOANDES ME COBRA INTERESES QUE NO CORRESPONDEN A MI SITUACION EN LAS ULTIMAS SEMANAS?!
Enviado desde mi celular Samsung"
1872,2025-11-19,BancoAndes,cobranza,"El departamento de cobranza de BancoAndes me está cobrando una multa que no está justificada y hasta ahora nadie me ha dado una solución. 😠
Enviado desde mi celular Samsung"
1873,2025-11-19,BancoAndes,post_venta,"Nadie en BancoAndes me deja sin respuesta despues de haber aceptado el producto lo cual me parece una falta de respeto hacia el cliente ayer.
Gracias, espero respuesta pronto."
1874,2025-11-19,BancoAndes,ventas,Un ejecutivo de ventas de BancoAndes insistió en que aceptara un producto que ya había rechazado antes esta semana.
1875,2025-11-19,BancoAndes,ventas,UN EJECUTIVO DE VENTAS DE BANCOANDES ME PRESIONÓ PARA ACEPTAR UN PRODUCTO EN LA MISMA LLAMADA DURANTE EL FIN DE SEMANA. 😤
1876,2025-11-19,BancoAndes,fraude_seguridad,Una persona no autorizada usó mi cuenta de BancoAndes para retiros que yo no hice sin que nadie del banco se haga responsable el mes pasado. Mi rut es 16.154.817-0.
1877,2025-11-19,BANCOANDES,comercial,El ejecutivo comercial desconoce el acuerdo comercial que hice con un ejecutivo anterior y sigo esperando una respuesta.
1878,2025-11-19,BancoAndes,cobranza,El área comercial de BancoAndes no  respondió mi solicitud de información sobre cuentas de ahorro y no encuentro cómo resolverlo.
1879,2025-11-19,BancoAndes,pre_venta,Un ejecutivo de BancoAndes no me informó sobre los costos asociados antes de que decidiera durante el fin de semana. N° de reclamo anterior: RC-95891.
1880,2025-11-20,BancoAndes,tecnologia,El sistema de BancoAndes se demora muchísimo en cargar cualquier operación y no encuentro cómo resolverlo.
1881,2025-11-20,BancoAndes,tecnologia,La banca en línea de BancoAndes no me deja actualizar mis datos de contacto y sigo esperando una respuesta el mes pasado. Pueden contactarme al +56 9 7126 3314.
1882,2025-11-20,Banco Andes,tecnologia,	La aplicación  de BancoAndes  muestra  información desactualizada  de mi cuenta y sigo esperando una respuesta.
1883,2025-11-20,BancoAndes,tecnologia,<p>El portal de clientes de BancoAndes no envía el código de verificación para iniciar sesión durante el fin de semana.</p>
1884,2025-11-20,BancoAndes,tecnologia,La clave digital de BancoAndes no permite descargar mis comprobantes de pago ayer!!
1885,2025-11-20,BancoAndes,cobranza,El área de cobranza de BancoAndes insiste en cobrar un monto que ya fue aclarado antes en las últimas semanas.
1886,2025-11-20,BancoAndes,ventas,Un ejecutivo de ventas de BancoAndes me contactó para venderme un seguro que no solicité sin que nadie del banco se haga responsable el mes pasado.
1887,2025-11-20,BancoAndes,ventas,Un representante de ventas de BancoAndes insistio en que aceptara un producto que ya habia rechazado antes en las ultimas semanas???
1888,2025-11-21,BancoAndes,tecnologia,La clave digital de BancoAndes no me deja actualizar mis datos de contacto.
1889,2025-11-21,BancoAndes,tecnologia,El sistema de BancoAndes  marca error de sistema constantemente el mes pasado.   
1890,2025-11-21,bancoandes,post_venta,El area de post venta no resuelve mi duda sobre el estado de mi solicitud ya aprobada durante el fin de semana.
1891,2025-11-21,BancoAndes,post_venta,El servicio de soporte no responde mis consultas de seguimiento sobre el crédito que ya tengo.
1892,2025-11-21,BancoAndes,post_venta,El area de post venta no me entrega la informacion que me prometieron al firmar. 😡
1893,2025-11-21,BancoAndes,post_venta,	Nadie en BancoAndes no  cumplió con el  acompañamiento que  me  prometieron al contratar. 😤
1894,2025-11-21,BancoAndes,ventas,Alguien del equipo de ventas de BancoAndes me ofreció un crédito hipotecario sin que yo hubiera preguntado por eso y no encuentro cómo resolverlo en las últimas semanas.
1895,2025-11-21,BancoAndes,fraude_seguridad,Un tercero vació parte de mi cuenta de BancoAndes y el banco no me ha devuelto el dinero y esto ya me tiene bastante molesto ayer?! 👎
1896,2025-11-21,BancoAndes,fraude_seguridad,"<p>No sé quién cambió mi clave de BancoAndes sin que yo lo hiciera y hasta ahora nadie me ha dado una solución.</p>
--
Atte, cliente BancoAndes"
1897,2025-11-21,BancoAndes,comercial,BancoAndes no reconoce el descuento por cliente antiguo que me habían asegurado y no encuentro cómo resolverlo el mes pasado.
1898,2025-11-21,BancoAndes,pre_venta,El área comercial de BancoAndes nunca me contactó después de pedir información sobre un crédito en las últimas semanas.
1899,2025-11-22,BancoAndes,tecnologia,La clave digital de BancoAndes se cierra sola cada vez que intento pagar una cuenta y hasta ahora nadie me ha dado una solución.
1900,2025-11-22,BancoAndes,tecnologia,El sitio  web de BancoAndes  se congela cada  vez  que  intento  hacer una  transferencia hace unos dias.   
1901,2025-11-22,BancoAndes,tecnologia,El sistema de BancoAndes marca error de sistema constantemente lo cual me parece una falta de respeto hacia el cliente ayer.
1902,2025-11-22,BancoAndes,tecnologia,La aplicación de BancoAndes no carga mis transacciones recientes durante el fin de semana.
1903,2025-11-22,BancoAndes,tecnologia,EL SITIO WEB DE BANCOANDES NO ENVÍA EL CÓDIGO DE VERIFICACIÓN PARA INICIAR SESIÓN Y NO ENCUENTRO CÓMO RESOLVERLO AYER.
1904,2025-11-22,BancoAndes,tecnologia,"El  portal de  clientes  de  BancoAndes se congela cada vez que intento hacer una  transferencia  lo cual me parece una  falta de  respeto hacia el cliente durante el  fin de  semana.   <br>
Enviado desde mi celular Samsung"
1905,2025-11-22,bancoandes,ventas,UN REPRESENTANTE DE VENTAS DE BANCOANDES ME CONTACTÓ VARIAS VECES EL MISMO DÍA OFRECIÉNDOME PRODUCTOS DISTINTOS ESTA SEMANA.
1906,2025-11-22,BancoAndes,ventas,Alguien del equipo de ventas de BancoAndes me ofrecio una tarjeta con beneficios que despues no eran reales sin que nadie del banco se haga responsable esta semana.
1907,2025-11-22,BANCOANDES,fraude_seguridad,"Un desconocido usó mis datos para solicitar un producto en BancoAndes a mi nombre durante el fin de semana!!
Enviado desde mi celular Samsung"
1908,2025-11-23,BancoAndes,tecnologia,El sitio web de BancoAndes se congela cada vez que intento hacer una transferencia ayer.
1909,2025-11-23,BancoAndes,cobranza,El equipo de cobranza de BancoAndes no actualiza mi historial después de pagar la deuda en las últimas semanas.
1910,2025-11-23,BancoAndes,fraude_seguridad,No sé quién accedió a mi cuenta de BancoAndes sin que yo lo autorizara esta semana.
1911,2025-11-24,BancoAndes,tecnologia,La banca en línea de BancoAndes no procesa correctamente mis pagos programados sin que nadie del banco se haga responsable.
1912,2025-11-24,BancoAndes,cobranza,El equipo de cobranza de BancoAndes sigue enviándome cartas de cobro por una deuda pagada y esto ya me tiene bastante molesto ayer!!! Pueden contactarme al +56 9 5280 4376.
1913,2025-11-24,BancoAndes,ventas,Un ejecutivo de ventas de BancoAndes me ofrecio condiciones distintas a las que despues aparecieron en el contrato en las ultimas semanas...
1914,2025-11-24,BancoAndes,fraude_seguridad,Una persona no autorizada genero cargos fraudulentos en mi tarjeta de BancoAndes???
1915,2025-11-24,BancoAndes,pre_venta,El&nbsp;servicio de atencion de BancoAndes me dio informacion distinta a la que aparece en la pagina web hace unos dias.
1916,2025-11-25,BancoAndes,tecnologia,La clave digital de BancoAndes se cierra sola cada vez que intento pagar una cuenta y hasta ahora nadie me ha dado una solución el mes pasado. Pueden contactarme al +56 9 2512 3665.
1917,2025-11-25,BancoAndes,cobranza,"BancoAndes de BancoAndes no reconoce el pago que ya realicé lo cual me parece una falta de respeto hacia el cliente.
Enviado desde mi iPhone"
1918,2025-11-25,BancoAndes,ventas,Un asesor comercial de BancoAndes me llamó insistentemente para ofrecerme una tarjeta que no pedí el mes pasado.
1919,2025-11-25,BancoAndes,comercial,EL EJECUTIVO COMERCIAL NO CUMPLE LAS CONDICIONES PACTADAS PARA LA RENOVACIÓN DE MI PRODUCTO EN LAS ÚLTIMAS SEMANAS. Mi rut es 21.358.221-0.
1920,2025-11-25,BancoAndes,comercial,El ejecutivo comercial desconoce el acuerdo comercial que hice con un ejecutivo anterior y hasta ahora nadie me ha dado una solución.
1921,2025-11-25,BancoAndes,pre_venta,UN ASESOR DE BANCOANDES NO ME EXPLICÓ LAS DIFERENCIAS ENTRE LOS PLANES DISPONIBLES Y ESTO YA ME TIENE BASTANTE MOLESTO. 😠
1922,2025-11-26,BancoAndes,tecnologia,La aplicación de BancoAndes no carga mis transacciones recientes y hasta ahora nadie me ha dado una solución?!
1923,2025-11-26,BancoAndes,tecnologia,El portal de clientes de BancoAndes se congela cada vez que intento hacer una transferencia esta semana.
1924,2025-11-26,BancoAndes,cobranza,BancoAndes&nbsp;de BancoAndes me cobro dos veces la misma cuota.
1925,2025-11-26,BancoAndes,cobranza,El departamento de cobranza de BancoAndes me cobró dos veces la misma cuota y hasta ahora nadie me ha dado una solución durante el fin de semana.
1926,2025-11-26,BancoAndes,post_venta,El área de post venta no me da soporte con mis dudas después de contratar el producto lo cual me parece una falta de respeto hacia el cliente. Mi rut es 20.810.815-7.
1927,2025-11-26,BancoAndes,ventas,Un asesor comercial de BancoAndes me contacto varias veces el mismo dia ofreciendome productos distintos.
1928,2025-11-26,BancoAndes,ventas,Un asesor comercial de BancoAndes me ofreció un crédito hipotecario sin que yo hubiera preguntado por eso y no encuentro cómo resolverlo durante el fin de semana. Mi rut es 13.331.562-3.
1929,2025-11-26,BancoAndes,ventas,	Un ejecutivo  de ventas de  BancoAndes insistio en  ofrecerme un credito de consumo  sin que yo lo pidiera  esta semana.
1930,2025-11-26,BancoAndes,ventas,Un representante de ventas de BancoAndes me contactó para venderme un seguro que no solicité ayer.
1931,2025-11-26,BancoAndes,fraude_seguridad,Un tercero usó mi tarjeta de BancoAndes  sin mi autorización y hasta ahora nadie me  ha dado  una solución el mes  pasado.<br>  
1932,2025-11-27,BancoAndes,tecnologia,La clave digital de BancoAndes se congela cada vez que intento hacer una transferencia y sigo esperando una respuesta hace unos días. ⏳ Pueden contactarme al +56 9 3027 1585.
1933,2025-11-27,BancoAndes,tecnologia,La clave digital de BancoAndes se demora muchisimo en cargar cualquier operacion sin que nadie del banco se haga responsable.
1934,2025-11-27,BancoAndes,cobranza,BancoAndes de BancoAndes insiste en cobrar un monto que ya fue aclarado antes esta semana.
1935,2025-11-27,BancoAndes,post_venta,BancoAndes dejó de responder después de que firmé el contrato hace unos días. 😠
1936,2025-11-28,BancoAndes,tecnologia,La  aplicación  de BancoAndes  no  envía el  código  de  verificación para iniciar sesión  y  hasta ahora  nadie me ha  dado una solución  en  las  últimas  semanas. 😠
1937,2025-11-28,BancoAndes,tecnologia,La clave digital de BancoAndes no carga mis transacciones recientes durante el fin de semana.
1938,2025-11-28,BancoAndes,tecnologia,<p>El sitio web de BancoAndes no reconoce mi clave aunque la ingreso correctamente esta semana.</p>
1939,2025-11-28,BancoAndes,tecnologia,"La aplicación de BancoAndes no carga mis transacciones recientes lo cual me parece una falta de respeto hacia el cliente!!
Gracias, espero respuesta pronto."
1940,2025-11-28,BancoAndes,cobranza,El equipo de cobranza de BancoAndes me amenaza con acciones legales por un monto incorrecto en las ultimas semanas. 😠
1941,2025-11-28,BancoAndes,cobranza,	El departamento de cobranza  de  BancoAndes no quiere  regularizar  mi deuda  a pesar de que ya pagué esta semana.    Mi rut es 18.925.529-8.
1942,2025-11-28,BANCOANDES,cobranza,El área de cobranza de BancoAndes no actualiza  mi historial después  de pagar la deuda y no encuentro cómo resolverlo.   !!!
1943,2025-11-28,BancoAndes,post_venta,Nadie en BancoAndes dejó de responder después de que firmé el contrato en las últimas semanas.
1944,2025-11-28,BancoAndes,ventas,	Un representante de ventas de  BancoAndes  insistió en ofrecerme un crédito  de consumo sin que yo lo pidiera lo  cual me  parece una falta de respeto hacia  el cliente.
1945,2025-11-28,BancoAndes,ventas,	Alguien del equipo de ventas de  BancoAndes me presionó  para aceptar un producto  en la misma  llamada  y no  encuentro cómo resolverlo.   
1946,2025-11-28,BancoAndes,comercial,EL EQUIPO COMERCIAL NO CUMPLE CON EL BENEFICIO QUE VENÍA INCLUIDO EN MI CUENTA.
1947,2025-11-28,BancoAndes,pre_venta,"Un&nbsp;asesor de BancoAndes no me aclaró cuáles eran los documentos necesarios para postular y sigo esperando una respuesta!!
Gracias, espero respuesta pronto."
1948,2025-11-28,BancoAndes,pre_venta,EL SERVICIO DE ATENCIÓN DE BANCOANDES ME DIO INFORMACIÓN DISTINTA A LA QUE APARECE EN LA PÁGINA WEB DURANTE EL FIN DE SEMANA.
1949,2025-11-29,BancoAndes,cobranza,BancoAndes de BancoAndes no reconoce el pago que ya realicé y hasta ahora nadie me ha dado una solución durante el fin de semana???
1950,2025-11-29,BancoAndes,post_venta,El equipo de seguimiento no me entrega la información que me prometieron al firmar.
1951,2025-11-29,BancoAndes,post_venta,El servicio de soporte dejó de responder después de que firmé el contrato esta semana.
1952,2025-11-29,BancoAndes,ventas,"Alguien del equipo de ventas de BancoAndes me ofreció una tarjeta con beneficios que después no eran reales sin que nadie del banco se haga responsable.
Enviado desde mi celular Samsung"
1953,2025-11-29,BancoAndes,ventas,Un asesor comercial  de BancoAndes  me contactó fuera  de horario para ofrecerme una  tarjeta nueva en  las últimas  semanas.   
1954,2025-11-29,BancoAndes,fraude_seguridad,Un desconocido accedio a mi cuenta de BancoAndes sin que yo lo autorizara y sigo esperando una respuesta?! Mi rut es 16.890.740-4.
1955,2025-11-29,BANCOANDES,comercial,El equipo comercial cambió mi plan comercial sin mi consentimiento y hasta ahora nadie me ha dado una solución el mes pasado.
1956,2025-11-30,BancoAndes,tecnologia,El portal de clientes de BancoAndes no me permite autenticarme desde el celular y sigo esperando una respuesta durante el fin de semana.
1957,2025-11-30,BancoAndes,tecnologia,LA APLICACIÓN DE BANCOANDES SE DEMORA MUCHÍSIMO EN CARGAR CUALQUIER OPERACIÓN Y HASTA AHORA NADIE ME HA DADO UNA SOLUCIÓN AYER.
1958,2025-11-30,bancoandes,post_venta,Nadie en BancoAndes me deja sin respuesta despues de haber aceptado el producto durante el fin de semana.
1959,2025-11-30,BancoAndes,ventas,UN VENDEDOR TELEFÓNICO  DE BANCOANDES  ME CONTACTÓ PARA VENDERME UN SEGURO QUE  NO SOLICITÉ SIN  QUE NADIE DEL BANCO SE HAGA  RESPONSABLE AYER.
1960,2025-11-30,BancoAndes,fraude_seguridad,Un tercero clonó mi tarjeta de BancoAndes y BancoAndes no reaccionó a tiempo hace unos días.
1961,2025-12-01,BancoAndes,tecnologia,	El  portal de clientes de BancoAndes  muestra información desactualizada  de mi cuenta  hace unos días.   
1962,2025-12-01,BancoAndes,tecnologia,"El sitio web  de BancoAndes no procesa correctamente mis  pagos programados sin que  nadie del banco se haga  responsable  hace unos días.   
Gracias, espero respuesta pronto."
1963,2025-12-01,BancoAndes,cobranza,El equipo de cobranza de BancoAndes no actualiza mi historial después de pagar la deuda y esto ya me tiene bastante molesto el mes pasado.
1964,2025-12-01,BancoAndes,cobranza,BancoAndes de BancoAndes me cobra intereses que no corresponden a mi situacion y esto ya me tiene bastante molesto esta semana. Mi rut es 15.800.306-6.
1965,2025-12-01,BancoAndes,post_venta,Nadie en BancoAndes no cumplió con el acompañamiento que me prometieron al contratar hace unos días.
1966,2025-12-01,BancoAndes,post_venta,Nadie en BancoAndes no aclara mis dudas sobre las condiciones del crédito ya contratado.
1967,2025-12-01,BancoAndes,ventas,Un representante de ventas de BancoAndes me contacto fuera de horario para ofrecerme una tarjeta nueva.
1968,2025-12-01,BancoAndes,comercial,El ejecutivo comercial no ha activado el beneficio que me ofrecieron al abrir la cuenta y sigo esperando una respuesta.
1969,2025-12-02,BancoAndes,tecnologia,La clave digital de BancoAndes se cierra sola cada vez que intento pagar una cuenta y sigo esperando una respuesta. ⏳
1970,2025-12-02,BancoAndes,cobranza,BancoAndes de BancoAndes me cobra intereses que no corresponden a mi situación sin que nadie del banco se haga responsable.
1971,2025-12-02,BancoAndes,post_venta,	Nadie en BancoAndes no da seguimiento a  mi reclamo  anterior  sobre el mismo producto lo  cual me  parece una  falta de respeto hacia el cliente ayer.<br>   😠
1972,2025-12-02,Banco  Andes ,comercial,	El&nbsp;equipo comercial no respeta el plan comercial que acordamos  por  escrito???
1973,2025-12-02,BancoAndes,comercial,BANCOANDES CAMBIO MI PLAN COMERCIAL SIN MI CONSENTIMIENTO.
1974,2025-12-02,BancoAndes,pre_venta,El area comercial de BancoAndes me dijo que me llamarian con mas informacion y nunca lo hicieron y hasta ahora nadie me ha dado una solucion!!!
1975,2025-12-03,BancoAndes,cobranza,EL ÁREA DE COBRANZA DE BANCOANDES NO CORRIGE UN ERROR DE FACTURACIÓN QUE YA REPORTÉ Y HASTA AHORA NADIE ME HA DADO UNA SOLUCIÓN. Mi rut es 25.312.499-0.
1976,2025-12-03,Banco Andes,post_venta,El servicio de soporte ignora mis mensajes desde que activé la cuenta nueva en las últimas semanas.
1977,2025-12-03,BancoAndes,comercial,Nadie en el área comercial no honra la promoción con la que me convencieron de cambiarme de banco y sigo esperando una respuesta.
1978,2025-12-03,BancoAndes,pre_venta,Alguien del equipo de informaciones de BancoAndes no supo responder mis dudas sobre las condiciones del prestamo. Mi rut es 18.801.917-1.
1979,2025-12-04,BancoAndes,tecnologia,El sistema de BancoAndes no carga mis transacciones recientes durante el fin de semana.
1980,2025-12-04,BancoAndes,tecnologia,"El portal de clientes de BancoAndes se demora muchísimo en cargar cualquier operación en las últimas semanas.
Enviado desde mi iPhone"
1981,2025-12-04,BancoAndes,post_venta,	El servicio  de  soporte  no me  da  soporte con  mis  dudas  después  de contratar el producto y  sigo  esperando una respuesta  hace unos días.   
1982,2025-12-04,BancoAndes,post_venta,EL AREA DE POST VENTA DEJO DE RESPONDER DESPUES DE QUE FIRME EL CONTRATO Y SIGO ESPERANDO UNA RESPUESTA EN LAS ULTIMAS SEMANAS.
1983,2025-12-04,BancoAndes,post_venta,El área de post venta no aclara mis dudas sobre las condiciones del crédito ya contratado el mes pasado.
1984,2025-12-04,BancoAndes,ventas,"<p>Un vendedor telefónico de BancoAndes me llamó de un número desconocido para ofrecerme un préstamo el mes pasado.</p>
Gracias, espero respuesta pronto. Mi rut es 20.445.220-9."
1985,2025-12-04,BancoAndes,ventas,Un vendedor telefónico de BancoAndes me llamó para renovarme un producto sin mi autorización el mes pasado. N° de reclamo anterior: RC-68503.
1986,2025-12-04,BancoAndes,comercial,El área comercial no ha activado el beneficio que me  ofrecieron  al abrir  la  cuenta lo cual me parece una falta de respeto  hacia el  cliente. Pueden contactarme al +56 9 4220 3854.
1987,2025-12-04,BancoAndes,comercial,"El ejecutivo comercial no respeta el descuento comercial que me habían prometido al inicio.
--
Atte, cliente BancoAndes"
1988,2025-12-04,BancoAndes,comercial,El área comercial no aplica la tasa preferencial que se me ofreció al contratar y esto ya me tiene bastante molesto.
1989,2025-12-04,BancoAndes,pre_venta,El área comercial de BancoAndes no me explicó las diferencias entre los planes disponibles lo cual me parece una falta de respeto hacia el cliente.
1990,2025-12-05,BancoAndes,cobranza,El equipo de cobranza de BancoAndes me cobra comisiones que no estaban en el contrato original hace unos días.
1991,2025-12-05,BancoAndes,post_venta,"El servicio de soporte no cumplió con el acompañamiento que me prometieron al contratar y sigo esperando una respuesta.
Enviado desde mi celular Samsung"
1992,2025-12-05,Banco  Andes ,post_venta,El equipo de seguimiento no me contacta para revisar cómo va mi producto contratado.
1993,2025-12-05,BancoAndes,ventas,"Un asesor comercial de BancoAndes me llamó de un número desconocido para ofrecerme un préstamo y sigo esperando una respuesta hace unos días. 😤
Enviado desde mi iPhone"
1994,2025-12-05,BancoAndes,ventas,Un ejecutivo de ventas de BancoAndes me ofrecio un credito hipotecario sin que yo hubiera preguntado por eso sin que nadie del banco se haga responsable el mes pasado.
1995,2025-12-05,BancoAndes,fraude_seguridad,No sé quién clonó mi tarjeta de BancoAndes y BancoAndes no reaccionó a tiempo sin que nadie del banco se haga responsable ayer.
1996,2025-12-05,BancoAndes,fraude_seguridad,"Alguien generó cargos fraudulentos en mi tarjeta de BancoAndes sin que nadie del banco se haga responsable. 😞
Gracias, espero respuesta pronto."
1997,2025-12-05,Banco Andes,fraude_seguridad,Alguien clonó mi tarjeta de BancoAndes y BancoAndes no reaccionó a tiempo durante el fin de semana?!
1998,2025-12-05,BancoAndes,fraude_seguridad,Un tercero logró acceder a mi banca en línea de BancoAndes sin mi consentimiento el mes pasado.
1999,2025-12-05,BancoAndes,fraude_seguridad,Alguien usó mi cuenta de BancoAndes para retiros que yo no hice y no encuentro cómo resolverlo durante el fin de semana.
2000,2025-12-05,BancoAndes,comercial,BANCOANDES NO CUMPLE CON EL BENEFICIO QUE VENÍA INCLUIDO EN MI CUENTA EL MES PASADO.
2001,2025-12-06,BancoAndes,tecnologia,La clave digital de BancoAndes no me deja actualizar mis datos de contacto y esto ya me tiene bastante molesto.<br>
2002,2025-12-06,BancoAndes,cobranza,BancoAndes de BancoAndes no acepta renegociar mi deuda en condiciones razonables durante el fin de semana.
2003,2025-12-06,BancoAndes,cobranza,	El departamento de  cobranza  de BancoAndes  no responde  mi solicitud de repactación de  deuda y sigo esperando  una respuesta  durante  el fin de  semana??? N° de reclamo anterior: RC-60506.
2004,2025-12-06,BancoAndes,cobranza,Nadie en el área de cobranza de BancoAndes me cobró un interés más alto del que se había acordado hace unos días.<br> Pueden contactarme al +56 9 1594 1961.
2005,2025-12-06,BancoAndes,cobranza,	BancoAndes de BancoAndes no reconoce el pago que ya  realicé y sigo esperando una respuesta en  las últimas semanas.
2006,2025-12-06,BancoAndes,post_venta,El servicio de soporte no resuelve mi duda sobre el estado de mi solicitud ya aprobada y hasta ahora nadie me ha dado una solución.
2007,2025-12-06,Banco Andes,ventas,Un ejecutivo de ventas de BancoAndes me vendió un seguro sin explicarme bien las condiciones.
2008,2025-12-06,BancoAndes,ventas,Un ejecutivo de ventas de BancoAndes me contactó fuera de horario para ofrecerme una tarjeta nueva y esto ya me tiene bastante molesto durante el fin de semana!!! Pueden contactarme al +56 9 9158 1899.
2009,2025-12-06,BancoAndes,pre_venta,	EL ÁREA COMERCIAL DE BANCOANDES  IGNORÓ MI CONSULTA SOBRE  LOS REQUISITOS  DE  UN CRÉDITO HIPOTECARIO  EN LAS ÚLTIMAS SEMANAS.   
2010,2025-12-06,Banco  Andes ,comercial,<p>Me convencieron con una oferta comercial en BancoAndes que luego cobranza no aplico en mi cuenta.</p> 😞
2011,2025-12-06,BancoAndes,comercial,BancoAndes me dio un descuento comercial que después el área de cobranza desconoció por completo.
2012,2025-12-07,Banco  Andes ,pre_venta,La banca en línea de BancoAndes no carga mis transacciones recientes y esto ya me tiene bastante molesto.
2013,2025-12-07,BancoAndes,post_venta,El equipo de seguimiento ignora mis mensajes desde que activé la cuenta nueva y sigo esperando una respuesta.
2014,2025-12-07,BancoAndes,ventas,Un vendedor telefonico de BancoAndes insistio en ofrecerme un credito de consumo sin que yo lo pidiera y esto ya me tiene bastante molesto el mes pasado.
2015,2025-12-07,BancoAndes,ventas,<p>Un ejecutivo de ventas de BancoAndes me contactó fuera de horario para ofrecerme una tarjeta nueva y no encuentro cómo resolverlo el mes pasado.</p>
2016,2025-12-07,Banco  Andes ,comercial,El área comercial no cumple con el beneficio que venía incluido en mi cuenta y hasta ahora nadie me ha dado una solución!! Pueden contactarme al +56 9 1868 6459.
2017,2025-12-08,BancoAndes,tecnologia,La aplicación de BancoAndes no genera mi cartola mensual esta semana.
2018,2025-12-08,BancoAndes,cobranza,El equipo de cobranza de BancoAndes insiste en cobrar un monto que ya fue aclarado antes y esto ya me tiene bastante molesto durante el fin de semana.
2019,2025-12-08,BancoAndes,cobranza,BancoAndes de BancoAndes sigue enviandome cartas de cobro  por una  deuda pagada hace unos dias.   
2020,2025-12-08,BancoAndes,post_venta,El área de post venta no resuelve mi duda sobre el estado de mi solicitud ya aprobada y esto ya me tiene bastante molesto en las últimas semanas. ⏳
2021,2025-12-08,BancoAndes,post_venta,Nadie en BancoAndes no responde mis llamadas desde que contraté el seguro hace unos días. Pueden contactarme al +56 9 3106 6775.
2022,2025-12-08,BancoAndes,fraude_seguridad,Un desconocido me contacto por phishing usando el nombre de BancoAndes esta semana.
2023,2025-12-08,BANCOANDES,pre_venta,	Un asesor de BancoAndes  no  me explicó bien  los requisitos antes de postular a la tarjeta el mes pasado. 👎
2024,2025-12-09,BancoAndes,tecnologia,La clave digital de BancoAndes no carga mis transacciones recientes el mes pasado...
2025,2025-12-09,BancoAndes,tecnologia,LA APLICACIÓN DE BANCOANDES SE CIERRA SOLA CADA VEZ QUE INTENTO PAGAR UNA CUENTA EN LAS ÚLTIMAS SEMANAS.
2026,2025-12-09,BancoAndes,cobranza,El departamento de cobranza de BancoAndes no quiere regularizar mi deuda a pesar de que ya pagué durante el fin de semana.
2027,2025-12-09,BancoAndes,cobranza,EL EQUIPO DE COBRANZA DE BANCOANDES NO RECONOCE EL PAGO QUE YA REALICÉ EN LAS ÚLTIMAS SEMANAS.
2028,2025-12-09,BancoAndes,cobranza,El  departamento de cobranza de BancoAndes  no  acepta renegociar  mi deuda en condiciones  razonables  lo cual me  parece una  falta de respeto  hacia el  cliente hace  unos días.    😠
2029,2025-12-09,BANCOANDES,post_venta,El servicio de soporte no me ayuda a entender los cobros de mi cuenta recién abierta y hasta ahora nadie me ha dado una solución durante el fin de semana!!! ⏳
2030,2025-12-09,BancoAndes,comercial,El equipo comercial no respeta el descuento comercial que me habían prometido al inicio hace unos días.
2031,2025-12-09,BancoAndes,pre_venta,Un asesor de BancoAndes no respondio mi solicitud de informacion sobre cuentas de ahorro ayer. 👎
2032,2025-12-09,BancoAndes,ventas,"Me llamaron de  BancoAndes diciendo que  era solo para  informarme, pero terminaron  cerrando  una  venta sin  que yo  lo pidiera.   "
2033,2025-12-10,BancoAndes,tecnologia,La banca en línea de BancoAndes no me deja actualizar mis datos de contacto.
2034,2025-12-10,BancoAndes,fraude_seguridad,	El área de cobranza de BancoAndes no acepta renegociar mi  deuda en condiciones razonables sin que nadie  del banco se haga responsable ayer.
2035,2025-12-10,BancoAndes,post_venta,Nadie en BancoAndes no responde mis llamadas desde que contraté el seguro lo cual me parece una falta de respeto hacia el cliente hace unos días. ⏳
2036,2025-12-10,BancoAndes,fraude_seguridad,Un tercero obtuvo mis datos de BancoAndes sin que yo entregara esa informacion ayer.
2037,2025-12-10,BancoAndes,fraude_seguridad,Un tercero me contactó por phishing usando el nombre de BancoAndes hace unos días??? Mi rut es 18.357.692-6.
2038,2025-12-10,BancoAndes,fraude_seguridad,Alguien usó mi cuenta de BancoAndes para retiros que yo no hice y esto ya me tiene bastante molesto. ⏳
2039,2025-12-10,BancoAndes,pre_venta,El servicio de atención de BancoAndes me dio información distinta a la que aparece en la página web...
2040,2025-12-10,BancoAndes,pre_venta,EL SERVICIO DE ATENCIÓN DE BANCOANDES NO ME ACLARÓ CUÁLES ERAN LOS DOCUMENTOS NECESARIOS PARA POSTULAR Y NO ENCUENTRO CÓMO RESOLVERLO.
2041,2025-12-11,BancoAndes,cobranza,El equipo de  cobranza  de BancoAndes no responde mi solicitud de repactación  de deuda y sigo esperando  una  respuesta.
2042,2025-12-11,BancoAndes,cobranza,	Nadie  en el área de cobranza  de BancoAndes  me cobra  comisiones  que no  estaban  en el contrato  original durante el fin de  semana.
2043,2025-12-11,BancoAndes,cobranza,<p>Nadie en el área de cobranza de BancoAndes me cobró dos veces la misma cuota sin que nadie del banco se haga responsable ayer???</p> 🙄
2044,2025-12-11,BancoAndes,post_venta,BANCOANDES NO ME EXPLICA COMO USAR EL PRODUCTO QUE CONTRATE HACE POCO Y ESTO YA ME TIENE BASTANTE MOLESTO HACE UNOS DIAS. 😤
2045,2025-12-11,BancoAndes,comercial,El área de  post venta no  me  contacta para revisar cómo  va mi producto contratado.   ???
2046,2025-12-11,bancoandes,ventas,Un representante de ventas de BancoAndes me vendió un seguro sin explicarme bien las condiciones lo cual me parece una falta de respeto hacia el cliente hace unos días.
2047,2025-12-11,BancoAndes,ventas,	Un  vendedor telefónico de BancoAndes me llamó para  renovarme un producto  sin mi autorización  y  hasta ahora nadie me ha dado una solución durante el fin de semana.
2048,2025-12-11,BancoAndes,ventas,Alguien del equipo de ventas de BancoAndes me ofrecio una tarjeta con beneficios que despues no eran reales esta semana.
2049,2025-12-11,BancoAndes,ventas,Un asesor comercial de BancoAndes siguió llamando después de que le dije que no me interesaba.
2050,2025-12-11,BancoAndes,fraude_seguridad,Un desconocido hizo compras con mi tarjeta de BancoAndes que yo nunca autorice y no encuentro como resolverlo el mes pasado!! Pueden contactarme al +56 9 1282 8825.
2051,2025-12-11,BancoAndes,comercial,BancoAndes cambió mi plan comercial sin mi consentimiento y no encuentro cómo resolverlo. 😡
2052,2025-12-11,BancoAndes,comercial,El área  comercial no cumple  las  condiciones pactadas  para la renovación de  mi  producto y esto  ya  me tiene bastante molesto el mes pasado. 👎
2053,2025-12-12,BancoAndes,tecnologia,La  banca en  línea de BancoAndes se  congela cada vez que intento  hacer una  transferencia esta semana.
2054,2025-12-12,BancoAndes,tecnologia,"La aplicación de BancoAndes marca error de sistema constantemente y no encuentro cómo resolverlo.
Enviado desde mi iPhone"
2055,2025-12-12,BancoAndes,post_venta,Nadie en el área de cobranza de BancoAndes me amenaza con acciones legales por un monto incorrecto durante el fin de semana. Mi rut es 25.908.594-4.
2056,2025-12-12,BancoAndes,cobranza,El equipo de cobranza de BancoAndes no corrige un error de facturacion que ya reporte esta semana.
2057,2025-12-12,BancoAndes,post_venta,Nadie en BancoAndes no da seguimiento a mi reclamo anterior sobre el mismo producto y no encuentro cómo resolverlo.
2058,2025-12-12,BancoAndes,post_venta,El área de post venta no me entrega la información que me prometieron al firmar lo cual me parece una falta de respeto hacia el cliente hace unos días. N° de reclamo anterior: RC-78535.
2059,2025-12-12,BancoAndes,ventas,Un asesor comercial de BancoAndes insistió en ofrecerme un crédito de consumo sin que yo lo pidiera el mes pasado.
2060,2025-12-12,BancoAndes,comercial,	BancoAndes no quiere renegociar las  condiciones de  mi  credito  ayer.   
2061,2025-12-12,BancoAndes,comercial,"	BANCOANDES NO QUIERE RENEGOCIAR  LAS  CONDICIONES DE  MI CRÉDITO Y NO ENCUENTRO CÓMO  RESOLVERLO EN LAS  ÚLTIMAS SEMANAS. 👎
Enviado desde mi celular Samsung"
2062,2025-12-12,Banco Andes,pre_venta,El ejecutivo comercial no cumple las condiciones pactadas para la renovación de mi producto y esto ya me tiene bastante molesto en las últimas semanas. Mi rut es 11.381.760-9.
2063,2025-12-12,bancoandes,comercial,"BancoAndes no aplica la tasa preferencial que se me ofreció al contratar y hasta ahora nadie me ha dado una solución el mes pasado.
Enviado desde mi celular Samsung"
2064,2025-12-13,BancoAndes,tecnologia,El sistema de BancoAndes no reconoce mi clave aunque la ingreso correctamente??? 👎
2065,2025-12-13,BancoAndes,tecnologia,La aplicacion de BancoAndes no reconoce mi clave aunque la ingreso correctamente y esto ya me tiene bastante molesto.
2066,2025-12-13,BancoAndes,post_venta,"Nadie en BancoAndes no aclara mis dudas sobre las condiciones del credito ya contratado durante el fin de semana.<br>
Gracias, espero respuesta pronto. Pueden contactarme al +56 9 6088 8715."
2067,2025-12-13,BancoAndes,post_venta,El equipo de seguimiento no responde mis consultas de seguimiento sobre el crédito que ya tengo.
2068,2025-12-13,BancoAndes,ventas,Alguien del equipo de ventas de BancoAndes insistió en que aceptara un producto que ya había rechazado antes y hasta ahora nadie me ha dado una solución ayer.
2069,2025-12-13,BancoAndes,ventas,"<p>Un vendedor telefonico de BancoAndes me llamo de un numero desconocido para ofrecerme un prestamo lo cual me parece una falta de respeto hacia el cliente esta semana.</p>
Enviado desde mi celular Samsung"
2070,2025-12-13,BANCOANDES,ventas,Un vendedor telefónico de BancoAndes me llamó para renovarme un producto sin mi autorización lo cual me parece una falta de respeto hacia el cliente esta semana. N° de reclamo anterior: RC-49676.
2071,2025-12-13,BancoAndes,comercial,Nadie en el área comercial cambió mi plan comercial sin mi consentimiento hace unos días?!
2072,2025-12-13,BancoAndes,comercial,El equipo comercial no aplica la tasa preferencial que se me ofreció al contratar durante el fin de semana.
2073,2025-12-13,BancoAndes,pre_venta,"El área comercial de BancoAndes no me informó sobre los costos asociados antes de que decidiera.
Enviado desde mi iPhone"
2074,2025-12-13,BancoAndes,pre_venta,Un asesor de BancoAndes me remitio a distintas areas sin darme una respuesta clara el mes pasado.
2075,2025-12-14,BancoAndes,tecnologia,La aplicación  de BancoAndes  muestra  información desactualizada de mi cuenta??? N° de reclamo anterior: RC-21218.
2076,2025-12-14,BancoAndes,comercial,El sistema de BancoAndes no me permite autenticarme desde el celular y hasta ahora nadie me ha dado una solución.
2077,2025-12-14,BancoAndes,post_venta,El area de post venta ignora mis mensajes desde que active la cuenta nueva durante el fin de semana.
2078,2025-12-14,BANCOANDES,post_venta,El servicio de soporte no me contacta para revisar cómo va mi producto contratado y esto ya me tiene bastante molesto durante el fin de semana.
2079,2025-12-14,BancoAndes,post_venta,	BancoAndes no  da seguimiento a  mi reclamo anterior sobre el mismo producto sin que  nadie del banco se  haga responsable.    N° de reclamo anterior: RC-89821.
2080,2025-12-14,BancoAndes,ventas,"Un ejecutivo de ventas de BancoAndes siguio llamando despues de que le dije que no me interesaba. 😞
--
Atte, cliente BancoAndes"
2081,2025-12-14,BancoAndes,ventas,	UN ASESOR COMERCIAL  DE  BANCOANDES  ME OFRECIO UN CREDITO HIPOTECARIO SIN  QUE YO HUBIERA PREGUNTADO POR ESO LO  CUAL  ME PARECE UNA  FALTA DE RESPETO HACIA EL CLIENTE.   
2082,2025-12-14,BancoAndes,fraude_seguridad,No sé quién usó mi cuenta de BancoAndes para retiros que yo no hice en las últimas semanas.
2083,2025-12-14,BancoAndes,fraude_seguridad,No sé quién intentó estafarme haciéndose pasar por un ejecutivo de BancoAndes y esto ya me tiene bastante molesto.
2084,2025-12-14,BancoAndes,comercial,Nadie&nbsp;en el área comercial desconoce el acuerdo comercial que hice con un ejecutivo anterior.
2085,2025-12-14,BANCOANDES,comercial,El área comercial no honra la promoción con la que me convencieron de cambiarme de banco durante el fin de semana.
2086,2025-12-15,BancoAndes,tecnologia,El sistema de  BancoAndes  no carga mis transacciones recientes lo cual me parece una falta de respeto hacia el cliente hace unos días.<br> 🙄
2087,2025-12-15,Banco  Andes ,cobranza,"El área de cobranza de BancoAndes no responde mi solicitud de repactación de deuda y no encuentro cómo resolverlo durante el fin de semana. 😤
--
Atte, cliente BancoAndes"
2088,2025-12-15,BancoAndes,ventas,Alguien del equipo de ventas de BancoAndes me vendio un seguro sin explicarme bien las condiciones el mes pasado.
2089,2025-12-15,BancoAndes,ventas,Un asesor comercial de BancoAndes insistió en ofrecerme un crédito de consumo sin que yo lo pidiera en las últimas semanas.
2090,2025-12-15,BancoAndes,pre_venta,Un asesor de BancoAndes me dio una cotización que después no coincidía con la real. 😞 Pueden contactarme al +56 9 8358 6598.
2091,2025-12-16,BancoAndes,tecnologia,La clave digital de BancoAndes no envía el código de verificación para iniciar sesión y esto ya me tiene bastante molesto el mes pasado. 😤
2092,2025-12-16,BancoAndes,tecnologia,"El  sistema  de BancoAndes marca  error de sistema constantemente en las últimas  semanas.
Enviado desde mi iPhone Mi rut es 24.353.887-5."
2093,2025-12-16,BancoAndes,cobranza,BANCOANDES DE BANCOANDES ME COBRÓ DOS VECES LA MISMA CUOTA Y SIGO ESPERANDO UNA RESPUESTA?! Pueden contactarme al +56 9 7088 7618.
2094,2025-12-16,BancoAndes,post_venta,BancoAndes no resuelve mi duda sobre el estado de mi solicitud ya aprobada sin que nadie del banco se haga responsable el mes pasado.
2095,2025-12-16,BancoAndes,pre_venta,Un ejecutivo de BancoAndes me remitió a distintas áreas sin darme una respuesta clara y esto ya me tiene bastante molesto hace unos días.
2096,2025-12-17,bancoandes,tecnologia,El sistema de BancoAndes se demora muchísimo en cargar cualquier operación y sigo esperando una respuesta!!!
2097,2025-12-17,BancoAndes,cobranza,Nadie en el area de cobranza de BancoAndes no acepta renegociar mi deuda en condiciones razonables y esto ya me tiene bastante molesto.
2098,2025-12-17,BancoAndes,post_venta,BancoAndes no me  explica como usar  el producto  que  contrate hace  poco  y  hasta ahora  nadie me ha  dado una  solucion??? 😡
2099,2025-12-17,BancoAndes,fraude_seguridad,No sé quién accedió a mi cuenta de BancoAndes sin que yo lo autorizara y hasta ahora nadie me ha dado una solución.
2100,2025-12-17,BancoAndes,pre_venta,El área comercial de BancoAndes no me explicó las diferencias entre los planes disponibles.
2101,2025-12-17,BancoAndes,pre_venta,El área comercial de BancoAndes no me aclaró cuáles eran los documentos necesarios para postular ayer.
2102,2025-12-17,BancoAndes,pre_venta,	El área comercial de BancoAndes no  me  aclaró cuáles eran los documentos necesarios  para postular y no encuentro cómo  resolverlo hace unos días.
2103,2025-12-17,BancoAndes,tecnologia,"Desde que activé  mi  cuenta  en BancoAndes,  el sistema me arroja errores  y no tengo quién  me ayude.   "
2104,2025-12-18,BancoAndes,tecnologia,El portal de clientes de BancoAndes no genera mi cartola mensual durante el fin de semana.
2105,2025-12-18,BancoAndes,tecnologia,EL&NBSP;SITIO WEB DE BANCOANDES SE DEMORA MUCHÍSIMO EN CARGAR CUALQUIER OPERACIÓN ESTA SEMANA.
2106,2025-12-18,BancoAndes,cobranza,"	El departamento  de cobranza  de  BancoAndes no quiere  regularizar  mi deuda a pesar  de que  ya pagué y hasta  ahora nadie me ha dado una solución esta semana.    😠
Enviado desde mi celular Samsung"
2107,2025-12-18,bancoandes,post_venta,El área de post venta no aclara mis dudas sobre las condiciones del crédito ya contratado en las últimas semanas. 👎
2108,2025-12-18,BancoAndes,fraude_seguridad,Una persona no autorizada genero cargos fraudulentos en mi tarjeta de BancoAndes el mes pasado.
2109,2025-12-18,BancoAndes,comercial,BANCOANDES NO RECONOCE EL DESCUENTO POR CLIENTE ANTIGUO QUE ME HABIAN ASEGURADO DURANTE EL FIN DE SEMANA.
2110,2025-12-18,BancoAndes,pre_venta,Un ejecutivo de BancoAndes no me informó sobre los costos asociados antes de que decidiera lo cual me parece una falta de respeto hacia el cliente ayer.
2111,2025-12-19,BancoAndes,tecnologia,El portal de clientes de BancoAndes se cierra sola cada vez que intento pagar una cuenta esta semana.
2112,2025-12-19,Banco Andes,cobranza,Nadie en el área de cobranza de BancoAndes insiste en cobrar un monto que ya fue aclarado antes en las últimas semanas.<br>
2113,2025-12-19,BancoAndes,post_venta,BancoAndes no me entrega la informacion que me prometieron al firmar y esto ya me tiene bastante molesto el mes pasado.
2114,2025-12-19,BancoAndes,ventas,Un ejecutivo de ventas de BancoAndes insistió en que aceptara un producto que ya había rechazado antes sin que nadie del banco se haga responsable.
2115,2025-12-20,BancoAndes,pre_venta,La aplicación de BancoAndes no me deja actualizar mis datos de contacto y sigo esperando una respuesta.
2116,2025-12-20,BancoAndes,tecnologia,La clave digital de BancoAndes no envía el código de verificación para iniciar sesión y sigo esperando una respuesta.
2117,2025-12-20,BancoAndes,cobranza,Nadie en el area de cobranza de BancoAndes me cobra comisiones que no estaban en el contrato original y no encuentro como resolverlo.
2118,2025-12-20,BANCOANDES,cobranza,EL DEPARTAMENTO DE COBRANZA DE BANCOANDES INSISTE EN COBRAR UN MONTO QUE YA FUE ACLARADO ANTES Y ESTO YA ME TIENE BASTANTE MOLESTO.
2119,2025-12-20,BancoAndes,ventas,<p>Un vendedor telefónico  de BancoAndes insistió en que aceptara un producto  que  ya  había rechazado antes  y esto ya me tiene bastante molesto.   </p>
2120,2025-12-20,BancoAndes,comercial,BancoAndes cambió las condiciones comerciales sin avisarme esta semana.
2121,2025-12-21,Banco  Andes ,tecnologia,El sistema de BancoAndes lleva días caída y no puedo ver mis movimientos.
2122,2025-12-21,BancoAndes,cobranza,El equipo de cobranza de BancoAndes no reconoce el pago que ya realicé.
2123,2025-12-21,BancoAndes,cobranza,El departamento de cobranza de BancoAndes me cobra intereses que no corresponden a mi situación durante el fin de semana.
2124,2025-12-21,BancoAndes,cobranza,Nadie en el área de cobranza de BancoAndes no responde mi solicitud de repactación de deuda en las últimas semanas.
2125,2025-12-21,BancoAndes,ventas,Un desconocido  hizo compras con mi  tarjeta de BancoAndes que yo nunca autoricé.
2126,2025-12-21,BancoAndes,fraude_seguridad,Un desconocido me contactó por phishing usando el nombre de BancoAndes lo cual me parece una falta de respeto hacia el cliente hace unos días.
2127,2025-12-21,BancoAndes,fraude_seguridad,Un desconocido accedio a mi cuenta de BancoAndes sin que yo lo autorizara y no encuentro como resolverlo ayer.
2128,2025-12-22,BancoAndes,tecnologia,La aplicación de BancoAndes no genera mi cartola mensual??? Mi rut es 14.324.816-5.
2129,2025-12-22,BancoAndes,tecnologia,"El sistema de BancoAndes no reconoce mi clave aunque la ingreso correctamente lo cual me parece una falta de respeto hacia el cliente!!!
Gracias, espero respuesta pronto. N° de reclamo anterior: RC-63813."
2130,2025-12-22,BancoAndes,tecnologia,La banca en linea de BancoAndes no genera mi cartola mensual y sigo esperando una respuesta ayer.
2131,2025-12-22,BancoAndes,tecnologia,"	LA APLICACIÓN DE BANCOANDES LLEVA DÍAS  CAÍDA Y NO  PUEDO  VER MIS  MOVIMIENTOS Y  NO  ENCUENTRO CÓMO RESOLVERLO.   
Enviado desde mi celular Samsung Mi rut es 10.309.282-6."
2132,2025-12-22,Banco Andes,tecnologia,<p>La aplicacion de BancoAndes se cierra sola cada vez que intento pagar una cuenta durante el fin de semana.</p> 😠
2133,2025-12-22,BancoAndes,pre_venta,El área comercial de BancoAndes no respondió  mi solicitud  de información  sobre  cuentas  de ahorro y hasta  ahora nadie  me ha  dado una solución hace unos días. 😞 Pueden contactarme al +56 9 5834 1927.
2134,2025-12-23,BancoAndes,tecnologia,La banca en linea de BancoAndes no me deja actualizar mis datos de contacto sin que nadie del banco se haga responsable en las ultimas semanas.
2135,2025-12-23,BancoAndes,tecnologia,El portal de clientes de BancoAndes lleva días caída y no puedo ver mis movimientos durante el fin de semana.
2136,2025-12-23,BancoAndes,post_venta,El servicio de soporte no cumplió con el acompañamiento que me prometieron al contratar durante el fin de semana.
2137,2025-12-23,BancoAndes,ventas,Un asesor comercial de BancoAndes me llamó para renovarme un producto sin mi autorización hace unos días.
2138,2025-12-23,BancoAndes,fraude_seguridad,Un desconocido hizo compras con mi tarjeta de BancoAndes que yo nunca autoricé ayer.
2139,2025-12-23,BancoAndes,fraude_seguridad,	Un tercero usó  mi cuenta  de  BancoAndes  para retiros que yo no hice y  hasta ahora nadie me ha dado una  solución.
2140,2025-12-23,BancoAndes,comercial,El área comercial no  ha activado el beneficio que me ofrecieron al  abrir  la cuenta.
2141,2025-12-24,BancoAndes,tecnologia,El sitio web de BancoAndes no reconoce mi clave aunque la ingreso correctamente el mes pasado?! 👎
2142,2025-12-24,BancoAndes,post_venta,	BancoAndes  no me  explica cómo usar el producto  que  contraté hace poco  sin que nadie del  banco se haga responsable.   
2143,2025-12-24,BANCOANDES,post_venta,El área de post venta no me da soporte con mis dudas después de contratar el producto durante el fin de semana. 😞 N° de reclamo anterior: RC-99989.
2144,2025-12-24,BancoAndes,ventas,"Un vendedor telefónico de BancoAndes me ofreció un crédito hipotecario sin que yo hubiera preguntado por eso.
Gracias, espero respuesta pronto."
2145,2025-12-24,BancoAndes,ventas,Alguien del equipo de ventas de BancoAndes me llamó insistentemente para ofrecerme una tarjeta que no pedí en las últimas semanas.
2146,2025-12-24,BancoAndes,cobranza,Un tercero obtuvo mis datos de BancoAndes sin que yo entregara esa información?!
2147,2025-12-24,BancoAndes,pre_venta,Un asesor de BancoAndes no me aclaró cuáles eran los documentos necesarios para postular y hasta ahora nadie me ha dado una solución el mes pasado.
2148,2025-12-24,BancoAndes,pre_venta,El area comercial de BancoAndes tardo semanas en responder mi consulta inicial durante el fin de semana.
2149,2025-12-25,BancoAndes,tecnologia,El portal de clientes de BancoAndes no reconoce mi clave aunque la ingreso correctamente esta semana.
2150,2025-12-25,BancoAndes,cobranza,BancoAndes de BancoAndes me cobró dos veces la misma cuota hace unos días.
2151,2025-12-25,BancoAndes,tecnologia,	El  equipo comercial  no ha activado  el beneficio que me ofrecieron  al  abrir la cuenta esta  semana.    ⏳
2152,2025-12-25,BancoAndes,comercial,"El área comercial cambió las condiciones comerciales sin avisarme sin que nadie del banco se haga responsable.
Enviado desde mi celular Samsung"
2153,2025-12-25,BancoAndes,pre_venta,El servicio de  atención  de BancoAndes me  dio una cotización  que después  no  coincidía con  la real y no encuentro cómo  resolverlo.
2154,2025-12-26,BancoAndes,cobranza,	BancoAndes  de BancoAndes no  reconoce el pago  que  ya realicé y sigo  esperando una respuesta  ayer.
2155,2025-12-26,BancoAndes,post_venta,El servicio  de soporte  no me  entrega la información que me prometieron  al firmar ayer.
2156,2025-12-26,BancoAndes,post_venta,El área de post venta no aclara mis dudas sobre las condiciones del crédito ya contratado ayer.
2157,2025-12-26,BancoAndes,post_venta,	El servicio de soporte  no  me  da soporte con mis dudas  después de contratar el producto sin que  nadie del banco se haga responsable  en las últimas semanas.   
2158,2025-12-26,BancoAndes,ventas,Un ejecutivo de ventas de BancoAndes me ofreció condiciones distintas a las que después aparecieron en el contrato y hasta ahora nadie me ha dado una solución.
2159,2025-12-26,BancoAndes,ventas,Un representante de ventas de BancoAndes siguió llamando después de que le dije que no me interesaba en las últimas semanas.
2160,2025-12-26,BancoAndes,comercial,BancoAndes me aplico una comision que no estaba en la oferta original.
2161,2025-12-26,bancoandes,comercial,El área comercial no reconoce el descuento por cliente antiguo que me habían asegurado y sigo esperando una respuesta. N° de reclamo anterior: RC-48360.
2162,2025-12-26,BancoAndes,pre_venta,El área comercial de BancoAndes me pidió los mismos documentos varias veces sin avanzar!!!
2163,2025-12-26,BancoAndes,pre_venta,Un asesor de BancoAndes me pidió los mismos documentos varias veces sin avanzar sin que nadie del banco se haga responsable el mes pasado!!
2164,2025-12-26,bancoandes,pre_venta,	El área comercial de  BancoAndes ignoró mi consulta sobre los requisitos  de  un crédito hipotecario sin  que  nadie del banco se haga  responsable  en las  últimas semanas.   ?!
2165,2025-12-27,Banco  Andes ,post_venta,Nadie&nbsp;en BancoAndes me deja sin respuesta después de haber aceptado el producto hace unos días.
2166,2025-12-27,BancoAndes,pre_venta,El servicio de soporte no cumplió con el acompañamiento que me prometieron al contratar lo cual me parece una falta de respeto hacia el cliente ayer. 😤
2167,2025-12-27,BancoAndes,ventas,Un representante de ventas de BancoAndes me ofrecio un credito hipotecario sin que yo hubiera preguntado por eso hace unos dias.<br>
2168,2025-12-27,BancoAndes,fraude_seguridad,	Un tercero accedió a  mi cuenta de BancoAndes  sin  que yo lo autorizara el mes  pasado.   
2169,2025-12-27,Banco Andes,comercial,Nadie en el área comercial no ha activado el beneficio que me ofrecieron al abrir la cuenta y esto ya me tiene bastante molesto. Pueden contactarme al +56 9 7391 9422.
2170,2025-12-28,BancoAndes,tecnologia,La aplicación de BancoAndes no procesa correctamente mis pagos programados ayer.
2171,2025-12-28,BancoAndes,tecnologia,La aplicación de BancoAndes no me permite autenticarme desde el celular ayer.
2172,2025-12-28,BancoAndes,cobranza,"El departamento de cobranza de BancoAndes me esta cobrando una multa que no esta justificada sin que nadie del banco se haga responsable esta semana.
Gracias, espero respuesta pronto. Mi rut es 23.632.199-6."
2173,2025-12-28,BancoAndes,cobranza,Nadie en el área de cobranza de BancoAndes insiste en cobrar un monto que ya fue aclarado antes y hasta ahora nadie me ha dado una solución esta semana. Mi rut es 23.973.820-3.
2174,2025-12-28,BancoAndes,post_venta,BancoAndes de BancoAndes me cobra intereses que no corresponden a mi situación sin que nadie del banco se haga responsable esta semana.
2175,2025-12-28,BancoAndes,cobranza,"El  departamento de cobranza de BancoAndes me cobró  dos veces la misma  cuota sin  que nadie del banco se  haga  responsable ayer.   
--
Atte, cliente BancoAndes"
2176,2025-12-28,BancoAndes,post_venta,Nadie en BancoAndes no me explica cómo usar el producto que contraté hace poco y sigo esperando una respuesta.
2177,2025-12-28,BancoAndes,post_venta,BancoAndes no da seguimiento a mi reclamo anterior sobre el mismo producto y sigo esperando una respuesta el mes pasado.
2178,2025-12-28,BancoAndes,post_venta,	El  área  de  post venta  no  me  contacta para revisar cómo va  mi  producto  contratado y  hasta ahora nadie me ha dado una solución  esta semana!!
2179,2025-12-28,BancoAndes,ventas,UN EJECUTIVO DE VENTAS DE BANCOANDES ME OFRECIÓ UNA TARJETA CON BENEFICIOS QUE DESPUÉS NO ERAN REALES LO CUAL ME PARECE UNA FALTA DE RESPETO HACIA EL CLIENTE.
2180,2025-12-28,BancoAndes,comercial,<p>El equipo comercial me aplicó una comisión que no estaba en la oferta original sin que nadie del banco se haga responsable ayer.</p>
2181,2025-12-28,BancoAndes,cobranza,Me&nbsp;cobran una tasa que no corresponde al acuerdo comercial que firme con BancoAndes.
2182,2025-12-29,BancoAndes,tecnologia,	El  sitio web de  BancoAndes no permite descargar mis comprobantes de pago  sin que nadie del  banco  se  haga responsable.
2183,2025-12-29,BancoAndes,ventas,Un ejecutivo de ventas de BancoAndes me ofreció condiciones distintas a las que después aparecieron en el contrato el mes pasado.
2184,2025-12-29,BancoAndes,fraude_seguridad,No sé quién vació parte de mi cuenta de BancoAndes y el banco no me ha devuelto el dinero ayer. N° de reclamo anterior: RC-33830.
2185,2025-12-29,BancoAndes,comercial,El equipo comercial no ha activado el beneficio que me ofrecieron al abrir la cuenta en las últimas semanas.
2186,2025-12-29,BancoAndes,comercial,BANCOANDES NO QUIERE RENEGOCIAR LAS CONDICIONES DE MI CRÉDITO Y SIGO ESPERANDO UNA RESPUESTA AYER?!
2187,2025-12-29,BancoAndes,pre_venta,Alguien del equipo de informaciones de BancoAndes no supo responder mis dudas sobre las condiciones del prestamo y esto ya me tiene bastante molesto.
2188,2025-12-30,BancoAndes,cobranza,El área de cobranza de BancoAndes no reconoce el pago que ya realicé.
2189,2025-12-30,BancoAndes,ventas,UN EJECUTIVO DE VENTAS DE BANCOANDES ME VENDIÓ UN SEGURO SIN EXPLICARME BIEN LAS CONDICIONES EL MES PASADO.
2190,2025-12-30,BANCOANDES,fraude_seguridad,Una persona no autorizada logro acceder a mi banca en linea de BancoAndes sin mi consentimiento.
2191,2025-12-30,BancoAndes,fraude_seguridad,Una persona no autorizada realizó una transferencia desde mi cuenta de BancoAndes que no reconozco el mes pasado. Mi rut es 22.113.131-9.
2192,2025-12-30,bancoandes,fraude_seguridad,No sé quién me contactó por phishing usando el nombre de BancoAndes esta semana.
2193,2025-12-31,bancoandes,tecnologia,El  portal de clientes  de  BancoAndes no procesa correctamente mis pagos  programados en  las últimas  semanas?! N° de reclamo anterior: RC-18235.
2194,2025-12-31,BancoAndes,ventas,Un asesor comercial de BancoAndes insistió en ofrecerme un crédito de consumo sin que yo lo pidiera hace unos días.
2195,2025-12-31,BancoAndes,fraude_seguridad,Alguien me contactó por phishing usando el nombre de BancoAndes el mes pasado.
2196,2025-12-31,BancoAndes,fraude_seguridad,No se quien hizo compras con mi tarjeta de BancoAndes que yo nunca autorice?!
2197,2025-12-31,BancoAndes,fraude_seguridad,Una persona no autorizada usó mi cuenta de BancoAndes para retiros que yo no hice.
2198,2025-12-31,bancoandes,comercial,El área comercial no honra la promoción con la que me convencieron de cambiarme de banco y esto ya me tiene bastante molesto esta semana.
2199,2026-01-01,BancoAndes,post_venta,El equipo de seguimiento me deja sin respuesta después de haber aceptado el producto y sigo esperando una respuesta!!
2200,2026-01-01,BancoAndes,ventas,Un vendedor telefónico de BancoAndes me ofreció condiciones distintas a las que después aparecieron en el contrato.
2201,2026-01-01,BancoAndes,fraude_seguridad,Un desconocido clono mi tarjeta de BancoAndes y BancoAndes no reacciono a tiempo esta semana. N° de reclamo anterior: RC-77281.
2202,2026-01-01,BancoAndes,comercial,El área comercial no cumple con el beneficio que venía incluido en mi cuenta sin que nadie del banco se haga responsable.
2203,2026-01-01,BancoAndes,comercial,"El área comercial no aplica la tasa preferencial que se me ofreció al contratar ayer.
Gracias, espero respuesta pronto."
2204,2026-01-02,BancoAndes,cobranza,	El departamento de cobranza de BancoAndes insiste  en cobrar un monto que ya fue aclarado  antes y  hasta  ahora nadie  me ha  dado una solución.   
2205,2026-01-02,BancoAndes,ventas,Un ejecutivo de ventas de BancoAndes insistió en que aceptara un producto que ya había rechazado antes y sigo esperando una respuesta.
2206,2026-01-02,BancoAndes,ventas,Alguien del equipo de ventas de BancoAndes insistió en que aceptara un producto que ya había rechazado antes y no encuentro cómo resolverlo.
2207,2026-01-02,Banco  Andes ,ventas,Un ejecutivo de ventas de BancoAndes me ofreció condiciones distintas a las que después aparecieron en el contrato.
2208,2026-01-02,BancoAndes,comercial,El área comercial cambió las condiciones comerciales sin avisarme.
2209,2026-01-02,Banco  Andes ,comercial,"	BancoAndes cambió las  condiciones comerciales sin avisarme y sigo esperando una respuesta.
Enviado desde mi celular Samsung N° de reclamo anterior: RC-90743."
2210,2026-01-02,BancoAndes,pre_venta,EL ÁREA COMERCIAL DE BANCOANDES ME DIO INFORMACIÓN DISTINTA A LA QUE APARECE EN LA PÁGINA WEB HACE UNOS DÍAS.
2211,2026-01-03,BancoAndes,fraude_seguridad,El sistema de BancoAndes no genera mi cartola mensual durante el fin de semana!!!
2212,2026-01-03,BancoAndes,tecnologia,La aplicación de BancoAndes no me deja actualizar mis datos de contacto durante el fin de semana.
2213,2026-01-03,BancoAndes,cobranza,"El área de cobranza de BancoAndes me amenaza con acciones legales por un monto incorrecto hace unos días?!
Enviado desde mi iPhone"
2214,2026-01-03,BancoAndes,cobranza,El area de cobranza de BancoAndes me amenaza con acciones legales por un monto incorrecto y no encuentro como resolverlo ayer.
2215,2026-01-03,BANCOANDES,ventas,Alguien del equipo de ventas de BancoAndes me llamó para renovarme un producto sin mi autorización.
2216,2026-01-03,BancoAndes,comercial,Nadie en el area comercial no respeta el descuento comercial que me habian prometido al inicio sin que nadie del banco se haga responsable durante el fin de semana.
2217,2026-01-03,BancoAndes,comercial,El equipo comercial no  reconoce  el descuento por cliente antiguo que me habían asegurado hace unos días.
2218,2026-01-04,BancoAndes,tecnologia,La&nbsp;aplicacion de BancoAndes no procesa correctamente mis pagos programados y hasta ahora nadie me ha dado una solucion hace unos dias.
2219,2026-01-04,BancoAndes,cobranza,	El equipo de cobranza de BancoAndes  insiste en cobrar un  monto que ya fue aclarado antes esta semana.
2220,2026-01-04,BancoAndes,post_venta,Nadie en BancoAndes no cumplio con el acompanamiento que me prometieron al contratar y no encuentro como resolverlo. Mi rut es 13.400.914-1.
2221,2026-01-04,BancoAndes,ventas,"UN VENDEDOR TELEFONICO DE BANCOANDES ME LLAMO DE UN NUMERO DESCONOCIDO PARA OFRECERME UN PRESTAMO.<BR>
Enviado desde mi celular Samsung"
2222,2026-01-04,BancoAndes,fraude_seguridad,"Un tercero generó cargos fraudulentos en mi tarjeta de BancoAndes.
Enviado desde mi celular Samsung"
2223,2026-01-04,BancoAndes,fraude_seguridad,Un tercero clonó mi tarjeta  de BancoAndes y BancoAndes  no  reaccionó  a  tiempo y no encuentro cómo  resolverlo.
2224,2026-01-04,BancoAndes,comercial,Nadie en el área comercial aplicó condiciones distintas a las que figuraban en la propuesta comercial.
2225,2026-01-04,BancoAndes,pre_venta,	Un ejecutivo de BancoAndes ignoro mi consulta  sobre  los requisitos de un credito hipotecario  y sigo  esperando  una respuesta  durante  el fin de  semana. 🙄
2226,2026-01-04,BancoAndes,pre_venta,Un asesor de BancoAndes no respondió mi solicitud de información sobre cuentas de ahorro y no encuentro cómo resolverlo.<br> 👎
2227,2026-01-05,BancoAndes,tecnologia,<P>LA CLAVE DIGITAL  DE BANCOANDES  NO  CARGA  MIS  TRANSACCIONES RECIENTES Y SIGO ESPERANDO  UNA RESPUESTA EL MES PASADO!!</P>
2228,2026-01-05,BancoAndes,cobranza,El área de cobranza de BancoAndes no actualiza mi historial después de pagar la deuda y hasta ahora nadie me ha dado una solución en las últimas semanas.
2229,2026-01-05,BancoAndes,post_venta,BancoAndes dejó de responder después de que firmé el contrato y esto ya me tiene bastante molesto ayer.
2230,2026-01-05,BANCOANDES,comercial,EL ÁREA COMERCIAL ME APLICÓ UNA COMISIÓN QUE NO ESTABA EN LA OFERTA ORIGINAL Y NO ENCUENTRO CÓMO RESOLVERLO.
2231,2026-01-05,BancoAndes,comercial,El área comercial me aplicó una comisión que no estaba en la oferta original esta semana.
2232,2026-01-06,BancoAndes,tecnologia,La aplicación de BancoAndes no envía el código de verificación para iniciar sesión lo cual me parece una falta de respeto hacia el cliente.
2233,2026-01-06,BancoAndes,tecnologia,La aplicación de BancoAndes se demora muchísimo en cargar cualquier operación y esto ya me tiene bastante molesto. N° de reclamo anterior: RC-36120.
2234,2026-01-06,BancoAndes,tecnologia,La banca en línea de BancoAndes muestra información desactualizada de mi cuenta y hasta ahora nadie me ha dado una solución hace unos días.
2235,2026-01-06,BancoAndes,tecnologia,El sitio web de BancoAndes no permite descargar mis comprobantes de pago esta semana?!
2236,2026-01-06,Banco  Andes ,tecnologia,La aplicación de BancoAndes no genera mi cartola mensual el mes pasado.
2237,2026-01-06,bancoandes,tecnologia,	La aplicación de BancoAndes  marca  error  de  sistema constantemente el  mes pasado.   ??? 😠
2238,2026-01-06,BancoAndes,cobranza,El departamento de cobranza de BancoAndes insiste en cobrar un monto que ya fue aclarado antes sin que nadie del banco se haga responsable durante el fin de semana.
2239,2026-01-06,BancoAndes,cobranza,"Nadie en el área de cobranza de BancoAndes me cobró un interés más alto del que se había acordado y sigo esperando una respuesta.
Enviado desde mi iPhone"
2240,2026-01-06,bancoandes,cobranza,El equipo de cobranza de BancoAndes sigue enviándome  cartas  de  cobro por  una deuda pagada.
2241,2026-01-06,BancoAndes,cobranza,El  departamento de  cobranza de  BancoAndes  me  cobró un interés más alto del que se  había  acordado  lo cual me parece  una  falta de respeto  hacia  el cliente el mes  pasado.   
2242,2026-01-06,BancoAndes,pre_venta,El equipo de seguimiento no me explica cómo usar el producto que contraté hace poco durante el fin de semana.
2243,2026-01-06,BancoAndes,ventas,Un vendedor telefónico de BancoAndes me llamó insistentemente para ofrecerme una tarjeta que no pedí en las últimas semanas.
2244,2026-01-06,BancoAndes,fraude_seguridad,Alguien usó mi tarjeta de BancoAndes sin mi autorización lo cual me parece una falta de respeto hacia el cliente esta semana?!
2245,2026-01-07,BancoAndes,cobranza,Nadie en el área de cobranza de BancoAndes sigue enviándome cartas de cobro por una deuda pagada y hasta ahora nadie me ha dado una solución?!
2246,2026-01-07,BancoAndes,ventas,Alguien del equipo de ventas de BancoAndes me contactó fuera de horario para ofrecerme una tarjeta nueva.
2247,2026-01-07,BancoAndes,fraude_seguridad,Alguien hizo compras con mi tarjeta de BancoAndes que yo nunca autoricé y sigo esperando una respuesta ayer.<br>
2248,2026-01-07,BancoAndes,pre_venta,El área comercial de BancoAndes no me informó sobre los costos asociados antes de que decidiera hace unos días...
2249,2026-01-07,Banco  Andes ,cobranza,"Recibí un cobro extraño en mi cartola de BancoAndes, no tengo claro si es un error de facturación o un cargo fraudulento."
2250,2026-01-08,bancoandes,tecnologia,El portal  de  clientes  de BancoAndes no  permite descargar  mis  comprobantes de pago  y no  encuentro cómo resolverlo.   
2251,2026-01-08,BancoAndes,ventas,Un vendedor telefónico de BancoAndes me llamó para renovarme un producto sin mi autorización.
2252,2026-01-08,BancoAndes,pre_venta,El área comercial de BancoAndes no respondió mi solicitud de información sobre cuentas de ahorro ayer.
2253,2026-01-09,BancoAndes,tecnologia,El portal de clientes de BancoAndes se demora muchísimo en cargar cualquier operación sin que nadie del banco se haga responsable el mes pasado.
2254,2026-01-09,BancoAndes,post_venta,BancoAndes no aclara mis dudas sobre las condiciones del crédito ya contratado durante el fin de semana. Pueden contactarme al +56 9 6228 1565.
2255,2026-01-09,BancoAndes,ventas,"Alguien del equipo de ventas de BancoAndes insistió en que aceptara un producto que ya había rechazado antes lo cual me parece una falta de respeto hacia el cliente hace unos días. 😡
Enviado desde mi celular Samsung"
2256,2026-01-09,BancoAndes,ventas,Un asesor comercial de BancoAndes me presionó para aceptar un producto en la misma llamada el mes pasado?!
2257,2026-01-09,BancoAndes,ventas,Un  asesor comercial  de  BancoAndes me vendió  un  seguro sin explicarme bien las  condiciones y esto ya  me  tiene bastante molesto.   
2258,2026-01-09,BancoAndes,comercial,<p>El equipo comercial no honra la promoción con  la que me convencieron  de  cambiarme  de banco!!</p>
2259,2026-01-09,BancoAndes,comercial,BancoAndes desconoce el acuerdo comercial que hice con un ejecutivo anterior y sigo esperando una respuesta durante el fin de semana.
2260,2026-01-09,BancoAndes,comercial,El ejecutivo comercial no reconoce el descuento por cliente antiguo que me habían asegurado.
2261,2026-01-10,BancoAndes,cobranza,El equipo de cobranza de BancoAndes no corrige un error de facturación que ya reporté.
2262,2026-01-10,BancoAndes,ventas,"Alguien del equipo de ventas de BancoAndes me llamó para renovarme un producto sin mi autorización y no encuentro cómo resolverlo hace unos días.
Gracias, espero respuesta pronto."
2263,2026-01-10,BancoAndes,ventas,Un representante de ventas de BancoAndes me contactó varias veces el mismo día ofreciéndome productos distintos y hasta ahora nadie me ha dado una solución?!
2264,2026-01-10,BancoAndes,comercial,BancoAndes no aplica la tasa preferencial que se me ofreció al contratar y no encuentro cómo resolverlo.
2265,2026-01-11,BancoAndes,tecnologia,	La banca en línea de BancoAndes no procesa  correctamente  mis pagos programados.
2266,2026-01-11,BancoAndes,pre_venta,"NADIE EN BANCOANDES NO ACLARA MIS DUDAS SOBRE LAS CONDICIONES DEL CRÉDITO YA CONTRATADO ESTA SEMANA.
Enviado desde mi celular Samsung"
2267,2026-01-11,BancoAndes,ventas,<p>Un vendedor telefonico de BancoAndes siguio  llamando despues  de que le dije que no me  interesaba y  sigo  esperando  una  respuesta ayer.   !!</p>
2268,2026-01-11,BANCOANDES,fraude_seguridad,No sé quién obtuvo mis datos de BancoAndes sin que yo entregara esa información y hasta ahora nadie me ha dado una solución el mes pasado. Mi rut es 15.148.973-3.
2269,2026-01-11,BancoAndes,comercial,El equipo comercial aplicó condiciones distintas a las que figuraban en la propuesta comercial sin que nadie del banco se haga responsable ayer!!! 😠
2270,2026-01-12,BancoAndes,cobranza,	El  equipo de cobranza de BancoAndes  insiste en  cobrar  un  monto que  ya fue aclarado antes  sin  que  nadie  del banco se  haga responsable.   
2271,2026-01-12,BancoAndes,post_venta,El equipo de seguimiento ignora mis mensajes desde que activé la cuenta nueva lo cual me parece una falta de respeto hacia el cliente ayer???
2272,2026-01-12,BancoAndes,ventas,<P>ALGUIEN DEL EQUIPO DE VENTAS DE BANCOANDES INSISTIÓ EN QUE ACEPTARA UN PRODUCTO QUE YA HABÍA RECHAZADO ANTES Y NO ENCUENTRO CÓMO RESOLVERLO EN LAS ÚLTIMAS SEMANAS.</P>
2273,2026-01-12,BancoAndes,pre_venta,	El  área comercial  de BancoAndes tardó semanas  en  responder mi consulta inicial y esto  ya  me tiene  bastante molesto en las últimas semanas??? N° de reclamo anterior: RC-64645.
2274,2026-01-13,BancoAndes,tecnologia,"El sistema de BancoAndes se demora muchísimo en cargar cualquier operación esta semana!!
Enviado desde mi celular Samsung"
2275,2026-01-13,BANCOANDES,tecnologia,EL SITIO WEB DE BANCOANDES SE DEMORA MUCHÍSIMO EN CARGAR CUALQUIER OPERACIÓN Y NO ENCUENTRO CÓMO RESOLVERLO!!! 😡
2276,2026-01-13,BANCOANDES,tecnologia,La aplicación de BancoAndes lleva días caída y no puedo ver mis movimientos el mes pasado.
2277,2026-01-13,BancoAndes,tecnologia,EL PORTAL DE CLIENTES DE BANCOANDES NO ME PERMITE AUTENTICARME DESDE EL CELULAR Y NO ENCUENTRO CÓMO RESOLVERLO.
2278,2026-01-13,BancoAndes,cobranza,El departamento de cobranza de BancoAndes no actualiza mi historial después de pagar la deuda el mes pasado.
2279,2026-01-13,BancoAndes,cobranza,Nadie en el área de cobranza de BancoAndes insiste en cobrar un monto que ya fue aclarado antes esta semana.
2280,2026-01-13,BancoAndes,post_venta,Nadie en BancoAndes dejo de responder despues de que firme el contrato.<br>
2281,2026-01-13,BancoAndes,ventas,Un asesor comercial de BancoAndes insistió en que aceptara un producto que ya había rechazado antes y esto ya me tiene bastante molesto.
2282,2026-01-13,BancoAndes,fraude_seguridad,Una persona no autorizada realizó una transferencia desde mi cuenta de BancoAndes que no reconozco.
2283,2026-01-14,BancoAndes,ventas,"	El portal  de clientes  de BancoAndes no permite  descargar mis comprobantes de pago el mes pasado.    😠
--
Atte, cliente BancoAndes"
2284,2026-01-14,BancoAndes,tecnologia,	La&nbsp; aplicación de BancoAndes no permite  descargar  mis comprobantes  de pago sin que nadie del banco  se haga responsable  durante el fin de  semana.    🙄
2285,2026-01-14,BancoAndes,tecnologia,La aplicación de BancoAndes no me permite autenticarme desde el celular y no encuentro cómo resolverlo durante el fin de semana?!
2286,2026-01-14,BANCOANDES,tecnologia,La banca en línea de BancoAndes se congela cada vez que intento hacer una transferencia lo cual me parece una falta de respeto hacia el cliente.
2287,2026-01-14,BancoAndes,cobranza,El departamento de cobranza de BancoAndes me cobró un interés más alto del que se había acordado y no encuentro cómo resolverlo.
2288,2026-01-14,Banco  Andes ,cobranza,BancoAndes de BancoAndes no quiere regularizar mi deuda a pesar de que ya pagué esta semana.
2289,2026-01-14,bancoandes,post_venta,Nadie en BancoAndes no me explica cómo usar el producto que contraté hace poco y hasta ahora nadie me ha dado una solución.
2290,2026-01-14,BancoAndes,post_venta,"Nadie en BancoAndes no  cumplió con el acompañamiento que  me prometieron  al  contratar y no encuentro  cómo resolverlo  hace unos  días.   
Enviado desde mi celular Samsung"
2291,2026-01-14,BancoAndes,comercial,BancoAndes no cumple con el beneficio que  venía incluido en mi cuenta hace unos  días.   
2292,2026-01-14,BancoAndes,comercial,	El área comercial no honra  la promoción con  la que me convencieron de cambiarme de banco  lo  cual me  parece una falta de  respeto hacia el  cliente.
2293,2026-01-14,BancoAndes,pre_venta,El servicio de  atención de  BancoAndes no me explicó bien los requisitos antes de postular a la tarjeta  lo  cual  me parece una falta  de  respeto hacia el  cliente  el mes pasado...
2294,2026-01-15,BancoAndes,tecnologia,El sistema de BancoAndes no permite descargar mis comprobantes de pago durante el fin de semana.
2295,2026-01-15,BancoAndes,tecnologia,"La aplicación de BancoAndes marca error de sistema constantemente y no encuentro cómo resolverlo hace unos días.
Enviado desde mi celular Samsung"
2296,2026-01-15,BancoAndes,cobranza,Nadie en el area de cobranza de BancoAndes me cobro un interes mas alto del que se habia acordado y sigo esperando una respuesta esta semana.
2297,2026-01-15,BancoAndes,post_venta,Nadie en BancoAndes no resuelve mi duda sobre el estado de mi solicitud ya aprobada y hasta ahora nadie me ha dado una solución.
2298,2026-01-15,BancoAndes,fraude_seguridad,"	Alguien hizo  compras con  mi  tarjeta  de  BancoAndes  que yo nunca autoricé  y  no encuentro cómo resolverlo.   
Enviado desde mi celular Samsung"
2299,2026-01-15,BancoAndes,comercial,"El área comercial desconoce el acuerdo comercial que hice con un ejecutivo anterior en las últimas semanas.
Enviado desde mi celular Samsung"
2300,2026-01-15,BancoAndes,pre_venta,El área comercial de BancoAndes no supo responder mis dudas sobre las condiciones del préstamo y sigo esperando una respuesta.
2301,2026-01-15,Banco  Andes ,pre_venta,	El servicio de atencion de BancoAndes  no me  informo sobre los  costos asociados antes de  que decidiera en  las ultimas semanas.
2302,2026-01-15,bancoandes,pre_venta,Un asesor de BancoAndes no me explico bien los requisitos antes de postular a la tarjeta y esto ya me tiene bastante molesto esta semana!! Pueden contactarme al +56 9 7329 6004.
2303,2026-01-15,BancoAndes,pre_venta,Alguien del equipo de informaciones de BancoAndes me dio información distinta a la que aparece en la página web y no encuentro cómo resolverlo.
2304,2026-01-16,BancoAndes,tecnologia,EL SITIO WEB  DE BANCOANDES  NO RECONOCE MI  CLAVE AUNQUE  LA INGRESO CORRECTAMENTE.    👎
2305,2026-01-16,BancoAndes,tecnologia,El portal de clientes de BancoAndes se congela cada vez que intento hacer una transferencia y no encuentro como resolverlo hace unos dias.
2306,2026-01-16,BancoAndes,tecnologia,	La aplicación de BancoAndes no me deja actualizar mis  datos de  contacto y hasta  ahora nadie me ha  dado una solución. ⏳
2307,2026-01-16,BancoAndes,cobranza,Nadie en el área de cobranza de BancoAndes no corrige un error de facturación que ya reporté el mes pasado.
2308,2026-01-16,BancoAndes,post_venta,El servicio de soporte no me explica cómo usar el producto que contraté hace poco y esto ya me tiene bastante molesto. Mi rut es 20.693.309-9.
2309,2026-01-16,Banco Andes,ventas,	Alguien del equipo  de ventas  de BancoAndes  me llamo  insistentemente  para ofrecerme una tarjeta que  no pedi hace unos  dias.
2310,2026-01-16,BancoAndes,fraude_seguridad,ALGUIEN HIZO COMPRAS CON MI TARJETA DE BANCOANDES QUE YO NUNCA AUTORICE.
2311,2026-01-16,BancoAndes,fraude_seguridad,Un tercero vacio parte de mi cuenta de BancoAndes y el banco no me ha devuelto el dinero esta semana.
2312,2026-01-16,BancoAndes,comercial,Nadie en el área comercial no respeta el descuento comercial que me habían prometido al inicio ayer.
2313,2026-01-17,Banco  Andes ,cobranza,BancoAndes de BancoAndes me cobró un interés más alto del que se había acordado y hasta ahora nadie me ha dado una solución esta semana. 😞
2314,2026-01-17,BancoAndes,post_venta,El área de post venta ignora mis mensajes desde que activé la cuenta nueva hace unos días.
2315,2026-01-17,BancoAndes,ventas,Un vendedor telefónico de BancoAndes me llamó para renovarme un producto sin mi autorización y no encuentro cómo resolverlo durante el fin de semana. 🙄 Pueden contactarme al +56 9 4853 2422.
2316,2026-01-17,BancoAndes,ventas,Alguien del equipo de ventas de BancoAndes insistió en ofrecerme un crédito de consumo sin que yo lo pidiera y hasta ahora nadie me ha dado una solución esta semana.
2317,2026-01-17,BancoAndes,fraude_seguridad,Alguien hizo  compras con mi tarjeta de BancoAndes  que  yo nunca  autoricé  y  esto  ya  me  tiene  bastante molesto.   !!! Mi rut es 21.656.936-9.
2318,2026-01-17,BancoAndes,pre_venta,Un ejecutivo de BancoAndes no me explicó las diferencias entre los planes disponibles y hasta ahora nadie me ha dado una solución.
2319,2026-01-17,BancoAndes,pre_venta,ALGUIEN DEL EQUIPO DE INFORMACIONES DE BANCOANDES NO RESPONDIÓ MI SOLICITUD DE INFORMACIÓN SOBRE CUENTAS DE AHORRO EN LAS ÚLTIMAS SEMANAS. 😞 N° de reclamo anterior: RC-28100.
2320,2026-01-18,BancoAndes,tecnologia,El sistema  de BancoAndes no reconoce mi  clave aunque  la ingreso  correctamente sin  que nadie del  banco  se  haga responsable durante  el fin de semana.   
2321,2026-01-18,BancoAndes,cobranza,Nadie en el área de cobranza de BancoAndes me cobró dos veces la misma cuota. N° de reclamo anterior: RC-10542.
2322,2026-01-18,BancoAndes,post_venta,El departamento de  cobranza de  BancoAndes  sigue  enviandome cartas de cobro  por  una deuda pagada en las  ultimas semanas.   
2323,2026-01-18,BancoAndes,cobranza,El departamento de cobranza de BancoAndes me cobra intereses que no corresponden a mi situación lo cual me parece una falta de respeto hacia el cliente.
2324,2026-01-18,Banco  Andes ,cobranza,BancoAndes de BancoAndes me está cobrando una multa que no está justificada hace unos días.
2325,2026-01-18,bancoandes,post_venta,	El  servicio  de  soporte ignora mis mensajes  desde que activé la cuenta nueva.   !!!
2326,2026-01-18,BancoAndes,ventas,Un representante de ventas de BancoAndes me ofreció un crédito hipotecario sin que yo hubiera preguntado por eso durante el fin de semana.
2327,2026-01-18,BancoAndes,ventas,	Un representante de ventas de  BancoAndes me  vendió un seguro  sin explicarme bien  las condiciones y esto ya  me  tiene bastante molesto en las últimas semanas.
2328,2026-01-18,BancoAndes,pre_venta,El servicio de atencion de BancoAndes no respondio mi solicitud de informacion sobre cuentas de ahorro sin que nadie del banco se haga responsable.
2329,2026-01-19,BancoAndes,tecnologia,	El  sistema de BancoAndes no carga mis transacciones recientes y esto ya  me  tiene bastante molesto ayer.   <br>
2330,2026-01-19,BancoAndes,cobranza,Nadie  en  el  area de  cobranza  de  BancoAndes me  esta cobrando una  multa que no esta  justificada y hasta ahora nadie me ha dado  una solucion ayer.   
2331,2026-01-19,BancoAndes,fraude_seguridad,Un  desconocido usó mi  tarjeta de  BancoAndes  sin  mi autorización hace  unos días.   
2332,2026-01-20,Banco Andes,tecnologia,El portal de clientes de BancoAndes se demora muchísimo en cargar cualquier operación el mes pasado!!
2333,2026-01-20,BancoAndes,tecnologia,El portal de clientes de BancoAndes no me deja actualizar mis datos de contacto hace unos días.
2334,2026-01-20,BancoAndes,cobranza,BancoAndes de BancoAndes no corrige un error de facturación que ya reporté y no encuentro cómo resolverlo el mes pasado. 😞
2335,2026-01-20,BancoAndes,cobranza,"BancoAndes de BancoAndes me está cobrando una multa que no está justificada y esto ya me tiene bastante molesto???
Gracias, espero respuesta pronto."
2336,2026-01-20,BancoAndes,cobranza,EL  EQUIPO  DE COBRANZA  DE  BANCOANDES NO QUIERE  REGULARIZAR MI  DEUDA A PESAR  DE QUE  YA PAGUÉ DURANTE EL FIN DE  SEMANA.
2337,2026-01-20,BancoAndes,cobranza,Nadie en el area de cobranza de BancoAndes me cobro un interes mas alto del que se habia acordado lo cual me parece una falta de respeto hacia el cliente hace unos dias.
2338,2026-01-20,BancoAndes,cobranza,Nadie en el área de cobranza de BancoAndes me cobró un interés más alto del que se había acordado el mes pasado.
2339,2026-01-20,Banco Andes,post_venta,"Nadie en BancoAndes no me explica cómo usar el producto que contraté hace poco y esto ya me tiene bastante molesto.
Enviado desde mi celular Samsung"
2340,2026-01-21,BancoAndes,tecnologia,El sistema de BancoAndes marca error de sistema constantemente y no encuentro cómo resolverlo.
2341,2026-01-21,bancoandes,tecnologia,El sitio web de BancoAndes no me permite autenticarme desde el celular y no encuentro cómo resolverlo el mes pasado.
2342,2026-01-21,BancoAndes,fraude_seguridad,Alguien vació parte de mi cuenta de BancoAndes y el banco no me ha devuelto el dinero y esto ya me tiene bastante molesto durante el fin de semana!!
2343,2026-01-21,BancoAndes,cobranza,	BancoAndes  aplicó condiciones distintas a  las que  figuraban en la propuesta  comercial ayer.   <br>
2344,2026-01-21,BancoAndes,pre_venta,El área comercial de BancoAndes no supo responder mis dudas sobre las condiciones del préstamo y esto ya me tiene bastante molesto...
2345,2026-01-22,BancoAndes,ventas,El area de cobranza de BancoAndes no quiere regularizar mi deuda a pesar de que ya pague sin que nadie del banco se haga responsable.
2346,2026-01-22,BancoAndes,post_venta,El servicio de soporte no resuelve mi duda sobre el  estado  de mi  solicitud ya aprobada  y no  encuentro cómo resolverlo  durante el fin de  semana.   
2347,2026-01-22,BancoAndes,ventas,Un vendedor telefónico de BancoAndes me vendió un seguro sin explicarme bien las condiciones hace unos días. 😤
2348,2026-01-22,BancoAndes,fraude_seguridad,ALGUIEN USÓ MI CUENTA DE BANCOANDES PARA RETIROS QUE YO NO HICE HACE UNOS DÍAS.
2349,2026-01-22,BancoAndes,fraude_seguridad,Una persona no autorizada me contactó por phishing usando el nombre de BancoAndes y no encuentro cómo resolverlo hace unos días.
2350,2026-01-23,BancoAndes,cobranza,El departamento de cobranza de BancoAndes no reconoce el pago que ya realicé el mes pasado???
2351,2026-01-23,BancoAndes,cobranza,El  área de cobranza  de BancoAndes me  cobró dos veces la misma cuota lo cual  me parece una  falta de respeto  hacia el  cliente.
2352,2026-01-23,BancoAndes,post_venta,El equipo de seguimiento no me ayuda a entender los cobros de mi cuenta recién abierta y sigo esperando una respuesta.<br> 😤
2353,2026-01-23,BancoAndes,post_venta,El área de post venta no me explica cómo usar el producto que contraté hace poco hace unos días???
2354,2026-01-23,BancoAndes,fraude_seguridad,Alguien uso mis datos para solicitar un producto en BancoAndes a mi nombre ayer!!!
2355,2026-01-23,BancoAndes,fraude_seguridad,No sé quién cambió mi clave de BancoAndes sin que yo lo hiciera y no encuentro cómo resolverlo en las últimas semanas.
2356,2026-01-23,BancoAndes,fraude_seguridad,Un desconocido me contactó por phishing usando el nombre de BancoAndes y hasta ahora nadie me ha dado una solución.
2357,2026-01-24,Banco  Andes ,cobranza,EL DEPARTAMENTO DE COBRANZA DE BANCOANDES ME ESTÁ COBRANDO UNA MULTA QUE NO ESTÁ JUSTIFICADA Y SIGO ESPERANDO UNA RESPUESTA DURANTE EL FIN DE SEMANA??? Mi rut es 14.870.719-6.
2358,2026-01-24,Banco Andes,cobranza,El área de cobranza de BancoAndes no acepta renegociar mi deuda en condiciones razonables el mes pasado.
2359,2026-01-24,BancoAndes,cobranza,<P>EL EQUIPO DE COBRANZA DE BANCOANDES SIGUE ENVIÁNDOME CARTAS DE COBRO POR UNA DEUDA PAGADA HACE UNOS DÍAS.</P>
2360,2026-01-24,BancoAndes,post_venta,BancoAndes me deja sin respuesta después de haber aceptado el producto???
2361,2026-01-24,bancoandes,post_venta,Nadie en BancoAndes no me da soporte con mis dudas después de contratar el producto durante el fin de semana. Pueden contactarme al +56 9 8295 8474.
2362,2026-01-24,BancoAndes,post_venta,"	Desde que contrate  el  producto  en BancoAndes,  no logro que me respondan mis dudas ni que  arreglen el  error en el sistema.   "
2363,2026-01-25,BancoAndes,tecnologia,"La banca en línea de BancoAndes no reconoce mi clave aunque la ingreso correctamente esta semana.
--
Atte, cliente BancoAndes"
2364,2026-01-25,BancoAndes,tecnologia,BancoAndes de BancoAndes no reconoce el pago que ya realicé durante el fin de semana.
2365,2026-01-25,BancoAndes,post_venta,	El equipo de  seguimiento no me entrega  la  información que me prometieron al firmar sin que nadie del banco se haga responsable en las  últimas semanas.    👎
2366,2026-01-25,BancoAndes,post_venta,El equipo de seguimiento no resuelve mi duda sobre el estado de mi solicitud ya aprobada sin que nadie del banco se haga responsable. 👎 Mi rut es 11.229.257-8.
2367,2026-01-25,BancoAndes,pre_venta,"Un ejecutivo de BancoAndes no respondió mi solicitud de información sobre cuentas de ahorro esta semana.
Enviado desde mi celular Samsung"
2368,2026-01-26,BancoAndes,tecnologia,	El sistema  de BancoAndes se congela cada vez que intento  hacer una  transferencia lo cual me parece  una  falta de  respeto  hacia  el cliente.   
2369,2026-01-26,BancoAndes,tecnologia,La clave digital de BancoAndes no envía el código de verificación para iniciar sesión hace unos días.
2370,2026-01-26,BANCOANDES,tecnologia,	El portal de clientes de BancoAndes se  cierra sola cada  vez que intento  pagar  una cuenta  y esto ya me tiene bastante  molesto durante el  fin de semana.   
2371,2026-01-26,BANCOANDES,cobranza,El departamento de cobranza de BancoAndes sigue enviandome cartas de cobro por una deuda pagada esta semana.
2372,2026-01-26,BancoAndes,cobranza,"El área de cobranza de BancoAndes no actualiza mi historial después de pagar la deuda sin que nadie del banco se haga responsable durante el fin de semana...
--
Atte, cliente BancoAndes"
2373,2026-01-26,BancoAndes,cobranza,Nadie en el área de cobranza de BancoAndes me cobró un interés más alto del que se había acordado sin que nadie del banco se haga responsable.
2374,2026-01-26,BancoAndes,post_venta,El equipo de seguimiento no responde mis llamadas desde que contraté el seguro sin que nadie del banco se haga responsable durante el fin de semana.
2375,2026-01-26,BancoAndes,post_venta,El área de post venta no responde mis llamadas desde que contraté el seguro sin que nadie del banco se haga responsable en las últimas semanas.
2376,2026-01-26,BancoAndes,post_venta,El servicio de soporte no me ayuda a entender los cobros de mi cuenta recién abierta y esto ya me tiene bastante molesto.
2377,2026-01-26,BancoAndes,fraude_seguridad,Un desconocido logró acceder a mi banca en línea de BancoAndes sin mi consentimiento esta semana.
2378,2026-01-26,BancoAndes,pre_venta,"Alguien del equipo de informaciones de BancoAndes me dio una cotizacion que despues no coincidia con la real esta semana!!!
Enviado desde mi celular Samsung"
2379,2026-01-26,BancoAndes,pre_venta,Un ejecutivo de BancoAndes me dijo que me llamarían con más información y nunca lo hicieron y esto ya me tiene bastante molesto.
2380,2026-01-27,BancoAndes,tecnologia,"LA BANCA EN LÍNEA DE BANCOANDES NO ME PERMITE AUTENTICARME DESDE EL CELULAR Y ESTO YA ME TIENE BASTANTE MOLESTO.
--
Atte, cliente BancoAndes"
2381,2026-01-27,BancoAndes,cobranza,BancoAndes de BancoAndes me está cobrando una multa que no está justificada y hasta ahora nadie me ha dado una solución esta semana.
2382,2026-01-27,BANCOANDES,cobranza,"El área de cobranza de BancoAndes no reconoce el pago que ya realicé esta semana!!
Enviado desde mi celular Samsung"
2383,2026-01-27,BancoAndes,ventas,Un representante de ventas de BancoAndes me presionó para aceptar un producto en la misma llamada durante el fin de semana.
2384,2026-01-27,BancoAndes,ventas,Un representante de ventas de BancoAndes me llamó para renovarme un producto sin mi autorización y sigo esperando una respuesta en las últimas semanas.
2385,2026-01-28,BancoAndes,tecnologia,La  aplicación  de BancoAndes  marca error de sistema  constantemente y esto ya me tiene bastante molesto durante  el fin de semana.   
2386,2026-01-28,BancoAndes,tecnologia,	El  portal de clientes de BancoAndes no procesa correctamente mis pagos programados.    ⏳
2387,2026-01-28,BancoAndes,tecnologia,"El sistema de BancoAndes no  procesa  correctamente  mis pagos  programados el  mes pasado!!!
Enviado desde mi celular Samsung"
2388,2026-01-28,bancoandes,cobranza,Nadie en el área de cobranza de BancoAndes sigue enviándome cartas de cobro por una deuda pagada y no encuentro cómo resolverlo en las últimas semanas.
2389,2026-01-28,BancoAndes,cobranza,El equipo de cobranza de BancoAndes no acepta renegociar mi deuda en condiciones razonables.
2390,2026-01-28,BancoAndes,cobranza,"Nadie en el área de cobranza de BancoAndes no corrige un error de facturación que ya reporté sin que nadie del banco se haga responsable.
Gracias, espero respuesta pronto. Mi rut es 25.620.876-0."
2391,2026-01-28,BancoAndes,cobranza,"BancoAndes de BancoAndes me cobra comisiones que no estaban en el contrato original ayer.
Gracias, espero respuesta pronto."
2392,2026-01-28,BancoAndes,cobranza,El área de cobranza de BancoAndes me cobra intereses que no corresponden a mi situación en las últimas semanas.
2393,2026-01-28,BancoAndes,post_venta,El área de post venta me deja sin respuesta después de haber aceptado el producto.
2394,2026-01-28,BancoAndes,cobranza,BancoAndes no aclara mis dudas sobre las condiciones del credito ya contratado y no encuentro como resolverlo. Mi rut es 22.102.657-K.
2395,2026-01-28,Banco Andes,post_venta,El equipo de seguimiento dejó de responder después de que firmé el contrato el mes pasado.
2396,2026-01-28,bancoandes,comercial,El área comercial cambió las condiciones comerciales sin avisarme y esto ya me tiene bastante molesto.
2397,2026-01-29,BancoAndes,tecnologia,El portal de clientes de BancoAndes lleva días caída y no puedo ver mis movimientos sin que nadie del banco se haga responsable.
2398,2026-01-29,Banco Andes,tecnologia,El sitio web de BancoAndes no procesa correctamente mis pagos programados y sigo esperando una respuesta esta semana.
2399,2026-01-29,BancoAndes,post_venta,BancoAndes no responde mis consultas de seguimiento sobre el crédito que ya tengo ayer.
2400,2026-01-29,BancoAndes,ventas,Un ejecutivo de ventas de BancoAndes insistió en ofrecerme un crédito de consumo sin que yo lo pidiera. 😞
2401,2026-01-29,BancoAndes,fraude_seguridad,Alguien clonó mi tarjeta de BancoAndes y BancoAndes no reaccionó a tiempo y sigo esperando una respuesta durante el fin de semana.
2402,2026-01-30,BANCOANDES,tecnologia,El portal de  clientes de BancoAndes se congela cada  vez que intento hacer  una transferencia y esto ya me tiene bastante  molesto hace unos días.   
2403,2026-01-30,BancoAndes,post_venta,El servicio de soporte  no  me da soporte con  mis dudas después de  contratar el producto lo cual me  parece una falta de  respeto  hacia el  cliente el  mes  pasado.   
2404,2026-01-30,BancoAndes,pre_venta,Un asesor comercial de BancoAndes me contactó varias veces el mismo día ofreciéndome productos distintos y sigo esperando una respuesta.
2405,2026-01-30,BANCOANDES,fraude_seguridad,ALGUIEN OBTUVO MIS DATOS DE BANCOANDES SIN QUE YO ENTREGARA ESA INFORMACIÓN Y ESTO YA ME TIENE BASTANTE MOLESTO. Mi rut es 15.870.959-6.
2406,2026-01-30,BancoAndes,fraude_seguridad,Una persona no autorizada genero cargos fraudulentos en mi tarjeta de BancoAndes y esto ya me tiene bastante molesto esta semana.
2407,2026-01-30,BancoAndes,fraude_seguridad,Una persona no autorizada uso mi cuenta de BancoAndes para retiros que yo no hice lo cual me parece una falta de respeto hacia el cliente. Mi rut es 13.896.278-2.
2408,2026-01-30,BancoAndes,comercial,"El ejecutivo comercial no honra la promoción con la que me convencieron de cambiarme de banco lo cual me parece una falta de respeto hacia el cliente ayer. ⏳
--
Atte, cliente BancoAndes Pueden contactarme al +56 9 7808 3149."
2409,2026-01-30,BancoAndes,comercial,El equipo comercial no aplica la tasa preferencial que se me ofreció al contratar y hasta ahora nadie me ha dado una solución.
2410,2026-01-30,BancoAndes,comercial,El ejecutivo comercial me aplicó una comisión que no estaba en la oferta original... 👎 N° de reclamo anterior: RC-64022.
2411,2026-01-30,BancoAndes,pre_venta,El  área comercial de BancoAndes me  dio información  distinta  a la  que aparece en  la página  web esta  semana.    Mi rut es 18.901.917-0.
2412,2026-01-31,BancoAndes,tecnologia,El  sitio web de BancoAndes no procesa correctamente mis  pagos programados en las últimas  semanas.   
2413,2026-01-31,bancoandes,post_venta,El area de post venta no  aclara mis dudas sobre las condiciones  del credito  ya contratado.   
2414,2026-01-31,BancoAndes,post_venta,BancoAndes me deja sin respuesta después de haber aceptado el producto y sigo esperando una respuesta esta semana.
2415,2026-01-31,BancoAndes,post_venta,"El área de post venta no resuelve mi duda sobre el estado de mi solicitud ya aprobada y no encuentro cómo resolverlo el mes pasado.
--
Atte, cliente BancoAndes"
2416,2026-01-31,BancoAndes,ventas,Un  vendedor telefónico de BancoAndes me ofreció una  tarjeta  con beneficios que después no  eran reales durante el  fin de  semana.    Mi rut es 24.829.957-K.
2417,2026-01-31,BancoAndes,fraude_seguridad,No sé quién hizo  compras con mi tarjeta de BancoAndes que  yo nunca autoricé y esto ya  me  tiene bastante molesto.   
2418,2026-01-31,BancoAndes,comercial,Nadie en el área comercial no reconoce el descuento por cliente antiguo que me habían asegurado el mes pasado. Pueden contactarme al +56 9 8655 6943.
2419,2026-01-31,BancoAndes,comercial,Nadie en el área comercial no ha activado el beneficio que me ofrecieron al abrir la cuenta sin que nadie del banco se haga responsable!!
2420,2026-02-01,BancoAndes,cobranza,BancoAndes de BancoAndes no quiere regularizar mi deuda a pesar de que ya pagué lo cual me parece una falta de respeto hacia el cliente.
2421,2026-02-01,BancoAndes,post_venta,<p>El servicio de soporte me deja sin respuesta después de haber aceptado el producto y hasta ahora nadie me ha dado una solución hace unos días.</p>
2422,2026-02-01,BancoAndes,fraude_seguridad,<p>Una persona no autorizada logró acceder a mi banca en línea de BancoAndes sin mi consentimiento y esto ya me tiene bastante molesto.</p>
2423,2026-02-01,BANCOANDES,comercial,El equipo comercial desconoce el acuerdo comercial que hice con un ejecutivo anterior.
2424,2026-02-01,BancoAndes,tecnologia,"	La clave digital  de BancoAndes  dejó de funcionar de un  día para otro, temo  que  haya sido hackeada!!
Enviado desde mi celular Samsung"
2425,2026-02-02,BancoAndes,tecnologia,La  aplicación de BancoAndes  no envía  el código  de verificación  para iniciar sesión sin que  nadie del banco  se  haga  responsable.   
2426,2026-02-02,BancoAndes,tecnologia,La aplicacion de BancoAndes se congela cada vez que intento hacer una transferencia sin que nadie del banco se haga responsable. 😠
2427,2026-02-02,BancoAndes,tecnologia,El  sistema de BancoAndes  no  carga mis transacciones recientes lo cual me  parece  una falta  de respeto hacia el cliente.   
2428,2026-02-02,BancoAndes,post_venta,El área de post  venta no me ayuda a entender los cobros de  mi cuenta recién abierta y no encuentro cómo  resolverlo.
2429,2026-02-02,BancoAndes,ventas,Un vendedor telefónico de BancoAndes me llamó insistentemente para ofrecerme una tarjeta que no pedí lo cual me parece una falta de respeto hacia el cliente.
2430,2026-02-02,BancoAndes,fraude_seguridad,Una persona no  autorizada intentó  estafarme  haciéndose pasar por un ejecutivo de BancoAndes lo cual me parece  una falta  de respeto hacia el  cliente  el mes  pasado.
2431,2026-02-02,BANCOANDES,comercial,El ejecutivo comercial no honra la promoción con la que me convencieron de cambiarme de banco.
2432,2026-02-02,BancoAndes,pre_venta,Un ejecutivo de BancoAndes no me aclaró cuáles eran los documentos necesarios para postular y hasta ahora nadie me ha dado una solución.
2433,2026-02-02,BancoAndes,pre_venta,"El area comercial de BancoAndes no me explico las diferencias entre los planes disponibles esta semana.
--
Atte, cliente BancoAndes"
2434,2026-02-03,BancoAndes,tecnologia,EL SISTEMA DE BANCOANDES NO PROCESA CORRECTAMENTE MIS PAGOS PROGRAMADOS LO CUAL ME PARECE UNA FALTA DE RESPETO HACIA EL CLIENTE ESTA SEMANA. 😞
2435,2026-02-03,BancoAndes,comercial,El área  de  cobranza de BancoAndes no responde  mi solicitud de repactación de deuda  sin que nadie del banco  se haga responsable  esta semana.   
2436,2026-02-03,BancoAndes,ventas,Alguien del equipo de ventas de BancoAndes me ofreció condiciones distintas a las que después aparecieron en el contrato y sigo esperando una respuesta...
2437,2026-02-03,Banco  Andes ,pre_venta,El&nbsp;area comercial de BancoAndes nunca me contacto despues de pedir informacion sobre un credito sin que nadie del banco se haga responsable ayer. 🙄
2438,2026-02-04,BancoAndes,tecnologia,La banca en línea de BancoAndes no carga mis transacciones recientes y hasta ahora nadie me ha dado una solución.
2439,2026-02-04,BancoAndes,cobranza,BancoAndes de BancoAndes insiste en cobrar un monto que ya fue aclarado antes y sigo esperando una respuesta el mes pasado.
2440,2026-02-04,BancoAndes,ventas,ALGUIEN DEL EQUIPO DE VENTAS DE BANCOANDES ME PRESIONO PARA ACEPTAR UN PRODUCTO EN LA MISMA LLAMADA Y HASTA AHORA NADIE ME HA DADO UNA SOLUCION.
2441,2026-02-04,Banco  Andes ,comercial,El equipo comercial cambio mi plan comercial sin mi consentimiento y sigo esperando una respuesta ayer.
2442,2026-02-05,BancoAndes,post_venta,Nadie en BancoAndes no da seguimiento a mi reclamo anterior sobre el mismo producto.
2443,2026-02-05,BancoAndes,ventas,"ALGUIEN DEL EQUIPO DE VENTAS DE BANCOANDES INSISTIÓ EN OFRECERME UN CRÉDITO DE CONSUMO SIN QUE YO LO PIDIERA ESTA SEMANA.
Gracias, espero respuesta pronto."
2444,2026-02-05,BancoAndes,fraude_seguridad,Un tercero cambió mi clave de BancoAndes sin que yo lo hiciera lo cual me parece una falta de respeto hacia el cliente?!
2445,2026-02-05,BancoAndes,pre_venta,El servicio de atención de BancoAndes no supo responder mis dudas sobre las condiciones del préstamo esta semana?!
2446,2026-02-05,BancoAndes,fraude_seguridad,"Vi un movimiento extraño en mi cuenta de BancoAndes, no sé si es un cobro mal hecho o alguien usó mis datos."
2447,2026-02-06,BancoAndes,tecnologia,El sitio web de BancoAndes lleva días caída y no puedo ver mis movimientos y esto ya me tiene bastante molesto.
2448,2026-02-06,BancoAndes,cobranza,El equipo de cobranza de BancoAndes insiste en cobrar un monto que ya fue aclarado antes y no encuentro cómo resolverlo el mes pasado. ⏳
2449,2026-02-06,BancoAndes,cobranza,Nadie en el área de cobranza de BancoAndes me cobra intereses que no corresponden a mi situación y esto ya me tiene bastante molesto.
2450,2026-02-06,BancoAndes,cobranza,El área de cobranza de BancoAndes no responde mi solicitud de repactación de deuda y hasta ahora nadie me ha dado una solución ayer.
2451,2026-02-06,BancoAndes,cobranza,El equipo de cobranza de BancoAndes no corrige un error de facturación que ya reporté en las últimas semanas. Mi rut es 10.766.963-8.
2452,2026-02-06,BancoAndes,pre_venta,Alguien del equipo  de informaciones  de BancoAndes  tardó  semanas en responder mi consulta inicial ayer.
2453,2026-02-06,BancoAndes,pre_venta,El servicio de atencion de BancoAndes tardo semanas en responder mi consulta inicial el mes pasado.
2454,2026-02-06,Banco Andes,pre_venta,"EL SERVICIO DE ATENCION DE BANCOANDES ME DIO UNA COTIZACION QUE DESPUES NO COINCIDIA CON LA REAL EN LAS ULTIMAS SEMANAS.
Enviado desde mi celular Samsung"
2455,2026-02-07,Banco  Andes ,tecnologia,La clave digital de BancoAndes no permite descargar mis comprobantes de pago hace unos días.
2456,2026-02-07,bancoandes,cobranza,"El departamento de cobranza de BancoAndes me cobró dos veces la misma cuota ayer.
Enviado desde mi celular Samsung N° de reclamo anterior: RC-56245."
2457,2026-02-07,Banco Andes,post_venta,El equipo de seguimiento no resuelve mi duda sobre el estado de mi solicitud ya aprobada durante el fin de semana.
2458,2026-02-07,BancoAndes,ventas,Un vendedor telefónico de BancoAndes me ofreció una tarjeta con beneficios que después no eran reales en las últimas semanas.
2459,2026-02-07,BancoAndes,fraude_seguridad,Alguien me contactó por phishing usando el nombre de BancoAndes y sigo esperando una respuesta en las últimas semanas.<br>
2460,2026-02-08,BancoAndes,cobranza,"El  equipo  de cobranza  de BancoAndes no actualiza mi historial  después  de pagar la deuda  ayer.   
Gracias, espero respuesta pronto."
2461,2026-02-08,BancoAndes,post_venta,EL&NBSP;EQUIPO DE SEGUIMIENTO  NO RESPONDE MIS LLAMADAS DESDE QUE CONTRATÉ EL SEGURO. N° de reclamo anterior: RC-95086.
2462,2026-02-08,BancoAndes,ventas,	Un representante de ventas de BancoAndes me  vendió un seguro sin explicarme bien  las condiciones. Pueden contactarme al +56 9 9034 3292.
2463,2026-02-08,BancoAndes,ventas,	Alguien del equipo  de ventas de BancoAndes  me contactó para venderme un  seguro que no solicité  sin que nadie del banco se haga responsable hace unos  días.   ...
2464,2026-02-08,BancoAndes,ventas,<p>Un ejecutivo de ventas  de BancoAndes me llamo de un numero  desconocido para ofrecerme un prestamo  y hasta  ahora nadie  me ha  dado una solucion.   </p> 👎
2465,2026-02-08,BancoAndes,ventas,ALGUIEN DEL EQUIPO DE VENTAS DE BANCOANDES ME CONTACTO PARA VENDERME UN SEGURO QUE NO SOLICITE ESTA SEMANA!!! ⏳
2466,2026-02-08,BancoAndes,fraude_seguridad,	No&nbsp;sé  quién intentó estafarme haciéndose pasar por un ejecutivo de BancoAndes. N° de reclamo anterior: RC-78091.
2467,2026-02-08,BancoAndes,pre_venta,	El servicio de atención de BancoAndes me dijo que me  llamarían con más información  y nunca lo hicieron  hace  unos días.   
2468,2026-02-08,BancoAndes,pre_venta,Alguien del equipo de informaciones de BancoAndes me dio una cotización que después no coincidía con la real y no encuentro cómo resolverlo...
2469,2026-02-08,BANCOANDES,pre_venta,Alguien del equipo de informaciones de BancoAndes me remitió a distintas áreas sin darme una respuesta clara.
2470,2026-02-09,BancoAndes,tecnologia,La banca en linea de BancoAndes no me deja actualizar mis datos de contacto y esto ya me tiene bastante molesto ayer.
2471,2026-02-09,BancoAndes,cobranza,Nadie en el área de cobranza de BancoAndes me cobró un interés más alto del que se había acordado esta semana.<br>
2472,2026-02-09,BancoAndes,post_venta,Nadie&nbsp;en BancoAndes no da seguimiento a mi reclamo anterior sobre el mismo producto durante el fin de semana. ⏳
2473,2026-02-09,BancoAndes,comercial,El área comercial no quiere renegociar las condiciones de mi crédito y sigo esperando una respuesta.
2474,2026-02-09,BancoAndes,pre_venta,El área comercial de BancoAndes ignoró mi consulta sobre  los requisitos  de un  crédito hipotecario  y  hasta ahora  nadie  me ha dado  una solución.
2475,2026-02-09,BancoAndes,pre_venta,El área comercial de BancoAndes  me  pidió  los mismos documentos varias veces  sin  avanzar  sin que nadie del  banco se haga responsable. 👎
2476,2026-02-09,BancoAndes,pre_venta,Pedí información sobre una tarjeta de BancoAndes y terminaron intentando venderme un seguro que no pedí!!
2477,2026-02-10,BancoAndes,tecnologia,El sitio web de BancoAndes no me permite autenticarme desde el celular y no encuentro cómo resolverlo.
2478,2026-02-10,BancoAndes,comercial,La aplicación de BancoAndes no reconoce mi clave aunque la ingreso correctamente hace unos días.
2479,2026-02-10,BancoAndes,cobranza,El equipo de cobranza de BancoAndes no reconoce el pago que ya realicé ayer.
2480,2026-02-10,BancoAndes,cobranza,El equipo de cobranza de BancoAndes sigue enviándome cartas de cobro por una deuda pagada lo cual me parece una falta de respeto hacia el cliente en las últimas semanas. 😠
2481,2026-02-10,Banco Andes,ventas,Un vendedor telefónico de BancoAndes siguió llamando después de que le dije que no me interesaba y esto ya me tiene bastante molesto durante el fin de semana!! N° de reclamo anterior: RC-83024.
2482,2026-02-10,BancoAndes,fraude_seguridad,Un tercero hizo compras con mi tarjeta de BancoAndes que yo nunca autoricé en las últimas semanas.
2483,2026-02-11,BancoAndes,tecnologia,La clave digital de BancoAndes no permite descargar mis comprobantes de pago y hasta ahora nadie me ha dado una solución. N° de reclamo anterior: RC-42525.
2484,2026-02-11,BancoAndes,tecnologia,LA APLICACIÓN DE BANCOANDES SE DEMORA MUCHÍSIMO EN CARGAR CUALQUIER OPERACIÓN SIN QUE NADIE DEL BANCO SE HAGA RESPONSABLE EN LAS ÚLTIMAS SEMANAS.
2485,2026-02-11,BancoAndes,tecnologia,El sistema de BancoAndes lleva días caída y no puedo ver mis movimientos y sigo esperando una respuesta.
2486,2026-02-11,BancoAndes,cobranza,El área de cobranza de BancoAndes me cobró dos veces la misma cuota y no encuentro cómo resolverlo el mes pasado.
2487,2026-02-11,BancoAndes,post_venta,El servicio de soporte me deja sin respuesta después de haber aceptado el producto el mes pasado.
2488,2026-02-11,BancoAndes,fraude_seguridad,Alguien realizo una transferencia desde mi cuenta de BancoAndes que no reconozco lo cual me parece una falta de respeto hacia el cliente ayer.
2489,2026-02-11,BancoAndes,comercial,El área comercial no respeta el descuento comercial que me habían prometido al inicio y no encuentro cómo resolverlo.
2490,2026-02-11,BancoAndes,comercial,El equipo comercial no respeta el plan comercial que acordamos por escrito y sigo esperando una respuesta esta semana!!
2491,2026-02-11,BancoAndes,pre_venta,"Un asesor de  BancoAndes ignoró mi consulta  sobre los requisitos de un  crédito hipotecario  lo cual me parece una falta  de respeto hacia el cliente ayer.   ?!<br>
Enviado desde mi iPhone"
2492,2026-02-12,BancoAndes,tecnologia,LA BANCA EN LÍNEA DE BANCOANDES NO ENVÍA EL CÓDIGO DE VERIFICACIÓN PARA INICIAR SESIÓN.<BR> 😠
2493,2026-02-12,BancoAndes,tecnologia,La aplicación de BancoAndes no genera mi cartola mensual y sigo esperando una respuesta esta semana.
2494,2026-02-12,Banco  Andes ,tecnologia,	La banca en línea  de BancoAndes se cierra sola cada vez que  intento pagar una  cuenta sin que  nadie  del banco se haga responsable ayer.
2495,2026-02-12,BancoAndes,tecnologia,La  banca  en línea  de BancoAndes  muestra información desactualizada de  mi cuenta  el  mes pasado.   
2496,2026-02-12,BancoAndes,comercial,"NADIE EN EL ÁREA COMERCIAL APLICÓ CONDICIONES DISTINTAS A LAS QUE FIGURABAN EN LA PROPUESTA COMERCIAL Y ESTO YA ME TIENE BASTANTE MOLESTO.
--
Atte, cliente BancoAndes"
2497,2026-02-13,BancoAndes,tecnologia,EL SISTEMA DE BANCOANDES NO GENERA MI CARTOLA MENSUAL ESTA SEMANA.
2498,2026-02-13,BancoAndes,cobranza,	El área  de  cobranza de  BancoAndes me cobra intereses  que  no corresponden a  mi  situación hace unos días.   
2499,2026-02-13,BancoAndes,cobranza,El área de cobranza de BancoAndes me amenaza con acciones legales por un monto incorrecto y sigo esperando una respuesta.
2500,2026-02-13,BancoAndes,post_venta,El  servicio  de soporte no  me entrega la  información que me prometieron al firmar  y esto  ya me tiene bastante molesto.   
2501,2026-02-13,BancoAndes,post_venta,NADIE EN BANCOANDES NO RESPONDE MIS LLAMADAS DESDE QUE CONTRATE EL SEGURO SIN QUE NADIE DEL BANCO SE HAGA RESPONSABLE ESTA SEMANA.
2502,2026-02-14,BancoAndes,cobranza,<P>EL EQUIPO DE COBRANZA DE BANCOANDES INSISTE EN COBRAR UN MONTO QUE YA FUE ACLARADO ANTES DURANTE EL FIN DE SEMANA.</P>
2503,2026-02-14,BancoAndes,cobranza,EL EQUIPO DE COBRANZA DE BANCOANDES NO QUIERE REGULARIZAR MI DEUDA A PESAR DE QUE YA PAGUÉ Y HASTA AHORA NADIE ME HA DADO UNA SOLUCIÓN DURANTE EL FIN DE SEMANA!!
2504,2026-02-14,BancoAndes,ventas,Un vendedor telefónico de BancoAndes me contactó fuera de horario para ofrecerme una tarjeta nueva lo cual me parece una falta de respeto hacia el cliente durante el fin de semana.
2505,2026-02-14,BancoAndes,comercial,El ejecutivo comercial no cumple las condiciones pactadas para la renovación de mi producto sin que nadie del banco se haga responsable ayer.
2506,2026-02-14,BancoAndes,pre_venta,Un ejecutivo de BancoAndes me remitió a distintas áreas sin darme una respuesta clara lo cual me parece  una falta  de  respeto hacia  el cliente  el  mes pasado.
2507,2026-02-15,BancoAndes,tecnologia,EL SITIO WEB DE BANCOANDES NO RECONOCE MI CLAVE AUNQUE LA INGRESO CORRECTAMENTE DURANTE EL FIN DE SEMANA.<BR>
2508,2026-02-15,BancoAndes,cobranza,El área de  cobranza de BancoAndes  no acepta renegociar mi deuda en condiciones  razonables  y  no encuentro cómo resolverlo.
2509,2026-02-15,BancoAndes,post_venta,Nadie en BancoAndes no me ayuda a entender los cobros de mi cuenta recién abierta y esto ya me tiene bastante molesto.<br> N° de reclamo anterior: RC-69383.
2510,2026-02-15,BancoAndes,post_venta,El servicio de soporte ignora mis mensajes desde que activé la cuenta nueva sin que nadie del banco se haga responsable durante el fin de semana.
2511,2026-02-15,BancoAndes,ventas,Un vendedor telefónico de BancoAndes me llamó insistentemente para ofrecerme una tarjeta que no pedí y no encuentro cómo resolverlo. N° de reclamo anterior: RC-78185.
2512,2026-02-15,bancoandes,fraude_seguridad,Un desconocido logro acceder a mi banca en linea de BancoAndes sin mi consentimiento y no encuentro como resolverlo.
2513,2026-02-15,Banco Andes,comercial,El área comercial cambió las condiciones comerciales sin avisarme lo cual me parece una falta de respeto hacia el cliente en las últimas semanas.
2514,2026-02-15,Banco Andes,pre_venta,Un ejecutivo de BancoAndes no respondió mi solicitud de información sobre cuentas de ahorro y sigo esperando una respuesta hace unos días.
2515,2026-02-16,BancoAndes,cobranza,El equipo de cobranza de BancoAndes me amenaza con acciones legales por un monto incorrecto y hasta ahora nadie me ha dado una solución ayer. 😞
2516,2026-02-16,Banco Andes,post_venta,"BancoAndes no me entrega la información que me prometieron al firmar esta semana?!
--
Atte, cliente BancoAndes"
2517,2026-02-16,BancoAndes,ventas,Un representante de ventas de BancoAndes me contactó fuera de horario para ofrecerme una tarjeta nueva y sigo esperando una respuesta.
2518,2026-02-16,BancoAndes,fraude_seguridad,Un tercero realizó una transferencia desde mi cuenta de BancoAndes que no reconozco y no encuentro cómo resolverlo. 😞 N° de reclamo anterior: RC-30812.
2519,2026-02-16,BancoAndes,fraude_seguridad,Un tercero accedió a mi cuenta de BancoAndes sin que yo lo autorizara y esto ya me tiene bastante molesto?!
2520,2026-02-16,BancoAndes,pre_venta,"BancoAndes no reconoce el descuento por cliente antiguo que me habían asegurado y hasta ahora nadie me ha dado una solución.
Enviado desde mi celular Samsung"
2521,2026-02-16,BancoAndes,pre_venta,	El servicio  de atencion de BancoAndes  no me explico bien  los requisitos  antes de postular  a la tarjeta  y no  encuentro como resolverlo.   
2522,2026-02-17,BancoAndes,cobranza,BancoAndes de BancoAndes no corrige un error de facturación que ya reporté durante el fin de semana.
2523,2026-02-17,BancoAndes,cobranza,Nadie en el area de cobranza de BancoAndes insiste en cobrar un monto que ya fue aclarado antes y sigo esperando una respuesta.
2524,2026-02-17,BancoAndes,post_venta,	Nadie  en BancoAndes  no da seguimiento a mi reclamo anterior  sobre  el  mismo  producto  y esto ya me tiene bastante molesto.   
2525,2026-02-17,BancoAndes,post_venta,BancoAndes no me ayuda a entender los cobros de mi cuenta recién abierta hace unos días!!!
2526,2026-02-17,BancoAndes,ventas,Alguien del equipo de ventas de BancoAndes siguio llamando despues de que le dije que no me interesaba sin que nadie del banco se haga responsable el mes pasado. Mi rut es 12.955.526-4.
2527,2026-02-17,BancoAndes,comercial,El área comercial no cumple las condiciones pactadas para la renovación de mi producto hace unos días.
2528,2026-02-17,BancoAndes,comercial,El ejecutivo comercial no reconoce el descuento por cliente antiguo que me habían asegurado ayer.
2529,2026-02-17,BancoAndes,pre_venta,	Alguien  del equipo de informaciones  de BancoAndes no  supo  responder  mis dudas  sobre  las condiciones  del prestamo y sigo esperando una respuesta hace unos dias.
2530,2026-02-18,BancoAndes,cobranza,El departamento de cobranza de BancoAndes insiste en cobrar un monto que ya fue aclarado antes lo cual me parece una falta de respeto hacia el cliente.
2531,2026-02-18,BancoAndes,cobranza,EL&NBSP;EQUIPO DE COBRANZA DE BANCOANDES ME AMENAZA CON ACCIONES LEGALES POR UN MONTO INCORRECTO Y SIGO ESPERANDO UNA RESPUESTA. ⏳
2532,2026-02-18,BancoAndes,post_venta,Nadie en BancoAndes no da seguimiento a mi reclamo anterior sobre el mismo producto y hasta ahora nadie me ha dado una solución?!
2533,2026-02-18,BancoAndes,ventas,Un  ejecutivo de ventas de  BancoAndes insistió en  ofrecerme un  crédito de consumo sin que  yo lo pidiera  sin  que  nadie  del banco se haga responsable.   
2534,2026-02-18,BancoAndes,fraude_seguridad,Un desconocido accedió a mi cuenta de BancoAndes sin que yo lo autorizara.
2535,2026-02-18,Banco  Andes ,fraude_seguridad,	Una persona no autorizada usó  mi  tarjeta de  BancoAndes sin mi  autorización en las últimas semanas.   
2536,2026-02-18,bancoandes,comercial,El ejecutivo comercial desconoce el acuerdo comercial que hice con un ejecutivo anterior en las últimas semanas.
2537,2026-02-18,BancoAndes,comercial,	El area comercial no  cumple  con el  beneficio que venia incluido en mi cuenta.   
2538,2026-02-18,BancoAndes,comercial,Nadie en el area comercial no cumple con el beneficio que venia incluido en mi cuenta en las ultimas semanas. 😡
2539,2026-02-18,BancoAndes,pre_venta,	UN ASESOR  DE  BANCOANDES NO  ME  EXPLICO LAS DIFERENCIAS  ENTRE LOS  PLANES DISPONIBLES  LO  CUAL ME PARECE  UNA FALTA DE  RESPETO  HACIA EL  CLIENTE AYER.    👎
2540,2026-02-18,BancoAndes,tecnologia,No logro ingresar a la app de BancoAndes y no sé si es una falla técnica o que bloquearon mi cuenta por seguridad.
2541,2026-02-19,BancoAndes,cobranza,Nadie en el área de cobranza de BancoAndes no responde mi solicitud de repactación de deuda ayer. 😤
2542,2026-02-19,BancoAndes,post_venta,Nadie en BancoAndes no me contacta para revisar cómo va mi producto contratado.
2543,2026-02-19,BancoAndes,post_venta,BancoAndes dejó de responder después de que firmé el contrato ayer.
2544,2026-02-19,BancoAndes,post_venta,BancoAndes no da seguimiento a mi reclamo anterior sobre el mismo producto durante el fin de semana.
2545,2026-02-19,BancoAndes,ventas,"Un representante de ventas de BancoAndes me contactó varias veces el mismo día ofreciéndome productos distintos.
Enviado desde mi celular Samsung"
2546,2026-02-19,BancoAndes,comercial,BancoAndes aplicó condiciones distintas a las que figuraban en la propuesta comercial y esto ya me tiene bastante molesto ayer.<br>
2547,2026-02-20,BancoAndes,tecnologia,El sitio web de BancoAndes no procesa correctamente mis pagos programados lo cual me parece una falta de respeto hacia el cliente durante el fin de semana.
2548,2026-02-20,BancoAndes,tecnologia,LA BANCA EN LÍNEA DE BANCOANDES SE DEMORA MUCHÍSIMO EN CARGAR CUALQUIER OPERACIÓN Y NO ENCUENTRO CÓMO RESOLVERLO.
2549,2026-02-20,BancoAndes,post_venta,El equipo de seguimiento no me ayuda a entender los cobros de mi cuenta recién abierta esta semana.
2550,2026-02-20,BancoAndes,post_venta,	Alguien del equipo  de informaciones de BancoAndes tardó semanas en responder  mi consulta inicial lo cual me parece  una falta  de respeto hacia el cliente  durante el  fin de semana.
2551,2026-02-21,BancoAndes,tecnologia,La clave digital de BancoAndes no me deja actualizar mis datos de contacto el mes pasado.
2552,2026-02-21,BancoAndes,cobranza,El  departamento de cobranza de  BancoAndes  no  responde  mi solicitud  de  repactación de deuda  el mes pasado.   
2553,2026-02-21,BancoAndes,cobranza,El departamento de cobranza de BancoAndes me cobro un interes mas alto del que se habia acordado y sigo esperando una respuesta durante el fin de semana...
2554,2026-02-21,BANCOANDES,cobranza,EL EQUIPO DE COBRANZA DE BANCOANDES ME COBRA INTERESES QUE NO CORRESPONDEN A MI SITUACION AYER.<BR> Pueden contactarme al +56 9 2580 3582.
2555,2026-02-21,Banco  Andes ,ventas,El servicio de soporte dejó de responder después de que firmé el contrato durante el fin de semana.
2556,2026-02-21,BancoAndes,ventas,"Un representante de ventas de BancoAndes me  llamó para  renovarme un  producto sin  mi autorización hace unos días?!
Enviado desde mi celular Samsung"
2557,2026-02-21,BancoAndes,ventas,Un representante de ventas de BancoAndes me llamó de un número desconocido para ofrecerme un préstamo y no encuentro cómo resolverlo el mes pasado.
2558,2026-02-21,BancoAndes,ventas,Un representante de ventas de BancoAndes me ofreció una tarjeta con beneficios que después no eran reales y hasta ahora nadie me ha dado una solución en las últimas semanas.
2559,2026-02-22,BancoAndes,tecnologia,El portal de clientes de BancoAndes no me permite autenticarme desde el celular y esto ya me tiene bastante molesto.<br>
2560,2026-02-22,BancoAndes,tecnologia,La clave digital de BancoAndes se demora muchísimo en cargar cualquier operación y hasta ahora nadie me ha dado una solución durante el fin de semana.
2561,2026-02-22,BancoAndes,cobranza,El equipo de cobranza de BancoAndes me está cobrando una multa que no está justificada y hasta ahora nadie me ha dado una solución en las últimas semanas???
2562,2026-02-22,BancoAndes,ventas,Un ejecutivo de ventas de BancoAndes insistió en ofrecerme un crédito de consumo sin que yo lo pidiera y hasta ahora nadie me ha dado una solución.
2563,2026-02-22,Banco Andes,fraude_seguridad,"Un tercero intentó estafarme haciéndose pasar por un ejecutivo de BancoAndes y no encuentro cómo resolverlo. 🙄
Gracias, espero respuesta pronto."
2564,2026-02-22,BancoAndes,pre_venta,<p>Un asesor de BancoAndes me pidió los mismos documentos varias veces sin avanzar el mes pasado.</p>
2565,2026-02-23,BancoAndes,tecnologia,El sistema de BancoAndes se congela cada  vez  que intento hacer una transferencia y  hasta ahora nadie me ha  dado  una solución esta semana.
2566,2026-02-23,bancoandes,tecnologia,El sitio web de BancoAndes marca error de sistema constantemente lo cual me parece una falta de respeto hacia el cliente. N° de reclamo anterior: RC-97098.
2567,2026-02-23,BancoAndes,tecnologia,"El portal  de clientes de  BancoAndes no permite descargar  mis comprobantes  de pago esta semana.   ???
--
Atte, cliente BancoAndes"
2568,2026-02-23,BancoAndes,cobranza,El departamento de cobranza de BancoAndes no actualiza mi historial después de pagar la deuda sin que nadie del banco se haga responsable en las últimas semanas.
2569,2026-02-23,BancoAndes,cobranza,Nadie en el área de cobranza de BancoAndes me amenaza con acciones legales por un monto incorrecto y esto ya me tiene bastante molesto...
2570,2026-02-23,BancoAndes,cobranza,El área de cobranza de BancoAndes no actualiza mi historial después de pagar la deuda y sigo esperando una respuesta.
2571,2026-02-23,bancoandes,post_venta,Nadie en BancoAndes me deja sin respuesta después de haber aceptado el producto y hasta ahora nadie me ha dado una solución durante el fin de semana???
2572,2026-02-23,Banco Andes,comercial,	BancoAndes no aplica  la  tasa  preferencial que se me ofreció al  contratar y  no encuentro cómo resolverlo ayer!!!
2573,2026-02-23,BancoAndes,pre_venta,El servicio de atención de BancoAndes no supo responder mis dudas sobre las condiciones del préstamo.
2574,2026-02-23,BancoAndes,pre_venta,Un  ejecutivo  de BancoAndes no  me  explicó las diferencias entre los planes disponibles y esto ya me tiene bastante molesto  esta  semana.   
2575,2026-02-24,BancoAndes,tecnologia,El sitio web de BancoAndes no me permite autenticarme desde el celular lo cual me parece una falta de respeto hacia el cliente ayer?!
2576,2026-02-24,BancoAndes,cobranza,BancoAndes de BancoAndes no acepta renegociar mi deuda en condiciones razonables esta semana.
2577,2026-02-24,BancoAndes,cobranza,El departamento de cobranza de BancoAndes me amenaza con acciones legales por un monto incorrecto sin que nadie del banco se haga responsable esta semana. Pueden contactarme al +56 9 8462 1081.
2578,2026-02-24,BancoAndes,post_venta,BancoAndes no me entrega la información que me prometieron al firmar y hasta ahora nadie me ha dado una solución hace unos días.
2579,2026-02-24,BancoAndes,post_venta,	El equipo  de  seguimiento no me ayuda a entender los cobros  de  mi  cuenta recién  abierta lo cual me  parece  una falta  de respeto  hacia el cliente ayer.   
2580,2026-02-24,BancoAndes,fraude_seguridad,Alguien obtuvo mis datos de BancoAndes sin que yo entregara esa información y hasta ahora nadie me ha dado una solución.
2581,2026-02-24,BancoAndes,fraude_seguridad,Una persona no autorizada vació parte de mi cuenta de BancoAndes y el banco no me ha devuelto el dinero.
2582,2026-02-24,BancoAndes,fraude_seguridad,Un tercero generó cargos fraudulentos en mi tarjeta de BancoAndes y no encuentro cómo resolverlo hace unos días.
2583,2026-02-24,BancoAndes,fraude_seguridad,Alguien  me  contactó por phishing  usando el  nombre  de  BancoAndes durante  el fin  de semana!!! Pueden contactarme al +56 9 4661 6961.
2584,2026-02-24,BancoAndes,comercial,BancoAndes desconoce el  acuerdo comercial que hice con  un ejecutivo anterior en las  últimas semanas.
2585,2026-02-24,bancoandes,comercial,El equipo comercial no ha activado el beneficio que me ofrecieron al abrir la cuenta y no encuentro cómo resolverlo esta semana. N° de reclamo anterior: RC-43009.
2586,2026-02-24,BancoAndes,pre_venta,ALGUIEN DEL EQUIPO DE INFORMACIONES DE BANCOANDES NO ME EXPLICÓ LAS DIFERENCIAS ENTRE LOS PLANES DISPONIBLES Y ESTO YA ME TIENE BASTANTE MOLESTO. 😤
2587,2026-02-24,BancoAndes,pre_venta,El área comercial de BancoAndes ignoró mi consulta sobre los requisitos de un crédito hipotecario lo cual me parece una falta de respeto hacia el cliente?!
2588,2026-02-25,BancoAndes,cobranza,El área  de  cobranza de BancoAndes  me  cobra intereses que no  corresponden a  mi situación y  esto ya  me  tiene  bastante molesto.
2589,2026-02-25,BancoAndes,post_venta,BancoAndes dejó de responder después de que firmé el contrato y sigo esperando una respuesta ayer???
2590,2026-02-25,BancoAndes,ventas,"Un asesor comercial de BancoAndes me ofrecio condiciones distintas a las que despues aparecieron en el contrato y hasta ahora nadie me ha dado una solucion.
Enviado desde mi celular Samsung N° de reclamo anterior: RC-85128."
2591,2026-02-25,BancoAndes,comercial,El ejecutivo comercial no honra la promocion con la que me convencieron de cambiarme de banco hace unos dias.
2592,2026-02-26,BancoAndes,tecnologia,El sistema de BancoAndes no me deja actualizar mis datos de contacto ayer.
2593,2026-02-26,Banco  Andes ,cobranza,Nadie en el área de cobranza de BancoAndes me cobra comisiones que no estaban en el contrato original en las últimas semanas.
2594,2026-02-26,BancoAndes,cobranza,BancoAndes de BancoAndes me amenaza con acciones legales por un monto incorrecto lo cual me parece una falta de respeto hacia el cliente hace unos días.
2595,2026-02-26,BancoAndes,cobranza,<p>BancoAndes de BancoAndes sigue enviandome cartas de cobro por una deuda pagada sin que nadie del banco se haga responsable el mes pasado.</p>
2596,2026-02-26,BancoAndes,post_venta,BancoAndes no me entrega la informacion que me prometieron al firmar sin que nadie del banco se haga responsable. N° de reclamo anterior: RC-62332.
2597,2026-02-27,BancoAndes,tecnologia,	La aplicación de BancoAndes se demora muchísimo en cargar cualquier operación.   !!!
2598,2026-02-27,BancoAndes,tecnologia,El sistema de BancoAndes no carga mis transacciones recientes y hasta ahora nadie me ha dado una solución.
2599,2026-02-27,BancoAndes,tecnologia,El sitio web de BancoAndes no me permite autenticarme desde el celular y hasta ahora nadie me ha dado una solución el mes pasado.
2600,2026-02-27,BancoAndes,fraude_seguridad,Una persona no autorizada accedió a mi cuenta de BancoAndes sin que yo lo autorizara y esto ya me tiene bastante molesto ayer.
2601,2026-02-27,BancoAndes,comercial,El  área comercial  no cumple con el beneficio que venía  incluido en  mi cuenta y esto  ya  me  tiene bastante molesto.   
2602,2026-02-28,Banco  Andes ,tecnologia,El portal de clientes de BancoAndes no permite descargar mis comprobantes de pago lo cual me parece una falta de respeto hacia el cliente.
2603,2026-02-28,BANCOANDES,cobranza,BancoAndes de BancoAndes sigue enviándome cartas de cobro por una deuda pagada sin que nadie del banco se haga responsable en las últimas semanas.
2604,2026-02-28,BancoAndes,ventas,Alguien  del equipo de ventas de  BancoAndes me contacto  fuera de horario para  ofrecerme  una  tarjeta nueva y  no encuentro como  resolverlo.   
2605,2026-02-28,BancoAndes,fraude_seguridad,UN DESCONOCIDO REALIZÓ UNA TRANSFERENCIA DESDE MI CUENTA DE BANCOANDES QUE NO RECONOZCO.
2606,2026-02-28,BancoAndes,pre_venta,"El área comercial de BancoAndes ignoró mi consulta sobre los requisitos de un crédito hipotecario hace unos días.
Enviado desde mi iPhone"
2607,2026-03-01,Banco  Andes ,tecnologia,El sistema de BancoAndes se cierra sola cada vez que intento pagar una cuenta y esto ya me tiene bastante molesto.
2608,2026-03-01,BancoAndes,tecnologia,	El sitio  web de BancoAndes marca error  de  sistema  constantemente  hace unos días???
2609,2026-03-01,BancoAndes,cobranza,Nadie en el área de cobranza de BancoAndes no responde mi solicitud de repactación de deuda esta semana.
2610,2026-03-01,Banco Andes,post_venta,El equipo de seguimiento no responde mis llamadas desde que contraté el seguro el mes pasado.
2611,2026-03-01,BancoAndes,fraude_seguridad,Una persona no autorizada clonó mi tarjeta de BancoAndes y BancoAndes no reaccionó a tiempo y sigo esperando una respuesta durante el fin de semana.<br>
2612,2026-03-01,Banco Andes,comercial,BancoAndes no ha activado el beneficio que me ofrecieron al abrir la cuenta hace unos días.
2613,2026-03-01,BancoAndes,comercial,El ejecutivo comercial no respeta el plan comercial que acordamos por escrito en las ultimas semanas.
2614,2026-03-01,BancoAndes,pre_venta,Un asesor de BancoAndes me pidió los mismos  documentos varias  veces sin avanzar  y sigo  esperando una  respuesta  el mes pasado.
2615,2026-03-01,BancoAndes,tecnologia,Un ejecutivo de BancoAndes no me informó sobre los costos asociados antes de que decidiera y no encuentro cómo resolverlo.
2616,2026-03-01,BancoAndes,pre_venta,UN EJECUTIVO DE BANCOANDES NO RESPONDIÓ MI SOLICITUD DE INFORMACIÓN SOBRE CUENTAS DE AHORRO Y NO ENCUENTRO CÓMO RESOLVERLO ESTA SEMANA.
2617,2026-03-01,BancoAndes,pre_venta,El servicio de atención de BancoAndes me pidió los mismos documentos varias veces sin avanzar y esto ya me tiene bastante molesto hace unos días... N° de reclamo anterior: RC-55275.
2618,2026-03-02,BancoAndes,tecnologia,La aplicación de BancoAndes se demora muchísimo en cargar cualquier operación el mes pasado. 🙄
2619,2026-03-02,BancoAndes,tecnologia,El sitio web de BancoAndes se cierra sola cada vez que intento pagar una cuenta el mes pasado.
2620,2026-03-02,BancoAndes,tecnologia,	El  sistema de BancoAndes se  congela cada vez  que intento hacer una transferencia sin que  nadie  del banco  se  haga responsable  en las ultimas  semanas.   
2621,2026-03-02,BancoAndes,cobranza,El equipo de cobranza de BancoAndes me cobró un interés más alto del que se había acordado en las últimas semanas!!! 👎
2622,2026-03-02,Banco  Andes ,comercial,Nadie en  el área comercial no ha activado el beneficio que me ofrecieron al  abrir la cuenta  ayer.   !!
2623,2026-03-02,BancoAndes,comercial,<p>El equipo comercial no ha activado el beneficio que me ofrecieron al abrir la cuenta y no encuentro cómo resolverlo el mes pasado.</p>
2624,2026-03-03,BANCOANDES,tecnologia,El sitio web de BancoAndes se demora muchísimo en cargar cualquier operación el mes pasado.
2625,2026-03-03,BancoAndes,cobranza,El area de cobranza de BancoAndes me amenaza con acciones legales por un monto incorrecto y hasta ahora nadie me ha dado una solucion.
2626,2026-03-03,bancoandes,ventas,Un representante de  ventas de BancoAndes me  ofreció  una tarjeta con beneficios  que después no eran reales y sigo esperando  una respuesta esta  semana.
2627,2026-03-03,bancoandes,ventas,Un ejecutivo de ventas de BancoAndes me contactó fuera de horario para ofrecerme una tarjeta nueva y hasta ahora nadie me ha dado una solución!!! N° de reclamo anterior: RC-47349.
2628,2026-03-03,bancoandes,fraude_seguridad,Un tercero uso mi tarjeta de BancoAndes sin mi autorizacion ayer.
2629,2026-03-03,Banco Andes,comercial,El equipo comercial cambió las condiciones comerciales sin avisarme lo cual me parece una falta de respeto hacia el cliente.
2630,2026-03-03,BancoAndes,comercial,Nadie en el área comercial no cumple con el beneficio que venía incluido en mi cuenta el mes pasado. 😠
2631,2026-03-03,BANCOANDES,pre_venta,El área comercial de BancoAndes tardó semanas en responder mi consulta inicial ayer.
2632,2026-03-03,bancoandes,pre_venta,Alguien del equipo de informaciones de BancoAndes no me informó sobre los costos asociados antes de que decidiera durante el fin de semana. 😞
2633,2026-03-03,BancoAndes,pre_venta,El servicio  de atención  de BancoAndes no me informó sobre los  costos  asociados antes  de  que decidiera lo cual me parece  una falta  de  respeto hacia el cliente esta  semana.
2634,2026-03-04,BANCOANDES,tecnologia,El sitio web de BancoAndes no reconoce mi clave aunque la ingreso correctamente y hasta ahora nadie me ha dado una solución. Pueden contactarme al +56 9 1186 9388.
2635,2026-03-04,BancoAndes,cobranza,El departamento de cobranza de BancoAndes me cobra comisiones que no estaban en el contrato original lo cual me parece una falta de respeto hacia el cliente hace unos dias?!
2636,2026-03-04,BancoAndes,cobranza,Nadie en el área de cobranza de BancoAndes no reconoce el pago que ya realicé en las últimas semanas?!
2637,2026-03-04,BancoAndes,cobranza,El área de cobranza de BancoAndes sigue enviándome cartas de cobro por una deuda pagada ayer...
2638,2026-03-04,BancoAndes,post_venta,El servicio de soporte me deja sin respuesta despues de haber aceptado el producto y sigo esperando una respuesta?!
2639,2026-03-04,BancoAndes,ventas,<p>Un ejecutivo  de ventas de BancoAndes siguió llamando después de que le dije que  no  me  interesaba y  hasta ahora  nadie me  ha dado una solución?!</p> ⏳
2640,2026-03-05,Banco  Andes ,tecnologia,EL SISTEMA DE BANCOANDES LLEVA DÍAS CAÍDA Y NO PUEDO VER MIS MOVIMIENTOS EL MES PASADO.
2641,2026-03-05,BancoAndes,cobranza,	El departamento de cobranza de BancoAndes me cobra intereses que no  corresponden a mi situación.
2642,2026-03-05,BancoAndes,ventas,Un ejecutivo de ventas de BancoAndes me llamó para renovarme un producto sin mi autorización esta semana. 🙄 N° de reclamo anterior: RC-87257.
2643,2026-03-05,BancoAndes,fraude_seguridad,Un asesor comercial de BancoAndes me ofreció condiciones distintas a las que después aparecieron en el contrato y esto ya me tiene bastante molesto. Pueden contactarme al +56 9 6567 8703.
2644,2026-03-05,BancoAndes,ventas,	Un asesor  comercial de BancoAndes me llamó insistentemente para  ofrecerme una tarjeta que  no pedí  lo cual  me parece una falta de respeto hacia  el cliente  esta  semana.
2645,2026-03-05,BancoAndes,comercial,El ejecutivo comercial no honra la promoción con la que me convencieron de cambiarme de banco el mes pasado...
2646,2026-03-05,BancoAndes,comercial,"El ejecutivo comercial no aplica la tasa preferencial que se me ofreció al contratar y no encuentro cómo resolverlo.
--
Atte, cliente BancoAndes"
2647,2026-03-06,BancoAndes,tecnologia,La clave digital de BancoAndes se demora muchísimo en cargar cualquier operación y esto ya me tiene bastante molesto.
2648,2026-03-06,BANCOANDES,tecnologia,La banca en línea de BancoAndes no envía el código de verificación para iniciar sesión lo cual me parece una falta de respeto hacia el cliente.
2649,2026-03-06,bancoandes,post_venta,Nadie en BancoAndes no responde mis llamadas desde que contrate el seguro y sigo esperando una respuesta el mes pasado. 😠
2650,2026-03-06,BancoAndes,post_venta,El equipo de seguimiento no me entrega la información que me prometieron al firmar y hasta ahora nadie me ha dado una solución.
2651,2026-03-06,BancoAndes,fraude_seguridad,Alguien hizo compras con mi tarjeta de BancoAndes que yo nunca autorice esta semana. Pueden contactarme al +56 9 1957 8952.
2652,2026-03-06,BancoAndes,fraude_seguridad,Una persona no autorizada obtuvo mis datos de BancoAndes sin que yo entregara esa información y hasta ahora nadie me ha dado una solución.
2653,2026-03-06,BancoAndes,pre_venta,"Un asesor de BancoAndes no me explicó las diferencias entre los planes disponibles y sigo esperando una respuesta.
Enviado desde mi celular Samsung"
2654,2026-03-07,BancoAndes,tecnologia,La aplicación de BancoAndes no me permite autenticarme desde el celular y hasta ahora nadie me ha dado una solución durante el fin de semana!!!
2655,2026-03-07,BancoAndes,cobranza,	El equipo de  cobranza de BancoAndes me  amenaza con acciones legales por un  monto incorrecto y sigo  esperando una  respuesta  en  las últimas semanas.   
2656,2026-03-07,BancoAndes,cobranza,El equipo de cobranza de BancoAndes no acepta renegociar mi deuda en condiciones razonables durante el fin de semana.
2657,2026-03-07,BancoAndes,pre_venta,"El área de post venta no cumplió con el acompañamiento que me prometieron al contratar el mes pasado!!
Enviado desde mi iPhone Pueden contactarme al +56 9 8948 2891."
2658,2026-03-07,BancoAndes,post_venta,El equipo de seguimiento no me ayuda a entender los cobros de mi cuenta recién abierta y no encuentro cómo resolverlo.<br>
2659,2026-03-07,BancoAndes,comercial,El servicio de soporte no da seguimiento a mi reclamo anterior sobre el mismo producto!! Pueden contactarme al +56 9 3225 1593.
2660,2026-03-07,BancoAndes,post_venta,EL SERVICIO DE SOPORTE DEJÓ DE RESPONDER DESPUÉS DE QUE FIRMÉ EL CONTRATO Y ESTO YA ME TIENE BASTANTE MOLESTO AYER. 😠 N° de reclamo anterior: RC-71353.
2661,2026-03-07,BancoAndes,post_venta,El área de post venta no responde mis llamadas desde que contraté el seguro hace unos días.
2662,2026-03-07,BancoAndes,ventas,Alguien del equipo de ventas de BancoAndes siguió llamando después de que le dije que no me interesaba y esto ya me tiene bastante molesto ayer.
2663,2026-03-07,BancoAndes,fraude_seguridad,	No se quien me contacto por phishing usando el nombre de  BancoAndes  y  sigo  esperando una  respuesta esta semana.   
2664,2026-03-07,Banco Andes,pre_venta,El área comercial  de  BancoAndes me dio información distinta a la que aparece en  la página  web y sigo  esperando  una respuesta hace  unos días.   ?! 😞
2665,2026-03-07,BancoAndes,ventas,"Un ejecutivo de BancoAndes me llamó para ofrecerme un crédito, pero no me quedó claro si era información previa o ya una venta forzada. ⏳"
2666,2026-03-08,BancoAndes,tecnologia,La banca en línea de BancoAndes no me permite autenticarme desde el celular y esto ya me tiene bastante molesto esta semana!! 😠
2667,2026-03-08,BancoAndes,tecnologia,La aplicación de BancoAndes no envía el código de verificación para iniciar sesión y no encuentro cómo resolverlo hace unos días.
2668,2026-03-08,BancoAndes,cobranza,Nadie en el area de cobranza de BancoAndes no responde mi solicitud de repactacion de deuda.
2669,2026-03-08,BancoAndes,cobranza,El departamento de cobranza de BancoAndes no actualiza mi historial después de pagar la deuda en las últimas semanas. 😡
2670,2026-03-08,BancoAndes,post_venta,EL SERVICIO DE SOPORTE NO RESPONDE MIS LLAMADAS DESDE QUE CONTRATE EL SEGURO EN LAS ULTIMAS SEMANAS!!!
2671,2026-03-08,BancoAndes,post_venta,"Nadie en BancoAndes no me da soporte con mis dudas después de contratar el producto.
Gracias, espero respuesta pronto."
2672,2026-03-08,BancoAndes,comercial,Alguien del equipo de ventas de BancoAndes siguió llamando después de que le dije que no me interesaba y sigo esperando una respuesta.
2673,2026-03-08,BancoAndes,ventas,Alguien del equipo de ventas de BancoAndes me ofreció condiciones distintas a las que después aparecieron en el contrato ayer.
2674,2026-03-08,Banco Andes,comercial,El equipo  comercial  cambió mi  plan  comercial sin  mi  consentimiento.    😠 N° de reclamo anterior: RC-83891.
2675,2026-03-08,BancoAndes,comercial,BancoAndes no cumple con el beneficio que venia incluido en mi cuenta??? 😤
2676,2026-03-08,BancoAndes,comercial,	BancoAndes no respeta  el plan  comercial  que acordamos  por escrito  el mes pasado.   
2677,2026-03-08,bancoandes,pre_venta,	Un ejecutivo de  BancoAndes no me informó sobre los  costos asociados antes de  que decidiera ayer.   
2678,2026-03-08,Banco Andes,pre_venta,El área comercial de BancoAndes me dijo que me llamarían con más información y nunca lo hicieron sin que nadie del banco se haga responsable durante el fin de semana.
2679,2026-03-09,BancoAndes,tecnologia,LA BANCA EN LINEA DE BANCOANDES NO PERMITE DESCARGAR MIS COMPROBANTES DE PAGO ESTA SEMANA.
2680,2026-03-09,BANCOANDES,cobranza,BancoAndes de BancoAndes no responde mi solicitud de repactación de deuda y hasta ahora nadie me ha dado una solución.
2681,2026-03-09,BancoAndes,cobranza,Nadie en el área de cobranza de BancoAndes no acepta renegociar mi deuda en condiciones razonables lo cual me parece una falta de respeto hacia el cliente.
2682,2026-03-09,bancoandes,cobranza,El departamento de cobranza de BancoAndes no corrige un error de facturación que ya reporté y no encuentro cómo resolverlo en las últimas semanas. 😡
2683,2026-03-09,BancoAndes,cobranza,	El  equipo de  cobranza  de BancoAndes me cobró  un  interés más alto del que  se había acordado sin que nadie del banco  se  haga  responsable el mes pasado.
2684,2026-03-09,BancoAndes,ventas,Un&nbsp;ejecutivo de ventas de BancoAndes me contactó fuera de horario para ofrecerme una tarjeta nueva y no encuentro cómo resolverlo.
2685,2026-03-09,BancoAndes,ventas,	Un  asesor comercial de BancoAndes insistió en ofrecerme un  crédito de  consumo sin que yo lo pidiera  ayer.    N° de reclamo anterior: RC-58476.
2686,2026-03-09,BancoAndes,pre_venta,Un asesor de BancoAndes me dijo que me llamarian con mas informacion y nunca lo hicieron y sigo esperando una respuesta esta semana.
2687,2026-03-09,Banco  Andes ,comercial,BancoAndes no respeta el descuento que me ofrecieron y ahora me está cobrando de más por mi crédito???
2688,2026-03-10,BancoAndes,tecnologia,La aplicación de BancoAndes se demora muchísimo en cargar cualquier operación sin que nadie del banco se haga responsable.
2689,2026-03-10,Banco  Andes ,tecnologia,El sitio web de BancoAndes muestra información desactualizada de mi cuenta y sigo esperando una respuesta.
2690,2026-03-10,BancoAndes,cobranza,El departamento de cobranza de BancoAndes me cobró un interés más alto del que se había acordado sin que nadie del banco se haga responsable esta semana... Pueden contactarme al +56 9 2027 5798.
2691,2026-03-10,BancoAndes,comercial,El área comercial no aplica la tasa preferencial que se me ofreció al contratar hace unos días.
2692,2026-03-10,BancoAndes,comercial,El ejecutivo comercial aplicó condiciones distintas a las que figuraban en la propuesta comercial y sigo esperando una respuesta...
2693,2026-03-10,BancoAndes,tecnologia,EL ÁREA COMERCIAL APLICÓ CONDICIONES DISTINTAS A LAS QUE FIGURABAN EN LA PROPUESTA COMERCIAL EN LAS ÚLTIMAS SEMANAS.
2694,2026-03-11,BancoAndes,tecnologia,EL SITIO WEB DE BANCOANDES NO PERMITE DESCARGAR MIS COMPROBANTES DE PAGO DURANTE EL FIN DE SEMANA.
2695,2026-03-11,Banco  Andes ,cobranza,BancoAndes de BancoAndes me amenaza con acciones legales por un monto incorrecto hace unos días.
2696,2026-03-11,BancoAndes,post_venta,Nadie en BancoAndes no me explica cómo usar el producto que contraté hace poco lo cual me parece una falta de respeto hacia el cliente. ⏳
2697,2026-03-11,BancoAndes,post_venta,Nadie en BancoAndes no me contacta para revisar  cómo va mi producto contratado y no encuentro cómo  resolverlo durante el  fin  de  semana.
2698,2026-03-11,BancoAndes,post_venta,El servicio de soporte dejó de responder después de que firmé el contrato el mes pasado.<br>
2699,2026-03-11,BancoAndes,post_venta,BancoAndes no me explica cómo usar el producto que contraté hace poco y no encuentro cómo resolverlo.
2700,2026-03-11,BancoAndes,ventas,	Un vendedor  telefónico de  BancoAndes  me contactó  para venderme un seguro que no solicité  sin que nadie  del banco  se  haga responsable.   
2701,2026-03-11,BancoAndes,cobranza,"Detecté una diferencia en mi cartola de BancoAndes que podría ser un error de cobro o un cargo que no reconozco del todo.
Enviado desde mi iPhone"
2702,2026-03-12,BancoAndes,tecnologia,El portal de clientes de BancoAndes no reconoce mi clave aunque la ingreso correctamente y sigo esperando una respuesta ayer!! ⏳
2703,2026-03-12,BancoAndes,cobranza,El departamento de cobranza de BancoAndes me cobra intereses que no corresponden a mi situación ayer.
2704,2026-03-12,BancoAndes,post_venta,Nadie en BancoAndes ignora mis mensajes desde que active la cuenta nueva esta semana. ⏳
2705,2026-03-12,BancoAndes,post_venta,"El servicio de soporte dejo de responder despues de que firme el contrato y sigo esperando una respuesta?!
Enviado desde mi iPhone"
2706,2026-03-12,BANCOANDES,pre_venta,El área comercial de BancoAndes no me explicó bien los requisitos antes de postular a la tarjeta lo cual me parece una falta de respeto hacia el cliente.
2707,2026-03-13,BancoAndes,cobranza,El equipo de cobranza de BancoAndes no reconoce el pago que ya realicé y no encuentro cómo resolverlo.
2708,2026-03-13,BancoAndes,fraude_seguridad,Una persona no autorizada accedió a mi cuenta de BancoAndes sin que yo lo autorizara sin que nadie del banco se haga responsable ayer. Mi rut es 14.468.854-8.
2709,2026-03-13,BancoAndes,cobranza,	BancoAndes no cumple las condiciones  pactadas para  la renovación de mi producto  y  sigo  esperando una respuesta hace unos días.
2710,2026-03-13,BancoAndes,comercial,"	BancoAndes no cumple  las condiciones  pactadas para la renovación de  mi producto y  no encuentro cómo resolverlo.
--
Atte, cliente BancoAndes Pueden contactarme al +56 9 1451 1451."
2711,2026-03-13,BancoAndes,pre_venta,Alguien del equipo de informaciones de BancoAndes me dio información distinta a la que aparece en la página web esta semana???
2712,2026-03-14,Banco Andes,cobranza,Nadie en el area de cobranza de BancoAndes no quiere regularizar mi deuda a pesar de que ya pague y esto ya me tiene bastante molesto!!
2713,2026-03-14,BANCOANDES,tecnologia,Un tercero obtuvo mis datos de BancoAndes sin que yo entregara esa información y hasta ahora nadie me ha dado una solución.
2714,2026-03-14,BancoAndes,comercial,El ejecutivo comercial no ha activado el beneficio que me ofrecieron al abrir la cuenta y hasta ahora nadie me ha dado una solución.
2715,2026-03-15,BancoAndes,cobranza,Nadie en el area de cobranza de BancoAndes no quiere regularizar mi deuda a pesar de que ya pague y sigo esperando una respuesta en las ultimas semanas.
2716,2026-03-15,BancoAndes,ventas,Alguien del equipo de ventas de BancoAndes insistió en que aceptara un producto que ya había rechazado antes.
2717,2026-03-16,BancoAndes,tecnologia,El portal de clientes de BancoAndes no procesa correctamente mis pagos programados ayer.
2718,2026-03-16,Banco Andes,tecnologia,La aplicacion de BancoAndes no genera mi cartola mensual lo cual me parece una falta de respeto hacia el cliente.
2719,2026-03-16,BancoAndes,cobranza,El área de cobranza de BancoAndes no acepta renegociar mi deuda en condiciones razonables esta semana.
2720,2026-03-16,BancoAndes,post_venta,El equipo de seguimiento no cumplió con el acompañamiento que me prometieron al contratar esta semana.
2721,2026-03-16,BancoAndes,post_venta,"NADIE EN BANCOANDES NO ME ENTREGA LA INFORMACIÓN QUE ME PROMETIERON AL FIRMAR EL MES PASADO.
Enviado desde mi celular Samsung"
2722,2026-03-16,Banco  Andes ,post_venta,El equipo de seguimiento no me contacta para revisar cómo va mi producto contratado y sigo esperando una respuesta durante el fin de semana.
2723,2026-03-16,BancoAndes,ventas,Un asesor comercial de BancoAndes me llamó de un número desconocido para ofrecerme un préstamo sin que nadie del banco se haga responsable.
2724,2026-03-16,BancoAndes,fraude_seguridad,Un  desconocido obtuvo mis  datos de BancoAndes sin que yo entregara esa información  y no  encuentro  cómo resolverlo el  mes  pasado.
2725,2026-03-16,BANCOANDES,comercial,	BancoAndes  cambió  las condiciones comerciales  sin avisarme sin  que nadie del banco se haga responsable.
2726,2026-03-17,BancoAndes,post_venta,El equipo de seguimiento me deja sin respuesta después de haber aceptado el producto ayer...
2727,2026-03-17,Banco Andes,ventas,Un vendedor telefonico de BancoAndes me llamo insistentemente para ofrecerme una tarjeta que no pedi y esto ya me tiene bastante molesto.
2728,2026-03-17,BancoAndes,comercial,El área comercial no reconoce el descuento por cliente antiguo que me habían asegurado en las últimas semanas!!
2729,2026-03-17,BancoAndes,pre_venta,"UN EJECUTIVO DE BANCOANDES ME DIO INFORMACION DISTINTA A LA QUE APARECE EN LA PAGINA WEB EN LAS ULTIMAS SEMANAS?!
Gracias, espero respuesta pronto."
2730,2026-03-17,BancoAndes,ventas,"BANCOANDES ME CONTACTÓ COMO SI YO HUBIERA PEDIDO INFORMACIÓN, PERO EN REALIDAD FUE UNA VENTA DIRECTA SIN MI CONSENTIMIENTO."
2731,2026-03-18,BancoAndes,tecnologia,La aplicación de BancoAndes se cierra sola cada vez que intento pagar una cuenta y sigo esperando una respuesta. 😤 Mi rut es 17.967.705-5.
2732,2026-03-18,BancoAndes,tecnologia,La banca en linea de BancoAndes marca error de sistema constantemente y sigo esperando una respuesta durante el fin de semana.
2733,2026-03-18,BancoAndes,cobranza,El departamento de cobranza de BancoAndes me esta cobrando una multa que no esta justificada esta semana.
2734,2026-03-18,Banco Andes,post_venta,El equipo de seguimiento no resuelve mi duda sobre el estado de mi solicitud ya aprobada y esto ya me tiene bastante molesto en las últimas semanas. Mi rut es 12.872.591-0.
2735,2026-03-18,Banco  Andes ,fraude_seguridad,Alguien obtuvo mis datos de  BancoAndes  sin que  yo  entregara esa información.   
2736,2026-03-18,BancoAndes,fraude_seguridad,UN DESCONOCIDO ACCEDIÓ A MI CUENTA DE BANCOANDES SIN QUE YO LO AUTORIZARA Y HASTA AHORA NADIE ME HA DADO UNA SOLUCIÓN DURANTE EL FIN DE SEMANA.
2737,2026-03-18,Banco Andes,comercial,El ejecutivo comercial no honra la promocion con la que me convencieron de cambiarme de banco y hasta ahora nadie me ha dado una solucion ayer.
2738,2026-03-19,BancoAndes,post_venta,"El área de post venta no me ayuda a entender los cobros de mi cuenta recién abierta lo cual me parece una falta de respeto hacia el cliente esta semana.
--
Atte, cliente BancoAndes"
2739,2026-03-19,BancoAndes,post_venta,BancoAndes dejó de responder después de que firmé el contrato en las últimas semanas.
2740,2026-03-19,BancoAndes,fraude_seguridad,Una persona no autorizada hizo compras con mi tarjeta de BancoAndes que yo nunca autoricé en las últimas semanas.
2741,2026-03-19,BancoAndes,comercial,BancoAndes&nbsp;no cumple con el beneficio que venia incluido en mi cuenta y sigo esperando una respuesta.
2742,2026-03-19,BancoAndes,pre_venta,"El servicio de atención de BancoAndes me pidió los mismos documentos varias veces sin avanzar.
--
Atte, cliente BancoAndes"
2743,2026-03-20,Banco Andes,tecnologia,<p>El portal de clientes de BancoAndes se demora muchisimo en cargar cualquier operacion.</p> 😠
2744,2026-03-20,BancoAndes,cobranza,BancoAndes de BancoAndes no acepta renegociar mi deuda en condiciones razonables ayer??? Mi rut es 15.578.772-5.
2745,2026-03-20,BancoAndes,cobranza,El equipo de cobranza de BancoAndes no responde mi solicitud de repactación de deuda y esto ya me tiene bastante molesto durante el fin de semana???
2746,2026-03-20,BancoAndes,post_venta,El área de post venta no da seguimiento a mi reclamo anterior sobre el mismo producto y no encuentro cómo resolverlo durante el fin de semana!!!
2747,2026-03-20,BancoAndes,ventas,Un representante de ventas de BancoAndes me llamó de un número desconocido para ofrecerme un préstamo lo cual me parece una falta de respeto hacia el cliente en las últimas semanas.
2748,2026-03-20,BancoAndes,ventas,Un  representante de  ventas  de  BancoAndes siguio llamando despues de  que  le  dije que no  me interesaba y esto  ya me tiene bastante molesto.   
2749,2026-03-21,BancoAndes,cobranza,La aplicación de BancoAndes no me permite autenticarme desde el celular sin que nadie del banco se haga responsable esta semana. 😠
2750,2026-03-21,BancoAndes,tecnologia,La clave digital de BancoAndes no carga mis transacciones recientes ayer.
2751,2026-03-21,BancoAndes,tecnologia,El sitio web de BancoAndes lleva días caída y no puedo ver mis movimientos en las últimas semanas.
2752,2026-03-21,BancoAndes,ventas,El departamento de cobranza de BancoAndes me cobro dos veces la misma cuota...
2753,2026-03-21,Banco Andes,fraude_seguridad,Un tercero clonó mi tarjeta de BancoAndes y BancoAndes no reaccionó a tiempo lo cual me parece una falta de respeto hacia el cliente durante el fin de semana.
2754,2026-03-21,BancoAndes,fraude_seguridad,	NO SÉ QUIÉN  VACIÓ PARTE  DE MI CUENTA DE BANCOANDES Y EL BANCO NO ME  HA  DEVUELTO EL  DINERO Y NO  ENCUENTRO CÓMO RESOLVERLO  ESTA SEMANA.   
2755,2026-03-21,BancoAndes,pre_venta,Alguien del equipo de informaciones de BancoAndes me dio una cotización que después no coincidía con la real. N° de reclamo anterior: RC-54557.
2756,2026-03-22,BancoAndes,tecnologia,El sistema de BancoAndes no carga mis transacciones recientes y no encuentro cómo resolverlo ayer.
2757,2026-03-22,BancoAndes,ventas,Alguien del equipo de ventas de BancoAndes siguió llamando después de que le dije que no me interesaba y hasta ahora nadie me ha dado una solución.
2758,2026-03-22,BancoAndes,ventas,Un asesor  comercial de BancoAndes  me  vendió un seguro sin explicarme bien las condiciones  y  esto ya me tiene bastante molesto durante  el fin de semana.
2759,2026-03-22,BancoAndes,ventas,	Alguien del equipo de ventas  de BancoAndes  me ofrecio una tarjeta  con  beneficios  que despues no  eran reales  y sigo  esperando una respuesta el  mes pasado.
2760,2026-03-22,BancoAndes,fraude_seguridad,	Alguien accedió a mi  cuenta de  BancoAndes sin  que yo  lo autorizara.
2761,2026-03-22,BancoAndes,fraude_seguridad,No sé quién cambió mi clave de BancoAndes sin que yo lo hiciera sin que nadie del banco se haga responsable.
2762,2026-03-23,BancoAndes,tecnologia,El sistema de BancoAndes no permite descargar mis comprobantes de pago y sigo esperando una respuesta.
2763,2026-03-23,BancoAndes,cobranza,El área de cobranza de BancoAndes no responde mi solicitud de repactación de deuda lo cual me parece una falta de respeto hacia el cliente...
2764,2026-03-23,BancoAndes,cobranza,BancoAndes de BancoAndes me cobra intereses que no corresponden a mi situación durante el fin de semana.
2765,2026-03-23,BancoAndes,cobranza,El area de cobranza de BancoAndes sigue enviandome cartas de cobro por una deuda pagada...
2766,2026-03-23,Banco Andes,cobranza,	El equipo de  cobranza  de BancoAndes me  amenaza con  acciones legales por un monto  incorrecto y no  encuentro cómo resolverlo  durante el fin de semana.   
2767,2026-03-23,BancoAndes,cobranza,El equipo de cobranza de BancoAndes me cobra comisiones que no estaban en el contrato original el mes pasado.
2768,2026-03-23,Banco Andes,post_venta,EL EQUIPO DE SEGUIMIENTO ME DEJA SIN RESPUESTA DESPUÉS DE HABER ACEPTADO EL PRODUCTO.
2769,2026-03-23,BancoAndes,post_venta,El servicio  de soporte no aclara mis dudas sobre las condiciones del  crédito ya contratado???
2770,2026-03-23,Banco  Andes ,post_venta,Nadie en BancoAndes no me explica como usar el producto que contrate hace poco y hasta ahora nadie me ha dado una solucion hace unos dias. Mi rut es 19.875.181-5.
2771,2026-03-23,BancoAndes,ventas,Un representante de ventas de BancoAndes insistió en ofrecerme un crédito de consumo sin que yo lo pidiera.
2772,2026-03-23,BancoAndes,ventas,Un ejecutivo de ventas de BancoAndes me ofreció condiciones distintas a las que después aparecieron en el contrato ayer.
2773,2026-03-23,BancoAndes,fraude_seguridad,Un desconocido usó mi cuenta de BancoAndes para retiros que yo no hice durante el fin de semana.
2774,2026-03-23,BancoAndes,fraude_seguridad,Una persona no autorizada intentó estafarme haciéndose pasar por un ejecutivo de BancoAndes y no encuentro cómo resolverlo el mes pasado.
2775,2026-03-23,BancoAndes,comercial,El equipo comercial no respeta el descuento comercial que me habían prometido al inicio y hasta ahora nadie me ha dado una solución durante el fin de semana!!!
2776,2026-03-23,BancoAndes,pre_venta,Un ejecutivo de BancoAndes no me explicó bien los requisitos antes de postular a la tarjeta y no encuentro cómo resolverlo hace unos días?! ⏳ N° de reclamo anterior: RC-96549.
2777,2026-03-23,BancoAndes,pre_venta,Un asesor de BancoAndes no me explico las diferencias entre los planes disponibles y esto ya me tiene bastante molesto el mes pasado.
2778,2026-03-24,BancoAndes,tecnologia,El sitio web de BancoAndes no me permite autenticarme desde el celular sin que nadie del banco se haga responsable.
2779,2026-03-24,BancoAndes,ventas,UN VENDEDOR TELEFÓNICO DE BANCOANDES INSISTIÓ EN QUE ACEPTARA UN PRODUCTO QUE YA HABÍA RECHAZADO ANTES Y HASTA AHORA NADIE ME HA DADO UNA SOLUCIÓN HACE UNOS DÍAS.
2780,2026-03-24,Banco  Andes ,fraude_seguridad,Alguien vació parte de mi cuenta de BancoAndes y el banco no me ha devuelto el dinero lo cual me parece una falta de respeto hacia el cliente esta semana. Mi rut es 24.629.616-6.
2781,2026-03-24,BancoAndes,pre_venta,Un ejecutivo de BancoAndes me dijo que me llamarían con más información y nunca lo hicieron. 👎
2782,2026-03-25,BancoAndes,tecnologia,La clave digital de BancoAndes se cierra sola cada vez que intento pagar una cuenta. Pueden contactarme al +56 9 1102 1070.
2783,2026-03-25,BancoAndes,cobranza,El área de cobranza de BancoAndes me cobra intereses que no corresponden a mi situación.
2784,2026-03-25,BANCOANDES,ventas,Un representante de ventas de BancoAndes me llamó para renovarme un producto sin mi autorización durante el fin de semana!!!
2785,2026-03-25,BancoAndes,fraude_seguridad,	No sé quién cambió  mi clave de BancoAndes sin  que  yo lo hiciera lo  cual me parece una falta de respeto hacia el cliente.   
2786,2026-03-25,bancoandes,pre_venta,Alguien del equipo de informaciones de BancoAndes me remitió a distintas áreas sin darme una respuesta clara y hasta ahora nadie me ha dado una solución en las últimas semanas!!!
2787,2026-03-26,BancoAndes,tecnologia,El sistema de BancoAndes no me deja actualizar mis datos de contacto y esto ya me tiene bastante molesto...
2788,2026-03-26,BancoAndes,tecnologia,La aplicación de BancoAndes se cierra sola cada vez que intento pagar una cuenta hace unos días.
2789,2026-03-26,BancoAndes,cobranza,El área de cobranza de BancoAndes me cobró un interés más alto del que se había acordado y no encuentro cómo resolverlo el mes pasado???
2790,2026-03-26,BancoAndes,post_venta,El equipo de seguimiento no cumplio con el acompanamiento que me prometieron al contratar ayer.
2791,2026-03-26,BancoAndes,post_venta,"El área de post venta me deja sin respuesta después de haber aceptado el producto y esto ya me tiene bastante molesto.
Gracias, espero respuesta pronto."
2792,2026-03-26,BancoAndes,ventas,	Un  ejecutivo de  ventas de  BancoAndes me contactó varias veces el mismo día ofreciéndome productos  distintos y  hasta  ahora  nadie me  ha dado  una  solución.
2793,2026-03-26,BancoAndes,fraude_seguridad,Alguien usó mis datos para solicitar un producto en BancoAndes a mi nombre esta semana???
2794,2026-03-27,BancoAndes,tecnologia,El portal de clientes de BancoAndes muestra información desactualizada de mi cuenta. 🙄
2795,2026-03-27,BancoAndes,cobranza,El equipo de cobranza de BancoAndes no acepta renegociar mi deuda en condiciones razonables y hasta ahora nadie me ha dado una solución.
2796,2026-03-27,BancoAndes,cobranza,El equipo de cobranza de BancoAndes no  actualiza mi  historial  después de  pagar  la deuda el mes pasado.
2797,2026-03-27,BancoAndes,ventas,Alguien del equipo de ventas de BancoAndes me ofrecio un credito hipotecario sin que yo hubiera preguntado por eso.
2798,2026-03-27,BancoAndes,ventas,"Un representante de ventas de BancoAndes me contactó para venderme un seguro que no solicité.
Enviado desde mi celular Samsung"
2799,2026-03-27,BancoAndes,fraude_seguridad,"Una persona no autorizada obtuvo mis datos de BancoAndes sin que yo entregara esa información durante el fin de semana.
Enviado desde mi iPhone"
2800,2026-03-27,BancoAndes,fraude_seguridad,"No se quien uso mi tarjeta de BancoAndes sin mi autorizacion sin que nadie del banco se haga responsable en las ultimas semanas.
Gracias, espero respuesta pronto."
2801,2026-03-27,Banco Andes,fraude_seguridad,<p>Un tercero logró acceder a mi banca en línea de BancoAndes sin mi consentimiento sin que nadie del banco se haga responsable.</p>
2802,2026-03-27,BancoAndes,fraude_seguridad,Alguien realizó una transferencia desde mi cuenta de BancoAndes que no reconozco ayer.
2803,2026-03-28,BancoAndes,tecnologia,El portal de clientes de BancoAndes no procesa correctamente mis pagos programados y no encuentro cómo resolverlo en las últimas semanas. Mi rut es 25.744.788-5.
2804,2026-03-28,BancoAndes,cobranza,"El área de cobranza de BancoAndes me está cobrando una multa que no está justificada en las últimas semanas...
Enviado desde mi celular Samsung"
2805,2026-03-28,Banco Andes,post_venta,El area  de  post venta no me explica como usar el  producto que contrate hace poco lo cual me parece una  falta  de  respeto hacia el  cliente en las ultimas semanas.   
2806,2026-03-28,BancoAndes,post_venta,EL SERVICIO DE SOPORTE ME DEJA SIN RESPUESTA DESPUÉS DE HABER ACEPTADO EL PRODUCTO LO CUAL ME PARECE UNA FALTA DE RESPETO HACIA EL CLIENTE!!! 😤
2807,2026-03-28,BancoAndes,post_venta,El servicio de soporte no me explica cómo usar el producto que contraté hace poco sin que nadie del banco se haga responsable. N° de reclamo anterior: RC-55872.
2808,2026-03-28,BancoAndes,ventas,Un ejecutivo de ventas de BancoAndes me ofreció un crédito hipotecario sin que yo hubiera preguntado por eso y no encuentro cómo resolverlo. 😞
2809,2026-03-28,BancoAndes,comercial,BancoAndes me aplicó una comisión que no estaba en la oferta original el mes pasado.
2810,2026-03-28,BancoAndes,pre_venta,Un ejecutivo de BancoAndes nunca me contactó después de pedir información sobre un crédito. Pueden contactarme al +56 9 8761 7609.
2811,2026-03-28,BancoAndes,pre_venta,El área comercial de BancoAndes no me informó sobre los costos asociados antes de que decidiera y esto ya me tiene bastante molesto durante el fin de semana. Pueden contactarme al +56 9 1765 7293.
2812,2026-03-29,BancoAndes,tecnologia,EL SISTEMA DE BANCOANDES NO ME DEJA ACTUALIZAR MIS DATOS DE CONTACTO.
2813,2026-03-29,BancoAndes,tecnologia,"El portal de clientes de BancoAndes no reconoce mi clave aunque la ingreso correctamente ayer.
Gracias, espero respuesta pronto."
2814,2026-03-29,BancoAndes,cobranza,El equipo de cobranza de  BancoAndes  no  reconoce el pago que ya  realicé hace unos días. Pueden contactarme al +56 9 8155 9892.
2815,2026-03-30,BancoAndes,tecnologia,La banca en línea de BancoAndes muestra información desactualizada de mi cuenta lo cual me parece una falta de respeto hacia el cliente hace unos días.
2816,2026-03-30,BancoAndes,cobranza,EL EQUIPO DE COBRANZA DE BANCOANDES INSISTE EN COBRAR UN MONTO QUE YA FUE ACLARADO ANTES Y HASTA AHORA NADIE ME HA DADO UNA SOLUCIÓN DURANTE EL FIN DE SEMANA. ⏳
2817,2026-03-30,BancoAndes,cobranza,El departamento de cobranza de BancoAndes me cobró un interés más alto del que se había acordado el mes pasado!!!
2818,2026-03-30,BancoAndes,cobranza,Nadie en el área de cobranza de BancoAndes me cobra intereses que no corresponden a mi situación hace unos días.
2819,2026-03-30,BancoAndes,cobranza,BancoAndes de BancoAndes no responde mi solicitud de repactación de deuda y no encuentro cómo resolverlo. 👎
2820,2026-03-30,BANCOANDES,cobranza,El equipo de cobranza de BancoAndes no acepta renegociar mi deuda en condiciones razonables en las últimas semanas. N° de reclamo anterior: RC-29561.
2821,2026-03-30,BancoAndes,pre_venta,	Un  ejecutivo de BancoAndes  no  me explicó bien los  requisitos antes  de postular  a la tarjeta el mes  pasado.    Pueden contactarme al +56 9 3243 2390.
2822,2026-03-31,Banco Andes,tecnologia,La clave digital de BancoAndes no me deja actualizar mis datos de contacto lo cual me parece una falta de respeto hacia el cliente.
2823,2026-03-31,BancoAndes,cobranza,EL DEPARTAMENTO DE COBRANZA DE BANCOANDES ME COBRA COMISIONES QUE NO ESTABAN EN EL CONTRATO ORIGINAL EL MES PASADO.
2824,2026-03-31,Banco  Andes ,post_venta,BancoAndes no me da soporte con mis dudas después de contratar el producto y esto ya me tiene bastante molesto.
2825,2026-03-31,BancoAndes,ventas,"Un representante de ventas de BancoAndes me ofreció un crédito hipotecario sin que yo hubiera preguntado por eso.
--
Atte, cliente BancoAndes"
2826,2026-03-31,BancoAndes,ventas,Un vendedor telefónico de BancoAndes me presionó para aceptar un producto en la misma llamada.
2827,2026-03-31,BancoAndes,fraude_seguridad,No sé quién clonó mi tarjeta de BancoAndes y BancoAndes no reaccionó a tiempo esta semana. N° de reclamo anterior: RC-98244.
2828,2026-03-31,bancoandes,fraude_seguridad,Un tercero cambió mi clave de BancoAndes  sin que  yo lo  hiciera  esta  semana.
2829,2026-03-31,BancoAndes,comercial,El ejecutivo comercial no cumple las condiciones pactadas para la renovación de mi producto lo cual me parece una falta de respeto hacia el cliente durante el fin de semana??? ⏳
2830,2026-04-01,BancoAndes,tecnologia,La banca en línea de BancoAndes no procesa correctamente mis pagos programados esta semana?!
2831,2026-04-01,Banco Andes,tecnologia,"La clave digital de BancoAndes no me deja actualizar mis datos de contacto sin que nadie del banco se haga responsable hace unos días.
Gracias, espero respuesta pronto."
2832,2026-04-01,BancoAndes,cobranza,El equipo de cobranza de BancoAndes insiste en cobrar un monto que ya fue aclarado antes y esto ya me tiene bastante molesto.
2833,2026-04-01,BancoAndes,post_venta,	El  área de post  venta no responde mis llamadas desde que contraté el  seguro ayer.
2834,2026-04-01,BancoAndes,post_venta,Nadie en BancoAndes no  responde  mis  llamadas  desde  que contrate  el seguro y esto ya me tiene  bastante molesto ayer.   !!!
2835,2026-04-01,BancoAndes,ventas,Un ejecutivo de ventas de BancoAndes me ofrecio una tarjeta con beneficios que despues no eran reales.<br>
2836,2026-04-01,bancoandes,ventas,Un vendedor telefónico de BancoAndes siguió llamando después de que le dije que no me interesaba.
2837,2026-04-01,BancoAndes,ventas,Un representante de ventas de BancoAndes me ofreció una tarjeta con beneficios que después no eran reales hace unos días. 😠
2838,2026-04-01,BancoAndes,pre_venta,Alguien del equipo de informaciones de BancoAndes nunca me contactó después de pedir información sobre un crédito y sigo esperando una respuesta.
2839,2026-04-02,BancoAndes,tecnologia,La aplicacion de BancoAndes marca error de sistema constantemente.
2840,2026-04-02,BancoAndes,cobranza,Nadie en el area de cobranza de BancoAndes me esta cobrando una multa que no esta justificada esta semana.
2841,2026-04-02,BancoAndes,cobranza,<p>Nadie en el  area de cobranza de BancoAndes me cobro  dos veces la misma cuota  hace unos dias.   </p> ⏳
2842,2026-04-02,BancoAndes,pre_venta,	El area  de  cobranza  de BancoAndes no reconoce el pago que ya realice  lo cual  me parece una  falta de respeto  hacia el cliente esta semana.<br>   N° de reclamo anterior: RC-88959.
2843,2026-04-02,BancoAndes,fraude_seguridad,BancoAndes ignora mis mensajes desde que activé la cuenta nueva hace unos días.
2844,2026-04-02,BancoAndes,ventas,Un asesor comercial de BancoAndes me ofrecio condiciones distintas a las que despues aparecieron en el contrato sin que nadie del banco se haga responsable durante el fin de semana. 😞
2845,2026-04-02,Banco Andes,fraude_seguridad,Una&nbsp;persona no autorizada accedio  a  mi cuenta de BancoAndes sin  que yo  lo  autorizara ayer?!
2846,2026-04-02,BancoAndes,comercial,BancoAndes cambió las condiciones comerciales sin avisarme sin que nadie del banco se haga responsable esta semana.
2847,2026-04-02,BancoAndes,comercial,BancoAndes desconoce el acuerdo comercial que hice con un ejecutivo anterior hace unos días.
2848,2026-04-02,BancoAndes,pre_venta,UN EJECUTIVO DE BANCOANDES NO SUPO RESPONDER MIS DUDAS SOBRE LAS CONDICIONES DEL PRÉSTAMO EN LAS ÚLTIMAS SEMANAS.
2849,2026-04-03,BancoAndes,tecnologia,"El portal de clientes de BancoAndes no reconoce mi clave aunque la ingreso correctamente y hasta ahora nadie me ha dado una solución. 🙄
Gracias, espero respuesta pronto."
2850,2026-04-03,BancoAndes,cobranza,El departamento de cobranza de BancoAndes no quiere regularizar mi deuda a pesar de que ya pagué y no encuentro cómo resolverlo ayer.
2851,2026-04-03,BancoAndes,post_venta,EL SERVICIO DE SOPORTE IGNORA  MIS MENSAJES DESDE QUE ACTIVE  LA CUENTA  NUEVA DURANTE EL FIN DE  SEMANA.
2852,2026-04-03,BancoAndes,post_venta,	Nadie en  BancoAndes no me  ayuda a  entender los cobros de mi  cuenta recién abierta y sigo  esperando una respuesta durante el fin de semana. 😡
2853,2026-04-03,BancoAndes,ventas,"Un  vendedor telefónico de BancoAndes me contactó varias veces el mismo día ofreciéndome  productos distintos.   
--
Atte, cliente BancoAndes"
2854,2026-04-03,BancoAndes,comercial,El ejecutivo comercial no quiere renegociar las condiciones de mi crédito sin que nadie del banco se haga responsable. N° de reclamo anterior: RC-70086.
2855,2026-04-03,BancoAndes,pre_venta,Un asesor  de BancoAndes me  remitio a distintas areas sin darme  una  respuesta clara.   
2856,2026-04-04,BancoAndes,ventas,El área de cobranza de BancoAndes me cobra comisiones que no estaban en el contrato original sin que nadie del banco se haga responsable en las últimas semanas. 👎
2857,2026-04-04,BancoAndes,post_venta,El servicio de soporte  no  me da  soporte con mis  dudas después  de  contratar el producto  lo cual me parece una  falta  de  respeto hacia el cliente ayer?!<br>
2858,2026-04-04,Banco  Andes ,post_venta,El servicio de soporte no resuelve mi duda sobre el estado de mi solicitud ya aprobada y sigo esperando una respuesta ayer. 😞
2859,2026-04-04,BancoAndes,post_venta,BancoAndes dejó de responder después de que firmé el contrato el mes pasado.
2860,2026-04-04,BancoAndes,comercial,El equipo comercial me aplicó una comisión que no estaba en la oferta original sin que nadie del banco se haga responsable hace unos días. 👎
2861,2026-04-04,BancoAndes,comercial,El equipo comercial no cumple con el beneficio que venía incluido en mi cuenta hace unos días.
2862,2026-04-04,BancoAndes,pre_venta,El servicio de atención de BancoAndes me dio una cotización que después no coincidía con la real lo cual me parece una falta de respeto hacia el cliente.
2863,2026-04-05,BancoAndes,tecnologia,La clave digital de BancoAndes no reconoce mi clave aunque la ingreso correctamente lo cual me parece una falta de respeto hacia el cliente.
2864,2026-04-05,BancoAndes,tecnologia,	El portal  de  clientes de BancoAndes no genera mi cartola mensual  el mes  pasado.   
2865,2026-04-05,BancoAndes,cobranza,El área de cobranza de BancoAndes me cobró dos veces la misma cuota y no encuentro cómo resolverlo. Pueden contactarme al +56 9 2793 7797.
2866,2026-04-05,BancoAndes,cobranza,El&nbsp;equipo de cobranza de BancoAndes me cobra comisiones que no estaban en el contrato original sin que nadie del banco se haga responsable.
2867,2026-04-05,BancoAndes,fraude_seguridad,Una persona  no autorizada usó  mis  datos  para  solicitar  un  producto en BancoAndes  a mi  nombre y  hasta ahora nadie me ha  dado una solución en las últimas semanas.   
2868,2026-04-05,BancoAndes,pre_venta,Un ejecutivo de BancoAndes tardó semanas en responder mi consulta inicial en las últimas semanas. Pueden contactarme al +56 9 8145 6555.
2869,2026-04-06,BancoAndes,tecnologia,La clave digital de BancoAndes no permite descargar mis comprobantes de pago.
2870,2026-04-06,BancoAndes,tecnologia,La banca en línea de BancoAndes no genera mi cartola mensual esta semana.
2871,2026-04-06,BancoAndes,tecnologia,La clave digital de BancoAndes se cierra sola cada vez que intento pagar una cuenta hace unos días.
2872,2026-04-06,BancoAndes,cobranza,El área de cobranza  de BancoAndes insiste en cobrar un  monto que  ya fue aclarado antes sin  que nadie  del  banco  se haga responsable?!
2873,2026-04-06,BancoAndes,post_venta,"BancoAndes no me da soporte con mis dudas después de contratar el producto lo cual me parece una falta de respeto hacia el cliente. 😠
Enviado desde mi iPhone"
2874,2026-04-06,bancoandes,post_venta,"El area de post venta no resuelve mi duda sobre el estado de mi solicitud ya aprobada y hasta ahora nadie me ha dado una solucion???
Gracias, espero respuesta pronto."
2875,2026-04-06,BancoAndes,pre_venta,"No se quien uso mi tarjeta de BancoAndes sin mi autorizacion.
--
Atte, cliente BancoAndes"
2876,2026-04-06,BancoAndes,fraude_seguridad,Un tercero clono mi tarjeta de BancoAndes y BancoAndes no reacciono a tiempo esta semana.
2877,2026-04-06,BancoAndes,pre_venta,	Un  ejecutivo  de BancoAndes no me informó sobre los costos asociados antes  de que  decidiera hace unos días.   
2878,2026-04-06,BancoAndes,pre_venta,Alguien del equipo de informaciones de BancoAndes nunca me contactó después de pedir información sobre un crédito en las últimas semanas. 😞
2879,2026-04-07,bancoandes,cobranza,	El  departamento de cobranza de  BancoAndes  no  corrige un error  de facturación que  ya reporté y  sigo  esperando una respuesta ayer.
2880,2026-04-07,BancoAndes,post_venta,El equipo de cobranza de BancoAndes me cobró dos veces la misma cuota y no encuentro cómo resolverlo en las últimas semanas?! 😤
2881,2026-04-07,BancoAndes,cobranza,	EL EQUIPO DE  COBRANZA DE BANCOANDES  ME AMENAZA CON ACCIONES LEGALES POR UN MONTO INCORRECTO DURANTE EL FIN DE SEMANA.
2882,2026-04-07,BANCOANDES,cobranza,EL DEPARTAMENTO DE COBRANZA DE BANCOANDES ME COBRÓ UN INTERÉS MÁS ALTO DEL QUE SE HABÍA ACORDADO SIN QUE NADIE DEL BANCO SE HAGA RESPONSABLE. 🙄
2883,2026-04-07,BancoAndes,post_venta,EL EQUIPO DE SEGUIMIENTO NO RESPONDE MIS CONSULTAS DE SEGUIMIENTO SOBRE EL CREDITO QUE YA TENGO HACE UNOS DIAS.
2884,2026-04-07,BancoAndes,post_venta,El área de post venta no me ayuda a entender los cobros de mi cuenta recién abierta y hasta ahora nadie me ha dado una solución... 😤
2885,2026-04-07,BancoAndes,post_venta,	El área de post venta no responde mis llamadas desde que contraté  el seguro durante el fin de semana.   
2886,2026-04-07,BancoAndes,post_venta,El servicio de soporte no me explica cómo usar el producto que contraté hace poco y sigo esperando una respuesta en las últimas semanas.
2887,2026-04-07,BancoAndes,post_venta,NADIE EN BANCOANDES NO CUMPLIÓ CON EL ACOMPAÑAMIENTO QUE ME PROMETIERON AL CONTRATAR Y HASTA AHORA NADIE ME HA DADO UNA SOLUCIÓN. 😠
2888,2026-04-07,BancoAndes,ventas,Un ejecutivo de ventas de BancoAndes me llamó para renovarme un producto sin mi autorización sin que nadie del banco se haga responsable hace unos días. 😡
2889,2026-04-07,BancoAndes,ventas,Un asesor comercial  de BancoAndes  me contactó para  venderme un seguro que no  solicité y no encuentro  cómo resolverlo.
2890,2026-04-07,BancoAndes,fraude_seguridad,Una persona no autorizada me contactó por phishing usando el nombre de BancoAndes y esto ya me tiene bastante molesto.
2891,2026-04-07,BancoAndes,comercial,El&nbsp;ejecutivo comercial  aplico  condiciones distintas a las que  figuraban  en la  propuesta comercial y esto ya me tiene bastante molesto el mes pasado.
2892,2026-04-07,BancoAndes,pre_venta,El servicio de atencion de BancoAndes me dijo que me llamarian con mas informacion y nunca lo hicieron y no encuentro como resolverlo ayer.
2893,2026-04-07,BancoAndes,tecnologia,Mi sesion en BancoAndes se cerro sola y no se si fue un error tecnico o un acceso no autorizado.
2894,2026-04-08,BancoAndes,tecnologia,La clave digital de BancoAndes muestra información desactualizada de mi cuenta y no encuentro cómo resolverlo. Mi rut es 20.644.468-0.
2895,2026-04-08,BancoAndes,tecnologia,La banca en línea de BancoAndes no procesa correctamente mis pagos programados durante el fin de semana!!
2896,2026-04-08,BancoAndes,tecnologia,	El sitio web de  BancoAndes no carga mis transacciones  recientes  lo cual me  parece una falta de  respeto hacia el  cliente. 👎
2897,2026-04-08,BancoAndes,cobranza,Nadie en el área de cobranza de BancoAndes me está cobrando una multa que no está justificada y esto ya me tiene bastante molesto.
2898,2026-04-08,BancoAndes,post_venta,El&nbsp;equipo de seguimiento no responde mis consultas de seguimiento sobre el crédito que ya tengo en las últimas semanas.
2899,2026-04-08,BancoAndes,pre_venta,"El área de post venta no me contacta para revisar cómo va mi producto contratado y esto ya me tiene bastante molesto!!
Enviado desde mi celular Samsung"
2900,2026-04-08,BancoAndes,post_venta,BANCOANDES NO ME DA SOPORTE CON MIS DUDAS DESPUÉS DE CONTRATAR EL PRODUCTO LO CUAL ME PARECE UNA FALTA DE RESPETO HACIA EL CLIENTE EL MES PASADO.
2901,2026-04-08,BancoAndes,ventas,Alguien del equipo de ventas de BancoAndes me contactó varias veces el mismo día ofreciéndome productos distintos sin que nadie del banco se haga responsable.
2902,2026-04-08,bancoandes,comercial,Un asesor de BancoAndes me pidió los mismos documentos varias veces sin avanzar esta semana. Mi rut es 16.339.850-1.
2903,2026-04-09,BancoAndes,cobranza,Nadie en el área de cobranza de BancoAndes sigue enviándome cartas de cobro por una deuda pagada y hasta ahora nadie me ha dado una solución el mes pasado.
2904,2026-04-09,BancoAndes,post_venta,El equipo de seguimiento no aclara mis dudas sobre las condiciones del crédito ya contratado y no encuentro cómo resolverlo.
2905,2026-04-09,BancoAndes,post_venta,Nadie en BancoAndes no  me  explica  cómo  usar  el producto que contraté  hace poco sin  que nadie del banco se haga  responsable durante  el fin  de semana.   
2906,2026-04-10,BancoAndes,tecnologia,El&nbsp;sitio web de BancoAndes no carga mis transacciones recientes y esto ya me tiene bastante molesto. 😡
2907,2026-04-10,BancoAndes,cobranza,	BancoAndes de  BancoAndes no acepta renegociar mi deuda en  condiciones  razonables en las últimas  semanas. N° de reclamo anterior: RC-38493.
2908,2026-04-10,BancoAndes,post_venta,El servicio de soporte dejó de responder después de que firmé el contrato lo cual me parece una falta de respeto hacia el cliente en las últimas semanas.
2909,2026-04-10,BancoAndes,post_venta,Nadie en BancoAndes no responde mis consultas de seguimiento sobre el crédito que ya tengo ayer.
2910,2026-04-10,BancoAndes,tecnologia,UN VENDEDOR TELEFÓNICO DE BANCOANDES ME CONTACTÓ VARIAS VECES EL MISMO DÍA OFRECIÉNDOME PRODUCTOS DISTINTOS Y SIGO ESPERANDO UNA RESPUESTA.
2911,2026-04-10,BancoAndes,ventas,Alguien del equipo de ventas de BancoAndes me ofreció condiciones distintas a las que después aparecieron en el contrato y sigo esperando una respuesta hace unos días.
2912,2026-04-10,BancoAndes,ventas,Un representante de ventas de BancoAndes me llamó de un número desconocido para ofrecerme un préstamo sin que nadie del banco se haga responsable.
2913,2026-04-10,BancoAndes,ventas,Alguien del equipo de ventas de BancoAndes insistió en ofrecerme un crédito de consumo sin que yo lo pidiera y esto ya me tiene bastante molesto hace unos días.
2914,2026-04-11,BancoAndes,tecnologia,El sitio web de BancoAndes muestra información desactualizada de mi cuenta.
2915,2026-04-11,BancoAndes,tecnologia,La clave digital de BancoAndes no permite descargar mis comprobantes de pago durante el fin de semana.
2916,2026-04-11,BancoAndes,cobranza,El departamento de cobranza de BancoAndes me cobra comisiones que no estaban en el contrato original hace unos días.
2917,2026-04-11,BancoAndes,ventas,<p>Un asesor comercial de BancoAndes me llamó insistentemente para ofrecerme una tarjeta que no pedí esta semana.</p>
2918,2026-04-11,BancoAndes,ventas,Un representante de ventas de BancoAndes me contacto fuera de horario para ofrecerme una tarjeta nueva ayer???
2919,2026-04-11,BancoAndes,ventas,Un vendedor telefónico de BancoAndes me contactó varias veces el mismo día ofreciéndome productos distintos esta semana.
2920,2026-04-11,BANCOANDES,fraude_seguridad,Alguien  generó cargos fraudulentos en mi  tarjeta de BancoAndes en las últimas semanas.
2921,2026-04-11,BancoAndes,fraude_seguridad,Un tercero logro acceder a  mi banca  en  linea  de BancoAndes sin mi  consentimiento  ayer.
2922,2026-04-11,BancoAndes,fraude_seguridad,Un desconocido intentó estafarme haciéndose pasar por un ejecutivo de BancoAndes lo cual me parece una falta de respeto hacia el cliente.
2923,2026-04-12,BancoAndes,tecnologia,"El sistema de BancoAndes no procesa correctamente mis pagos programados hace unos dias.<br>
Gracias, espero respuesta pronto."
2924,2026-04-12,BancoAndes,tecnologia,LA CLAVE DIGITAL DE BANCOANDES SE CIERRA SOLA CADA VEZ QUE INTENTO PAGAR UNA CUENTA Y NO ENCUENTRO CÓMO RESOLVERLO EL MES PASADO!!
2925,2026-04-12,BancoAndes,cobranza,El departamento de cobranza de BancoAndes me amenaza con acciones legales por un monto incorrecto lo cual me parece una falta de respeto hacia el cliente esta semana??? 😠
2926,2026-04-12,BancoAndes,cobranza,Nadie en el área de cobranza de BancoAndes no actualiza mi historial después de pagar la deuda durante el fin de semana. 😤
2927,2026-04-12,BancoAndes,cobranza,El área de cobranza de BancoAndes me cobró dos veces la misma cuota.
2928,2026-04-12,BancoAndes,post_venta,El área de cobranza de BancoAndes sigue enviándome cartas de cobro por una deuda pagada durante el fin de semana. ⏳ Pueden contactarme al +56 9 6368 6701.
2929,2026-04-12,BancoAndes,post_venta,Nadie en BancoAndes no cumplio con el acompanamiento que me prometieron al contratar el mes pasado.
2930,2026-04-12,BancoAndes,fraude_seguridad,UNA PERSONA NO AUTORIZADA USÓ MI CUENTA DE BANCOANDES PARA RETIROS QUE YO NO HICE Y ESTO YA ME TIENE BASTANTE MOLESTO.
2931,2026-04-12,Banco Andes,comercial,"El ejecutivo comercial no quiere renegociar las condiciones de mi crédito esta semana.
Enviado desde mi celular Samsung"
2932,2026-04-13,BancoAndes,tecnologia,"La aplicación de BancoAndes muestra información desactualizada de mi cuenta lo cual me parece una falta de respeto hacia el cliente.
Enviado desde mi iPhone"
2933,2026-04-13,BancoAndes,fraude_seguridad,BancoAndes no aclara  mis dudas sobre  las condiciones  del crédito ya contratado  el mes pasado.    Pueden contactarme al +56 9 4026 3013.
2934,2026-04-13,BancoAndes,fraude_seguridad,"	Una persona  no autorizada usó mi  cuenta de  BancoAndes  para  retiros que yo no hice y sigo  esperando una respuesta.   
Enviado desde mi iPhone"
2935,2026-04-14,BancoAndes,post_venta,	NADIE EN BANCOANDES NO  RESPONDE MIS  LLAMADAS DESDE QUE CONTRATE  EL  SEGURO.   
2936,2026-04-14,BancoAndes,tecnologia,Un tercero cambió mi clave de BancoAndes sin que yo lo hiciera en las últimas semanas.
2937,2026-04-14,BancoAndes,fraude_seguridad,Un tercero hizo compras con mi tarjeta de BancoAndes que yo nunca autorice ayer.
2938,2026-04-14,BancoAndes,fraude_seguridad,Un desconocido usó mis datos para solicitar un producto en BancoAndes a mi nombre y no encuentro cómo resolverlo.<br>
2939,2026-04-14,BancoAndes,comercial,	EL ÁREA  COMERCIAL ME  APLICÓ  UNA COMISIÓN QUE NO  ESTABA EN LA OFERTA  ORIGINAL Y NO ENCUENTRO  CÓMO RESOLVERLO HACE UNOS  DÍAS.
2940,2026-04-14,BancoAndes,pre_venta,Alguien del equipo de informaciones de BancoAndes no me aclaró cuáles eran los documentos necesarios para postular lo cual me parece una falta de respeto hacia el cliente?!
2941,2026-04-15,BancoAndes,tecnologia,La clave digital de BancoAndes no reconoce mi clave aunque la ingreso correctamente. Mi rut es 25.989.192-0.
2942,2026-04-15,BancoAndes,cobranza,	BancoAndes  de BancoAndes me cobra intereses que  no corresponden a mi  situación  y hasta ahora  nadie me  ha dado  una  solución  ayer.   
2943,2026-04-15,BancoAndes,post_venta,Nadie en BancoAndes ignora mis mensajes desde que activé la cuenta nueva lo cual me parece una falta de respeto hacia el cliente. ⏳
2944,2026-04-15,BancoAndes,post_venta,EL EQUIPO DE SEGUIMIENTO NO DA SEGUIMIENTO A MI RECLAMO ANTERIOR SOBRE EL MISMO PRODUCTO EL MES PASADO.
2945,2026-04-15,BancoAndes,post_venta,El servicio de soporte no aclara mis dudas sobre las condiciones del crédito ya contratado y hasta ahora nadie me ha dado una solución ayer. 😡
2946,2026-04-15,BancoAndes,ventas,	Un representante de  ventas  de  BancoAndes me  llamó de un número  desconocido  para ofrecerme  un  préstamo  durante  el fin  de semana. Mi rut es 12.572.776-5.
2947,2026-04-15,BancoAndes,fraude_seguridad,No sé quién usó mi tarjeta de BancoAndes sin mi autorización y hasta ahora nadie me ha dado una solución.
2948,2026-04-15,BancoAndes,comercial,El equipo comercial no cumple con el beneficio que venía incluido en mi cuenta y sigo esperando una respuesta.
2949,2026-04-16,BANCOANDES,cobranza,El departamento de cobranza de BancoAndes me cobra intereses que no corresponden a mi situación sin que nadie del banco se haga responsable durante el fin de semana. 👎
2950,2026-04-16,BancoAndes,post_venta,El servicio de soporte ignora mis mensajes desde que activé la cuenta nueva y esto ya me tiene bastante molesto.
2951,2026-04-16,BancoAndes,pre_venta,"El área comercial de BancoAndes no supo responder mis dudas sobre las condiciones del préstamo esta semana.
Gracias, espero respuesta pronto."
2952,2026-04-16,BancoAndes,pre_venta,"Un ejecutivo de BancoAndes tardó semanas en responder mi consulta inicial hace unos días.
Enviado desde mi celular Samsung"
2953,2026-04-16,BancoAndes,cobranza,Me llegó un cargo repetido en mi cuenta de BancoAndes y no sé si es un descuadre de cobranza o algo más grave.
2954,2026-04-17,BancoAndes,comercial,	Nadie en el área comercial  aplicó condiciones distintas a las que  figuraban en la propuesta comercial durante el  fin de semana. Mi rut es 20.220.479-8.
2955,2026-04-17,BancoAndes,comercial,El área comercial no ha activado el beneficio que me ofrecieron al abrir la cuenta ayer.
2956,2026-04-18,BancoAndes,tecnologia,La aplicación de BancoAndes no genera mi cartola mensual sin que nadie del banco se haga responsable hace unos días. 😠
2957,2026-04-18,BancoAndes,cobranza,"Nadie en el area de cobranza de BancoAndes no responde mi solicitud de repactacion de deuda y no encuentro como resolverlo durante el fin de semana.
Gracias, espero respuesta pronto."
2958,2026-04-18,Banco  Andes ,post_venta,Nadie en BancoAndes no me contacta para revisar como va mi producto contratado el mes pasado.
2959,2026-04-18,BancoAndes,fraude_seguridad,UNA PERSONA NO  AUTORIZADA  USO  MIS DATOS PARA SOLICITAR  UN PRODUCTO EN  BANCOANDES  A  MI  NOMBRE SIN QUE NADIE DEL BANCO SE HAGA RESPONSABLE.
2960,2026-04-18,BancoAndes,pre_venta,Un ejecutivo de BancoAndes nunca me contactó después de pedir información sobre un crédito en las últimas semanas. 😤
2961,2026-04-19,BancoAndes,tecnologia,LA BANCA EN LINEA DE BANCOANDES MUESTRA INFORMACION DESACTUALIZADA DE MI CUENTA Y HASTA AHORA NADIE ME HA DADO UNA SOLUCION DURANTE EL FIN DE SEMANA.
2962,2026-04-19,BancoAndes,tecnologia,El sitio web de BancoAndes marca error de sistema constantemente sin que nadie del banco se haga responsable hace unos días.
2963,2026-04-19,bancoandes,cobranza,El equipo de cobranza de BancoAndes me amenaza con acciones legales por un monto incorrecto esta semana???
2964,2026-04-19,BancoAndes,cobranza,Nadie en el área de cobranza de BancoAndes no actualiza mi historial después de pagar la deuda esta semana!!!
2965,2026-04-19,bancoandes,cobranza,"	El área de cobranza de BancoAndes me cobró  dos veces la misma cuota  el mes  pasado.
Enviado desde mi celular Samsung"
2966,2026-04-19,BancoAndes,cobranza,El área de cobranza de BancoAndes me cobró dos veces la misma cuota esta semana. 😡
2967,2026-04-19,BancoAndes,cobranza,<p>El equipo de cobranza de BancoAndes no actualiza mi historial después de pagar la deuda sin que nadie del banco se haga responsable durante el fin de semana.</p>
2968,2026-04-19,BancoAndes,post_venta,El equipo de seguimiento no me explica cómo usar el producto que contraté hace poco el mes pasado.
2969,2026-04-19,BancoAndes,post_venta,El área de post venta no me explica cómo usar el producto que contraté hace poco esta semana.
2970,2026-04-19,BancoAndes,ventas,Alguien del equipo de ventas de BancoAndes me llamó para renovarme un producto sin mi autorización hace unos días...
2971,2026-04-19,BancoAndes,cobranza,<p>	Me aparece un cobro duplicado en mi cuenta de  BancoAndes y no se  si fue un error  de  cobranza o si alguien uso  mi tarjeta sin autorizacion.</p>
2972,2026-04-20,BancoAndes,tecnologia,El sitio web de BancoAndes no me permite autenticarme desde el celular.
2973,2026-04-20,BancoAndes,tecnologia,EL PORTAL DE CLIENTES DE BANCOANDES MUESTRA INFORMACIÓN DESACTUALIZADA DE MI CUENTA EN LAS ÚLTIMAS SEMANAS.
2974,2026-04-20,BancoAndes,cobranza,"	El  departamento de cobranza  de BancoAndes no  acepta renegociar mi deuda en  condiciones  razonables lo  cual me parece una  falta de  respeto hacia el  cliente.   
Enviado desde mi celular Samsung"
2975,2026-04-20,BancoAndes,post_venta,El área de post venta dejó de responder después de que firmé el contrato durante el fin de semana.
2976,2026-04-20,Banco Andes,post_venta,	El área  de post  venta no  me  da  soporte con mis dudas después de contratar  el producto y sigo  esperando una  respuesta...
2977,2026-04-20,BancoAndes,ventas,Un ejecutivo de ventas de BancoAndes me presiono para aceptar un producto en la misma llamada el mes pasado.
2978,2026-04-20,BancoAndes,comercial,Nadie en el area comercial no respeta el plan comercial que acordamos por escrito???
2979,2026-04-20,Banco  Andes ,pre_venta,El servicio de atencion de BancoAndes me dio una cotizacion que despues no coincidia con la real ayer.
2980,2026-04-20,BancoAndes,pre_venta,"El servicio de atención de BancoAndes tardó semanas en responder mi consulta inicial y esto ya me tiene bastante molesto el mes pasado.
Gracias, espero respuesta pronto."
2981,2026-04-20,BANCOANDES,pre_venta,<p>El servicio de atención de BancoAndes me pidió los mismos documentos varias veces sin avanzar y sigo esperando una respuesta.</p> ⏳
2982,2026-04-21,BancoAndes,fraude_seguridad,	Alguien accedió  a mi  cuenta de BancoAndes sin que yo lo autorizara y  no encuentro cómo resolverlo esta semana. 😠
2983,2026-04-22,BancoAndes,tecnologia,"El sistema de BancoAndes no carga mis transacciones recientes lo cual me parece una falta de respeto hacia el cliente en las últimas semanas. 😡
Gracias, espero respuesta pronto."
2984,2026-04-22,BancoAndes,tecnologia,El portal de clientes de BancoAndes se demora muchísimo en cargar cualquier operación y esto ya me tiene bastante molesto durante el fin de semana.
2985,2026-04-22,BANCOANDES,cobranza,Nadie en el area de cobranza de BancoAndes sigue enviandome cartas de cobro por una deuda pagada y no encuentro como resolverlo.
2986,2026-04-22,BancoAndes,cobranza,	El equipo de  cobranza de BancoAndes no actualiza  mi historial  despues de pagar  la deuda y no encuentro como resolverlo esta semana.   !!
2987,2026-04-22,BancoAndes,cobranza,	El equipo  de  cobranza  de  BancoAndes me cobra comisiones  que  no estaban en el  contrato original  en  las últimas  semanas.
2988,2026-04-22,BancoAndes,ventas,Un ejecutivo de ventas de BancoAndes me llamó de un número desconocido para ofrecerme un préstamo esta semana.
2989,2026-04-22,bancoandes,fraude_seguridad,Un tercero uso mis datos para solicitar un producto en BancoAndes a mi nombre el mes pasado.
2990,2026-04-22,BancoAndes,comercial,NADIE EN EL AREA COMERCIAL NO RESPETA EL PLAN COMERCIAL QUE ACORDAMOS POR ESCRITO EN LAS ULTIMAS SEMANAS.
2991,2026-04-22,BancoAndes,pre_venta,El área comercial de BancoAndes no me informó sobre los costos asociados antes de que decidiera y esto ya me tiene bastante molesto hace unos días.
2992,2026-04-23,BancoAndes,tecnologia,La&nbsp;banca en línea de BancoAndes muestra información desactualizada de mi cuenta lo cual me parece una falta de respeto hacia el cliente esta semana.
2993,2026-04-23,BancoAndes,cobranza,"El área de cobranza de BancoAndes no actualiza mi historial después de pagar la deuda.
Gracias, espero respuesta pronto."
2994,2026-04-23,BancoAndes,ventas,	Un representante de  ventas de BancoAndes  me contactó para  venderme  un seguro que no  solicité  durante el fin de semana.
2995,2026-04-23,BancoAndes,ventas,UN REPRESENTANTE DE VENTAS DE BANCOANDES ME CONTACTÓ FUERA DE HORARIO PARA OFRECERME UNA TARJETA NUEVA Y HASTA AHORA NADIE ME HA DADO UNA SOLUCIÓN AYER. 🙄 Pueden contactarme al +56 9 4534 5849.
2996,2026-04-23,BancoAndes,fraude_seguridad,No sé  quién hizo compras  con  mi  tarjeta  de BancoAndes que yo nunca  autoricé y  hasta ahora nadie me ha  dado una  solución.    N° de reclamo anterior: RC-18996.
2997,2026-04-23,BancoAndes,comercial,Nadie en el área comercial no cumple las condiciones pactadas para la renovación de mi producto ayer.
2998,2026-04-23,BancoAndes,pre_venta,	Un asesor de  BancoAndes me remitió a distintas  áreas  sin darme una respuesta clara lo cual me parece una falta  de  respeto hacia el cliente el mes pasado.   
2999,2026-04-24,BANCOANDES,tecnologia,El sistema de BancoAndes no permite descargar mis comprobantes de pago.<br>
3000,2026-04-24,BANCOANDES,ventas,Un  vendedor  telefonico de BancoAndes insistio en  ofrecerme un  credito de consumo sin que  yo lo pidiera y  sigo esperando  una respuesta.    N° de reclamo anterior: RC-53618.
3001,2026-04-24,BancoAndes,ventas,Alguien del equipo de ventas de BancoAndes me ofreció una tarjeta con beneficios que después no eran reales ayer.
3002,2026-04-24,BancoAndes,ventas,Un asesor comercial de BancoAndes me ofreció una tarjeta con beneficios que después no eran reales y esto ya me tiene bastante molesto ayer.
3003,2026-04-24,Banco  Andes ,comercial,BANCOANDES NO CUMPLE CON EL BENEFICIO QUE VENIA INCLUIDO EN MI CUENTA Y HASTA AHORA NADIE ME HA DADO UNA SOLUCION.
3004,2026-04-24,BancoAndes,comercial,BancoAndes no respeta el descuento comercial que me habian prometido al inicio ayer.
3005,2026-04-24,BancoAndes,comercial,BancoAndes no quiere renegociar las condiciones de mi credito esta semana.
3006,2026-04-25,BancoAndes,tecnologia,<P>EL PORTAL DE CLIENTES DE  BANCOANDES NO  ME DEJA ACTUALIZAR MIS DATOS DE CONTACTO  EL MES PASADO.</P> 😡
3007,2026-04-25,Banco Andes,cobranza,El área de cobranza de BancoAndes no acepta renegociar mi deuda en condiciones razonables y sigo esperando una respuesta.
3008,2026-04-25,BancoAndes,cobranza,El  área  de  cobranza de  BancoAndes  me  cobró dos  veces la  misma cuota  hace unos días.   
3009,2026-04-25,BancoAndes,post_venta,El servicio de soporte no responde mis llamadas desde que contraté el seguro esta semana!!
3010,2026-04-25,BancoAndes,ventas,Un representante de ventas de BancoAndes me vendió un seguro sin explicarme bien las condiciones sin que nadie del banco se haga responsable. N° de reclamo anterior: RC-80984.
3011,2026-04-25,BancoAndes,tecnologia,Un representante de ventas de BancoAndes me presionó para aceptar un producto en la misma llamada y sigo esperando una respuesta.
3012,2026-04-25,BancoAndes,ventas,Un&nbsp;representante de ventas de BancoAndes siguió llamando después de que le dije que no me interesaba esta semana!!
3013,2026-04-25,BancoAndes,fraude_seguridad,No sé  quién usó  mi tarjeta de BancoAndes sin mi autorización y no  encuentro cómo resolverlo. 😠
3014,2026-04-26,BancoAndes,tecnologia,La banca en línea de BancoAndes lleva días caída y no puedo ver mis movimientos en las últimas semanas.
3015,2026-04-26,BancoAndes,cobranza,"El área de cobranza de BancoAndes sigue enviándome cartas de cobro por una deuda pagada y sigo esperando una respuesta durante el fin de semana.
--
Atte, cliente BancoAndes"
3016,2026-04-26,BancoAndes,post_venta,BancoAndes no me contacta para revisar cómo va mi producto contratado sin que nadie del banco se haga responsable hace unos días.
3017,2026-04-26,BancoAndes,ventas,Un representante de ventas de BancoAndes me llamo para renovarme un producto sin mi autorizacion y hasta ahora nadie me ha dado una solucion en las ultimas semanas.
3018,2026-04-26,BancoAndes,fraude_seguridad,Un asesor comercial de BancoAndes me contactó fuera de horario para ofrecerme una tarjeta nueva y sigo esperando una respuesta esta semana.
3019,2026-04-27,BancoAndes,ventas,	La banca  en línea de BancoAndes no me  permite autenticarme desde  el  celular y  hasta ahora  nadie me ha dado una solución.   
3020,2026-04-27,BancoAndes,cobranza,El departamento de cobranza de BancoAndes no corrige un error de facturación que ya reporté y esto ya me tiene bastante molesto.
3021,2026-04-27,BancoAndes,post_venta,Nadie en BancoAndes no me entrega la información que me prometieron al firmar esta semana.
3022,2026-04-27,BancoAndes,post_venta,El servicio de soporte no me da soporte con mis dudas después de contratar el producto. 😞
3023,2026-04-27,BancoAndes,ventas,Un ejecutivo de ventas de BancoAndes me ofreció una tarjeta con beneficios que después no eran reales en las últimas semanas.
3024,2026-04-27,BancoAndes,ventas,	Un asesor comercial  de BancoAndes me presionó para aceptar un  producto  en  la  misma llamada.   
3025,2026-04-28,Banco  Andes ,post_venta,Nadie en BancoAndes no resuelve mi duda sobre el estado de mi solicitud ya aprobada sin que nadie del banco se haga responsable durante el fin de semana.
3026,2026-04-28,BancoAndes,post_venta,El equipo de seguimiento no aclara mis dudas sobre las condiciones del crédito ya contratado hace unos días.
3027,2026-04-28,Banco  Andes ,ventas,Un representante de ventas de BancoAndes me contactó fuera de horario para ofrecerme una tarjeta nueva el mes pasado.
3028,2026-04-28,BancoAndes,comercial,EL AREA COMERCIAL NO RECONOCE EL DESCUENTO POR CLIENTE ANTIGUO QUE ME HABIAN ASEGURADO DURANTE EL FIN DE SEMANA.
3029,2026-04-29,bancoandes,cobranza,El departamento de cobranza de BancoAndes no responde mi solicitud de repactación de deuda y no encuentro cómo resolverlo. ⏳ N° de reclamo anterior: RC-79285.
3030,2026-04-29,BANCOANDES,post_venta,El area de post venta no responde mis llamadas desde que contrate el seguro el mes pasado.
3031,2026-04-29,BancoAndes,comercial,El área comercial no quiere renegociar las condiciones de mi crédito y esto ya me tiene bastante molesto.
3032,2026-04-30,BancoAndes,tecnologia,El sitio web de BancoAndes no reconoce mi clave aunque la ingreso correctamente y esto ya me tiene bastante molesto!!
3033,2026-04-30,bancoandes,tecnologia,EL SISTEMA DE BANCOANDES NO GENERA MI CARTOLA MENSUAL HACE UNOS DÍAS.
3034,2026-04-30,BancoAndes,cobranza,	BancoAndes&nbsp; de BancoAndes me  cobra  intereses que no  corresponden  a mi situación lo cual me parece  una  falta de  respeto hacia el cliente durante el fin de semana.
3035,2026-04-30,BancoAndes,ventas,Nadie en BancoAndes no responde mis consultas de seguimiento sobre el crédito que ya tengo.
3036,2026-04-30,Banco Andes,fraude_seguridad,ALGUIEN USÓ MI CUENTA DE BANCOANDES PARA RETIROS QUE YO NO HICE EN LAS ÚLTIMAS SEMANAS.
3037,2026-04-30,BancoAndes,fraude_seguridad,No sé quién accedió a mi cuenta de BancoAndes sin que yo lo autorizara y esto ya me tiene bastante molesto?!
3038,2026-04-30,BancoAndes,fraude_seguridad,Una persona no autorizada usó mi cuenta de BancoAndes para retiros que yo no hice durante el fin de semana.
3039,2026-04-30,BancoAndes,pre_venta,Alguien del equipo de informaciones de BancoAndes ignoró mi consulta sobre los requisitos de un crédito hipotecario y esto ya me tiene bastante molesto hace unos días.<br>
3040,2026-05-01,BancoAndes,post_venta,El equipo de seguimiento no me contacta para revisar como va mi producto contratado ayer???
3041,2026-05-01,BancoAndes,ventas,	Un asesor  comercial  de  BancoAndes  me llamó  para renovarme  un  producto sin mi  autorización.
3042,2026-05-01,BancoAndes,ventas,Un vendedor telefónico de BancoAndes me ofreció una tarjeta con beneficios que después no eran reales y esto ya me tiene bastante molesto.<br>
3043,2026-05-01,BancoAndes,comercial,El ejecutivo comercial no cumple con el beneficio que venía incluido en mi cuenta hace unos días.
3044,2026-05-01,BancoAndes,comercial,El area comercial no aplica la tasa preferencial que se me ofrecio al contratar sin que nadie del banco se haga responsable el mes pasado.
3045,2026-05-01,BancoAndes,pre_venta,El área comercial de BancoAndes ignoró mi consulta sobre los requisitos de un crédito hipotecario y no encuentro cómo resolverlo durante el fin de semana.
3046,2026-05-01,bancoandes,pre_venta,Un asesor de BancoAndes tardó semanas en responder mi consulta inicial hace unos días.
3047,2026-05-01,BancoAndes,fraude_seguridad,"Me llego un cargo que no reconozco en BancoAndes, podria ser un error del sistema o un uso no autorizado de mi tarjeta. Pueden contactarme al +56 9 6363 8674."
3048,2026-05-02,BancoAndes,tecnologia,La clave digital de BancoAndes no procesa correctamente mis pagos programados lo cual me parece una falta de respeto hacia el cliente. N° de reclamo anterior: RC-30939.
3049,2026-05-02,BancoAndes,tecnologia,El sitio web de BancoAndes no procesa correctamente mis pagos programados y hasta ahora nadie me ha dado una solución.<br>
3050,2026-05-02,BancoAndes,tecnologia,	El sitio web  de BancoAndes se congela cada vez que intento hacer  una transferencia  y esto ya me tiene bastante molesto hace  unos días.    👎
3051,2026-05-02,BancoAndes,post_venta,El equipo de seguimiento me deja sin respuesta después de haber aceptado el producto sin que nadie del banco se haga responsable.
3052,2026-05-02,BancoAndes,post_venta,El servicio de soporte no me contacta para revisar cómo va mi producto contratado lo cual me parece una falta de respeto hacia el cliente.
3053,2026-05-02,BancoAndes,fraude_seguridad,Un desconocido clonó mi tarjeta de BancoAndes y BancoAndes no reaccionó a tiempo?!<br>
3054,2026-05-02,BancoAndes,fraude_seguridad,Una persona no autorizada vació parte de mi cuenta de BancoAndes y el banco no me ha devuelto el dinero y hasta ahora nadie me ha dado una solución en las últimas semanas!! 👎
3055,2026-05-03,BancoAndes,tecnologia,El sitio web de BancoAndes no envía el código de verificación para iniciar sesión y esto ya me tiene bastante molesto esta semana?!
3056,2026-05-03,BancoAndes,cobranza,BancoAndes de BancoAndes no quiere regularizar mi deuda a pesar de que ya pague y esto ya me tiene bastante molesto durante el fin de semana?!
3057,2026-05-03,BancoAndes,cobranza,<p>El area de cobranza de BancoAndes insiste en cobrar un monto que ya fue aclarado antes durante el fin de semana.</p>
3058,2026-05-03,BancoAndes,post_venta,Nadie en BancoAndes no me ayuda a entender los cobros de mi cuenta recién abierta y sigo esperando una respuesta.
3059,2026-05-03,BANCOANDES,post_venta,El equipo de seguimiento no me entrega la información que me prometieron al firmar sin que nadie del banco se haga responsable.
3060,2026-05-03,BancoAndes,post_venta,BancoAndes no me contacta para revisar cómo va mi producto contratado y hasta ahora nadie me ha dado una solución ayer!!! 😠
3061,2026-05-03,BANCOANDES,ventas,Un representante de ventas de BancoAndes me contactó para venderme un seguro que no solicité y sigo esperando una respuesta. 👎
3062,2026-05-03,Banco Andes,ventas,Un&nbsp;asesor comercial de BancoAndes me contactó fuera de horario para ofrecerme una tarjeta nueva y no encuentro cómo resolverlo ayer.
3063,2026-05-03,BancoAndes,fraude_seguridad,UN DESCONOCIDO INTENTÓ ESTAFARME HACIÉNDOSE PASAR POR UN EJECUTIVO DE BANCOANDES HACE UNOS DÍAS.
3064,2026-05-03,BancoAndes,pre_venta,El área comercial de BancoAndes no respondió mi solicitud de información sobre cuentas de ahorro durante el fin de semana.
3065,2026-05-04,BancoAndes,tecnologia,LA CLAVE DIGITAL DE BANCOANDES NO RECONOCE MI CLAVE AUNQUE LA INGRESO CORRECTAMENTE SIN QUE NADIE DEL BANCO SE HAGA RESPONSABLE.
3066,2026-05-04,BancoAndes,cobranza,BancoAndes de BancoAndes me amenaza con acciones legales por un monto incorrecto.
3067,2026-05-04,BancoAndes,post_venta,<p>El servicio de soporte no me entrega la información que me prometieron al firmar.</p>
3068,2026-05-04,BancoAndes,post_venta,El área de post venta no me da soporte con mis dudas después de contratar el producto y esto ya me tiene bastante molesto durante el fin de semana.
3069,2026-05-04,BancoAndes,post_venta,El servicio de soporte me deja  sin respuesta después de haber aceptado  el producto y  no encuentro cómo resolverlo esta  semana.   
3070,2026-05-04,BancoAndes,fraude_seguridad,Alguien usó mi tarjeta de BancoAndes sin mi autorización el mes pasado???
3071,2026-05-04,BancoAndes,fraude_seguridad,Alguien usó mis datos para solicitar un producto en BancoAndes a mi nombre hace unos días.
3072,2026-05-04,BancoAndes,comercial,El área comercial no aplica la tasa preferencial que se me ofreció al contratar.
3073,2026-05-05,BancoAndes,comercial,La clave digital de BancoAndes muestra información desactualizada de mi cuenta.
3074,2026-05-05,BancoAndes,tecnologia,El sistema de BancoAndes no reconoce mi clave aunque la ingreso correctamente en las últimas semanas.
3075,2026-05-05,BancoAndes,tecnologia,La aplicación de BancoAndes marca error de sistema constantemente y sigo esperando una respuesta.
3076,2026-05-05,bancoandes,cobranza,Nadie en el área de cobranza de BancoAndes no actualiza mi historial después de pagar la deuda lo cual me parece una falta de respeto hacia el cliente el mes pasado. N° de reclamo anterior: RC-42211.
3077,2026-05-06,BancoAndes,tecnologia,La aplicación de BancoAndes no procesa  correctamente mis  pagos  programados y no  encuentro  cómo resolverlo.   ... Pueden contactarme al +56 9 5547 6618.
3078,2026-05-06,BancoAndes,tecnologia,El sitio web  de BancoAndes se cierra sola cada  vez  que intento pagar  una cuenta.    Pueden contactarme al +56 9 7773 5476.
3079,2026-05-06,BancoAndes,tecnologia,LA CLAVE DIGITAL DE BANCOANDES NO  ENVÍA  EL  CÓDIGO DE VERIFICACIÓN PARA  INICIAR  SESIÓN. 😡
3080,2026-05-06,Banco Andes,cobranza,Nadie en el área de cobranza de BancoAndes no quiere regularizar mi deuda a pesar de que ya pagué ayer.
3081,2026-05-06,BancoAndes,cobranza,El área de  cobranza de BancoAndes me  está  cobrando una  multa  que no está justificada durante  el fin de semana. Mi rut es 20.826.781-1.
3082,2026-05-06,BancoAndes,tecnologia,Un vendedor telefónico de BancoAndes me presionó para aceptar un producto en la misma llamada el mes pasado...
3083,2026-05-06,BancoAndes,ventas,"Un representante de ventas de BancoAndes me ofreció una tarjeta con beneficios que después no eran reales y no encuentro cómo resolverlo esta semana!!
Gracias, espero respuesta pronto. N° de reclamo anterior: RC-59486."
3084,2026-05-06,BancoAndes,comercial,BancoAndes no cumple las condiciones pactadas para la renovacion de mi producto???
3085,2026-05-06,Banco Andes,pre_venta,Alguien del equipo de informaciones de BancoAndes me pidio los mismos documentos varias veces sin avanzar durante el fin de semana.
3086,2026-05-07,BancoAndes,post_venta,El area de post venta no me da soporte con mis dudas despues de contratar el producto el mes pasado. 😡
3087,2026-05-08,BancoAndes,tecnologia,El portal de clientes  de BancoAndes no reconoce  mi clave aunque la ingreso correctamente  y hasta ahora nadie me ha dado una  solución el mes pasado.   
3088,2026-05-08,BancoAndes,post_venta,El servicio de soporte no me contacta para revisar cómo va mi producto contratado y hasta ahora nadie me ha dado una solución.
3089,2026-05-08,BancoAndes,fraude_seguridad,Alguien me contacto por phishing usando el nombre de BancoAndes y no encuentro como resolverlo en las ultimas semanas!!!
3090,2026-05-08,BancoAndes,comercial,El area comercial no ha activado el beneficio que me ofrecieron al abrir la cuenta el mes pasado.
3091,2026-05-09,BancoAndes,tecnologia,La clave digital de BancoAndes muestra información desactualizada de mi cuenta el mes pasado.
3092,2026-05-09,BancoAndes,tecnologia,La banca en línea de BancoAndes no envía el código de verificación para iniciar sesión sin que nadie del banco se haga responsable. N° de reclamo anterior: RC-81587.
3093,2026-05-09,BancoAndes,post_venta,"El&nbsp;servicio de soporte no cumplió con el acompañamiento que me prometieron al contratar el mes pasado.
Enviado desde mi iPhone"
3094,2026-05-09,BancoAndes,fraude_seguridad,Una persona no autorizada uso mi tarjeta de BancoAndes sin mi autorizacion lo cual me parece una falta de respeto hacia el cliente ayer. 😤
3095,2026-05-09,BancoAndes,comercial,El ejecutivo comercial cambió mi plan comercial sin mi consentimiento y no encuentro cómo resolverlo. N° de reclamo anterior: RC-88207.
3096,2026-05-10,BancoAndes,cobranza,EL AREA DE COBRANZA DE BANCOANDES NO RECONOCE EL PAGO QUE YA REALICE AYER. ⏳
3097,2026-05-10,BancoAndes,post_venta,El  servicio de soporte  ignora  mis mensajes  desde  que activé la cuenta nueva esta semana.   
3098,2026-05-10,bancoandes,post_venta,El equipo de seguimiento no aclara mis dudas sobre las condiciones del crédito ya contratado durante el fin de semana.
3099,2026-05-10,BancoAndes,pre_venta,ALGUIEN DEL EQUIPO DE INFORMACIONES DE BANCOANDES ME DIO INFORMACIÓN DISTINTA A LA QUE APARECE EN LA PÁGINA WEB SIN QUE NADIE DEL BANCO SE HAGA RESPONSABLE EN LAS ÚLTIMAS SEMANAS.
3100,2026-05-10,BancoAndes,pre_venta,Un ejecutivo de BancoAndes no respondió mi solicitud de información sobre cuentas de ahorro y esto ya me tiene bastante molesto.
3101,2026-05-11,BancoAndes,tecnologia,La banca en línea de BancoAndes no permite descargar mis comprobantes de pago en las últimas semanas. 🙄
3102,2026-05-11,BancoAndes,cobranza,El departamento de  cobranza de BancoAndes  no responde mi  solicitud de repactación de deuda  esta  semana.   
3103,2026-05-11,BancoAndes,post_venta,	BancoAndes no da seguimiento a mi  reclamo anterior  sobre  el  mismo  producto en las últimas  semanas.    😡
3104,2026-05-11,bancoandes,ventas,Un&nbsp;asesor comercial de BancoAndes me ofreció condiciones distintas a las que después aparecieron en el contrato durante el fin de semana.
3105,2026-05-11,Banco  Andes ,fraude_seguridad,Alguien usó mis datos para solicitar un producto en BancoAndes a mi nombre sin que nadie del banco se haga responsable durante el fin de semana.
3106,2026-05-11,BancoAndes,comercial,	El ejecutivo  comercial no  aplica la tasa  preferencial que  se me ofreció al  contratar  esta  semana.   
3107,2026-05-12,BancoAndes,tecnologia,La banca en línea de BancoAndes no genera mi cartola mensual en las últimas semanas!!
3108,2026-05-12,Banco  Andes ,cobranza,El departamento de cobranza de  BancoAndes no quiere regularizar mi deuda a pesar de que ya  pagué.   
3109,2026-05-12,BancoAndes,cobranza,Nadie en el área de cobranza de BancoAndes sigue enviándome cartas de cobro por una deuda pagada en las últimas semanas.
3110,2026-05-12,BancoAndes,cobranza,BancoAndes de BancoAndes me cobra intereses que no corresponden a mi situación lo cual me parece una falta de respeto hacia el cliente hace unos días.
3111,2026-05-12,BancoAndes,cobranza,El equipo de cobranza de BancoAndes no acepta renegociar mi deuda en condiciones razonables sin que nadie del banco se haga responsable hace unos días. 👎
3112,2026-05-12,Banco  Andes ,post_venta,El  equipo  de seguimiento no aclara mis dudas  sobre las condiciones del crédito ya contratado en las últimas  semanas.
3113,2026-05-12,Banco Andes,ventas,	Alguien del  equipo  de  ventas  de  BancoAndes  me ofreció un  crédito hipotecario sin que yo  hubiera preguntado por eso hace  unos días.   
3114,2026-05-12,BancoAndes,comercial,"El área comercial no cumple las condiciones pactadas para la renovación de mi producto???
Enviado desde mi celular Samsung"
3115,2026-05-13,BancoAndes,tecnologia,El sistema de BancoAndes no reconoce mi clave aunque la ingreso correctamente hace unos dias.
3116,2026-05-13,BancoAndes,tecnologia,El sistema  de BancoAndes no genera  mi cartola mensual  en  las últimas semanas.   
3117,2026-05-13,BancoAndes,tecnologia,La banca en línea de BancoAndes no carga mis transacciones recientes ayer.
3118,2026-05-13,BancoAndes,post_venta,BancoAndes no da seguimiento a mi reclamo anterior sobre el mismo producto hace unos días. 😤
3119,2026-05-13,BANCOANDES,post_venta,BancoAndes no aclara mis dudas sobre las condiciones del crédito ya contratado lo cual me parece una falta de respeto hacia el cliente!!!
3120,2026-05-13,BANCOANDES,post_venta,El área de post venta no me ayuda a entender los cobros de mi cuenta recién abierta y no encuentro cómo resolverlo durante el fin de semana.
3121,2026-05-13,BancoAndes,pre_venta,Un asesor de BancoAndes me dio información distinta a la que aparece en la página web hace unos días... N° de reclamo anterior: RC-35611.
3122,2026-05-13,BancoAndes,tecnologia,"NO PUEDO ENTRAR A MI CUENTA DE BANCOANDES, NO SÉ SI ES UNA FALLA DEL SISTEMA O SI ALGUIEN CAMBIÓ MI CLAVE SIN AUTORIZACIÓN.
--
Atte, cliente BancoAndes"
3123,2026-05-14,BancoAndes,tecnologia,La aplicación de BancoAndes no permite descargar mis comprobantes de pago... N° de reclamo anterior: RC-76532.
3124,2026-05-14,Banco Andes,post_venta,El área de post venta no aclara mis dudas sobre las condiciones del crédito ya contratado y esto ya me tiene bastante molesto.
3125,2026-05-14,BancoAndes,post_venta,El equipo de seguimiento no responde mis llamadas desde que contraté el seguro y esto ya me tiene bastante molesto...
3126,2026-05-14,BancoAndes,ventas,Alguien del equipo de ventas de BancoAndes me ofreció condiciones distintas a las que después aparecieron en el contrato.<br>
3127,2026-05-14,BancoAndes,ventas,Un ejecutivo de ventas de BancoAndes me presionó para aceptar un producto en la misma llamada y no encuentro cómo resolverlo.
3128,2026-05-14,BancoAndes,ventas,Un vendedor telefónico de BancoAndes me vendió un seguro sin explicarme bien las condiciones sin que nadie del banco se haga responsable. N° de reclamo anterior: RC-27639.
3129,2026-05-14,BancoAndes,ventas,Un vendedor telefónico de BancoAndes me ofreció condiciones distintas a las que después aparecieron en el contrato y hasta ahora nadie me ha dado una solución.
3130,2026-05-15,BancoAndes,tecnologia,El sitio web de BancoAndes se congela cada vez que intento hacer una transferencia el mes pasado?!
3131,2026-05-15,BancoAndes,pre_venta,El  servicio  de soporte dejo de  responder despues de  que  firme el  contrato y esto ya  me tiene  bastante  molesto esta  semana.   
3132,2026-05-15,BancoAndes,post_venta,El área de post venta no me contacta para revisar cómo va mi producto contratado esta semana.
3133,2026-05-15,BancoAndes,ventas,Un representante de ventas de BancoAndes me ofreció una tarjeta con beneficios que después no eran reales y no encuentro cómo resolverlo hace unos días.
3134,2026-05-15,BancoAndes,ventas,Un representante de ventas de BancoAndes me llamo insistentemente para ofrecerme una tarjeta que no pedi y no encuentro como resolverlo. 😤
3135,2026-05-15,Banco Andes,ventas,Un vendedor telefónico de BancoAndes me presionó para aceptar un producto en la misma llamada lo cual me parece una falta de respeto hacia el cliente durante el fin de semana.
3136,2026-05-15,BANCOANDES,ventas,Alguien del equipo de ventas de BancoAndes insistió en que aceptara un producto que ya había rechazado antes sin que nadie del banco se haga responsable en las últimas semanas.
3137,2026-05-15,BancoAndes,fraude_seguridad,<p>Un tercero generó cargos fraudulentos en mi tarjeta de BancoAndes hace unos días.</p> 😤
3138,2026-05-15,BancoAndes,comercial,El equipo comercial no honra la promoción con la que me convencieron de cambiarme de banco el mes pasado. 😡
3139,2026-05-16,BANCOANDES,tecnologia,	El portal  de clientes  de BancoAndes muestra  información desactualizada de mi cuenta y hasta  ahora nadie me ha  dado una solución???
3140,2026-05-16,BancoAndes,tecnologia,	El portal  de clientes de BancoAndes no genera  mi cartola mensual y hasta ahora nadie  me  ha  dado una  solucion.
3141,2026-05-16,BancoAndes,cobranza,El equipo de cobranza de BancoAndes no actualiza mi historial después de pagar la deuda hace unos días.
3142,2026-05-16,BancoAndes,cobranza,"BancoAndes de BancoAndes insiste en cobrar un monto que ya fue aclarado antes en las últimas semanas.
--
Atte, cliente BancoAndes"
3143,2026-05-16,BancoAndes,cobranza,El equipo de cobranza de BancoAndes no actualiza mi historial despues de pagar la deuda sin que nadie del banco se haga responsable el mes pasado.
3144,2026-05-16,BancoAndes,post_venta,BancoAndes no me contacta para revisar como va mi producto contratado.
3145,2026-05-16,BancoAndes,post_venta,El servicio de soporte ignora mis mensajes desde que active la cuenta nueva y no encuentro como resolverlo.
3146,2026-05-16,BancoAndes,post_venta,BancoAndes dejó de responder después de que firmé el contrato y esto ya me tiene bastante molesto.
3147,2026-05-16,BancoAndes,ventas,	UN ASESOR COMERCIAL  DE BANCOANDES  ME OFRECIÓ CONDICIONES  DISTINTAS A LAS QUE DESPUÉS APARECIERON  EN EL  CONTRATO  HACE UNOS DÍAS.   
3148,2026-05-16,BancoAndes,ventas,"Un asesor comercial de BancoAndes me contactó varias veces el mismo día ofreciéndome productos distintos y hasta ahora nadie me ha dado una solución hace unos días. 😤
Enviado desde mi iPhone"
3149,2026-05-16,BancoAndes,comercial,"	BancoAndes desconoce el  acuerdo  comercial que  hice  con  un ejecutivo anterior el mes pasado.   
Enviado desde mi celular Samsung"
3150,2026-05-16,BancoAndes,pre_venta,"Un ejecutivo de BancoAndes no respondió mi solicitud de información sobre cuentas de ahorro y sigo esperando una respuesta ayer???
Gracias, espero respuesta pronto."
3151,2026-05-17,BancoAndes,tecnologia,	La banca en línea  de BancoAndes se  congela cada  vez que  intento hacer una transferencia  y no encuentro  cómo resolverlo  ayer.   
3152,2026-05-17,BancoAndes,tecnologia,	El sistema de BancoAndes se demora muchísimo en cargar cualquier operación.   
3153,2026-05-17,BancoAndes,tecnologia,El portal de clientes de BancoAndes no me permite autenticarme desde el celular hace unos días. 😞 Pueden contactarme al +56 9 1350 4515.
3154,2026-05-17,BancoAndes,tecnologia,El sistema de BancoAndes se cierra sola cada vez que intento pagar una cuenta y sigo esperando una respuesta. 😠
3155,2026-05-17,BancoAndes,cobranza,Nadie en el area de cobranza de BancoAndes me cobro un interes mas alto del que se habia acordado y no encuentro como resolverlo hace unos dias.
3156,2026-05-17,BancoAndes,post_venta,BancoAndes no me ayuda a entender los cobros de mi cuenta recién abierta durante el fin de semana!!
3157,2026-05-17,BancoAndes,post_venta,Nadie en BancoAndes no me explica cómo usar el producto que contraté hace poco y no encuentro cómo resolverlo en las últimas semanas.
3158,2026-05-17,BancoAndes,ventas,Un ejecutivo  de ventas de BancoAndes  me contactó varias veces el mismo día ofreciéndome productos distintos sin que nadie del  banco se  haga responsable.   !!
3159,2026-05-17,Banco  Andes ,ventas,Un representante de ventas de BancoAndes me llamó insistentemente para ofrecerme una tarjeta que no pedí y hasta ahora nadie me ha dado una solución ayer. Mi rut es 18.389.533-2.
3160,2026-05-17,BancoAndes,fraude_seguridad,<p>Un tercero usó mis datos para solicitar un producto en BancoAndes a mi nombre y sigo esperando una respuesta.</p>
3161,2026-05-18,BancoAndes,post_venta,BancoAndes no cumplió con el acompañamiento que me prometieron al contratar?! Mi rut es 23.222.399-2.
3162,2026-05-18,BancoAndes,fraude_seguridad,	Un&nbsp;tercero  cambió  mi  clave de BancoAndes  sin que  yo  lo hiciera.   
3163,2026-05-18,BancoAndes,fraude_seguridad,El equipo comercial no ha activado el beneficio que me ofrecieron al abrir la cuenta el mes pasado???
3164,2026-05-19,BancoAndes,tecnologia,El sistema de BancoAndes no envía el código de verificación para iniciar sesión y esto ya me tiene bastante molesto esta semana.
3165,2026-05-19,BancoAndes,tecnologia,	La  clave digital de  BancoAndes  se demora muchísimo  en cargar  cualquier operación  el mes pasado.   
3166,2026-05-19,BancoAndes,tecnologia,	La  banca en línea de BancoAndes no  me deja  actualizar mis datos de  contacto el mes pasado?!
3167,2026-05-19,BancoAndes,cobranza,Nadie en el área de cobranza de BancoAndes sigue enviándome cartas de cobro por una deuda pagada lo cual me parece una falta de respeto hacia el cliente hace unos días.
3168,2026-05-19,BancoAndes,ventas,Un ejecutivo de ventas de BancoAndes me ofreció una tarjeta con beneficios que después no eran reales el mes pasado.
3169,2026-05-19,BancoAndes,ventas,	Alguien del  equipo  de  ventas de  BancoAndes  me contacto para venderme un  seguro  que no solicite sin que nadie del banco se haga  responsable esta semana.   
3170,2026-05-19,BancoAndes,fraude_seguridad,	No  sé quién accedió  a  mi cuenta de BancoAndes sin  que yo lo autorizara hace unos días.    ⏳
3171,2026-05-19,Banco  Andes ,comercial,El ejecutivo comercial desconoce el acuerdo comercial que hice con un ejecutivo anterior lo cual me parece una falta de respeto hacia el cliente esta semana. Mi rut es 22.609.449-8.
3172,2026-05-20,BancoAndes,post_venta,BancoAndes de BancoAndes sigue enviándome cartas de cobro por una deuda pagada ayer.
3173,2026-05-20,BancoAndes,cobranza,	BancoAndes  de BancoAndes  me amenaza con  acciones legales por un monto incorrecto sin que  nadie  del banco se haga  responsable.
3174,2026-05-20,BancoAndes,cobranza,El departamento de cobranza de BancoAndes me está cobrando una multa que no está justificada y no encuentro cómo resolverlo.
3175,2026-05-20,BancoAndes,cobranza,Nadie en el área de cobranza de BancoAndes no acepta renegociar mi deuda en condiciones razonables y no encuentro cómo resolverlo en las últimas semanas.
3176,2026-05-20,BancoAndes,cobranza,BancoAndes de BancoAndes me está cobrando una multa que no está justificada y no encuentro cómo resolverlo. 🙄
3177,2026-05-20,BancoAndes,post_venta,El área de post venta no me explica cómo usar el producto que contraté hace poco y no encuentro cómo resolverlo el mes pasado.
3178,2026-05-21,BancoAndes,tecnologia,El sistema de BancoAndes no procesa correctamente mis pagos programados sin que nadie del banco se haga responsable.
3179,2026-05-21,BancoAndes,ventas,La clave digital de BancoAndes muestra información desactualizada de mi cuenta lo cual me parece una falta de respeto hacia el cliente en las últimas semanas.
3180,2026-05-21,BancoAndes,cobranza,El área de cobranza de BancoAndes no quiere regularizar mi deuda a pesar de que ya pagué durante el fin de semana.
3181,2026-05-21,Banco  Andes ,cobranza,BancoAndes de BancoAndes no quiere regularizar mi deuda a pesar de que ya pagué sin que nadie del banco se haga responsable.
3182,2026-05-21,BANCOANDES,post_venta,Nadie en BancoAndes no me explica cómo usar el producto que contraté hace poco.
3183,2026-05-21,BancoAndes,ventas,Un representante de ventas de BancoAndes me ofreció condiciones distintas a las que después aparecieron en el contrato sin que nadie del banco se haga responsable.
3184,2026-05-22,BancoAndes,tecnologia,La clave digital de BancoAndes no permite descargar mis comprobantes de pago esta semana.
3185,2026-05-22,BancoAndes,cobranza,Nadie en el área de cobranza de BancoAndes no acepta renegociar mi deuda en condiciones razonables.
3186,2026-05-22,BancoAndes,cobranza,El área de cobranza de BancoAndes no actualiza mi historial después de pagar la deuda y no encuentro cómo resolverlo hace unos días.
3187,2026-05-22,BancoAndes,post_venta,"Nadie en  el  area de cobranza de  BancoAndes no  quiere regularizar  mi  deuda a pesar  de que  ya  pague y  sigo  esperando una respuesta  el  mes pasado.   
Enviado desde mi iPhone"
3188,2026-05-22,BancoAndes,post_venta,El equipo de seguimiento no responde mis consultas de seguimiento sobre el crédito que ya tengo ayer.
3189,2026-05-22,BancoAndes,ventas,Un vendedor telefónico de BancoAndes me ofreció condiciones distintas a las que después aparecieron en el contrato y hasta ahora nadie me ha dado una solución ayer.
3190,2026-05-22,BancoAndes,ventas,Un ejecutivo de ventas de BancoAndes me ofreció un crédito hipotecario sin que yo hubiera preguntado por eso...
3191,2026-05-22,BancoAndes,ventas,Alguien del equipo de ventas de BancoAndes me ofreció un crédito hipotecario sin que yo hubiera preguntado por eso el mes pasado!!!
3192,2026-05-22,BancoAndes,ventas,Un representante de ventas de BancoAndes insistió en ofrecerme un crédito de consumo sin que yo lo pidiera en las últimas semanas!!
3193,2026-05-22,BancoAndes,fraude_seguridad,Una persona  no  autorizada  generó cargos fraudulentos en mi tarjeta  de  BancoAndes durante el fin de  semana.
3194,2026-05-22,BancoAndes,cobranza,Alguien del equipo de informaciones de BancoAndes me remitio a distintas areas sin darme una respuesta clara y hasta ahora nadie me ha dado una solucion.
3195,2026-05-22,BancoAndes,pre_venta,El servicio de atención de BancoAndes me pidió los mismos documentos varias veces sin avanzar y hasta ahora nadie me ha dado una solución. 😞
3196,2026-05-23,BancoAndes,cobranza,Nadie en el área de cobranza de BancoAndes me cobra comisiones que no estaban en el contrato original y sigo esperando una respuesta ayer.
3197,2026-05-23,bancoandes,ventas,Un representante de ventas de BancoAndes me llamó de un número desconocido para ofrecerme un préstamo lo cual me parece una falta de respeto hacia el cliente esta semana!!
3198,2026-05-23,BancoAndes,pre_venta,Una persona no autorizada generó cargos fraudulentos en mi tarjeta de BancoAndes hace unos días!! 😞
3199,2026-05-23,BancoAndes,comercial,BancoAndes no honra la promoción con la que me convencieron de cambiarme de banco.
3200,2026-05-24,BancoAndes,tecnologia,La clave digital de BancoAndes no envía el código de verificación para iniciar sesión lo cual me parece una falta de respeto hacia el cliente. Pueden contactarme al +56 9 6889 3490.
3201,2026-05-24,BANCOANDES,cobranza,Nadie en el área de cobranza de BancoAndes me cobró un interés más alto del que se había acordado ayer.
3202,2026-05-24,BancoAndes,cobranza,"	El departamento  de cobranza  de BancoAndes sigue enviándome  cartas de cobro por una  deuda pagada y no  encuentro cómo resolverlo el  mes pasado.
Gracias, espero respuesta pronto."
3203,2026-05-24,BancoAndes,cobranza,El departamento de  cobranza de BancoAndes  no  reconoce el pago  que  ya realice lo cual me parece una falta de  respeto hacia el  cliente.   
3204,2026-05-24,BancoAndes,comercial,El ejecutivo comercial cambió las condiciones comerciales sin avisarme ayer!!
3205,2026-05-25,Banco Andes,tecnologia,La clave digital de BancoAndes muestra informacion desactualizada de mi cuenta sin que nadie del banco se haga responsable.
3206,2026-05-25,BancoAndes,tecnologia,El sitio web de BancoAndes se congela cada vez que intento hacer una transferencia esta semana.
3207,2026-05-25,BancoAndes,tecnologia,La banca en línea de BancoAndes lleva días caída y no puedo ver mis movimientos durante el fin de semana. Pueden contactarme al +56 9 4277 8249.
3208,2026-05-25,BANCOANDES,tecnologia,La banca en línea de BancoAndes no carga mis transacciones recientes lo cual me parece una falta de respeto hacia el cliente en las últimas semanas.
3209,2026-05-25,BancoAndes,cobranza,BancoAndes de BancoAndes me cobró un interés más alto del que se había acordado.
3210,2026-05-25,BancoAndes,cobranza,El departamento de cobranza de BancoAndes no responde mi solicitud de repactación de deuda.
3211,2026-05-25,BancoAndes,cobranza,BancoAndes de BancoAndes no responde mi solicitud de repactación de deuda y hasta ahora nadie me ha dado una solución el mes pasado.
3212,2026-05-25,BancoAndes,tecnologia,BancoAndes de BancoAndes insiste en  cobrar  un  monto que  ya  fue aclarado  antes y sigo esperando una  respuesta hace unos  días.   
3213,2026-05-25,BancoAndes,post_venta,El servicio de soporte no me ayuda a entender los cobros de mi cuenta recien abierta hace unos dias. Mi rut es 13.636.317-4.
3214,2026-05-25,BancoAndes,ventas,	ALGUIEN  DEL EQUIPO DE  VENTAS DE BANCOANDES ME LLAMÓ PARA RENOVARME UN PRODUCTO SIN MI AUTORIZACIÓN Y NO ENCUENTRO CÓMO  RESOLVERLO EN LAS  ÚLTIMAS  SEMANAS.   <BR>
3215,2026-05-25,bancoandes,fraude_seguridad,Un tercero realizó una transferencia desde mi cuenta de BancoAndes que no reconozco y esto ya me tiene bastante molesto!!
3216,2026-05-25,BancoAndes,fraude_seguridad,Alguien clono mi tarjeta de BancoAndes y BancoAndes no reacciono a tiempo ayer.
3217,2026-05-25,BancoAndes,cobranza,	BancoAndes no  respeta el  descuento comercial  que me  habían prometido al inicio durante  el fin de semana.   
3218,2026-05-25,BancoAndes,comercial,El ejecutivo comercial no cumple las condiciones pactadas para la renovación de mi producto y sigo esperando una respuesta ayer...
3219,2026-05-25,BancoAndes,fraude_seguridad,BancoAndes no ha activado el beneficio que me ofrecieron al abrir la cuenta.
3220,2026-05-25,BancoAndes,pre_venta,El área comercial de BancoAndes me pidió los mismos documentos varias veces sin avanzar durante el fin de semana.
3221,2026-05-26,BancoAndes,tecnologia,La aplicación de BancoAndes no genera mi cartola mensual durante el fin de semana.
3222,2026-05-26,BancoAndes,cobranza,Nadie en el area de cobranza de BancoAndes no corrige un error de facturacion que ya reporte!! 😞
3223,2026-05-26,BancoAndes,post_venta,El equipo de seguimiento no responde mis consultas de seguimiento sobre el crédito que ya tengo el mes pasado.
3224,2026-05-26,BancoAndes,ventas,"Un representante de ventas de BancoAndes me contactó varias veces el mismo día ofreciéndome productos distintos ayer.
--
Atte, cliente BancoAndes"
3225,2026-05-26,BANCOANDES,ventas,Un ejecutivo de ventas de BancoAndes insistió en que aceptara un producto que ya había rechazado antes en las últimas semanas.<br>
3226,2026-05-26,BancoAndes,fraude_seguridad,"Alguien uso mi tarjeta de BancoAndes sin mi autorizacion.
Gracias, espero respuesta pronto."
3227,2026-05-27,BancoAndes,cobranza,El área de cobranza de BancoAndes no corrige un error de facturación que ya reporté durante el fin de semana.
3228,2026-05-27,BancoAndes,post_venta,El equipo de seguimiento no responde mis llamadas desde que contraté el seguro sin que nadie del banco se haga responsable.
3229,2026-05-27,BancoAndes,ventas,"Un representante de ventas de BancoAndes me presionó para aceptar un producto en la misma llamada y no encuentro cómo resolverlo hace unos días.
--
Atte, cliente BancoAndes"
3230,2026-05-27,BancoAndes,comercial,El&nbsp;ejecutivo comercial cambió mi plan comercial sin mi consentimiento en las últimas semanas.
3231,2026-05-28,BancoAndes,tecnologia,El sitio web de BancoAndes muestra informacion desactualizada de mi cuenta y esto ya me tiene bastante molesto el mes pasado.
3232,2026-05-28,BancoAndes,tecnologia,La banca en línea de BancoAndes no permite descargar mis comprobantes de pago y esto ya me tiene bastante molesto en las últimas semanas.
3233,2026-05-28,BancoAndes,cobranza,Nadie en el área de cobranza de BancoAndes me cobra intereses que no corresponden a mi situación ayer.
3234,2026-05-28,BancoAndes,cobranza,Nadie en el área de cobranza de BancoAndes no acepta renegociar mi deuda en condiciones razonables durante el fin de semana.
3235,2026-05-28,BancoAndes,post_venta,Nadie en BancoAndes no da seguimiento a mi reclamo anterior sobre el mismo producto y sigo esperando una respuesta.
3236,2026-05-28,BancoAndes,post_venta,El área de post venta no da seguimiento a mi reclamo anterior sobre el mismo producto hace unos días.
3237,2026-05-28,BancoAndes,post_venta,El servicio de soporte me deja sin respuesta despues de haber aceptado el producto sin que nadie del banco se haga responsable. 🙄 Mi rut es 13.669.599-2.
3238,2026-05-28,BancoAndes,fraude_seguridad,"No sé quién generó cargos fraudulentos en mi tarjeta de BancoAndes y no encuentro cómo resolverlo.
Enviado desde mi celular Samsung"
3239,2026-05-28,Banco  Andes ,comercial,El área comercial me aplicó una comisión que no estaba en la oferta original y esto ya me tiene bastante molesto el mes pasado.
3240,2026-05-29,BancoAndes,cobranza,	El  área de cobranza de BancoAndes me  cobró un interés  más alto  del que se había acordado esta semana.<br>  
3241,2026-05-29,BancoAndes,ventas,Un vendedor telefonico de BancoAndes me contacto para venderme un seguro que no solicite.
3242,2026-05-29,BancoAndes,ventas,Un ejecutivo de ventas de BancoAndes me contactó para venderme un seguro que no solicité y esto ya me tiene bastante molesto hace unos días.
3243,2026-05-29,BancoAndes,fraude_seguridad,Una persona no autorizada usó mi cuenta de BancoAndes para retiros que yo no hice en las últimas semanas. 🙄
3244,2026-05-29,BancoAndes,fraude_seguridad,	Una persona no autorizada  intento estafarme haciendose pasar  por  un ejecutivo  de  BancoAndes esta  semana.   
3245,2026-05-29,BancoAndes,pre_venta,"Un ejecutivo de BancoAndes me remitió a distintas áreas sin darme una respuesta clara y no encuentro cómo resolverlo. 😡
Enviado desde mi celular Samsung"
3246,2026-05-29,BancoAndes,fraude_seguridad,"Recibí una alerta de inicio de sesión sospechosa en BancoAndes, pero el soporte técnico dice que es un error del sistema."
3247,2026-05-30,BancoAndes,tecnologia,	La clave  digital  de  BancoAndes no  genera mi  cartola  mensual ayer.
3248,2026-05-30,BancoAndes,cobranza,BancoAndes de BancoAndes no quiere regularizar mi deuda a pesar de que ya pagué ayer!!
3249,2026-05-30,Banco  Andes ,cobranza,"El departamento de cobranza de BancoAndes no reconoce el pago que ya realice y no encuentro como resolverlo. ⏳
Gracias, espero respuesta pronto."
3250,2026-05-30,BancoAndes,cobranza,El departamento de cobranza de BancoAndes me amenaza con acciones legales por un monto incorrecto y esto ya me tiene bastante molesto.
3251,2026-05-30,BancoAndes,cobranza,El equipo de cobranza de BancoAndes no quiere regularizar mi deuda a pesar de que ya pagué en las últimas semanas.
3252,2026-05-30,BancoAndes,post_venta,"El servicio de soporte no responde mis llamadas desde que contraté el seguro lo cual me parece una falta de respeto hacia el cliente.
Enviado desde mi iPhone N° de reclamo anterior: RC-51554."
3253,2026-05-30,BancoAndes,ventas,Un asesor comercial de BancoAndes siguió llamando después de que le dije que no me interesaba hace unos días.
3254,2026-05-30,BancoAndes,fraude_seguridad,UNA PERSONA NO AUTORIZADA INTENTÓ ESTAFARME HACIÉNDOSE PASAR POR UN EJECUTIVO DE BANCOANDES SIN QUE NADIE DEL BANCO SE HAGA RESPONSABLE. 👎
3255,2026-05-30,BancoAndes,comercial,"Nadie en el área comercial aplicó condiciones distintas a las que figuraban en la propuesta comercial hace unos días.<br>
Enviado desde mi iPhone"
3256,2026-05-31,BancoAndes,tecnologia,La aplicación de BancoAndes no procesa correctamente mis pagos programados. 😞
3257,2026-05-31,BancoAndes,tecnologia,El sitio web de BancoAndes se cierra sola cada vez que intento pagar una cuenta y sigo esperando una respuesta ayer!!
3258,2026-05-31,BancoAndes,tecnologia,El sitio web de BancoAndes lleva dias caida y no puedo ver mis movimientos sin que nadie del banco se haga responsable.
3259,2026-05-31,BancoAndes,cobranza,"El departamento de cobranza de BancoAndes me cobra comisiones que no estaban en el contrato original y no encuentro cómo resolverlo???
Enviado desde mi iPhone"
3260,2026-05-31,BancoAndes,cobranza,El equipo de cobranza de BancoAndes no acepta renegociar mi deuda en condiciones razonables y no encuentro cómo resolverlo en las últimas semanas.
3261,2026-05-31,BancoAndes,cobranza,	El departamento de cobranza de BancoAndes  me cobró dos veces  la  misma cuota y  sigo esperando una respuesta esta semana.   ???
3262,2026-05-31,BancoAndes,post_venta,"Nadie en BancoAndes no me contacta para revisar como va mi producto contratado esta semana.
Gracias, espero respuesta pronto."
3263,2026-05-31,BancoAndes,post_venta,El  servicio  de  soporte  no responde mis  llamadas desde que  contraté  el seguro y esto ya me tiene bastante  molesto. Pueden contactarme al +56 9 1278 5130.
3264,2026-05-31,BancoAndes,fraude_seguridad,Un tercero hizo compras con mi tarjeta de BancoAndes que yo nunca autoricé durante el fin de semana???
3265,2026-05-31,BancoAndes,comercial,BancoAndes no respeta el plan comercial que acordamos por escrito lo cual me parece una falta de respeto hacia el cliente el mes pasado.
3266,2026-05-31,Banco  Andes ,comercial,Nadie en el area comercial no cumple con el beneficio que venia incluido en mi cuenta lo cual me parece una falta de respeto hacia el cliente el mes pasado.
3267,2026-06-01,BancoAndes,tecnologia,La clave digital de BancoAndes marca error de  sistema constantemente y esto ya me  tiene  bastante molesto.   ...
3268,2026-06-01,BancoAndes,tecnologia,La aplicación de BancoAndes no me permite autenticarme desde el celular durante el fin de semana.
3269,2026-06-01,BancoAndes,tecnologia,"La&nbsp;aplicación de BancoAndes no reconoce mi clave aunque la ingreso correctamente.
Enviado desde mi iPhone"
3270,2026-06-01,Banco Andes,cobranza,BancoAndes de BancoAndes no acepta renegociar mi deuda en condiciones razonables sin que nadie del banco se haga responsable durante el fin de semana.
3271,2026-06-01,BancoAndes,post_venta,El área de post venta ignora mis mensajes desde  que  activé la cuenta nueva  y esto ya me  tiene bastante molesto. Mi rut es 16.780.140-K.
3272,2026-06-01,Banco Andes,ventas,Un representante de ventas de BancoAndes siguio llamando despues de que le dije que no me interesaba durante el fin de semana.
3273,2026-06-01,BancoAndes,fraude_seguridad,"Un tercero usó mi cuenta de BancoAndes para retiros que yo no hice hace unos días. 😠
Gracias, espero respuesta pronto."
3274,2026-06-01,BancoAndes,comercial,El ejecutivo comercial me aplicó una comisión que no estaba en la oferta original lo cual me parece una falta de respeto hacia el cliente ayer.
3275,2026-06-01,BancoAndes,comercial,"El equipo comercial no  quiere renegociar las  condiciones de  mi crédito y  hasta  ahora nadie me ha  dado una solución.<br>  !!
Gracias, espero respuesta pronto."
3276,2026-06-01,BancoAndes,comercial,El área comercial cambió mi plan comercial sin mi consentimiento y hasta ahora nadie me ha dado una solución ayer.
3277,2026-06-02,BancoAndes,tecnologia,La aplicación de BancoAndes marca error de sistema constantemente y hasta ahora nadie me ha dado una solución.
3278,2026-06-02,BancoAndes,tecnologia,El portal de clientes de BancoAndes marca error de sistema constantemente y hasta ahora nadie me ha dado una solución en las últimas semanas.
3279,2026-06-02,BancoAndes,tecnologia,La aplicación de BancoAndes no permite descargar mis comprobantes de pago en las últimas semanas.
3280,2026-06-02,Banco  Andes ,tecnologia,El sistema de BancoAndes no genera mi cartola mensual y no encuentro cómo resolverlo!! Mi rut es 15.771.610-0.
3281,2026-06-02,BancoAndes,cobranza,El equipo de cobranza de BancoAndes me cobra intereses que no corresponden a mi situación esta semana.
3282,2026-06-02,BancoAndes,cobranza,	El departamento de cobranza de  BancoAndes  insiste en cobrar un monto que ya  fue  aclarado antes durante  el  fin de semana.
3283,2026-06-02,BancoAndes,post_venta,El equipo de seguimiento no aclara mis dudas sobre las condiciones del crédito ya contratado???
3284,2026-06-02,BancoAndes,post_venta,Nadie en BancoAndes dejo de responder despues de que firme el contrato y esto ya me tiene bastante molesto. Pueden contactarme al +56 9 6201 6768.
3285,2026-06-02,BancoAndes,post_venta,"BancoAndes no  cumplió con el acompañamiento que me prometieron al contratar  y hasta  ahora nadie me ha dado una  solución.   
Enviado desde mi iPhone"
3286,2026-06-02,BancoAndes,fraude_seguridad,Un desconocido intentó estafarme haciéndose pasar por un ejecutivo de BancoAndes sin que nadie del banco se haga responsable. Pueden contactarme al +56 9 5005 5165.
3287,2026-06-02,BancoAndes,fraude_seguridad,Un desconocido me contactó por phishing usando el nombre de BancoAndes lo cual me parece una falta de respeto hacia el cliente el mes pasado.
3288,2026-06-02,BancoAndes,pre_venta,Un asesor  de  BancoAndes nunca me contactó después de pedir información sobre un  crédito.
3289,2026-06-02,BancoAndes,pre_venta,"ALGUIEN DEL EQUIPO DE INFORMACIONES DE BANCOANDES TARDÓ SEMANAS EN RESPONDER MI CONSULTA INICIAL HACE UNOS DÍAS.
Gracias, espero respuesta pronto. Pueden contactarme al +56 9 5559 1914."
3290,2026-06-03,BancoAndes,tecnologia,La aplicación de BancoAndes no envía el código de verificación para iniciar sesión y no encuentro cómo resolverlo.
3291,2026-06-03,BancoAndes,post_venta,BancoAndes me deja sin respuesta después de haber aceptado el producto hace unos días. 😡 Pueden contactarme al +56 9 2454 8392.
3292,2026-06-03,BancoAndes,comercial,BancoAndes no respeta el plan comercial que acordamos por escrito ayer?!
3293,2026-06-03,BancoAndes,pre_venta,Un ejecutivo de BancoAndes me dijo que me llamarían con más información y nunca lo hicieron y no encuentro cómo resolverlo. Mi rut es 18.695.840-K.
3294,2026-06-03,BancoAndes,pre_venta,"El servicio de atención de BancoAndes no me informó sobre los costos asociados antes de que decidiera.
Gracias, espero respuesta pronto."
3295,2026-06-04,BancoAndes,tecnologia,La clave digital de BancoAndes se congela cada vez que intento hacer una transferencia sin que nadie del banco se haga responsable. 😡
3296,2026-06-04,Banco  Andes ,post_venta,El area de cobranza de BancoAndes me cobra intereses que no corresponden a mi situacion sin que nadie del banco se haga responsable en las ultimas semanas.
3297,2026-06-04,Banco Andes,cobranza,"El departamento de cobranza de BancoAndes no acepta renegociar mi deuda en condiciones razonables esta semana.
--
Atte, cliente BancoAndes"
3298,2026-06-04,BancoAndes,post_venta,El  servicio  de soporte no cumplió  con el  acompañamiento  que me prometieron al  contratar.<br>  
3299,2026-06-04,BancoAndes,post_venta,El área de post venta dejó de responder después de que firmé el contrato.
3300,2026-06-04,BancoAndes,fraude_seguridad,Nadie en BancoAndes dejo de responder despues de que firme el contrato esta semana.
3301,2026-06-04,BancoAndes,ventas,"Un&nbsp;asesor comercial de BancoAndes me ofrecio condiciones distintas a las que despues aparecieron en el contrato sin que nadie del banco se haga responsable.
Gracias, espero respuesta pronto."
3302,2026-06-04,BancoAndes,ventas,Un ejecutivo de ventas de BancoAndes me llamó para renovarme un producto sin mi autorización.
3303,2026-06-04,BancoAndes,pre_venta,UN ASESOR DE BANCOANDES NO SUPO RESPONDER MIS DUDAS SOBRE LAS CONDICIONES DEL PRÉSTAMO!!
3304,2026-06-04,BancoAndes,pre_venta,El area comercial de BancoAndes nunca me contacto despues de pedir informacion sobre un credito lo cual me parece una falta de respeto hacia el cliente.<br> N° de reclamo anterior: RC-81412.
3305,2026-06-05,BancoAndes,tecnologia,La  banca en  línea de BancoAndes muestra información desactualizada  de  mi cuenta  y  esto ya me tiene  bastante molesto  el mes pasado.    Pueden contactarme al +56 9 4840 8800.
3306,2026-06-05,BancoAndes,tecnologia,El sistema de BancoAndes no reconoce mi clave aunque la ingreso correctamente y no encuentro cómo resolverlo el mes pasado.<br> Pueden contactarme al +56 9 8204 6821.
3307,2026-06-05,BancoAndes,cobranza,El área de cobranza de BancoAndes me cobró dos veces la misma cuota durante el fin de semana.
3308,2026-06-05,BancoAndes,cobranza,El área de cobranza de BancoAndes me cobra intereses que no corresponden a mi situación y sigo esperando una respuesta.
3309,2026-06-05,Banco Andes,cobranza,El departamento de cobranza de BancoAndes no reconoce el pago que ya realicé durante el fin de semana.
3310,2026-06-05,BancoAndes,ventas,Un asesor comercial de BancoAndes siguió llamando después de que le dije que no me interesaba ayer.
3311,2026-06-05,BancoAndes,comercial,El equipo comercial no reconoce el descuento por cliente antiguo que me habian asegurado!!
3312,2026-06-05,BancoAndes,pre_venta,	El  servicio de  atención  de  BancoAndes no me  aclaró  cuáles eran los documentos necesarios para postular!!! 👎
3313,2026-06-05,BancoAndes,comercial,	Me prometieron una  tasa preferencial  en BancoAndes y ahora cobranza me está cobrando la tasa normal.
3314,2026-06-06,BancoAndes,tecnologia,El portal de clientes de BancoAndes no reconoce mi clave aunque la ingreso correctamente.
3315,2026-06-06,BancoAndes,post_venta,El servicio de  soporte  no resuelve mi duda sobre  el estado  de mi  solicitud ya aprobada lo  cual me  parece  una falta de respeto hacia el cliente el  mes  pasado.   <br>
3316,2026-06-06,BancoAndes,ventas,Un vendedor telefónico de BancoAndes me contactó para venderme un seguro que no solicité y sigo esperando una respuesta.
3317,2026-06-06,BancoAndes,ventas,Alguien del equipo de ventas de BancoAndes me presionó para aceptar un producto en la misma llamada en las últimas semanas.
3318,2026-06-06,BancoAndes,fraude_seguridad,"Un tercero me contacto por phishing usando el nombre de BancoAndes sin que nadie del banco se haga responsable el mes pasado?!
Enviado desde mi iPhone"
3319,2026-06-06,BancoAndes,comercial,Nadie en el área comercial no aplica la tasa preferencial que se me ofreció al contratar y no encuentro cómo resolverlo!!
3320,2026-06-06,BancoAndes,comercial,El equipo comercial desconoce el acuerdo comercial que hice con un ejecutivo anterior lo cual me parece una falta de respeto hacia el cliente.
3321,2026-06-06,BancoAndes,pre_venta,Un asesor de BancoAndes me dio información distinta a la que aparece en la página web ayer.
3322,2026-06-06,BancoAndes,pre_venta,Un asesor de BancoAndes me dijo que me llamarian con mas informacion y nunca lo hicieron lo cual me parece una falta de respeto hacia el cliente.
3323,2026-06-07,BancoAndes,tecnologia,La clave digital de  BancoAndes  no procesa  correctamente  mis pagos programados ayer. 🙄
3324,2026-06-07,BancoAndes,tecnologia,La aplicacion de BancoAndes se cierra sola cada vez que intento pagar una cuenta ayer???
3325,2026-06-07,BancoAndes,cobranza,BancoAndes  de  BancoAndes  no  corrige  un error de facturación que ya reporté lo cual  me parece una  falta  de  respeto  hacia  el cliente.   <br>
3326,2026-06-07,BancoAndes,cobranza,El área de cobranza de BancoAndes no reconoce el pago que ya realicé y no encuentro cómo resolverlo?!
3327,2026-06-07,BancoAndes,cobranza,El servicio de soporte me deja sin respuesta después de haber aceptado el producto y esto ya me tiene bastante molesto.
3328,2026-06-07,BancoAndes,ventas,<p>Alguien del equipo de ventas de BancoAndes me llamó para renovarme un producto sin mi autorización lo cual me parece una falta de respeto hacia el cliente.</p>
3329,2026-06-07,BancoAndes,ventas,Un ejecutivo de ventas de BancoAndes me presionó para aceptar un producto en la misma llamada sin que nadie del banco se haga responsable.
3330,2026-06-07,BancoAndes,pre_venta,El area comercial de BancoAndes me dio una cotizacion que despues no coincidia con la real.
3331,2026-06-07,BancoAndes,pre_venta,Un ejecutivo de BancoAndes me pidió los mismos documentos varias veces sin avanzar y esto ya me tiene bastante molesto.
3332,2026-06-08,BancoAndes,tecnologia,La aplicación de  BancoAndes no  envía el código de verificación para iniciar sesión esta semana.
3333,2026-06-08,BancoAndes,cobranza,<p>El área de cobranza de BancoAndes insiste en cobrar un monto que ya fue aclarado antes ayer.</p>
3334,2026-06-08,BancoAndes,post_venta,El área de post venta no cumplió con el acompañamiento que me prometieron al contratar sin que nadie del banco se haga responsable.
3335,2026-06-08,BancoAndes,ventas,Alguien del equipo de  ventas de BancoAndes me llamó de un número desconocido  para  ofrecerme un préstamo sin  que nadie del  banco se haga responsable  ayer.   <br> 😞
3336,2026-06-09,BancoAndes,cobranza,El área de cobranza de BancoAndes sigue enviándome cartas de cobro por una deuda pagada y esto ya me tiene bastante molesto ayer...
3337,2026-06-09,bancoandes,fraude_seguridad,Una persona no autorizada vacio parte de mi cuenta de BancoAndes y el banco no me ha devuelto el dinero y esto ya me tiene bastante molesto.
3338,2026-06-09,BancoAndes,fraude_seguridad,BancoAndes no respeta el descuento comercial que me habían prometido al inicio el mes pasado.
3339,2026-06-09,BancoAndes,pre_venta,El área comercial de BancoAndes no me explicó las diferencias entre los planes disponibles y sigo esperando una respuesta en las últimas semanas.<br> 😞
3340,2026-06-09,BancoAndes,tecnologia,El sistema de BancoAndes no refleja el producto que acabo de contratar y nadie me explica por qué.
3341,2026-06-10,bancoandes,tecnologia,	La banca  en línea de BancoAndes  no permite descargar mis comprobantes  de pago y hasta ahora nadie me ha dado una solución.   
3342,2026-06-10,BancoAndes,tecnologia,"El portal de clientes de BancoAndes no me deja actualizar mis datos de contacto durante el fin de semana. 👎
Enviado desde mi celular Samsung"
3343,2026-06-10,BancoAndes,cobranza,"El area de cobranza de BancoAndes me esta cobrando una multa que no esta justificada y hasta ahora nadie me ha dado una solucion durante el fin de semana. 😤
Gracias, espero respuesta pronto. Pueden contactarme al +56 9 8711 9958."
3344,2026-06-10,BancoAndes,ventas,Un asesor comercial de BancoAndes me contactó varias veces el mismo día ofreciéndome productos distintos y hasta ahora nadie me ha dado una solución ayer.
3345,2026-06-10,BancoAndes,ventas,Alguien del equipo de ventas de BancoAndes me llamó insistentemente para ofrecerme una tarjeta que no pedí y hasta ahora nadie me ha dado una solución durante el fin de semana.
3346,2026-06-10,BancoAndes,pre_venta,El servicio de atención de BancoAndes no me aclaró cuáles eran los documentos necesarios para postular y hasta ahora nadie me ha dado una solución esta semana.
3347,2026-06-11,BancoAndes,tecnologia,"El portal de clientes de BancoAndes no carga mis transacciones recientes.
Enviado desde mi celular Samsung"
3348,2026-06-11,BancoAndes,cobranza,El departamento de cobranza de BancoAndes me cobró dos veces la misma cuota y sigo esperando una respuesta!!
3349,2026-06-11,BancoAndes,cobranza,BancoAndes de BancoAndes no corrige un error de facturación que ya reporté sin que nadie del banco se haga responsable ayer...
3350,2026-06-11,BancoAndes,post_venta,	BancoAndes no resuelve  mi duda sobre el estado de  mi solicitud  ya aprobada y hasta ahora nadie me  ha dado una  solución hace unos días.
3351,2026-06-11,BancoAndes,comercial,"El ejecutivo comercial no cumple las condiciones pactadas para la renovación de mi producto esta semana.
Enviado desde mi iPhone"
3352,2026-06-12,BancoAndes,tecnologia,La banca en línea de BancoAndes no procesa correctamente mis pagos programados y sigo esperando una respuesta.
3353,2026-06-12,BancoAndes,cobranza,El departamento de cobranza de BancoAndes no acepta renegociar mi deuda en condiciones razonables y sigo esperando una respuesta.<br> 👎 Mi rut es 20.810.756-0.
3354,2026-06-12,BancoAndes,cobranza,Nadie en el área de cobranza de BancoAndes no actualiza mi historial después de pagar la deuda. 🙄
3355,2026-06-12,BANCOANDES,ventas,Un vendedor telefónico de BancoAndes me ofreció un crédito hipotecario sin que yo hubiera preguntado por eso el mes pasado.
3356,2026-06-12,BancoAndes,fraude_seguridad,Un desconocido cambió mi clave de BancoAndes sin que yo lo hiciera.
3357,2026-06-12,BancoAndes,fraude_seguridad,Alguien generó cargos fraudulentos en mi tarjeta de BancoAndes durante el fin de semana.
3358,2026-06-13,BancoAndes,tecnologia,La clave digital de BancoAndes no genera mi cartola mensual.
3359,2026-06-13,BancoAndes,tecnologia,La aplicación de BancoAndes no me permite autenticarme desde el celular y esto ya me tiene bastante molesto ayer.
3360,2026-06-13,BancoAndes,tecnologia,El sistema de BancoAndes se demora muchísimo en cargar cualquier operación durante el fin de semana???
3361,2026-06-13,BancoAndes,tecnologia,	La clave  digital  de  BancoAndes muestra información  desactualizada de mi cuenta  y hasta ahora  nadie me ha dado  una  solución. 😞
3362,2026-06-13,BancoAndes,cobranza,El departamento de cobranza de BancoAndes me cobro dos veces la misma cuota y hasta ahora nadie me ha dado una solucion.
3363,2026-06-13,BancoAndes,ventas,EL EQUIPO DE COBRANZA DE BANCOANDES NO ACEPTA RENEGOCIAR MI DEUDA EN CONDICIONES RAZONABLES HACE UNOS DÍAS???
3364,2026-06-13,BancoAndes,post_venta,El servicio de soporte no da seguimiento a mi reclamo anterior sobre el mismo producto y no encuentro cómo resolverlo hace unos días.
3365,2026-06-13,BancoAndes,fraude_seguridad,Un desconocido me contactó por phishing usando el nombre de BancoAndes y hasta ahora nadie me ha dado una solución en las últimas semanas.
3366,2026-06-13,BancoAndes,comercial,Nadie en el área comercial no ha activado el beneficio que me ofrecieron al abrir la cuenta y no encuentro cómo resolverlo.
3367,2026-06-13,BancoAndes,ventas,Nadie en el area comercial no respeta el descuento comercial que me habian prometido al inicio hace unos dias!!
3368,2026-06-13,BancoAndes,pre_venta,	Un ejecutivo  de  BancoAndes no supo responder  mis dudas sobre  las condiciones del préstamo ayer.
3369,2026-06-14,BancoAndes,cobranza,El departamento de cobranza de BancoAndes insiste en cobrar un monto que ya fue aclarado antes. 😞
3370,2026-06-14,BancoAndes,ventas,El equipo de cobranza de BancoAndes no corrige un error de facturación que ya reporté y sigo esperando una respuesta. 😡
3371,2026-06-14,BancoAndes,cobranza,	Nadie en  el  area de cobranza  de BancoAndes no acepta renegociar mi  deuda en condiciones  razonables y  hasta  ahora nadie me ha  dado una solucion.
3372,2026-06-14,BancoAndes,post_venta,Nadie en BancoAndes no me ayuda a entender los cobros de mi cuenta recien abierta en las ultimas semanas.
3373,2026-06-14,BancoAndes,ventas,Un representante de ventas de BancoAndes insistió en ofrecerme un crédito de consumo sin que yo lo pidiera y esto ya me tiene bastante molesto esta semana.
3374,2026-06-14,BancoAndes,ventas,Un ejecutivo  de ventas de BancoAndes me  llamó insistentemente para ofrecerme una  tarjeta que no pedí  ayer.   
3375,2026-06-14,BancoAndes,ventas,UN VENDEDOR  TELEFÓNICO DE BANCOANDES  ME OFRECIÓ CONDICIONES DISTINTAS A LAS QUE  DESPUÉS APARECIERON EN EL  CONTRATO  AYER...
3376,2026-06-14,BancoAndes,fraude_seguridad,Alguien generó cargos fraudulentos en mi tarjeta de BancoAndes y esto ya me tiene bastante molesto el mes pasado. 🙄 Pueden contactarme al +56 9 8075 3219.
3377,2026-06-14,BancoAndes,pre_venta,"ALGUIEN DEL EQUIPO DE INFORMACIONES DE BANCOANDES ME DIO UNA COTIZACIÓN QUE DESPUÉS NO COINCIDÍA CON LA REAL SIN QUE NADIE DEL BANCO SE HAGA RESPONSABLE.
Enviado desde mi celular Samsung"
3378,2026-06-15,BancoAndes,tecnologia,La aplicación  de BancoAndes no permite descargar  mis comprobantes  de  pago y  esto ya me  tiene bastante molesto!!!
3379,2026-06-15,BancoAndes,cobranza,El departamento de cobranza de BancoAndes me cobra comisiones que no estaban en el contrato original y no encuentro cómo resolverlo esta semana. 👎
3380,2026-06-15,BancoAndes,cobranza,Nadie en el área de cobranza de BancoAndes no actualiza mi historial después de pagar la deuda sin que nadie del banco se haga responsable el mes pasado.
3381,2026-06-15,BancoAndes,post_venta,El servicio de soporte no resuelve mi duda sobre el estado de mi solicitud ya aprobada lo cual me parece una falta de respeto hacia el cliente...
3382,2026-06-15,BANCOANDES,ventas,Un vendedor telefonico de BancoAndes me presiono para aceptar un producto en la misma llamada sin que nadie del banco se haga responsable en las ultimas semanas. 😞
3383,2026-06-15,BancoAndes,comercial,	EL EQUIPO  COMERCIAL  NO RESPETA EL PLAN COMERCIAL QUE ACORDAMOS POR ESCRITO ESTA SEMANA.
3384,2026-06-16,BancoAndes,post_venta,"EL ÁREA DE POST VENTA ME DEJA SIN RESPUESTA DESPUÉS DE HABER ACEPTADO EL PRODUCTO EL MES PASADO.
Enviado desde mi celular Samsung"
3385,2026-06-16,Banco Andes,post_venta,	BancoAndes no me  entrega la información que me prometieron al firmar  lo cual me  parece una  falta  de respeto  hacia el  cliente.
3386,2026-06-16,BancoAndes,post_venta,El servicio de soporte no me contacta para revisar cómo va mi producto contratado hace unos días.
3387,2026-06-17,BancoAndes,cobranza,El equipo de cobranza de BancoAndes me cobra intereses que no corresponden a mi situación durante el fin de semana.
3388,2026-06-17,BancoAndes,ventas,<p>Alguien del equipo de ventas de BancoAndes me presionó para aceptar un producto en la misma llamada lo cual me parece una falta de respeto hacia el cliente.</p> N° de reclamo anterior: RC-83781.
3389,2026-06-17,BancoAndes,ventas,	Un representante de ventas de BancoAndes  me  ofreció  una tarjeta  con beneficios que después no eran reales  y no encuentro cómo  resolverlo.
3390,2026-06-17,BancoAndes,fraude_seguridad,No sé quién generó cargos fraudulentos en mi tarjeta de BancoAndes.
3391,2026-06-18,BancoAndes,cobranza,BancoAndes de BancoAndes no corrige un error de facturación que ya reporté y sigo esperando una respuesta.
3392,2026-06-18,BancoAndes,cobranza,El departamento de cobranza de BancoAndes me está cobrando una multa que no está justificada el mes pasado.
3393,2026-06-18,BancoAndes,ventas,Un ejecutivo de ventas de BancoAndes me llamó insistentemente para ofrecerme una tarjeta que no pedí y sigo esperando una respuesta durante el fin de semana.
3394,2026-06-18,BancoAndes,ventas,Un representante de ventas de BancoAndes me llamó para renovarme un producto sin mi autorización y hasta ahora nadie me ha dado una solución ayer.
3395,2026-06-18,Banco Andes,fraude_seguridad,Un&nbsp;tercero intentó estafarme haciéndose pasar por un ejecutivo de BancoAndes lo cual me parece una falta de respeto hacia el cliente.
3396,2026-06-18,Banco Andes,comercial,	El equipo comercial no respeta el  plan  comercial  que acordamos por escrito durante el fin de semana.   !! 👎
3397,2026-06-18,BancoAndes,comercial,El ejecutivo comercial no respeta el descuento comercial que me habían prometido al inicio el mes pasado!!!
3398,2026-06-19,BancoAndes,cobranza,El equipo de cobranza de BancoAndes insiste en cobrar un monto que ya fue aclarado antes ayer?!
3399,2026-06-19,BancoAndes,cobranza,El equipo de cobranza de BancoAndes no quiere regularizar mi deuda a pesar de que ya pagué sin que nadie del banco se haga responsable!!
3400,2026-06-19,BancoAndes,cobranza,"El equipo de cobranza de BancoAndes no corrige un error de facturación que ya reporté el mes pasado. 🙄
Enviado desde mi celular Samsung"
3401,2026-06-20,BancoAndes,tecnologia,El  portal de  clientes  de BancoAndes lleva días caída y no puedo ver  mis movimientos  y sigo esperando una respuesta durante el fin de semana. Pueden contactarme al +56 9 4034 8040.
3402,2026-06-20,BancoAndes,fraude_seguridad,La aplicación de BancoAndes no permite descargar mis comprobantes de pago y no encuentro cómo resolverlo.
3403,2026-06-20,BancoAndes,cobranza,	El equipo de cobranza de  BancoAndes insiste en cobrar  un monto que  ya fue  aclarado antes. Pueden contactarme al +56 9 1765 6254.
3404,2026-06-20,BancoAndes,cobranza,Nadie en el área de cobranza de BancoAndes me cobra intereses que no corresponden a mi situación.
3405,2026-06-20,BancoAndes,post_venta,Nadie en  BancoAndes no  cumplio con  el acompanamiento que  me  prometieron al contratar  ayer.
3406,2026-06-20,BANCOANDES,post_venta,El equipo de seguimiento no responde mis consultas de seguimiento sobre el crédito que ya tengo lo cual me parece una falta de respeto hacia el cliente el mes pasado?!<br>
3407,2026-06-20,BancoAndes,ventas,Un ejecutivo de ventas de BancoAndes me llamó de un número desconocido para ofrecerme un préstamo lo cual me parece una falta de respeto hacia el cliente. N° de reclamo anterior: RC-92074.
3408,2026-06-20,BancoAndes,fraude_seguridad,	Una persona  no autorizada cambió mi clave  de BancoAndes sin que yo lo  hiciera  y hasta ahora nadie me ha dado una solución!!!
3409,2026-06-20,BancoAndes,fraude_seguridad,Un  tercero vacio  parte de mi cuenta de BancoAndes y  el banco no me  ha devuelto el dinero en las ultimas  semanas.   
3410,2026-06-20,BancoAndes,comercial,Nadie en el área comercial cambió mi plan comercial sin mi consentimiento en las últimas semanas.
3411,2026-06-20,BancoAndes,comercial,El equipo comercial  no aplica la  tasa preferencial  que se me ofreció al contratar y sigo esperando  una respuesta ayer.
3412,2026-06-21,BancoAndes,tecnologia,La aplicación de BancoAndes se cierra sola cada vez que intento pagar una cuenta. Pueden contactarme al +56 9 7392 5839.
3413,2026-06-21,BancoAndes,cobranza,El departamento de cobranza de BancoAndes me cobró dos veces la misma cuota lo cual me parece una falta de respeto hacia el cliente???
3414,2026-06-21,BancoAndes,cobranza,El departamento de cobranza de BancoAndes no quiere regularizar mi deuda a pesar de que ya pagué hace unos días???
3415,2026-06-21,BancoAndes,ventas,Un asesor  comercial de  BancoAndes  me contactó fuera de  horario para ofrecerme  una tarjeta nueva y no encuentro  cómo  resolverlo durante el fin de semana.
3416,2026-06-21,BancoAndes,comercial,Un desconocido usó mi tarjeta de BancoAndes sin mi autorización y esto ya me tiene bastante molesto!!
3417,2026-06-21,BancoAndes,fraude_seguridad,"UN TERCERO GENERÓ CARGOS FRAUDULENTOS EN MI TARJETA DE BANCOANDES DURANTE EL FIN DE SEMANA.
--
Atte, cliente BancoAndes N° de reclamo anterior: RC-32753."
3418,2026-06-21,BancoAndes,fraude_seguridad,Una persona no autorizada usó mi tarjeta de BancoAndes sin mi autorización el mes pasado!!
3419,2026-06-22,BancoAndes,tecnologia,La aplicación de BancoAndes se cierra sola cada vez que intento pagar una cuenta y esto ya me tiene bastante molesto. 😞
3420,2026-06-22,BancoAndes,comercial,LA BANCA EN LINEA DE BANCOANDES NO PERMITE DESCARGAR MIS COMPROBANTES DE PAGO.<BR>
3421,2026-06-22,BancoAndes,tecnologia,La banca en línea de BancoAndes no me deja actualizar mis datos de contacto durante el fin de semana.
3422,2026-06-22,BancoAndes,post_venta,	El  area  de post  venta  no me  entrega la informacion  que me prometieron al firmar  sin que nadie del  banco  se haga responsable.   
3423,2026-06-22,bancoandes,ventas,Un asesor comercial de BancoAndes me ofrecio una tarjeta con beneficios que despues no eran reales y sigo esperando una respuesta.
3424,2026-06-22,BancoAndes,comercial,Nadie en el área comercial no ha activado el beneficio que me ofrecieron al abrir la cuenta y sigo esperando una respuesta???
3425,2026-06-22,BancoAndes,comercial,BancoAndes cambió mi plan comercial sin mi consentimiento durante el fin de semana.
3426,2026-06-22,BancoAndes,comercial,El área comercial me aplicó una comisión que no estaba en la oferta original y sigo esperando una respuesta hace unos días. 🙄 Pueden contactarme al +56 9 4285 1530.
3427,2026-06-22,BancoAndes,comercial,Nadie en el área comercial no ha activado el beneficio que me ofrecieron al abrir la cuenta hace unos días.
3428,2026-06-22,Banco  Andes ,pre_venta,"El  servicio de atencion  de BancoAndes  ignoro  mi  consulta sobre los requisitos de  un credito hipotecario en  las ultimas  semanas.    ⏳
Enviado desde mi celular Samsung"
3429,2026-06-22,BancoAndes,pre_venta,El servicio de atencion  de BancoAndes tardo semanas en  responder mi  consulta inicial  hace  unos  dias.   
3430,2026-06-23,Banco Andes,tecnologia,La clave digital de BancoAndes no envía el código de verificación para iniciar sesión durante el fin de semana. N° de reclamo anterior: RC-65154.
3431,2026-06-23,BancoAndes,cobranza,"El departamento de cobranza de BancoAndes no corrige un error de facturación que ya reporté esta semana!!
Gracias, espero respuesta pronto."
3432,2026-06-23,BancoAndes,cobranza,Nadie en el área de cobranza de BancoAndes no acepta renegociar mi deuda en condiciones razonables y sigo esperando una respuesta en las últimas semanas. 🙄 Mi rut es 23.869.664-8.
3433,2026-06-23,BancoAndes,post_venta,El servicio de soporte no aclara mis dudas sobre las condiciones del crédito ya contratado y no encuentro cómo resolverlo.
3434,2026-06-23,Banco  Andes ,comercial,El equipo comercial cambió las condiciones comerciales sin avisarme en las últimas semanas???
3435,2026-06-24,BancoAndes,tecnologia,La  banca en línea de BancoAndes no genera  mi  cartola mensual.
3436,2026-06-24,Banco Andes,tecnologia,La aplicación de BancoAndes se cierra sola cada vez que intento pagar una cuenta y hasta ahora nadie me ha dado una solución durante el fin de semana.
3437,2026-06-24,BancoAndes,cobranza,"BancoAndes de BancoAndes no corrige un error de facturación que ya reporté lo cual me parece una falta de respeto hacia el cliente ayer.
Enviado desde mi celular Samsung"
3438,2026-06-24,BancoAndes,post_venta,"BANCOANDES NO RESUELVE MI DUDA SOBRE EL ESTADO DE MI SOLICITUD YA APROBADA EN LAS ULTIMAS SEMANAS.
Gracias, espero respuesta pronto."
3439,2026-06-24,Banco  Andes ,post_venta,Nadie en BancoAndes no me entrega la información que me prometieron al firmar durante el fin de semana.
3440,2026-06-24,BancoAndes,comercial,El ejecutivo comercial aplicó condiciones distintas a las que figuraban en la propuesta comercial durante el fin de semana.
3441,2026-06-24,BancoAndes,pre_venta,<p>Un asesor de BancoAndes no me explico bien los requisitos antes de postular a la tarjeta.</p>
3442,2026-06-24,BANCOANDES,pre_venta,	Alguien  del equipo  de informaciones de BancoAndes no respondió mi solicitud de información sobre  cuentas  de ahorro.   
3443,2026-06-25,BancoAndes,tecnologia,	La clave digital de BancoAndes no  envía  el  código de  verificación  para iniciar sesión  sin que  nadie  del banco se haga responsable.   
3444,2026-06-25,BancoAndes,post_venta,Nadie en BancoAndes no  me  contacta para revisar cómo va mi producto contratado lo  cual me parece  una falta  de  respeto hacia  el  cliente durante el  fin de  semana.
3445,2026-06-25,BancoAndes,post_venta,Nadie en BancoAndes me deja sin respuesta después de haber aceptado el producto y sigo esperando una respuesta esta semana.
3446,2026-06-26,BancoAndes,cobranza,El departamento de cobranza de BancoAndes me cobra comisiones que no estaban en el contrato original.
3447,2026-06-26,BancoAndes,ventas,El departamento de cobranza de BancoAndes me cobro un interes mas alto del que se habia acordado y hasta ahora nadie me ha dado una solucion el mes pasado.
3448,2026-06-26,BancoAndes,post_venta,El equipo de seguimiento no cumplió con el acompañamiento que me prometieron al contratar y no encuentro cómo resolverlo.
3449,2026-06-26,BancoAndes,post_venta,<p>BancoAndes no  resuelve  mi duda  sobre  el estado  de mi solicitud ya aprobada esta  semana.   ???</p>
3450,2026-06-26,BancoAndes,ventas,Un vendedor telefonico de BancoAndes insistio en ofrecerme un credito de consumo sin que yo lo pidiera durante el fin de semana.
3451,2026-06-26,Banco  Andes ,ventas,Un representante de ventas de BancoAndes me presionó para aceptar un producto en la misma llamada hace unos días. 😡
3452,2026-06-27,BancoAndes,cobranza,BancoAndes de BancoAndes no actualiza mi historial después de pagar la deuda el mes pasado. 😞
3453,2026-06-27,BancoAndes,cobranza,BancoAndes de BancoAndes me está cobrando una multa que no está justificada y hasta ahora nadie me ha dado una solución.
3454,2026-06-27,BancoAndes,fraude_seguridad,No  se quien me contacto por phishing  usando el nombre de  BancoAndes durante  el fin de semana.
3455,2026-06-27,BancoAndes,fraude_seguridad,Un desconocido generó cargos fraudulentos en mi tarjeta de BancoAndes hace unos días. 😞
3456,2026-06-27,BancoAndes,comercial,	El área comercial no respeta el  descuento  comercial que me habían prometido al inicio lo  cual  me parece una falta  de  respeto hacia el cliente.   
3457,2026-06-27,BancoAndes,comercial,BancoAndes no aplica la tasa preferencial que se me ofreció al contratar en las últimas semanas.
3458,2026-06-27,BancoAndes,comercial,BancoAndes no aplica la tasa preferencial que se me ofreció al contratar y sigo esperando una respuesta.
3459,2026-06-28,BancoAndes,tecnologia,La&nbsp;banca en linea de BancoAndes se cierra sola cada vez que intento pagar una cuenta y sigo esperando una respuesta.
3460,2026-06-28,BANCOANDES,tecnologia,El  sitio  web de BancoAndes se  congela cada vez que  intento hacer una  transferencia  sin que nadie del banco  se  haga responsable.   
3461,2026-06-28,BancoAndes,tecnologia,<p>La clave digital de BancoAndes muestra información desactualizada de mi cuenta ayer.</p>
3462,2026-06-28,BancoAndes,ventas,UN REPRESENTANTE DE VENTAS DE BANCOANDES ME OFRECIO UN CREDITO HIPOTECARIO SIN QUE YO HUBIERA PREGUNTADO POR ESO Y HASTA AHORA NADIE ME HA DADO UNA SOLUCION.
3463,2026-06-28,Banco Andes,comercial,BancoAndes no cumple las condiciones pactadas para la renovación de mi producto esta semana.
3464,2026-06-29,BancoAndes,tecnologia,El portal de clientes de BancoAndes marca error de sistema constantemente.
3465,2026-06-29,BancoAndes,tecnologia,El portal de clientes de BancoAndes lleva dias caida y no puedo ver mis movimientos.
3466,2026-06-29,BancoAndes,tecnologia,"La banca en línea de BancoAndes se cierra sola cada vez que intento pagar una cuenta ayer.
Enviado desde mi iPhone"
3467,2026-06-29,BancoAndes,cobranza,El equipo de cobranza de BancoAndes me cobró un interés más alto del que se había acordado y esto ya me tiene bastante molesto ayer.
3468,2026-06-29,BancoAndes,cobranza,	El equipo  de cobranza de  BancoAndes  me esta  cobrando una  multa que no esta  justificada  el mes pasado.   ???
3469,2026-06-29,BancoAndes,ventas,"Un ejecutivo de ventas de BancoAndes me contacto varias veces el mismo dia ofreciendome productos distintos en las ultimas semanas.
Enviado desde mi celular Samsung"
3470,2026-06-29,Banco Andes,ventas,Un ejecutivo de ventas de BancoAndes me  contacto varias veces el mismo  dia ofreciendome  productos distintos y sigo esperando una respuesta  el  mes pasado.   
3471,2026-06-29,BancoAndes,pre_venta,El area comercial de BancoAndes me remitio a distintas areas sin darme una respuesta clara en las ultimas semanas!!! 😡 N° de reclamo anterior: RC-43358.
3472,2026-06-29,BancoAndes,pre_venta,Un ejecutivo de BancoAndes me remitió a distintas áreas sin darme una respuesta clara.
3473,2026-06-30,Banco  Andes ,tecnologia,El sistema de BancoAndes no me permite autenticarme desde el celular y esto ya me tiene bastante molesto esta semana. Mi rut es 22.947.133-7.
3474,2026-06-30,BancoAndes,tecnologia,	El sistema de BancoAndes no procesa correctamente  mis  pagos  programados lo cual  me parece una falta de respeto  hacia el cliente. 🙄
3475,2026-06-30,BancoAndes,tecnologia,EL SITIO WEB DE BANCOANDES MARCA ERROR DE SISTEMA CONSTANTEMENTE ESTA SEMANA.
3476,2026-06-30,BancoAndes,ventas,Un asesor comercial de BancoAndes me ofreció una tarjeta con beneficios que después no eran reales sin que nadie del banco se haga responsable. 😞
3477,2026-06-30,bancoandes,fraude_seguridad,Una persona no autorizada logró acceder a mi banca en línea de BancoAndes sin mi consentimiento y no encuentro cómo resolverlo en las últimas semanas. Mi rut es 17.411.171-7.
3478,2026-06-30,bancoandes,comercial,El ejecutivo comercial cambió mi plan comercial sin mi consentimiento y sigo esperando una respuesta!!!
3479,2026-06-30,BancoAndes,comercial,"El equipo comercial no reconoce el descuento por cliente antiguo que me habian asegurado lo cual me parece una falta de respeto hacia el cliente.
Enviado desde mi celular Samsung"
3480,2026-06-30,BancoAndes,pre_venta,Un ejecutivo de BancoAndes ignoro mi consulta sobre los requisitos de un credito hipotecario y hasta ahora nadie me ha dado una solucion. 😤
3481,2026-06-30,bancoandes,pre_venta,El area comercial de BancoAndes me dio informacion distinta a la que aparece en la pagina web y hasta ahora nadie me ha dado una solucion el mes pasado. 😤 Mi rut es 17.903.539-2.
3482,2026-07-01,BancoAndes,post_venta,El servicio de soporte no aclara mis dudas sobre las condiciones del credito ya contratado y sigo esperando una respuesta?!
3483,2026-07-01,BancoAndes,ventas,"Un ejecutivo de ventas de BancoAndes me contactó fuera de horario para ofrecerme una tarjeta nueva.
Gracias, espero respuesta pronto."
3484,2026-07-01,BancoAndes,ventas,UN REPRESENTANTE DE VENTAS DE BANCOANDES ME PRESIONÓ PARA ACEPTAR UN PRODUCTO EN LA MISMA LLAMADA Y NO ENCUENTRO CÓMO RESOLVERLO.
3485,2026-07-01,BancoAndes,fraude_seguridad,Una persona no autorizada obtuvo mis datos de BancoAndes sin que yo entregara esa información sin que nadie del banco se haga responsable ayer.
3486,2026-07-01,BancoAndes,pre_venta,UN ASESOR  DE BANCOANDES NO ME EXPLICÓ  BIEN  LOS  REQUISITOS ANTES DE POSTULAR A  LA  TARJETA Y  SIGO ESPERANDO UNA RESPUESTA.   
3487,2026-07-01,BancoAndes,pre_venta,El servicio de atención de BancoAndes tardó semanas en responder mi consulta inicial en las últimas semanas.
3488,2026-07-02,BancoAndes,tecnologia,	El  sitio  web de BancoAndes  no  me  deja actualizar mis datos de  contacto  sin  que nadie  del banco se haga responsable.    😤
3489,2026-07-02,BancoAndes,cobranza,"EL EQUIPO DE  COBRANZA DE BANCOANDES INSISTE  EN  COBRAR UN  MONTO QUE YA  FUE ACLARADO ANTES Y HASTA AHORA  NADIE ME  HA DADO UNA SOLUCIÓN HACE  UNOS  DÍAS.   
Gracias, espero respuesta pronto."
3490,2026-07-02,BancoAndes,pre_venta,Pedí&nbsp;una cotización a BancoAndes  y el ejecutivo insistió en  cerrar  la venta antes de  resolver mis dudas.
3491,2026-07-03,BancoAndes,cobranza,El departamento de cobranza de BancoAndes me amenaza con acciones legales por un monto incorrecto durante el fin de semana.
3492,2026-07-03,BancoAndes,post_venta,El servicio de soporte no me explica cómo usar el producto que contraté hace poco.
3493,2026-07-03,Banco Andes,ventas,Alguien del equipo de ventas de BancoAndes me vendió un seguro sin explicarme bien las condiciones sin que nadie del banco se haga responsable.
3494,2026-07-03,Banco Andes,ventas,<p>Un asesor comercial de BancoAndes me vendió un seguro sin explicarme bien las condiciones lo cual me parece una falta de respeto hacia el cliente en las últimas semanas!!!</p>
3495,2026-07-03,BancoAndes,ventas,Un asesor comercial de BancoAndes siguió llamando después de que le dije que no me interesaba sin que nadie del banco se haga responsable ayer. 😤
3496,2026-07-03,Banco Andes,fraude_seguridad,"No sé quién accedió a mi cuenta de BancoAndes sin que yo lo autorizara sin que nadie del banco se haga responsable?!
Enviado desde mi iPhone"
3497,2026-07-03,BancoAndes,fraude_seguridad,	Un  desconocido  cambió mi clave de  BancoAndes  sin que yo lo hiciera  y sigo  esperando  una respuesta.
3498,2026-07-03,BancoAndes,comercial,"	El  área comercial no  ha  activado  el  beneficio que me ofrecieron al abrir la cuenta y  esto ya  me tiene bastante molesto  durante  el fin  de  semana!!
--
Atte, cliente BancoAndes"
3499,2026-07-03,BancoAndes,pre_venta,Un ejecutivo de BancoAndes no me explicó las diferencias entre los planes disponibles lo cual me parece una falta de respeto hacia el cliente.
3500,2026-07-04,bancoandes,fraude_seguridad,Una persona no autorizada hizo compras con mi tarjeta de BancoAndes que yo nunca autoricé lo cual me parece una falta de respeto hacia el cliente.
3501,2026-07-05,BancoAndes,tecnologia,"El sistema de BancoAndes lleva días caída y no puedo ver mis movimientos esta semana. 😡
Enviado desde mi celular Samsung"
3502,2026-07-05,BancoAndes,cobranza,El área de cobranza de BancoAndes no actualiza mi historial después de pagar la deuda ayer.
3503,2026-07-05,BancoAndes,ventas,Un vendedor telefónico de BancoAndes me presionó para aceptar un producto en la misma llamada y esto ya me tiene bastante molesto.
3504,2026-07-05,BancoAndes,pre_venta,El área comercial de BancoAndes no me explicó bien los requisitos antes de postular a la tarjeta en las últimas semanas.
3505,2026-07-05,BancoAndes,cobranza,"El área comercial de BancoAndes no me aclaró cuáles eran los documentos necesarios para postular y sigo esperando una respuesta ayer.
Enviado desde mi celular Samsung N° de reclamo anterior: RC-63092."
3506,2026-07-06,BancoAndes,cobranza,BancoAndes de BancoAndes no acepta renegociar mi deuda en condiciones razonables lo cual me parece una falta de respeto hacia el cliente ayer.
3507,2026-07-06,BancoAndes,ventas,Un&nbsp;vendedor telefónico de BancoAndes insistió en que aceptara un producto que ya había rechazado antes.
3508,2026-07-06,BancoAndes,ventas,Un asesor comercial de BancoAndes me vendió un seguro sin explicarme bien las condiciones lo cual me parece una falta de respeto hacia el cliente.
3509,2026-07-06,BancoAndes,ventas,Un ejecutivo de ventas de BancoAndes me vendió un seguro sin explicarme bien las condiciones esta semana.
3510,2026-07-06,BancoAndes,fraude_seguridad,No se quien vacio parte de mi cuenta de BancoAndes y el banco no me ha devuelto el dinero y no encuentro como resolverlo hace unos dias. 😤
3511,2026-07-07,BancoAndes,cobranza,El equipo de cobranza de BancoAndes no actualiza mi historial después de pagar la deuda y no encuentro cómo resolverlo.
3512,2026-07-07,BancoAndes,post_venta,BANCOANDES NO RESPONDE MIS CONSULTAS DE SEGUIMIENTO SOBRE EL CREDITO QUE YA TENGO Y ESTO YA ME TIENE BASTANTE MOLESTO AYER.
3513,2026-07-07,BancoAndes,ventas,"	Un vendedor telefónico de BancoAndes me ofreció condiciones  distintas a las que después  aparecieron  en  el contrato  el mes pasado.
--
Atte, cliente BancoAndes"
3514,2026-07-07,Banco Andes,ventas,Alguien del equipo de ventas de BancoAndes insistio en que aceptara un producto que ya habia rechazado antes ayer.<br>
3515,2026-07-07,BancoAndes,fraude_seguridad,Alguien hizo compras con mi tarjeta de BancoAndes que yo nunca autoricé lo cual me parece una falta de respeto hacia el cliente.
3516,2026-07-07,BancoAndes,comercial,Nadie en el área comercial no aplica la tasa preferencial que se me ofreció al contratar sin que nadie del banco se haga responsable.
3517,2026-07-07,BancoAndes,pre_venta,El área comercial de BancoAndes no respondió mi solicitud de información sobre cuentas de ahorro.
3518,2026-07-07,BANCOANDES,tecnologia,"El sistema de BancoAndes me pide verificar mi identidad constantemente, no sé si es normal o una alerta de seguridad."
3519,2026-07-08,BancoAndes,tecnologia,El sitio web de BancoAndes marca error de sistema constantemente y hasta ahora nadie me ha dado una solucion.
3520,2026-07-08,Banco Andes,pre_venta,El equipo de cobranza de BancoAndes no corrige un error de facturación que ya reporté y esto ya me tiene bastante molesto!!
3521,2026-07-08,BancoAndes,cobranza,BancoAndes de BancoAndes me cobra intereses que no corresponden a mi situación y no encuentro cómo resolverlo durante el fin de semana!!! N° de reclamo anterior: RC-83192.
3522,2026-07-08,BancoAndes,ventas,	Alguien del  equipo de ventas de  BancoAndes me  llamó de un número desconocido para ofrecerme un préstamo durante el fin de semana.   ?!
3523,2026-07-08,BancoAndes,ventas,Un vendedor telefónico de BancoAndes me ofreció un crédito hipotecario sin que yo hubiera preguntado por eso esta semana.
3524,2026-07-09,bancoandes,tecnologia,LA CLAVE DIGITAL DE BANCOANDES NO ME PERMITE AUTENTICARME DESDE EL CELULAR Y SIGO ESPERANDO UNA RESPUESTA.
3525,2026-07-09,BancoAndes,cobranza,El área de cobranza de BancoAndes no responde mi solicitud de repactación de deuda lo cual me parece una falta de respeto hacia el cliente ayer.
3526,2026-07-09,bancoandes,fraude_seguridad,"	Una  persona no autorizada cambió  mi  clave  de BancoAndes sin que yo lo hiciera y sigo esperando una respuesta.
Enviado desde mi iPhone"
3527,2026-07-09,BANCOANDES,pre_venta,Alguien del equipo de informaciones de BancoAndes me dio información distinta a la que aparece en la página web el mes pasado.
3528,2026-07-09,BancoAndes,pre_venta,El área comercial de BancoAndes no me explicó bien los requisitos antes de postular a la tarjeta ayer.
3529,2026-07-10,BancoAndes,tecnologia,La banca en línea de BancoAndes se congela cada vez que intento hacer una transferencia?!
3530,2026-07-10,BancoAndes,cobranza,El area de cobranza de BancoAndes me cobro un interes mas alto del que se habia acordado ayer.
3531,2026-07-10,BancoAndes,cobranza,BANCOANDES DE BANCOANDES ME ESTÁ COBRANDO UNA MULTA QUE NO ESTÁ JUSTIFICADA AYER.
3532,2026-07-10,BancoAndes,fraude_seguridad,Un desconocido intentó estafarme haciéndose pasar por un ejecutivo de BancoAndes.
3533,2026-07-10,BancoAndes,fraude_seguridad,Un tercero  realizo una  transferencia desde mi cuenta de BancoAndes que no  reconozco.    N° de reclamo anterior: RC-75976.
3534,2026-07-10,BancoAndes,fraude_seguridad,Alguien vació parte de mi cuenta de BancoAndes y el banco no me ha devuelto el dinero y hasta ahora nadie me ha dado una solución esta semana.
3535,2026-07-10,BancoAndes,pre_venta,	Un  ejecutivo de BancoAndes no  me explicó las diferencias  entre los planes  disponibles durante el fin  de semana.
3536,2026-07-10,BANCOANDES,pre_venta,Alguien del equipo de informaciones de BancoAndes no me aclaró cuáles eran los documentos necesarios para postular y esto ya me tiene bastante molesto.
3537,2026-07-10,BancoAndes,post_venta,Un asesor  de BancoAndes me dijo que me  llamarían  con  más información y nunca  lo hicieron sin que  nadie  del  banco  se haga responsable  esta  semana.   
3538,2026-07-11,BancoAndes,tecnologia,El sitio web de BancoAndes no me deja actualizar mis datos de contacto y hasta ahora nadie me ha dado una solución.
3539,2026-07-11,Banco Andes,tecnologia,La aplicación de BancoAndes no carga mis transacciones recientes y sigo esperando una respuesta en las últimas semanas.<br>
3540,2026-07-11,BANCOANDES,cobranza,El área de cobranza de BancoAndes no responde mi solicitud de repactación de deuda y hasta ahora nadie me ha dado una solución esta semana.
3541,2026-07-11,BancoAndes,cobranza,	BancoAndes de BancoAndes  me  cobra intereses que no corresponden a  mi  situación  y hasta ahora nadie me ha dado una solución.
3542,2026-07-11,BancoAndes,post_venta,El área de post venta no cumplió con el acompañamiento que me prometieron al contratar.
3543,2026-07-11,BancoAndes,post_venta,El área de post venta no me explica cómo usar el producto que contraté hace poco en las últimas semanas!!
3544,2026-07-11,Banco  Andes ,ventas,Alguien del equipo de ventas de BancoAndes me llamó de un número desconocido para ofrecerme un préstamo.
3545,2026-07-11,bancoandes,comercial,El equipo comercial no respeta el descuento comercial que me habían prometido al inicio durante el fin de semana. N° de reclamo anterior: RC-17675.
3546,2026-07-12,BancoAndes,post_venta,Nadie en BancoAndes no resuelve mi duda sobre el estado de mi solicitud ya aprobada y sigo esperando una respuesta. 😞
3547,2026-07-12,Banco  Andes ,comercial,El ejecutivo comercial no cumple con el beneficio que venia incluido en mi cuenta lo cual me parece una falta de respeto hacia el cliente.
3548,2026-07-12,BancoAndes,fraude_seguridad,"	Me  preocupa un  cargo reciente  en BancoAndes que  no hice yo,  aunque podría tratarse de un simple error de cobro."
3549,2026-07-13,BancoAndes,tecnologia,El portal de clientes  de BancoAndes  se congela  cada vez  que intento  hacer una transferencia y esto ya me tiene bastante molesto esta semana.
3550,2026-07-13,BancoAndes,cobranza,	El departamento de cobranza de BancoAndes  me amenaza con acciones legales por  un monto  incorrecto  sin que nadie  del banco se  haga  responsable.
3551,2026-07-13,BancoAndes,cobranza,El equipo de cobranza de BancoAndes me cobra intereses que no corresponden a mi situación y esto ya me tiene bastante molesto. 😤
3552,2026-07-13,BancoAndes,post_venta,BancoAndes no cumplió con el acompañamiento que me prometieron al contratar lo cual me parece una falta de respeto hacia el cliente en las últimas semanas.
3553,2026-07-13,BancoAndes,ventas,Un vendedor telefónico de BancoAndes me vendió un seguro sin explicarme bien las condiciones!!
3554,2026-07-13,BancoAndes,ventas,	Un asesor  comercial  de  BancoAndes me  contactó varias veces el mismo día ofreciéndome  productos distintos  hace unos días.
3555,2026-07-13,BancoAndes,fraude_seguridad,	Un desconocido realizo  una transferencia desde mi  cuenta de  BancoAndes que no reconozco lo cual me parece una falta de respeto hacia  el  cliente.   
3556,2026-07-14,BancoAndes,tecnologia,"La banca en línea de BancoAndes marca error de sistema constantemente y no encuentro cómo resolverlo.
Enviado desde mi celular Samsung"
3557,2026-07-14,BancoAndes,post_venta,BancoAndes no me explica cómo usar el producto que contraté hace poco y esto ya me tiene bastante molesto esta semana.
3558,2026-07-14,BancoAndes,post_venta,El servicio de soporte no cumplió con el acompañamiento que me prometieron al contratar y sigo esperando una respuesta ayer. Mi rut es 18.518.468-K.
3559,2026-07-14,BancoAndes,post_venta,El servicio de soporte no responde mis llamadas desde que contraté el seguro ayer. N° de reclamo anterior: RC-21200.
3560,2026-07-14,BancoAndes,ventas,Alguien del equipo de ventas de BancoAndes me ofrecio condiciones distintas a las que despues aparecieron en el contrato esta semana.
3561,2026-07-14,BancoAndes,fraude_seguridad,Una persona no  autorizada  clono mi  tarjeta  de BancoAndes  y BancoAndes no  reacciono a  tiempo y esto ya me tiene bastante molesto hace unos dias.
3562,2026-07-14,Banco  Andes ,fraude_seguridad,Un desconocido realizo una transferencia desde mi cuenta de BancoAndes que no reconozco lo cual me parece una falta de respeto hacia el cliente en las ultimas semanas. 👎
3563,2026-07-14,BancoAndes,pre_venta,Un asesor de BancoAndes nunca me contactó después de pedir información sobre un crédito sin que nadie del banco se haga responsable en las últimas semanas.
3564,2026-07-15,Banco  Andes ,tecnologia,La clave  digital  de  BancoAndes no me deja actualizar  mis datos de contacto  durante  el fin  de semana.    🙄
3565,2026-07-15,BancoAndes,comercial,El area de cobranza de BancoAndes me esta cobrando una multa que no esta justificada.
3566,2026-07-15,BancoAndes,cobranza,El equipo de cobranza de BancoAndes insiste en cobrar un monto que ya fue aclarado antes sin que nadie del banco se haga responsable en las últimas semanas.
3567,2026-07-15,BancoAndes,post_venta,BancoAndes no resuelve mi duda sobre el estado de mi solicitud ya aprobada sin que nadie del banco se haga responsable ayer...
3568,2026-07-15,bancoandes,post_venta,El equipo de seguimiento no me entrega la informacion que me prometieron al firmar lo cual me parece una falta de respeto hacia el cliente...
3569,2026-07-15,BancoAndes,post_venta,BancoAndes&nbsp;no me entrega la información que me prometieron al firmar y sigo esperando una respuesta.
3570,2026-07-15,BancoAndes,ventas,Un representante de ventas de BancoAndes me llamó para renovarme un producto sin mi autorización y no encuentro cómo resolverlo en las últimas semanas.
3571,2026-07-15,BancoAndes,ventas,	Un vendedor telefónico de BancoAndes me llamó para  renovarme un producto sin mi autorización  en las últimas semanas.
3572,2026-07-15,Banco  Andes ,fraude_seguridad,No sé quién obtuvo mis datos de BancoAndes sin que yo entregara esa información!!!
3573,2026-07-15,BancoAndes,pre_venta,Alguien del equipo de informaciones de BancoAndes no respondió mi solicitud de información sobre cuentas de ahorro el mes pasado.
3574,2026-07-15,BancoAndes,pre_venta,Un asesor de BancoAndes ignoro mi consulta sobre los requisitos de un credito hipotecario esta semana. 😠
3575,2026-07-15,BancoAndes,pre_venta,	Contacte a BancoAndes para  preguntar por  un prestamo  y  me insistieron  en cerrar  la venta  en la misma llamada.
3576,2026-07-15,BancoAndes,tecnologia,"Desde que contraté un producto en BancoAndes, la aplicación falla constantemente y no logro que me atiendan. Pueden contactarme al +56 9 4984 1038."
3577,2026-07-16,bancoandes,tecnologia,El portal de clientes de BancoAndes se demora muchísimo en cargar cualquier operación y sigo esperando una respuesta.
3578,2026-07-16,BancoAndes,post_venta,	El  equipo de  seguimiento dejó de responder después de que  firmé  el contrato sin  que nadie del banco se  haga responsable  hace unos días.   <br> 😞 N° de reclamo anterior: RC-60450.
3579,2026-07-16,BancoAndes,post_venta,El equipo de seguimiento dejo de responder despues de que firme el contrato y esto ya me tiene bastante molesto durante el fin de semana.
3580,2026-07-16,BancoAndes,ventas,Un vendedor telefónico de BancoAndes me contactó varias veces el mismo día ofreciéndome productos distintos y esto ya me tiene bastante molesto durante el fin de semana.
3581,2026-07-17,BANCOANDES,tecnologia,<p>La clave digital de BancoAndes no me deja actualizar mis datos de contacto y no encuentro como resolverlo.</p>
3582,2026-07-17,BancoAndes,tecnologia,La aplicacion de BancoAndes no carga mis transacciones recientes y sigo esperando una respuesta hace unos dias. 😠
3583,2026-07-17,BancoAndes,fraude_seguridad,La aplicación de BancoAndes se congela cada vez que intento hacer una transferencia. 😞
3584,2026-07-17,BancoAndes,cobranza,BancoAndes de BancoAndes me cobro dos veces la misma cuota ayer. 😤
3585,2026-07-17,BancoAndes,ventas,Un representante de ventas de BancoAndes siguio llamando despues de que le dije que no me interesaba y sigo esperando una respuesta.
3586,2026-07-17,BancoAndes,fraude_seguridad,Una persona no autorizada clonó mi tarjeta de BancoAndes y BancoAndes no reaccionó a tiempo esta semana.
3587,2026-07-17,BancoAndes,comercial,"BANCOANDES NO CUMPLE CON EL BENEFICIO QUE VENÍA INCLUIDO EN MI CUENTA DURANTE EL FIN DE SEMANA.
Gracias, espero respuesta pronto."
3588,2026-07-17,BancoAndes,cobranza,El área comercial de BancoAndes me dio condiciones distintas a las que después aplicó cobranza... Mi rut es 25.866.508-8.
3589,2026-07-18,BancoAndes,cobranza,El departamento de cobranza de BancoAndes me cobró dos veces la misma cuota y esto ya me tiene bastante molesto.
3590,2026-07-18,BancoAndes,post_venta,BancoAndes  no responde mis  consultas de seguimiento  sobre el  crédito que ya tengo.
3591,2026-07-18,bancoandes,ventas,UN TERCERO ME CONTACTÓ POR PHISHING USANDO EL NOMBRE DE BANCOANDES EN LAS ÚLTIMAS SEMANAS.
3592,2026-07-18,BancoAndes,fraude_seguridad,Un tercero cambió mi clave de BancoAndes sin que yo lo hiciera hace unos días.
3593,2026-07-18,BancoAndes,comercial,Nadie en el  área comercial  no quiere  renegociar  las  condiciones  de mi  crédito y  no encuentro cómo resolverlo.
3594,2026-07-18,BancoAndes,comercial,	BancoAndes no respeta el descuento comercial que me  habían  prometido al inicio  lo cual  me parece una falta de respeto hacia el  cliente esta semana.   
3595,2026-07-18,BancoAndes,comercial,El area comercial no reconoce el descuento por cliente antiguo que me habian asegurado y hasta ahora nadie me ha dado una solucion.
3596,2026-07-19,BancoAndes,tecnologia,El sitio web de BancoAndes marca error de sistema constantemente ayer.
3597,2026-07-19,BancoAndes,cobranza,El equipo de cobranza de BancoAndes me está cobrando una multa que no está justificada durante el fin de semana.
3598,2026-07-19,BancoAndes,cobranza,El equipo de cobranza de BancoAndes me cobró dos veces la misma cuota el mes pasado.
3599,2026-07-19,Banco  Andes ,cobranza,"El área de cobranza de BancoAndes no responde mi solicitud de repactación de deuda durante el fin de semana.
Gracias, espero respuesta pronto."
3600,2026-07-19,BancoAndes,post_venta,El equipo de seguimiento ignora mis mensajes desde que activé la cuenta nueva en las últimas semanas.
3601,2026-07-19,BancoAndes,ventas,"Un representante de ventas de BancoAndes me contacto para venderme un seguro que no solicite lo cual me parece una falta de respeto hacia el cliente. 👎
Gracias, espero respuesta pronto."
3602,2026-07-19,BANCOANDES,fraude_seguridad,Una persona no autorizada clonó mi tarjeta de BancoAndes y BancoAndes no reaccionó a tiempo.
3603,2026-07-19,BancoAndes,comercial,<p>Nadie en el área comercial no honra la promoción con la que me convencieron de cambiarme de banco sin que nadie del banco se haga responsable ayer.</p>
3604,2026-07-19,BancoAndes,pre_venta,EL SERVICIO DE ATENCIÓN DE BANCOANDES NO ME INFORMÓ SOBRE LOS COSTOS ASOCIADOS ANTES DE QUE DECIDIERA DURANTE EL FIN DE SEMANA. N° de reclamo anterior: RC-76152.
3605,2026-07-19,BancoAndes,fraude_seguridad,Me llegó una notificación de acceso desde otro dispositivo en BancoAndes y no sé si confiar en la explicación técnica que me dieron!!
3606,2026-07-19,BancoAndes,fraude_seguridad,"BancoAndes minimiza como falla técnica algo que a mí me parece un acceso no autorizado a mi cuenta. 😞
--
Atte, cliente BancoAndes"
3607,2026-07-20,BancoAndes,tecnologia,La clave digital de BancoAndes lleva días caída y no puedo ver mis movimientos.
3608,2026-07-20,BancoAndes,tecnologia,La banca en línea de BancoAndes se demora muchísimo en cargar cualquier operación esta semana.
3609,2026-07-20,BancoAndes,cobranza,El área de cobranza de BancoAndes no reconoce el pago que ya realicé durante el fin de semana.
3610,2026-07-20,BancoAndes,post_venta,Nadie en BancoAndes no cumplió con el acompañamiento que me prometieron al contratar y sigo esperando una respuesta durante el fin de semana.
3611,2026-07-20,BancoAndes,ventas,Un  asesor comercial de BancoAndes  me  contacto  fuera  de horario  para  ofrecerme  una tarjeta nueva  esta semana.   
3612,2026-07-20,BancoAndes,ventas,UN ASESOR COMERCIAL DE BANCOANDES ME CONTACTÓ FUERA DE HORARIO PARA OFRECERME UNA TARJETA NUEVA LO CUAL ME PARECE UNA FALTA DE RESPETO HACIA EL CLIENTE EL MES PASADO.
3613,2026-07-20,Banco  Andes ,comercial,El área comercial aplicó condiciones distintas a las que figuraban en la propuesta comercial!!!
3614,2026-07-20,BancoAndes,pre_venta,Un asesor de BancoAndes nunca me contactó después de pedir información sobre un crédito en las últimas semanas.
3615,2026-07-20,Banco Andes,pre_venta,	Alguien del equipo de informaciones de BancoAndes me  dio información distinta a la  que aparece  en la página web lo cual me parece una falta  de respeto  hacia  el cliente. Mi rut es 18.555.729-K.
3616,2026-07-21,BancoAndes,tecnologia,El sitio web de BancoAndes no procesa correctamente mis pagos programados y esto ya me tiene bastante molesto esta semana.
3617,2026-07-21,BancoAndes,cobranza,El area de cobranza de BancoAndes no acepta renegociar mi deuda en condiciones razonables durante el fin de semana.
3618,2026-07-21,BancoAndes,post_venta,El área de post venta no aclara mis dudas sobre las condiciones del crédito ya contratado esta semana...
3619,2026-07-21,Banco Andes,comercial,Nadie en BancoAndes no responde mis llamadas desde que contraté el seguro esta semana.
3620,2026-07-21,BancoAndes,ventas,	Un vendedor telefonico  de BancoAndes  me contacto fuera de horario  para ofrecerme una tarjeta nueva  el mes  pasado.   !!!
3621,2026-07-21,BancoAndes,ventas,	Un vendedor telefónico  de BancoAndes me llamó para renovarme  un  producto sin  mi  autorización lo cual  me parece una falta  de  respeto  hacia el cliente en las últimas semanas.
3622,2026-07-21,BancoAndes,fraude_seguridad,No se quien vacio parte de mi cuenta de BancoAndes y el banco no me ha devuelto el dinero.
3623,2026-07-21,Banco  Andes ,comercial,	El equipo comercial no ha activado el  beneficio que me ofrecieron al abrir  la cuenta y esto  ya me  tiene bastante molesto en las  ultimas semanas.   
3624,2026-07-21,bancoandes,comercial,EL EQUIPO COMERCIAL CAMBIÓ MI PLAN COMERCIAL SIN MI CONSENTIMIENTO AYER.
3625,2026-07-21,BancoAndes,comercial,El equipo comercial no aplica la tasa preferencial que se me ofreció al contratar el mes pasado.
3626,2026-07-22,BancoAndes,tecnologia,El sistema de BancoAndes no envía el código de verificación para iniciar sesión y no encuentro cómo resolverlo??? ⏳
3627,2026-07-22,bancoandes,cobranza,	Nadie en el  area de cobranza  de BancoAndes no  responde  mi solicitud de  repactacion de deuda durante  el fin  de semana.
3628,2026-07-22,BancoAndes,cobranza,BancoAndes de BancoAndes no reconoce el pago que ya realicé esta semana. 😠
3629,2026-07-22,BancoAndes,post_venta,EL SERVICIO DE SOPORTE DEJÓ DE RESPONDER DESPUÉS DE QUE FIRMÉ EL CONTRATO.
3630,2026-07-22,BancoAndes,post_venta,El servicio de soporte no me ayuda a entender los cobros de mi cuenta recién abierta el mes pasado.
3631,2026-07-22,BancoAndes,post_venta,	El equipo  de seguimiento no cumplió con  el acompañamiento que me  prometieron al contratar y hasta ahora nadie me ha dado  una  solución.
3632,2026-07-22,bancoandes,post_venta,Nadie en BancoAndes no me entrega la información que me prometieron al firmar.
3633,2026-07-22,BancoAndes,ventas,Un asesor comercial de BancoAndes insistio en que aceptara un producto que ya habia rechazado antes lo cual me parece una falta de respeto hacia el cliente el mes pasado. ⏳
3634,2026-07-22,BancoAndes,ventas,Un ejecutivo de ventas de BancoAndes me vendió un seguro sin explicarme bien las condiciones y hasta ahora nadie me ha dado una solución.
3635,2026-07-22,Banco  Andes ,fraude_seguridad,Una persona no autorizada obtuvo mis datos de BancoAndes sin que yo entregara esa información sin que nadie del banco se haga responsable esta semana.
3636,2026-07-22,Banco  Andes ,comercial,El área comercial no honra la promoción con la que me convencieron de cambiarme de banco sin que nadie del banco se haga responsable hace unos días.
3637,2026-07-23,BancoAndes,tecnologia,La aplicación de BancoAndes lleva días caída y no puedo ver mis movimientos durante el fin de semana.
3638,2026-07-23,BANCOANDES,tecnologia,La aplicación de BancoAndes se demora muchísimo en cargar cualquier operación lo cual me parece una falta de respeto hacia el cliente esta semana. N° de reclamo anterior: RC-53809.
3639,2026-07-23,BANCOANDES,post_venta,BancoAndes  dejó de responder después de que  firmé  el  contrato y esto ya me  tiene bastante  molesto esta  semana. 😠
3640,2026-07-23,BancoAndes,ventas,Un asesor comercial de BancoAndes insistió en que aceptara un producto que ya había rechazado antes.
3641,2026-07-23,BancoAndes,fraude_seguridad,"Una persona no autorizada hizo compras con mi tarjeta de BancoAndes que yo nunca autoricé y esto ya me tiene bastante molesto esta semana.
Gracias, espero respuesta pronto."
3642,2026-07-23,BancoAndes,comercial,BancoAndes cambió mi plan comercial sin mi consentimiento y hasta ahora nadie me ha dado una solución ayer.
3643,2026-07-24,BancoAndes,tecnologia,El sitio web  de BancoAndes no procesa correctamente mis pagos programados  durante el  fin  de  semana.<br>  
3644,2026-07-24,BancoAndes,cobranza,El área de cobranza de BancoAndes no responde mi solicitud de repactación de deuda y esto ya me tiene bastante molesto durante el fin de semana. 😠
3645,2026-07-24,BancoAndes,post_venta,El servicio de soporte no me explica cómo usar el producto que contraté hace poco lo cual me parece una falta de respeto hacia el cliente hace unos días.
3646,2026-07-24,BancoAndes,post_venta,El servicio de soporte no responde mis llamadas desde que contraté el seguro y sigo esperando una respuesta.
3647,2026-07-24,BancoAndes,ventas,UN EJECUTIVO DE VENTAS DE BANCOANDES ME OFRECIÓ UN CRÉDITO HIPOTECARIO SIN QUE YO HUBIERA PREGUNTADO POR ESO Y SIGO ESPERANDO UNA RESPUESTA. 😞
3648,2026-07-25,BancoAndes,tecnologia,	El  sistema de  BancoAndes no permite  descargar mis comprobantes  de pago y  esto ya me tiene bastante molesto durante  el fin de  semana.
3649,2026-07-25,BancoAndes,cobranza,El área  de cobranza de BancoAndes sigue enviándome  cartas de cobro por  una deuda pagada  y hasta  ahora nadie me ha  dado  una solución. 😡 N° de reclamo anterior: RC-56438.
3650,2026-07-25,BancoAndes,post_venta,El área de post venta no me ayuda a entender los cobros de mi cuenta recién abierta sin que nadie del banco se haga responsable esta semana!!!
3651,2026-07-25,BancoAndes,ventas,"Un  asesor  comercial de BancoAndes me  llamó para renovarme  un  producto  sin mi autorización sin  que nadie del  banco se haga  responsable.
Gracias, espero respuesta pronto."
3652,2026-07-25,BancoAndes,ventas,	Alguien del equipo de ventas  de BancoAndes  insistió en ofrecerme un  crédito  de consumo sin que  yo  lo  pidiera y esto  ya me tiene  bastante molesto en las últimas  semanas.
3653,2026-07-25,Banco  Andes ,comercial,"Nadie en el area comercial no ha activado el beneficio que me ofrecieron al abrir la cuenta sin que nadie del banco se haga responsable el mes pasado.
Enviado desde mi celular Samsung"
3654,2026-07-25,Banco Andes,pre_venta,El servicio de atención de BancoAndes tardó semanas en responder mi consulta inicial. 😡
3655,2026-07-26,BancoAndes,tecnologia,El&nbsp;portal de clientes de BancoAndes se  cierra sola cada vez que intento  pagar una  cuenta  hace  unos días.   
3656,2026-07-26,BANCOANDES,tecnologia,El sitio web de BancoAndes muestra información desactualizada de mi cuenta el mes pasado.
3657,2026-07-26,Banco  Andes ,cobranza,Nadie en el área de cobranza de BancoAndes no corrige un error de facturación que ya reporté y no encuentro cómo resolverlo. Pueden contactarme al +56 9 3836 5748.
3658,2026-07-26,BancoAndes,cobranza,Nadie en el área de cobranza de BancoAndes no responde mi solicitud de repactación de deuda hace unos días.
3659,2026-07-26,Banco  Andes ,cobranza,El área de cobranza de BancoAndes no acepta renegociar mi deuda en condiciones razonables sin que nadie del banco se haga responsable esta semana.
3660,2026-07-26,BancoAndes,cobranza,Nadie en el área de cobranza de BancoAndes me cobró un interés más alto del que se había acordado lo cual me parece una falta de respeto hacia el cliente durante el fin de semana.
3661,2026-07-26,BancoAndes,ventas,Alguien&nbsp;del equipo de ventas de BancoAndes insistió en ofrecerme un crédito de consumo sin que yo lo pidiera ayer.
3662,2026-07-26,BancoAndes,pre_venta,El área comercial de BancoAndes no supo responder mis dudas sobre las condiciones del préstamo.
3663,2026-07-27,BancoAndes,tecnologia,La clave digital de BancoAndes muestra información desactualizada de mi cuenta y sigo esperando una respuesta en las últimas semanas.
3664,2026-07-27,Banco Andes,tecnologia,La aplicación de BancoAndes no permite descargar mis comprobantes de pago hace unos días.<br>
3665,2026-07-27,BancoAndes,ventas,Alguien del equipo de ventas de BancoAndes me presiono para aceptar un producto en la misma llamada!!
3666,2026-07-27,BANCOANDES,ventas,Un representante de ventas de BancoAndes me ofreció una tarjeta con beneficios que después no eran reales sin que nadie del banco se haga responsable el mes pasado.
3667,2026-07-27,Banco Andes,fraude_seguridad,	Una persona no autorizada logró  acceder a mi banca en línea  de  BancoAndes sin mi consentimiento  hace unos días!!!<br>
3668,2026-07-27,BancoAndes,comercial,	El ejecutivo comercial desconoce  el acuerdo comercial que hice con un  ejecutivo  anterior  y  no encuentro cómo  resolverlo.   
3669,2026-07-28,BancoAndes,tecnologia,La aplicación de BancoAndes no carga mis transacciones recientes.
3670,2026-07-28,BancoAndes,tecnologia,La aplicación de BancoAndes no envía el código de verificación para iniciar sesión hace unos días!!
3671,2026-07-28,BancoAndes,post_venta,El área de post venta no me ayuda a entender los cobros de mi cuenta recién abierta.
3672,2026-07-28,BancoAndes,ventas,Un asesor comercial de BancoAndes me contactó para venderme un seguro que no solicité y hasta ahora nadie me ha dado una solución.
3673,2026-07-28,BancoAndes,fraude_seguridad,No sé quién obtuvo mis datos de BancoAndes sin que yo entregara esa información y no encuentro cómo resolverlo. 👎
3674,2026-07-28,BANCOANDES,fraude_seguridad,Un tercero usó mi tarjeta de BancoAndes  sin mi  autorización  lo cual me parece una falta de  respeto  hacia el  cliente el mes  pasado.   
3675,2026-07-29,BancoAndes,tecnologia,La&nbsp;clave digital de  BancoAndes marca  error de sistema constantemente y  hasta  ahora nadie me  ha dado una solución. 😡
3676,2026-07-29,BancoAndes,cobranza,BancoAndes de BancoAndes me cobró un interés más alto del que se había acordado el mes pasado.
3677,2026-07-29,BancoAndes,cobranza,El equipo de cobranza de BancoAndes me amenaza con acciones legales por un monto incorrecto lo cual me parece una falta de respeto hacia el cliente durante el fin de semana.
3678,2026-07-29,BancoAndes,post_venta,El servicio de soporte no cumplio con el acompanamiento que me prometieron al contratar y no encuentro como resolverlo.<br>
3679,2026-07-29,BancoAndes,post_venta,	El servicio de soporte  no resuelve mi  duda  sobre  el  estado  de mi solicitud ya aprobada  sin  que  nadie del banco se haga responsable!! Pueden contactarme al +56 9 4231 4398.
3680,2026-07-29,BancoAndes,post_venta,Nadie en BancoAndes no aclara mis dudas sobre las condiciones del crédito ya contratado sin que nadie del banco se haga responsable.
3681,2026-07-29,BancoAndes,ventas,Un asesor comercial de BancoAndes me llamó de un número desconocido para ofrecerme un préstamo y hasta ahora nadie me ha dado una solución.
3682,2026-07-29,BancoAndes,fraude_seguridad,No sé quién vació parte de mi cuenta de BancoAndes y el banco no me ha devuelto el dinero en las últimas semanas.
3683,2026-07-29,Banco  Andes ,fraude_seguridad,Un tercero vació parte de mi cuenta de BancoAndes y el banco no me ha devuelto el dinero lo cual me parece una falta de respeto hacia el cliente hace unos días.
3684,2026-07-29,BancoAndes,comercial,BancoAndes aplicó condiciones distintas a las que figuraban en la propuesta comercial.
3685,2026-07-29,BancoAndes,comercial,Nadie en el área comercial desconoce el acuerdo comercial que hice con un ejecutivo anterior esta semana?! N° de reclamo anterior: RC-40388.
3686,2026-07-30,BancoAndes,tecnologia,EL PORTAL DE CLIENTES DE BANCOANDES NO PROCESA CORRECTAMENTE MIS PAGOS PROGRAMADOS DURANTE EL FIN DE SEMANA.
3687,2026-07-30,BancoAndes,cobranza,Nadie en el área de cobranza de BancoAndes no quiere regularizar mi deuda a pesar de que ya pagué y no encuentro cómo resolverlo. 👎 Pueden contactarme al +56 9 4805 5177.
3688,2026-07-30,BancoAndes,post_venta,BancoAndes no responde mis llamadas desde que contraté el seguro durante el fin de semana.
3689,2026-07-30,BancoAndes,post_venta,	EL EQUIPO  DE SEGUIMIENTO NO ME  CONTACTA PARA  REVISAR  COMO  VA MI  PRODUCTO  CONTRATADO EN LAS ULTIMAS SEMANAS.   
3690,2026-07-30,BancoAndes,comercial,El equipo comercial no cumple las condiciones pactadas para la renovación de mi producto ayer???
3691,2026-07-31,BancoAndes,tecnologia,LA CLAVE DIGITAL DE BANCOANDES NO ME DEJA ACTUALIZAR MIS DATOS DE CONTACTO Y HASTA AHORA NADIE ME HA DADO UNA SOLUCIÓN DURANTE EL FIN DE SEMANA.<BR>
3692,2026-07-31,BancoAndes,cobranza,BancoAndes de BancoAndes me cobró dos veces la misma cuota y no encuentro cómo resolverlo esta semana.
3693,2026-07-31,BancoAndes,cobranza,BancoAndes de BancoAndes me amenaza con acciones legales por un monto incorrecto en las ultimas semanas?! Pueden contactarme al +56 9 4567 3746.
3694,2026-07-31,BancoAndes,post_venta,BancoAndes no resuelve mi duda sobre el estado de mi solicitud ya aprobada el mes pasado?!
3695,2026-07-31,BancoAndes,comercial,El servicio de soporte no me contacta para revisar cómo va mi producto contratado sin que nadie del banco se haga responsable.
3696,2026-07-31,BancoAndes,post_venta,El area de post venta dejo de responder despues de que firme el contrato sin que nadie del banco se haga responsable en las ultimas semanas. Pueden contactarme al +56 9 2969 9083.
3697,2026-07-31,BancoAndes,post_venta,"BancoAndes no responde mis consultas de seguimiento sobre el crédito que ya tengo durante el fin de semana?!
--
Atte, cliente BancoAndes"
3698,2026-07-31,BancoAndes,ventas,Un ejecutivo  de ventas  de  BancoAndes me ofrecio un credito  hipotecario sin que  yo hubiera preguntado por eso ayer.   
3699,2026-07-31,BancoAndes,fraude_seguridad,Alguien accedió a mi cuenta de BancoAndes sin que yo lo autorizara sin que nadie del banco se haga responsable en las últimas semanas. Pueden contactarme al +56 9 4572 5066.
3700,2026-07-31,BancoAndes,fraude_seguridad,Alguien  logro  acceder a  mi banca en linea de  BancoAndes  sin mi  consentimiento durante el  fin de semana.   
3701,2026-07-31,Banco Andes,comercial,El equipo comercial no respeta el plan comercial que acordamos por escrito lo cual me parece una falta de respeto hacia el cliente... Pueden contactarme al +56 9 1776 6897.
3702,2026-08-01,BancoAndes,tecnologia,El portal de clientes de BancoAndes se congela cada vez que intento hacer una transferencia?!
3703,2026-08-01,BancoAndes,post_venta,El servicio de soporte no me explica como usar el producto que contrate hace poco y esto ya me tiene bastante molesto en las ultimas semanas.
3704,2026-08-01,BancoAndes,post_venta,<P>BANCOANDES IGNORA  MIS  MENSAJES DESDE QUE ACTIVÉ LA  CUENTA NUEVA Y  ESTO YA ME TIENE BASTANTE MOLESTO EL  MES PASADO.   ???</P>
3705,2026-08-01,BANCOANDES,ventas,Un  vendedor telefónico de  BancoAndes me vendió un  seguro sin explicarme bien las condiciones  ayer.    🙄
3706,2026-08-01,BancoAndes,fraude_seguridad,Alguien vació parte de mi cuenta de BancoAndes y el banco no me ha devuelto el dinero lo cual me parece una falta de respeto hacia el cliente. 🙄
3707,2026-08-01,BancoAndes,comercial,"	El ejecutivo comercial  cambió mi plan comercial sin mi  consentimiento  sin  que nadie  del banco se haga responsable  hace  unos días.   
Enviado desde mi iPhone"
3708,2026-08-01,BancoAndes,post_venta,Contraté un seguro en BancoAndes y no sé si el problema para verlo en la app es técnico o de post venta.
3709,2026-08-02,BancoAndes,tecnologia,La banca en línea de BancoAndes no me permite autenticarme desde el celular lo cual me parece una falta de respeto hacia el cliente esta semana.
3710,2026-08-02,BancoAndes,tecnologia,El sistema de BancoAndes se cierra sola cada vez que intento pagar una cuenta.
3711,2026-08-02,BancoAndes,tecnologia,La aplicación de BancoAndes no reconoce mi clave aunque la ingreso correctamente y esto ya me tiene bastante molesto durante el fin de semana. Pueden contactarme al +56 9 3566 2075.
3712,2026-08-02,BancoAndes,cobranza,	EL EQUIPO  DE  COBRANZA  DE BANCOANDES NO  ACEPTA RENEGOCIAR  MI DEUDA EN CONDICIONES RAZONABLES AYER.   
3713,2026-08-02,BancoAndes,cobranza,"<p>El área de cobranza de BancoAndes me amenaza con acciones legales por un monto incorrecto ayer.</p>
Enviado desde mi iPhone"
3714,2026-08-02,BancoAndes,cobranza,El área de cobranza de BancoAndes insiste en cobrar un monto que ya fue aclarado antes lo cual me parece una falta de respeto hacia el cliente durante el fin de semana.
3715,2026-08-02,BancoAndes,post_venta,El área de post venta dejó de responder después de que firmé el contrato sin que nadie del banco se haga responsable.
3716,2026-08-02,BancoAndes,post_venta,El  servicio de  soporte no me da  soporte con mis dudas después de  contratar el  producto sin que nadie del  banco se haga  responsable durante el fin de  semana.<br>  
3717,2026-08-02,BancoAndes,post_venta,El equipo de seguimiento no me entrega la información que me prometieron al firmar en las últimas semanas. ⏳
3718,2026-08-02,BancoAndes,post_venta,"BancoAndes no me da soporte con mis dudas despues de contratar el producto sin que nadie del banco se haga responsable.
Enviado desde mi iPhone"
3719,2026-08-02,BancoAndes,post_venta,Nadie en BancoAndes no responde mis llamadas desde que contraté el seguro ayer.
3720,2026-08-02,BancoAndes,ventas,Un vendedor telefónico de BancoAndes me ofreció un crédito hipotecario sin que yo hubiera preguntado por eso hace unos días.
3721,2026-08-03,BancoAndes,post_venta,El área de post venta no me contacta para revisar cómo va mi producto contratado sin que nadie del banco se haga responsable.
3722,2026-08-03,BancoAndes,comercial,	El equipo  comercial no  aplica la tasa preferencial que se  me  ofreció al  contratar  sin que nadie  del  banco se haga responsable.   
3723,2026-08-04,BancoAndes,tecnologia,	La banca en  línea de BancoAndes no  me permite autenticarme  desde el celular  sin que nadie  del banco  se haga responsable. N° de reclamo anterior: RC-69165.
3724,2026-08-04,BancoAndes,cobranza,BANCOANDES  DE  BANCOANDES  NO ACEPTA  RENEGOCIAR MI  DEUDA EN CONDICIONES  RAZONABLES  HACE UNOS DIAS.
3725,2026-08-04,BancoAndes,post_venta,	Nadie en BancoAndes  no  aclara mis dudas sobre las condiciones del credito ya contratado  el  mes pasado.   
3726,2026-08-04,bancoandes,ventas,Un asesor comercial de BancoAndes insistio en que aceptara un producto que ya habia rechazado antes hace unos dias.
3727,2026-08-04,BancoAndes,fraude_seguridad,No sé quién usó mis datos para solicitar un producto en BancoAndes a mi nombre y esto ya me tiene bastante molesto.
3728,2026-08-04,BancoAndes,comercial,Nadie en el área comercial no cumple las condiciones pactadas para la renovación de mi producto y hasta ahora nadie me ha dado una solución.
3729,2026-08-04,BancoAndes,pre_venta,El&nbsp;area comercial de BancoAndes no me explico las diferencias entre los planes disponibles y no encuentro como resolverlo esta semana.
3730,2026-08-05,BancoAndes,post_venta,BancoAndes me deja sin respuesta después de haber aceptado el producto sin que nadie del banco se haga responsable en las últimas semanas!!!
3731,2026-08-05,BancoAndes,fraude_seguridad,"No sé quién usó mi cuenta de BancoAndes para retiros que yo no hice hace unos días.
Enviado desde mi celular Samsung"
3732,2026-08-05,BancoAndes,pre_venta,"Un asesor de BancoAndes ignoró mi consulta sobre los requisitos de un crédito hipotecario sin que nadie del banco se haga responsable durante el fin de semana.
Gracias, espero respuesta pronto."
3733,2026-08-05,Banco  Andes ,pre_venta,Alguien del equipo de informaciones de BancoAndes me pidió los mismos documentos varias veces sin avanzar ayer. ⏳
3734,2026-08-06,BancoAndes,tecnologia,La aplicación de BancoAndes muestra información desactualizada de mi cuenta sin que nadie del banco se haga responsable ayer.
3735,2026-08-06,BancoAndes,tecnologia,La banca en línea de BancoAndes no reconoce mi clave aunque la ingreso correctamente. 😠 Pueden contactarme al +56 9 9763 3495.
3736,2026-08-06,BancoAndes,tecnologia,"La clave digital de BancoAndes no genera mi cartola mensual lo cual me parece una falta de respeto hacia el cliente durante el fin de semana.
Enviado desde mi iPhone"
3737,2026-08-06,bancoandes,cobranza,El área de cobranza de BancoAndes no actualiza mi historial después de pagar la deuda en las últimas semanas.
3738,2026-08-06,BancoAndes,post_venta,"El área de post venta no me da soporte con mis dudas después de contratar el producto y hasta ahora nadie me ha dado una solución en las últimas semanas.
Enviado desde mi celular Samsung Pueden contactarme al +56 9 2255 3426."
3739,2026-08-06,BancoAndes,post_venta,"El area de post venta no responde mis consultas de seguimiento sobre el credito que ya tengo y esto ya me tiene bastante molesto hace unos dias.
Enviado desde mi celular Samsung Pueden contactarme al +56 9 8915 3840."
3740,2026-08-06,BancoAndes,ventas,Un ejecutivo de ventas de BancoAndes me contactó para venderme un seguro que no solicité esta semana!!!
3741,2026-08-06,BancoAndes,comercial,El ejecutivo comercial no respeta el descuento comercial que me habían prometido al inicio ayer.   
3742,2026-08-06,BancoAndes,comercial,"El ejecutivo comercial aplico condiciones distintas a las que figuraban en la propuesta comercial.
Enviado desde mi iPhone"
3743,2026-08-07,BancoAndes,cobranza,El área de cobranza de BancoAndes insiste en cobrar un monto que ya fue aclarado antes.
3744,2026-08-07,BancoAndes,cobranza,BancoAndes de BancoAndes sigue  enviándome cartas de cobro por  una deuda  pagada!!!
3745,2026-08-07,BancoAndes,cobranza,El equipo de cobranza de BancoAndes no reconoce el pago que ya realicé y hasta ahora nadie me ha dado una solución.
3746,2026-08-07,BancoAndes,post_venta,	El servicio  de soporte no me  explica cómo  usar  el producto  que  contraté hace poco en las últimas semanas.
3747,2026-08-07,BancoAndes,ventas,Alguien del equipo de ventas de BancoAndes me presionó para aceptar un producto en la misma llamada y esto ya me tiene bastante molesto hace unos días!!!
3748,2026-08-07,BancoAndes,fraude_seguridad,Una persona no autorizada me contactó por phishing usando el nombre de BancoAndes.
3749,2026-08-07,BancoAndes,fraude_seguridad,Una persona no autorizada intentó estafarme haciéndose pasar por un ejecutivo de BancoAndes.
3750,2026-08-07,Banco  Andes ,pre_venta,	Un asesor de  BancoAndes  me  dio una cotización que después  no coincidía con la real y no encuentro cómo resolverlo...
3751,2026-08-07,BancoAndes,pre_venta,Un ejecutivo de BancoAndes nunca me contactó después de pedir información sobre un crédito y no encuentro cómo resolverlo el mes pasado.
3752,2026-08-08,BancoAndes,tecnologia,El portal de clientes de BancoAndes lleva dias caida y no puedo ver mis movimientos y no encuentro como resolverlo esta semana.
3753,2026-08-08,BancoAndes,cobranza,Nadie en el área de cobranza de BancoAndes me cobra comisiones que no estaban en el contrato original hace unos días. Pueden contactarme al +56 9 8870 8843.
3754,2026-08-08,BancoAndes,post_venta,"BancoAndes no aclara mis dudas sobre las condiciones del crédito ya contratado.
Enviado desde mi celular Samsung"
3755,2026-08-08,BancoAndes,ventas,Un asesor comercial de BancoAndes me llamo de un numero desconocido para ofrecerme un prestamo lo cual me parece una falta de respeto hacia el cliente.
3756,2026-08-08,BancoAndes,fraude_seguridad,Un desconocido accedió a mi cuenta de BancoAndes sin que yo lo autorizara y sigo esperando una respuesta esta semana.
3757,2026-08-08,BancoAndes,fraude_seguridad,No sé quién obtuvo mis datos de BancoAndes sin que yo entregara esa información en las últimas semanas.
3758,2026-08-08,BancoAndes,pre_venta,Un asesor de BancoAndes no me aclaro cuales eran los documentos necesarios para postular!!!
3759,2026-08-08,BancoAndes,post_venta,"Contraté  un  crédito en BancoAndes y  ahora el sistema  no me  permite hacer  seguimiento, no  sé si  es un problema técnico o  de atención.   "
3760,2026-08-09,BancoAndes,tecnologia,La aplicación de BancoAndes marca error de sistema constantemente y sigo esperando una respuesta durante el fin de semana.
3761,2026-08-09,BancoAndes,tecnologia,El sistema de BancoAndes  no  procesa correctamente  mis  pagos programados durante el  fin de  semana.
3762,2026-08-09,Banco Andes,cobranza,BancoAndes&nbsp;de BancoAndes insiste en cobrar un monto que ya fue aclarado antes durante el fin de semana. 😡 N° de reclamo anterior: RC-63476.
3763,2026-08-09,BancoAndes,cobranza,BancoAndes de BancoAndes me amenaza con acciones legales por un monto incorrecto y no encuentro cómo resolverlo hace unos días.
3764,2026-08-09,BancoAndes,cobranza,El equipo de cobranza de BancoAndes  me amenaza con acciones legales por un monto  incorrecto  ayer.
3765,2026-08-09,BancoAndes,fraude_seguridad,Alguien&nbsp;cambió mi clave de BancoAndes sin que yo lo hiciera esta semana.
3766,2026-08-10,BANCOANDES,tecnologia,El portal de clientes de BancoAndes no permite descargar mis comprobantes de pago ayer. 🙄
3767,2026-08-10,BancoAndes,tecnologia,El portal de clientes de BancoAndes no reconoce mi clave aunque la ingreso correctamente sin que nadie del banco se haga responsable ayer!!
3768,2026-08-10,BancoAndes,tecnologia,El sitio web de BancoAndes se cierra sola cada vez que intento pagar una cuenta y hasta ahora nadie me ha dado una solución ayer???
3769,2026-08-10,BancoAndes,post_venta,	El servicio de soporte no responde  mis llamadas  desde que contraté el seguro  durante el fin  de  semana.   !!!
3770,2026-08-10,BANCOANDES,post_venta,El servicio de soporte no me contacta para revisar cómo va mi producto contratado esta semana.
3771,2026-08-10,BancoAndes,ventas,Un ejecutivo de  ventas de BancoAndes me contactó para venderme  un seguro que no  solicité!!
3772,2026-08-10,BancoAndes,pre_venta,El servicio de atención de BancoAndes no me explicó bien los requisitos antes de postular a la tarjeta sin que nadie del banco se haga responsable.
3773,2026-08-11,BancoAndes,cobranza,El departamento de cobranza de BancoAndes no acepta renegociar mi deuda en condiciones razonables hace unos dias...
3774,2026-08-11,BancoAndes,cobranza,El departamento de cobranza de BancoAndes no actualiza mi historial después de pagar la deuda y no encuentro cómo resolverlo. 😡
3775,2026-08-11,BancoAndes,post_venta,El servicio de soporte no me entrega la información que me prometieron al firmar y esto ya me tiene bastante molesto esta semana.
3776,2026-08-11,BancoAndes,ventas,Un asesor comercial de BancoAndes me ofreció un crédito hipotecario sin que yo hubiera preguntado por eso.
3777,2026-08-11,Banco Andes,ventas,Un representante de ventas de BancoAndes me llamó de un número desconocido para ofrecerme un préstamo...
3778,2026-08-11,BancoAndes,ventas,Un representante de ventas de BancoAndes me ofreció un crédito hipotecario sin que yo hubiera preguntado por eso y no encuentro cómo resolverlo.
3779,2026-08-11,BancoAndes,ventas,	Un vendedor telefónico de BancoAndes me contactó fuera  de horario para  ofrecerme  una tarjeta  nueva y  hasta ahora nadie  me ha dado una solución  esta  semana.
3780,2026-08-11,BancoAndes,comercial,BancoAndes aplicó condiciones distintas a las que figuraban en la propuesta comercial sin que nadie del banco se haga responsable esta semana. 😡
3781,2026-08-11,Banco Andes,pre_venta,Un ejecutivo de BancoAndes no me explicó bien los requisitos antes de postular a la tarjeta lo cual me parece una falta de respeto hacia el cliente.
3782,2026-08-12,BancoAndes,tecnologia,El sitio web de BancoAndes no me deja actualizar mis datos de contacto lo cual me parece una falta de respeto hacia el cliente esta semana. Mi rut es 19.967.376-7.
3783,2026-08-12,BancoAndes,cobranza,BancoAndes de BancoAndes no acepta renegociar mi deuda en condiciones razonables y no encuentro cómo resolverlo el mes pasado.
3784,2026-08-12,BancoAndes,ventas,Un vendedor telefónico de BancoAndes insistió en ofrecerme un crédito de consumo sin que yo lo pidiera.
3785,2026-08-12,BancoAndes,comercial,Nadie en el área comercial no reconoce el descuento por cliente antiguo que me habían asegurado.
3786,2026-08-12,BancoAndes,comercial,Nadie  en el área  comercial  me aplicó una  comisión  que no estaba  en  la oferta original  en las últimas semanas. N° de reclamo anterior: RC-74254.
3787,2026-08-12,BancoAndes,pre_venta,	Un  asesor de  BancoAndes  me dio información distinta a  la que aparece  en la página web lo cual me  parece una falta  de respeto  hacia  el  cliente ayer. 🙄
3788,2026-08-12,Banco  Andes ,pre_venta,"Un ejecutivo de BancoAndes no me informó sobre los costos asociados antes de que decidiera y esto ya me tiene bastante molesto el mes pasado.
Gracias, espero respuesta pronto."
3789,2026-08-13,BancoAndes,tecnologia,La banca en línea de BancoAndes muestra información desactualizada de mi cuenta.
3790,2026-08-13,BancoAndes,cobranza,BancoAndes de BancoAndes me cobra comisiones  que  no  estaban en el  contrato original y hasta  ahora nadie  me ha dado  una solución.   
3791,2026-08-13,BancoAndes,comercial,El equipo comercial cambió mi plan comercial sin mi consentimiento el mes pasado. 😞
3792,2026-08-13,BancoAndes,pre_venta,El área comercial de BancoAndes me pidió los mismos documentos varias veces sin avanzar esta semana.
3793,2026-08-14,BANCOANDES,tecnologia,La aplicación de BancoAndes no me permite autenticarme desde el celular y sigo esperando una respuesta el mes pasado???
3794,2026-08-14,BancoAndes,cobranza,Nadie en el área de cobranza de BancoAndes no acepta renegociar mi deuda en condiciones razonables el mes pasado.
3795,2026-08-14,BancoAndes,cobranza,Nadie en el  área de cobranza de BancoAndes no corrige un error de  facturación que ya  reporté  sin  que nadie del banco se haga responsable  esta semana.   ?!
3796,2026-08-14,BancoAndes,post_venta,EL EQUIPO DE SEGUIMIENTO NO ME DA SOPORTE CON MIS DUDAS DESPUÉS DE CONTRATAR EL PRODUCTO... 😡
3797,2026-08-14,BancoAndes,ventas,Un vendedor telefónico de BancoAndes me vendió un seguro sin explicarme bien las condiciones el mes pasado.
3798,2026-08-14,BancoAndes,ventas,Un representante de ventas de BancoAndes insistió en que aceptara un producto que ya había rechazado antes lo cual me parece una falta de respeto hacia el cliente. Mi rut es 15.635.297-0.
3799,2026-08-14,BancoAndes,fraude_seguridad,Un tercero clonó mi tarjeta de BancoAndes y BancoAndes no reaccionó a tiempo durante el fin de semana. Pueden contactarme al +56 9 1849 6039.
3800,2026-08-14,BancoAndes,fraude_seguridad,Un desconocido logró acceder a mi banca en línea de BancoAndes sin mi consentimiento y no encuentro cómo resolverlo en las últimas semanas.
3801,2026-08-14,BancoAndes,pre_venta,	Un  ejecutivo  de BancoAndes no  supo responder  mis dudas  sobre las  condiciones  del  préstamo.   !!
3802,2026-08-15,BancoAndes,tecnologia,La banca en línea de BancoAndes marca error de sistema constantemente y hasta ahora nadie me ha dado una solución!!
3803,2026-08-15,BancoAndes,post_venta,El equipo de seguimiento no responde mis consultas de seguimiento sobre el crédito que ya tengo y no encuentro cómo resolverlo.
3804,2026-08-15,BANCOANDES,ventas,Un vendedor telefónico de BancoAndes me contactó para venderme un seguro que no solicité y sigo esperando una respuesta en las últimas semanas. Mi rut es 25.987.385-4.
3805,2026-08-15,BancoAndes,fraude_seguridad,"No se quien uso mi cuenta de BancoAndes para retiros que yo no hice y esto ya me tiene bastante molesto.
Enviado desde mi iPhone N° de reclamo anterior: RC-93764."
3806,2026-08-15,BancoAndes,fraude_seguridad,UN TERCERO CLONÓ MI TARJETA DE BANCOANDES Y BANCOANDES NO REACCIONÓ A TIEMPO Y ESTO YA ME TIENE BASTANTE MOLESTO.
3807,2026-08-15,Banco Andes,fraude_seguridad,Alguien uso mi tarjeta de BancoAndes sin mi autorizacion y hasta ahora nadie me ha dado una solucion.
3808,2026-08-15,BancoAndes,comercial,El area comercial no cumple con el beneficio que venia incluido en mi cuenta y esto ya me tiene bastante molesto esta semana.
3809,2026-08-16,BancoAndes,tecnologia,La banca en linea de BancoAndes no me permite autenticarme desde el celular en las ultimas semanas.
3810,2026-08-16,BancoAndes,fraude_seguridad,La clave digital de BancoAndes no me permite autenticarme desde el celular y hasta ahora nadie me ha dado una solución.
3811,2026-08-16,BANCOANDES,tecnologia,La aplicación de BancoAndes marca error de sistema constantemente esta semana.
3812,2026-08-16,BancoAndes,cobranza,Nadie en el área de cobranza de BancoAndes no quiere regularizar mi deuda a pesar de que ya pagué. 👎
3813,2026-08-16,BancoAndes,cobranza,<p>El equipo de cobranza de BancoAndes no reconoce el pago que ya realicé y hasta ahora nadie me ha dado una solución en las últimas semanas?!</p> N° de reclamo anterior: RC-23919.
3814,2026-08-16,BancoAndes,post_venta,El equipo de seguimiento no me entrega la información que me prometieron al firmar y no encuentro cómo resolverlo.
3815,2026-08-16,BancoAndes,post_venta,El equipo de seguimiento no da seguimiento a mi reclamo anterior sobre el mismo producto esta semana.
3816,2026-08-16,BancoAndes,ventas,Un asesor comercial de BancoAndes me ofreció una tarjeta con beneficios que después no eran reales y esto ya me tiene bastante molesto hace unos días.
3817,2026-08-16,BANCOANDES,fraude_seguridad,"Un desconocido obtuvo mis datos de BancoAndes sin que yo entregara esa información.
--
Atte, cliente BancoAndes"
3818,2026-08-16,BancoAndes,pre_venta,Alguien del equipo de informaciones de BancoAndes me dijo que me llamarian con mas informacion y nunca lo hicieron. 😠
3819,2026-08-16,BancoAndes,pre_venta,	Alguien del equipo de informaciones de BancoAndes  no  supo  responder mis dudas sobre  las condiciones del  préstamo hace unos días.   
3820,2026-08-16,BancoAndes,pre_venta,Un&nbsp;asesor de BancoAndes no respondio mi solicitud de informacion sobre cuentas de ahorro y esto ya me tiene bastante molesto.
3821,2026-08-17,BancoAndes,tecnologia,La clave digital de BancoAndes no genera mi cartola mensual el mes pasado.
3822,2026-08-17,BancoAndes,tecnologia,El sitio web de BancoAndes no procesa correctamente mis pagos programados hace unos dias.<br>
3823,2026-08-17,BancoAndes,comercial,El sitio web de BancoAndes marca error de sistema constantemente el mes pasado. Pueden contactarme al +56 9 1138 4607.
3824,2026-08-17,BancoAndes,tecnologia,LA  BANCA EN LÍNEA DE BANCOANDES SE CIERRA SOLA CADA VEZ QUE INTENTO PAGAR UNA CUENTA  Y NO  ENCUENTRO CÓMO RESOLVERLO EL MES  PASADO.   
3825,2026-08-17,Banco  Andes ,post_venta,El servicio de soporte dejó de responder después de que firmé el contrato sin que nadie del banco se haga responsable.
3826,2026-08-17,BancoAndes,ventas,Un vendedor telefónico de BancoAndes me ofreció un crédito hipotecario sin que yo hubiera preguntado por eso lo cual me parece una falta de respeto hacia el cliente.
3827,2026-08-17,BancoAndes,pre_venta,Nadie en el área comercial no cumple con el beneficio que venía incluido en mi cuenta durante el fin de semana. Pueden contactarme al +56 9 9289 5943.
3828,2026-08-17,BancoAndes,pre_venta,UN ASESOR DE BANCOANDES ME REMITIO A DISTINTAS AREAS SIN DARME UNA RESPUESTA CLARA Y SIGO ESPERANDO UNA RESPUESTA.
3829,2026-08-18,BancoAndes,cobranza,BancoAndes de BancoAndes me cobra intereses que no corresponden a mi situación hace unos días.
3830,2026-08-18,BancoAndes,post_venta,Nadie en BancoAndes no me contacta para revisar cómo va mi producto contratado ayer. 😤 Pueden contactarme al +56 9 2879 9369.
3831,2026-08-18,BancoAndes,post_venta,BancoAndes no responde mis llamadas desde que contrate el seguro esta semana.
3832,2026-08-18,BancoAndes,ventas,Alguien del equipo de ventas de BancoAndes me contactó para venderme un seguro que no solicité.
3833,2026-08-18,BancoAndes,ventas,Un&nbsp;vendedor telefónico de BancoAndes insistió en que aceptara un producto que ya había rechazado antes en las últimas semanas.
3834,2026-08-19,bancoandes,tecnologia,"El sitio web de BancoAndes no me permite autenticarme desde el celular en las últimas semanas.
Enviado desde mi celular Samsung"
3835,2026-08-19,BancoAndes,ventas,Alguien del equipo de ventas de BancoAndes insistió en ofrecerme un crédito de consumo sin que yo lo pidiera durante el fin de semana.
3836,2026-08-19,BancoAndes,comercial,BancoAndes cambio las condiciones comerciales sin avisarme!!
3837,2026-08-19,BancoAndes,comercial,Nadie en el área comercial me aplicó una comisión que no estaba en la oferta original y no encuentro cómo resolverlo.
3838,2026-08-20,BancoAndes,cobranza,El  área de cobranza de BancoAndes  sigue enviándome cartas de cobro por una  deuda  pagada lo  cual  me parece una falta de  respeto hacia el cliente. Pueden contactarme al +56 9 3796 7582.
3839,2026-08-20,BancoAndes,post_venta,BancoAndes no resuelve mi duda sobre el estado de mi solicitud ya aprobada y sigo esperando una respuesta.
3840,2026-08-20,BancoAndes,fraude_seguridad,Alguien cambió mi clave de BancoAndes sin que yo lo hiciera.
3841,2026-08-20,BancoAndes,comercial,NADIE EN EL ÁREA COMERCIAL NO RESPETA EL PLAN COMERCIAL QUE ACORDAMOS POR ESCRITO Y ESTO YA ME TIENE BASTANTE MOLESTO. N° de reclamo anterior: RC-68031.
3842,2026-08-20,BancoAndes,comercial,BancoAndes no honra la promoción con la que me convencieron de cambiarme de banco lo cual me parece una falta de respeto hacia el cliente hace unos días.<br>
3843,2026-08-20,BancoAndes,pre_venta,Alguien del equipo de informaciones de BancoAndes me dio una cotización que después no coincidía con la real hace unos días.
3844,2026-08-21,bancoandes,tecnologia,La clave digital de BancoAndes marca error de sistema constantemente en las ultimas semanas...
3845,2026-08-21,bancoandes,tecnologia,La clave digital de BancoAndes no permite descargar mis comprobantes de pago lo cual me parece una falta de respeto hacia el cliente ayer.
3846,2026-08-21,BancoAndes,fraude_seguridad,El servicio de soporte  no me da soporte con mis dudas  después de contratar el producto lo cual  me  parece  una  falta de respeto hacia  el cliente.
3847,2026-08-21,BancoAndes,post_venta,	El servicio de  soporte no resuelve mi duda  sobre el estado de mi solicitud  ya aprobada  y  esto  ya me tiene bastante  molesto.   
3848,2026-08-21,BancoAndes,ventas,Un representante de ventas de BancoAndes me llamo para renovarme un producto sin mi autorizacion y esto ya me tiene bastante molesto.
3849,2026-08-21,BancoAndes,post_venta,	Un  tercero  uso  mis datos  para solicitar un producto  en BancoAndes  a  mi nombre y no encuentro como resolverlo  el mes  pasado. Mi rut es 16.576.385-K.
3850,2026-08-21,BancoAndes,comercial,BancoAndes desconoce el acuerdo comercial que hice con un ejecutivo anterior lo cual me parece una falta de respeto hacia el cliente??? 👎
3851,2026-08-22,BancoAndes,post_venta,BancoAndes ignora mis mensajes desde que activé la cuenta nueva!!!
3852,2026-08-22,BancoAndes,post_venta,El área de post venta no cumplió con el acompañamiento que me prometieron al contratar y esto ya me tiene bastante molesto.
3853,2026-08-22,BancoAndes,fraude_seguridad,No sé quién usó mis datos para solicitar un producto en BancoAndes a mi nombre ayer. 🙄
3854,2026-08-22,BancoAndes,tecnologia,"	Después de contratar mi  cuenta en  BancoAndes, la app no me deja ver mis movimientos  y  nadie del  soporte me ayuda."
3855,2026-08-23,BancoAndes,cobranza,"El área de cobranza de BancoAndes insiste en cobrar un monto que ya fue aclarado antes y sigo esperando una respuesta.
Enviado desde mi celular Samsung"
3856,2026-08-23,BancoAndes,post_venta,	El  servicio de soporte no me entrega la información que me  prometieron  al firmar en las últimas semanas.
3857,2026-08-23,BancoAndes,post_venta,	El  servicio  de  soporte no me contacta  para revisar cómo  va mi producto  contratado y esto  ya  me tiene  bastante molesto el  mes pasado.   
3858,2026-08-23,bancoandes,post_venta,El área de post venta no da seguimiento a mi reclamo anterior sobre el mismo producto en las últimas semanas.
3859,2026-08-23,bancoandes,pre_venta,El area comercial de BancoAndes no me explico las diferencias entre los planes disponibles sin que nadie del banco se haga responsable.
3860,2026-08-24,BancoAndes,cobranza,"BancoAndes de BancoAndes no actualiza mi historial después de pagar la deuda y sigo esperando una respuesta esta semana. 😡
Gracias, espero respuesta pronto."
3861,2026-08-24,BancoAndes,cobranza,Nadie en el area de cobranza de BancoAndes me cobra intereses que no corresponden a mi situacion en las ultimas semanas...
3862,2026-08-24,BancoAndes,cobranza,	El área  de cobranza  de  BancoAndes no quiere regularizar mi deuda a  pesar de  que  ya  pagué hace unos  días.
3863,2026-08-24,BancoAndes,cobranza,Nadie en el área de cobranza de BancoAndes me cobró un interés más alto del que se había acordado durante el fin de semana.
3864,2026-08-24,BancoAndes,tecnologia,"El área de post venta no me contacta para revisar cómo va mi producto contratado lo cual me parece una falta de respeto hacia el cliente hace unos días.
Gracias, espero respuesta pronto."
3865,2026-08-24,BancoAndes,ventas,Un ejecutivo de ventas de BancoAndes me contactó varias veces el mismo día ofreciéndome productos distintos esta semana.
3866,2026-08-24,BancoAndes,fraude_seguridad,Un desconocido uso mis datos para solicitar un producto en BancoAndes a mi nombre en las ultimas semanas.
3867,2026-08-24,BancoAndes,fraude_seguridad,	Un  tercero usó mis datos para solicitar un producto en BancoAndes a mi nombre ayer.   
3868,2026-08-24,BancoAndes,comercial,El ejecutivo comercial cambió mi plan comercial sin mi consentimiento esta semana.
3869,2026-08-25,BancoAndes,tecnologia,EL  PORTAL DE  CLIENTES DE BANCOANDES NO RECONOCE MI CLAVE AUNQUE LA  INGRESO CORRECTAMENTE Y NO ENCUENTRO CÓMO RESOLVERLO.
3870,2026-08-25,BancoAndes,cobranza,<p>El equipo de cobranza de BancoAndes me cobra comisiones que no estaban en el contrato original y hasta ahora nadie me ha dado una solución durante el fin de semana.</p>
3871,2026-08-25,BancoAndes,post_venta,El equipo de seguimiento no responde mis llamadas desde que contrate el seguro y sigo esperando una respuesta.
3872,2026-08-25,Banco Andes,fraude_seguridad,Una persona no autorizada cambió mi clave de BancoAndes sin que yo lo hiciera ayer. N° de reclamo anterior: RC-38921.
3873,2026-08-25,BancoAndes,comercial,El ejecutivo comercial no quiere renegociar las condiciones de mi crédito sin que nadie del banco se haga responsable durante el fin de semana.
3874,2026-08-25,BancoAndes,pre_venta,Un asesor de BancoAndes no me explicó bien los requisitos antes de postular a la tarjeta ayer.
3875,2026-08-25,BancoAndes,pre_venta,Un ejecutivo de BancoAndes ignoró mi consulta sobre los requisitos de un crédito hipotecario durante el fin de semana?!
3876,2026-08-26,BancoAndes,tecnologia,El sistema de BancoAndes no me permite autenticarme desde el celular lo cual me parece una falta de respeto hacia el cliente.
3877,2026-08-26,Banco Andes,cobranza,BancoAndes de BancoAndes no quiere regularizar mi deuda a pesar de que ya pagué y no encuentro cómo resolverlo.
3878,2026-08-26,BancoAndes,post_venta,Nadie en BancoAndes dejo de responder despues de que firme el contrato y sigo esperando una respuesta.
3879,2026-08-26,bancoandes,post_venta,El  equipo  de seguimiento no responde  mis consultas de seguimiento sobre el  crédito que  ya tengo esta semana.   
3880,2026-08-27,BancoAndes,tecnologia,La banca en línea de BancoAndes no me permite autenticarme desde el celular?!
3881,2026-08-27,BancoAndes,cobranza,El  departamento de  cobranza de BancoAndes no  responde  mi  solicitud  de repactacion de deuda ayer.   
3882,2026-08-27,BancoAndes,post_venta,"El equipo de seguimiento no da seguimiento a mi reclamo anterior sobre el mismo producto ayer.
--
Atte, cliente BancoAndes"
3883,2026-08-27,BancoAndes,post_venta,EL ÁREA DE POST VENTA NO ME AYUDA A ENTENDER LOS COBROS DE MI CUENTA RECIÉN ABIERTA EN LAS ÚLTIMAS SEMANAS. Mi rut es 24.885.234-K.
3884,2026-08-27,BancoAndes,fraude_seguridad,No sé quién vació parte de mi cuenta de BancoAndes y el banco no me ha devuelto el dinero y hasta ahora nadie me ha dado una solución.
3885,2026-08-27,BancoAndes,comercial,BancoAndes no reconoce el descuento por cliente antiguo que me habían asegurado esta semana.
3886,2026-08-27,BancoAndes,pre_venta,Un asesor de BancoAndes tardo semanas en responder mi consulta inicial ayer.
3887,2026-08-27,BancoAndes,pre_venta,Un asesor de BancoAndes no me aclaro cuales eran los documentos necesarios para postular y esto ya me tiene bastante molesto esta semana.
3888,2026-08-28,BancoAndes,tecnologia,La banca en  línea de BancoAndes no procesa correctamente  mis pagos  programados y no encuentro cómo  resolverlo ayer.   !!!
3889,2026-08-28,BancoAndes,post_venta,Nadie en BancoAndes me deja sin respuesta después de haber aceptado el producto sin que nadie del banco se haga responsable.
3890,2026-08-28,BancoAndes,ventas,Alguien del equipo de ventas de BancoAndes me llamó de un número desconocido para ofrecerme un préstamo y esto ya me tiene bastante molesto.
3891,2026-08-28,BANCOANDES,fraude_seguridad,Una persona no autorizada vació parte de mi cuenta de BancoAndes y el banco no me ha devuelto el dinero lo cual me parece una falta de respeto hacia el cliente.
3892,2026-08-28,BancoAndes,comercial,El ejecutivo comercial cambio las condiciones comerciales sin avisarme esta semana. 😠
3893,2026-08-28,BancoAndes,comercial,BancoAndes cambió las  condiciones comerciales sin  avisarme sin que nadie del banco se haga responsable ayer.
3894,2026-08-28,BancoAndes,pre_venta,Un ejecutivo de BancoAndes ignoró mi consulta sobre los requisitos de un crédito hipotecario!!!
3895,2026-08-29,BancoAndes,tecnologia,La banca en línea de BancoAndes no me deja actualizar mis datos de contacto lo cual me parece una falta de respeto hacia el cliente.
3896,2026-08-29,Banco  Andes ,cobranza,"El equipo de cobranza de BancoAndes no responde mi solicitud de repactacion de deuda.
Gracias, espero respuesta pronto."
3897,2026-08-29,BancoAndes,comercial,El área de post venta no responde mis llamadas desde que contraté el seguro??? 👎
3898,2026-08-29,BancoAndes,post_venta,El equipo de seguimiento no me explica como usar el producto que contrate hace poco y no encuentro como resolverlo ayer.
3899,2026-08-29,BancoAndes,pre_venta,Un asesor de BancoAndes no me explicó bien los requisitos antes de postular a la tarjeta y no encuentro cómo resolverlo durante el fin de semana!!!
3900,2026-08-30,BancoAndes,tecnologia,La clave digital de BancoAndes no carga mis transacciones recientes en las últimas semanas. 😠
3901,2026-08-30,BancoAndes,tecnologia,La aplicación de BancoAndes se congela cada vez que intento hacer una transferencia durante el fin de semana.
3902,2026-08-30,BancoAndes,cobranza,<p>BancoAndes de  BancoAndes no actualiza mi historial después de  pagar la deuda lo  cual  me  parece una falta  de respeto  hacia  el cliente  en las últimas  semanas.   !!!</p> 🙄 Mi rut es 14.904.743-8.
3903,2026-08-30,BancoAndes,cobranza,BancoAndes de BancoAndes no responde mi solicitud de repactación de deuda y esto ya me tiene bastante molesto ayer?!
3904,2026-08-30,BANCOANDES,post_venta,<p>El equipo de seguimiento no me da soporte con mis dudas despues de contratar el producto en las ultimas semanas.</p>
3905,2026-08-30,BancoAndes,post_venta,El equipo de seguimiento no cumplió con el acompañamiento que me prometieron al contratar el mes pasado.
3906,2026-08-30,BancoAndes,ventas,Alguien del equipo de ventas de BancoAndes me contactó varias veces el mismo día ofreciéndome productos distintos???
3907,2026-08-30,BancoAndes,comercial,El area comercial cambio mi  plan comercial sin mi consentimiento.   
3908,2026-08-30,BancoAndes,comercial,El equipo comercial cambió las condiciones comerciales sin avisarme esta semana.
3909,2026-08-31,BancoAndes,ventas,Un asesor comercial de BancoAndes me ofreció condiciones distintas a las que después aparecieron en el contrato lo cual me parece una falta de respeto hacia el cliente.
3910,2026-08-31,BancoAndes,fraude_seguridad,Un tercero usó mi cuenta de BancoAndes para retiros que yo no hice durante el fin de semana. 😞
3911,2026-08-31,BancoAndes,fraude_seguridad,Una persona no autorizada usó mis datos para solicitar un producto en BancoAndes a mi nombre durante el fin de semana.
3912,2026-08-31,BancoAndes,comercial,El equipo comercial aplicó condiciones distintas a las que figuraban en la propuesta comercial y no encuentro cómo resolverlo en las últimas semanas.
3913,2026-08-31,BancoAndes,pre_venta,Un asesor de BancoAndes me dio una cotización que después no coincidía con la real y sigo esperando una respuesta.
3914,2026-08-31,BancoAndes,post_venta,Mi producto recien contratado en BancoAndes no aparece bien en el sistema y tampoco recibo apoyo de seguimiento.
